project,month,interaction_type,sender,recipient_or_file_type,n_interactions
deegree,0,tech,Markus Bengts,java,52
deegree,0,tech,Oliver Gerlich,java,7
deegree,1,tech,Markus Bengts,bat,1
deegree,1,tech,Markus Bengts,java,2
deegree,1,tech,Oliver Gerlich,java,8
deegree,1,tech,Rutger Schimmel,html,1
deegree,1,tech,Rutger Schimmel,java,57
deegree,2,tech,Akotsev,java,1
deegree,2,tech,Andreasgarnaes,java,5
deegree,2,tech,Markus Bengts,java,3
deegree,2,tech,Oliver Gerlich,java,16
deegree,3,tech,Andreasgarnaes,java,32
deegree,3,tech,Markus Bengts,gml,8
deegree,3,tech,Markus Bengts,java,117
deegree,3,tech,Oliver Gerlich,java,14
deegree,4,tech,Andreasgarnaes,java,27
deegree,4,tech,Markus Bengts,gml,104
deegree,4,tech,Markus Bengts,java,508
deegree,4,tech,Oliver Gerlich,java,16
deegree,4,tech,Rutger Schimmel,java,4
deegree,5,tech,Andreasgarnaes,java,15
deegree,5,tech,Cristiprodan,java,1
deegree,5,tech,Goltz,java,2
deegree,5,tech,Markus Bengts,gml,18
deegree,5,tech,Markus Bengts,java,76
deegree,5,tech,Oliver Gerlich,java,20
deegree,5,tech,Rutger Schimmel,java,1
deegree,6,tech,Andreasgarnaes,java,18
deegree,6,tech,Cristiprodan,html,1
deegree,6,tech,Markus Bengts,gml,11
deegree,6,tech,Markus Bengts,java,65
deegree,6,tech,Rutger Schimmel,html,4
deegree,6,tech,Rutger Schimmel,java,71
deegree,7,tech,Andreasgarnaes,java,7
deegree,7,tech,Markus Bengts,java,14
deegree,7,tech,Rutger Schimmel,java,510
deegree,7,tech,Rutger Schimmel,sh,2
deegree,8,tech,Ionita,java,13
deegree,8,tech,Rutger Schimmel,java,37
deegree,9,tech,Ionita,html,3
deegree,9,tech,Ionita,java,74
deegree,9,tech,Markus Bengts,html,2
deegree,9,tech,Markus Bengts,java,87
deegree,9,tech,Rutger Schimmel,html,2
deegree,9,tech,Rutger Schimmel,java,109
deegree,10,tech,Ionita,gml,5
deegree,10,tech,Ionita,java,195
deegree,10,tech,Markus Bengts,gml,1
deegree,10,tech,Markus Bengts,html,2
deegree,10,tech,Markus Bengts,java,380
deegree,10,tech,Rutger Schimmel,gml,73
deegree,10,tech,Rutger Schimmel,html,28
deegree,10,tech,Rutger Schimmel,java,948
deegree,11,tech,Andreasgarnaes,java,156
deegree,11,tech,Andreasgarnaes,js,8
deegree,11,tech,Ionita,java,11
deegree,11,tech,Markus Bengts,java,207
deegree,11,tech,Rutger Schimmel,html,1
deegree,11,tech,Rutger Schimmel,java,202
deegree,12,tech,Andreasgarnaes,java,27
deegree,12,tech,Andreasgarnaes,js,1
deegree,12,tech,Ionita,java,20
deegree,12,tech,Markus Bengts,java,838
deegree,12,tech,Rutger Schimmel,java,10
deegree,13,tech,Akotsev,java,1
deegree,13,tech,Andreasgarnaes,java,64
deegree,13,tech,Ionita,java,35
deegree,13,tech,Markus Bengts,gml,72
deegree,13,tech,Markus Bengts,java,629
deegree,13,tech,Rutger Schimmel,java,43
deegree,14,tech,Andreasgarnaes,flex,2
deegree,14,tech,Andreasgarnaes,java,49
deegree,14,tech,Ionita,java,61
deegree,14,tech,Markus Bengts,gml,2
deegree,14,tech,Markus Bengts,java,537
deegree,14,tech,Rutger Schimmel,gml,76
deegree,14,tech,Rutger Schimmel,html,27
deegree,14,tech,Rutger Schimmel,java,820
deegree,14,tech,Rutger Schimmel,js,5
deegree,14,tech,Rutger Schimmel,sh,2
deegree,15,tech,Andreasgarnaes,java,51
deegree,15,tech,Ionita,java,31
deegree,15,tech,Markus Bengts,java,2
deegree,15,tech,Rutger Schimmel,html,2
deegree,15,tech,Rutger Schimmel,java,126
deegree,16,tech,Andreasgarnaes,java,86
deegree,16,tech,Ionita,gml,9
deegree,16,tech,Ionita,html,1
deegree,16,tech,Ionita,java,106
deegree,16,tech,Markus Bengts,java,470
deegree,16,tech,Markus Bengts,sql,2
deegree,16,tech,Rutger Schimmel,java,37
deegree,16,tech,Steffenhiller,java,3
deegree,17,tech,Andreasgarnaes,java,74
deegree,17,tech,Ionita,gml,10
deegree,17,tech,Ionita,java,57
deegree,17,tech,Markus Bengts,java,515
deegree,17,tech,Markus Bengts,sql,1
deegree,17,tech,Rutger Schimmel,java,102
deegree,17,tech,Steffenhiller,java,48
deegree,18,tech,404,java,1
deegree,18,tech,Andreasgarnaes,java,237
deegree,18,tech,Ionita,gml,1
deegree,18,tech,Ionita,java,80
deegree,18,tech,Markus Bengts,gml,4
deegree,18,tech,Markus Bengts,java,787
deegree,18,tech,Rutger Schimmel,java,101
deegree,18,tech,Steffenhiller,java,69
deegree,19,tech,Andreasgarnaes,flex,7
deegree,19,tech,Andreasgarnaes,java,177
deegree,19,tech,Ionita,java,16
deegree,19,tech,Markus Bengts,java,129
deegree,19,tech,Rutger Schimmel,java,73
deegree,19,tech,Steffenhiller,java,68
deegree,19,tech,Steffenhiller,sql,16
deegree,20,tech,Andreasgarnaes,flex,4
deegree,20,tech,Andreasgarnaes,java,61
deegree,20,tech,Ionita,java,5
deegree,20,tech,Markus Bengts,java,106
deegree,20,tech,Rutger Schimmel,java,110
deegree,20,tech,Steffenhiller,java,62
deegree,20,tech,Steffenhiller,sql,5
gdal-ogr,0,tech,Francesco Dal Canton,h,2
gdal-ogr,1,tech,404,c,35
gdal-ogr,1,tech,404,h,3
gdal-ogr,1,tech,406,c,35
gdal-ogr,1,tech,406,h,3
gdal-ogr,1,tech,Andrey,cpp,14
gdal-ogr,1,tech,Benjamin Birnbaum,cpp,2
gdal-ogr,1,tech,Benjamin Birnbaum,java,14
gdal-ogr,1,tech,Chris Ortner,cpp,44
gdal-ogr,1,tech,Chris Ortner,h,16
gdal-ogr,1,tech,Chris Ortner,html,8
gdal-ogr,1,tech,Danieleriksson,cpp,4
gdal-ogr,1,tech,Francesco Dal Canton,c,8
gdal-ogr,1,tech,Francesco Dal Canton,cpp,202
gdal-ogr,1,tech,Francesco Dal Canton,h,40
gdal-ogr,1,tech,Francesco Dal Canton,html,20
gdal-ogr,1,tech,Francesco Dal Canton,py,4
gdal-ogr,1,tech,Ivankozik,c,12
gdal-ogr,1,tech,Ivankozik,cpp,10
gdal-ogr,1,tech,Ivankozik,h,6
gdal-ogr,1,tech,Ivankozik,html,2
gdal-ogr,1,tech,Mateusz U,c,40
gdal-ogr,1,tech,Mateusz U,cpp,56
gdal-ogr,1,tech,Mateusz U,h,40
gdal-ogr,1,tech,Pirmin Braun,cpp,6
gdal-ogr,1,tech,Pirmin Braun,h,6
gdal-ogr,1,tech,Pirmin Braun,html,2
gdal-ogr,1,tech,Radim,cpp,4
gdal-ogr,2,tech,Andrey,c,2
gdal-ogr,2,tech,Andrey,cpp,12
gdal-ogr,2,tech,Andrey,h,10
gdal-ogr,2,tech,Ari Maniatis,c,2
gdal-ogr,2,tech,Ari Maniatis,cpp,6
gdal-ogr,2,tech,Ari Maniatis,html,2
gdal-ogr,2,tech,Ari Maniatis,pl,2
gdal-ogr,2,tech,Ari Maniatis,pm,4
gdal-ogr,2,tech,Ari Maniatis,pod,8
gdal-ogr,2,tech,Chris Ortner,cpp,2
gdal-ogr,2,tech,Francesco Dal Canton,c,102
gdal-ogr,2,tech,Francesco Dal Canton,cls,6
gdal-ogr,2,tech,Francesco Dal Canton,cpp,410
gdal-ogr,2,tech,Francesco Dal Canton,frm,2
gdal-ogr,2,tech,Francesco Dal Canton,h,150
gdal-ogr,2,tech,Francesco Dal Canton,html,20
gdal-ogr,2,tech,Francesco Dal Canton,m4,2
gdal-ogr,2,tech,Francesco Dal Canton,py,26
gdal-ogr,2,tech,Ivankozik,c,6
gdal-ogr,2,tech,Ivankozik,cpp,10
gdal-ogr,2,tech,Ivankozik,h,6
gdal-ogr,2,tech,Mateusz U,h,2
gdal-ogr,2,tech,Pirmin Braun,cpp,8
gdal-ogr,2,tech,Pirmin Braun,h,6
gdal-ogr,3,tech,Andrey,c,12
gdal-ogr,3,tech,Andrey,cpp,4
gdal-ogr,3,tech,Andrey,h,2
gdal-ogr,3,tech,Andrey,m4,4
gdal-ogr,3,tech,Andrey,sh,2
gdal-ogr,3,tech,Ari Maniatis,c,2
gdal-ogr,3,tech,Ari Maniatis,cpp,6
gdal-ogr,3,tech,Ari Maniatis,pm,8
gdal-ogr,3,tech,Chris Ortner,cpp,2
gdal-ogr,3,tech,Chris Ortner,html,2
gdal-ogr,3,tech,Davidmo,1,10
gdal-ogr,3,tech,Denis Barushev,cpp,4
gdal-ogr,3,tech,Denis Barushev,h,2
gdal-ogr,3,tech,Francesco Dal Canton,1,38
gdal-ogr,3,tech,Francesco Dal Canton,bat,2
gdal-ogr,3,tech,Francesco Dal Canton,c,4
gdal-ogr,3,tech,Francesco Dal Canton,cpp,158
gdal-ogr,3,tech,Francesco Dal Canton,h,34
gdal-ogr,3,tech,Francesco Dal Canton,html,2
gdal-ogr,3,tech,Francesco Dal Canton,m4,6
gdal-ogr,3,tech,Francesco Dal Canton,py,4
gdal-ogr,3,tech,Ivankozik,cpp,6
gdal-ogr,3,tech,Ivankozik,html,2
gdal-ogr,3,tech,Mateusz U,c,30
gdal-ogr,3,tech,Mateusz U,cpp,4
gdal-ogr,3,tech,Mateusz U,h,18
gdal-ogr,3,tech,Pirmin Braun,cpp,36
gdal-ogr,3,tech,Pirmin Braun,h,8
gdal-ogr,3,tech,Pirmin Braun,html,2
gdal-ogr,4,tech,Andrey,c,2
gdal-ogr,4,tech,Andrey,m4,8
gdal-ogr,4,tech,Francesco Dal Canton,c,8
gdal-ogr,4,tech,Francesco Dal Canton,cpp,84
gdal-ogr,4,tech,Francesco Dal Canton,h,20
gdal-ogr,4,tech,Francesco Dal Canton,html,4
gdal-ogr,4,tech,Francesco Dal Canton,sh,2
gdal-ogr,4,tech,Ivankozik,cpp,2
gdal-ogr,4,tech,Mateusz U,cpp,34
gdal-ogr,4,tech,Mateusz U,h,8
gdal-ogr,4,tech,Mateusz U,html,2
gdal-ogr,4,tech,Pirmin Braun,cpp,6
gdal-ogr,4,tech,Pirmin Braun,h,2
gdal-ogr,5,tech,Andrey,cpp,30
gdal-ogr,5,tech,Andrey,h,10
gdal-ogr,5,tech,Ari Maniatis,cpp,10
gdal-ogr,5,tech,Ari Maniatis,pl,2
gdal-ogr,5,tech,Ari Maniatis,pm,2
gdal-ogr,5,tech,Denis Barushev,html,2
gdal-ogr,5,tech,Francesco Dal Canton,c,42
gdal-ogr,5,tech,Francesco Dal Canton,cpp,104
gdal-ogr,5,tech,Francesco Dal Canton,h,26
gdal-ogr,5,tech,Francesco Dal Canton,html,14
gdal-ogr,5,tech,Mateusz U,1,32
gdal-ogr,5,tech,Mateusz U,cpp,40
gdal-ogr,5,tech,Mateusz U,h,8
gdal-ogr,5,tech,Mateusz U,html,18
gdal-ogr,5,tech,Mateusz U,m4,2
gdal-ogr,5,tech,Oleg Prozorov,cpp,2
gdal-ogr,5,tech,Oleg Prozorov,h,2
gdal-ogr,6,tech,Andrey,cpp,10
gdal-ogr,6,tech,Andrey,h,2
gdal-ogr,6,tech,Andrey,html,2
gdal-ogr,6,tech,Francesco Dal Canton,c,2
gdal-ogr,6,tech,Francesco Dal Canton,cpp,46
gdal-ogr,6,tech,Francesco Dal Canton,h,6
gdal-ogr,6,tech,Francesco Dal Canton,html,8
gdal-ogr,6,tech,Mateusz U,cpp,42
gdal-ogr,6,tech,Mateusz U,h,8
gdal-ogr,6,tech,Mateusz U,html,2
gdal-ogr,6,tech,Mateusz U,m4,4
gdal-ogr,7,tech,Andrey,cpp,6
gdal-ogr,7,tech,Chris Ortner,cpp,2
gdal-ogr,7,tech,Denis Barushev,cpp,2
gdal-ogr,7,tech,Francesco Dal Canton,c,6
gdal-ogr,7,tech,Francesco Dal Canton,cpp,42
gdal-ogr,7,tech,Francesco Dal Canton,h,6
gdal-ogr,7,tech,Francesco Dal Canton,html,4
gdal-ogr,7,tech,Mateusz U,c,6
gdal-ogr,7,tech,Mateusz U,cpp,14
gdal-ogr,7,tech,Pirmin Braun,cpp,4
gdal-ogr,7,tech,Pirmin Braun,h,2
gdal-ogr,7,tech,Pirmin Braun,html,2
gdal-ogr,8,tech,Andrey,cpp,24
gdal-ogr,8,tech,Andrey,h,8
gdal-ogr,8,tech,Andrey,html,2
gdal-ogr,8,tech,Denis Barushev,cpp,2
gdal-ogr,8,tech,Denis Barushev,html,2
gdal-ogr,8,tech,Francesco Dal Canton,c,6
gdal-ogr,8,tech,Francesco Dal Canton,cpp,38
gdal-ogr,8,tech,Francesco Dal Canton,h,6
gdal-ogr,8,tech,Francesco Dal Canton,html,4
gdal-ogr,8,tech,Francesco Dal Canton,py,4
gdal-ogr,8,tech,Mateusz U,cpp,4
gdal-ogr,8,tech,Oleg Prozorov,cpp,6
gdal-ogr,8,tech,Oleg Prozorov,h,2
gdal-ogr,8,tech,Pirmin Braun,cpp,4
gdal-ogr,8,tech,Pirmin Braun,h,2
gdal-ogr,8,tech,Pirmin Braun,html,2
gdal-ogr,8,tech,Tamas Denes,c,2
gdal-ogr,8,tech,Tamas Denes,cs,8
gdal-ogr,9,tech,Andrey,cpp,22
gdal-ogr,9,tech,Andrey,h,8
gdal-ogr,9,tech,Andrey,html,4
gdal-ogr,9,tech,Chris Ortner,cpp,12
gdal-ogr,9,tech,Chris Ortner,html,2
gdal-ogr,9,tech,Denis Barushev,cpp,2
gdal-ogr,9,tech,Francesco Dal Canton,c,16
gdal-ogr,9,tech,Francesco Dal Canton,cpp,106
gdal-ogr,9,tech,Francesco Dal Canton,h,20
gdal-ogr,9,tech,Francesco Dal Canton,html,12
gdal-ogr,9,tech,Francesco Dal Canton,m4,2
gdal-ogr,9,tech,Francesco Dal Canton,py,4
gdal-ogr,9,tech,Ivankozik,cpp,2
gdal-ogr,9,tech,Lichun,cpp,4
gdal-ogr,9,tech,Lichun,h,4
gdal-ogr,9,tech,Mateusz U,cpp,4
gdal-ogr,9,tech,Mateusz U,h,4
gdal-ogr,9,tech,Mateusz U,html,4
gdal-ogr,9,tech,Mateusz U,m4,4
gdal-ogr,9,tech,Tamas Denes,cpp,2
gdal-ogr,9,tech,Tamas Denes,cs,8
gdal-ogr,10,tech,Andrey,cpp,8
gdal-ogr,10,tech,Andrey,h,6
gdal-ogr,10,tech,Andrey,html,2
gdal-ogr,10,tech,Ari Maniatis,bat,4
gdal-ogr,10,tech,Ari Maniatis,c,2
gdal-ogr,10,tech,Ari Maniatis,cpp,10
gdal-ogr,10,tech,Ari Maniatis,pl,2
gdal-ogr,10,tech,Ari Maniatis,pm,14
gdal-ogr,10,tech,Ari Maniatis,pod,10
gdal-ogr,10,tech,Ari Maniatis,t,4
gdal-ogr,10,tech,Chris Ortner,c,2
gdal-ogr,10,tech,Chris Ortner,cpp,32
gdal-ogr,10,tech,Chris Ortner,h,10
gdal-ogr,10,tech,Chris Ortner,py,30
gdal-ogr,10,tech,Danieleriksson,cpp,2
gdal-ogr,10,tech,Danieleriksson,h,2
gdal-ogr,10,tech,Francesco Dal Canton,c,28
gdal-ogr,10,tech,Francesco Dal Canton,cpp,86
gdal-ogr,10,tech,Francesco Dal Canton,h,20
gdal-ogr,10,tech,Francesco Dal Canton,html,8
gdal-ogr,10,tech,Francesco Dal Canton,py,4
gdal-ogr,10,tech,Mateusz U,c,34
gdal-ogr,10,tech,Mateusz U,cpp,22
gdal-ogr,10,tech,Mateusz U,h,26
gdal-ogr,10,tech,Mateusz U,m4,6
gdal-ogr,10,tech,Oleg Prozorov,cpp,18
gdal-ogr,10,tech,Oleg Prozorov,h,4
gdal-ogr,10,tech,Oleg Prozorov,html,4
gdal-ogr,10,tech,Radim,cpp,4
gdal-ogr,10,tech,Tamas Denes,cpp,8
gdal-ogr,10,tech,Tamas Denes,cs,18
gdal-ogr,10,tech,Tamas Denes,h,4
gdal-ogr,11,tech,Andrey,cpp,10
gdal-ogr,11,tech,Andrey,h,10
gdal-ogr,11,tech,Ari Maniatis,bat,2
gdal-ogr,11,tech,Ari Maniatis,c,2
gdal-ogr,11,tech,Ari Maniatis,cpp,14
gdal-ogr,11,tech,Ari Maniatis,html,2
gdal-ogr,11,tech,Ari Maniatis,pm,4
gdal-ogr,11,tech,Ari Maniatis,pod,8
gdal-ogr,11,tech,Ari Maniatis,t,6
gdal-ogr,11,tech,Chris Ortner,c,2
gdal-ogr,11,tech,Chris Ortner,h,2
gdal-ogr,11,tech,Chris Ortner,mk,4
gdal-ogr,11,tech,Chris Ortner,py,2
gdal-ogr,11,tech,Davidmo,c,2
gdal-ogr,11,tech,Davidmo,cpp,8
gdal-ogr,11,tech,Davidmo,h,2
gdal-ogr,11,tech,Davidmo,java,70
gdal-ogr,11,tech,Dreamil,c,2
gdal-ogr,11,tech,Dreamil,cpp,6
gdal-ogr,11,tech,Francesco Dal Canton,c,20
gdal-ogr,11,tech,Francesco Dal Canton,cpp,78
gdal-ogr,11,tech,Francesco Dal Canton,h,18
gdal-ogr,11,tech,Francesco Dal Canton,html,6
gdal-ogr,11,tech,Francesco Dal Canton,pm,2
gdal-ogr,11,tech,Francesco Dal Canton,py,2
gdal-ogr,11,tech,Lichun,cpp,6
gdal-ogr,11,tech,Mateusz U,c,42
gdal-ogr,11,tech,Mateusz U,cpp,14
gdal-ogr,11,tech,Mateusz U,h,26
gdal-ogr,11,tech,Tamas Denes,cpp,2
gdal-ogr,12,tech,Andrey,cpp,38
gdal-ogr,12,tech,Andrey,h,14
gdal-ogr,12,tech,Andrey,html,10
gdal-ogr,12,tech,Ari Maniatis,pm,8
gdal-ogr,12,tech,Chris Ortner,cpp,116
gdal-ogr,12,tech,Chris Ortner,h,100
gdal-ogr,12,tech,Danieleriksson,cpp,2
gdal-ogr,12,tech,Davidmo,1,64
gdal-ogr,12,tech,Davidmo,asc,4
gdal-ogr,12,tech,Davidmo,bas,12
gdal-ogr,12,tech,Davidmo,bat,16
gdal-ogr,12,tech,Davidmo,c,1048
gdal-ogr,12,tech,Davidmo,cls,24
gdal-ogr,12,tech,Davidmo,cpp,2102
gdal-ogr,12,tech,Davidmo,cs,36
gdal-ogr,12,tech,Davidmo,css,4
gdal-ogr,12,tech,Davidmo,frm,4
gdal-ogr,12,tech,Davidmo,gml,4
gdal-ogr,12,tech,Davidmo,h,930
gdal-ogr,12,tech,Davidmo,html,300
gdal-ogr,12,tech,Davidmo,inc,40
gdal-ogr,12,tech,Davidmo,java,140
gdal-ogr,12,tech,Davidmo,m4,32
gdal-ogr,12,tech,Davidmo,mk,4
gdal-ogr,12,tech,Davidmo,php,16
gdal-ogr,12,tech,Davidmo,pm,16
gdal-ogr,12,tech,Davidmo,py,330
gdal-ogr,12,tech,Davidmo,rb,54
gdal-ogr,12,tech,Davidmo,sh,60
gdal-ogr,12,tech,Davidmo,t,8
gdal-ogr,12,tech,Davidmo,tst,2
gdal-ogr,12,tech,Francesco Dal Canton,1,64
gdal-ogr,12,tech,Francesco Dal Canton,c,478
gdal-ogr,12,tech,Francesco Dal Canton,cpp,4646
gdal-ogr,12,tech,Francesco Dal Canton,h,1472
gdal-ogr,12,tech,Francesco Dal Canton,html,6
gdal-ogr,12,tech,Francesco Dal Canton,py,20
gdal-ogr,12,tech,Francesco Dal Canton,sh,4
gdal-ogr,12,tech,Francesco Dal Canton,tst,2
gdal-ogr,12,tech,Lichun,cpp,2
gdal-ogr,12,tech,Martin Baum,cpp,4
gdal-ogr,12,tech,Mateusz U,c,128
gdal-ogr,12,tech,Mateusz U,cpp,4
gdal-ogr,12,tech,Mateusz U,h,56
gdal-ogr,12,tech,Mateusz U,m4,10
gdal-ogr,12,tech,Mateusz U,sh,4
gdal-ogr,12,tech,Tamas Denes,cs,4
gdal-ogr,12,tech,Tamas Denes,sh,4
gdal-ogr,13,tech,Andrey,cpp,44
gdal-ogr,13,tech,Andrey,h,8
gdal-ogr,13,tech,Andrey,m4,4
gdal-ogr,13,tech,Chris Ortner,cpp,68
gdal-ogr,13,tech,Chris Ortner,h,40
gdal-ogr,13,tech,Chris Ortner,html,24
gdal-ogr,13,tech,Dreamil,cpp,4
gdal-ogr,13,tech,Francesco Dal Canton,c,4
gdal-ogr,13,tech,Francesco Dal Canton,cpp,90
gdal-ogr,13,tech,Francesco Dal Canton,h,8
gdal-ogr,13,tech,Francesco Dal Canton,html,20
gdal-ogr,13,tech,Francesco Dal Canton,py,6
gdal-ogr,13,tech,Hannah Zabarsky,cpp,8
gdal-ogr,13,tech,Ivankozik,cpp,20
gdal-ogr,13,tech,Ivankozik,h,16
gdal-ogr,13,tech,Ivankozik,html,4
gdal-ogr,13,tech,Martin Baum,cpp,4
gdal-ogr,13,tech,Martin Baum,h,4
gdal-ogr,13,tech,Mateusz U,c,90
gdal-ogr,13,tech,Mateusz U,cpp,36
gdal-ogr,13,tech,Mateusz U,h,52
gdal-ogr,13,tech,Mateusz U,html,4
gdal-ogr,13,tech,Tamas Denes,cs,4
gdal-ogr,14,tech,Andrea,java,198
gdal-ogr,14,tech,Andrey,c,32
gdal-ogr,14,tech,Andrey,cpp,96
gdal-ogr,14,tech,Andrey,h,52
gdal-ogr,14,tech,Andrey,html,20
gdal-ogr,14,tech,Ari Maniatis,c,4
gdal-ogr,14,tech,Ari Maniatis,cpp,12
gdal-ogr,14,tech,Ari Maniatis,pm,16
gdal-ogr,14,tech,Ari Maniatis,t,8
gdal-ogr,14,tech,Chris Ortner,cpp,48
gdal-ogr,14,tech,Chris Ortner,h,32
gdal-ogr,14,tech,Chris Ortner,py,26
gdal-ogr,14,tech,Danieleriksson,cpp,62
gdal-ogr,14,tech,Danieleriksson,h,14
gdal-ogr,14,tech,Danieleriksson,html,4
gdal-ogr,14,tech,Denis Barushev,cpp,8
gdal-ogr,14,tech,Francesco Dal Canton,c,14
gdal-ogr,14,tech,Francesco Dal Canton,cpp,316
gdal-ogr,14,tech,Francesco Dal Canton,h,78
gdal-ogr,14,tech,Francesco Dal Canton,html,32
gdal-ogr,14,tech,Francesco Dal Canton,m4,4
gdal-ogr,14,tech,Francesco Dal Canton,nc,2
gdal-ogr,14,tech,Francesco Dal Canton,py,98
gdal-ogr,14,tech,Francesco Dal Canton,sh,4
gdal-ogr,14,tech,Ivankozik,cpp,24
gdal-ogr,14,tech,Ivankozik,h,16
gdal-ogr,14,tech,Mateusz U,c,8
gdal-ogr,14,tech,Mateusz U,cpp,124
gdal-ogr,14,tech,Mateusz U,h,16
gdal-ogr,14,tech,Mateusz U,html,8
gdal-ogr,14,tech,Mateusz U,m4,8
gdal-ogr,14,tech,Mateusz U,py,282
gdal-ogr,14,tech,Mateusz U,sh,8
gdal-ogr,14,tech,Tamas Denes,cpp,4
gdal-ogr,14,tech,Tamas Denes,cs,80
gdal-ogr,14,tech,Tamas Denes,sh,4
gdal-ogr,15,tech,Andrey,cpp,110
gdal-ogr,15,tech,Andrey,h,36
gdal-ogr,15,tech,Andrey,m4,40
gdal-ogr,15,tech,Andrey,py,4
gdal-ogr,15,tech,Andrey,sh,8
gdal-ogr,15,tech,Ari Maniatis,c,4
gdal-ogr,15,tech,Ari Maniatis,cpp,20
gdal-ogr,15,tech,Ari Maniatis,pm,16
gdal-ogr,15,tech,Ari Maniatis,t,28
gdal-ogr,15,tech,Chris Ortner,c,2
gdal-ogr,15,tech,Chris Ortner,cpp,12
gdal-ogr,15,tech,Chris Ortner,h,8
gdal-ogr,15,tech,Chris Ortner,py,6
gdal-ogr,15,tech,Danieleriksson,cpp,4
gdal-ogr,15,tech,Denis Barushev,cpp,8
gdal-ogr,15,tech,Francesco Dal Canton,c,34
gdal-ogr,15,tech,Francesco Dal Canton,cpp,170
gdal-ogr,15,tech,Francesco Dal Canton,h,36
gdal-ogr,15,tech,Francesco Dal Canton,html,8
gdal-ogr,15,tech,Francesco Dal Canton,m4,12
gdal-ogr,15,tech,Francesco Dal Canton,py,42
gdal-ogr,15,tech,Francesco Dal Canton,sh,4
gdal-ogr,15,tech,Ivankozik,cpp,72
gdal-ogr,15,tech,Ivankozik,h,28
gdal-ogr,15,tech,Mateusz U,c,40
gdal-ogr,15,tech,Mateusz U,cpp,128
gdal-ogr,15,tech,Mateusz U,gml,2
gdal-ogr,15,tech,Mateusz U,h,22
gdal-ogr,15,tech,Mateusz U,html,4
gdal-ogr,15,tech,Mateusz U,pm,12
gdal-ogr,15,tech,Mateusz U,py,10
gdal-ogr,15,tech,Mateusz U,sh,10
gdal-ogr,15,tech,Pirmin Braun,cpp,28
gdal-ogr,15,tech,Pirmin Braun,h,16
gdal-ogr,15,tech,Tamas Denes,cs,32
gdal-ogr,16,tech,Andrey,cpp,12
gdal-ogr,16,tech,Andrey,h,8
gdal-ogr,16,tech,Chris Ortner,cpp,4
gdal-ogr,16,tech,Chris Ortner,h,8
gdal-ogr,16,tech,Chris Ortner,py,26
gdal-ogr,16,tech,Chris Ortner,sh,8
gdal-ogr,16,tech,Danieleriksson,cpp,8
gdal-ogr,16,tech,Denis Barushev,cpp,4
gdal-ogr,16,tech,Denis Barushev,py,2
gdal-ogr,16,tech,Francesco Dal Canton,c,32
gdal-ogr,16,tech,Francesco Dal Canton,cpp,280
gdal-ogr,16,tech,Francesco Dal Canton,h,70
gdal-ogr,16,tech,Francesco Dal Canton,html,16
gdal-ogr,16,tech,Francesco Dal Canton,py,36
gdal-ogr,16,tech,Ivankozik,cpp,20
gdal-ogr,16,tech,Ivankozik,h,8
gdal-ogr,16,tech,Konstantin.baumann,cpp,4
gdal-ogr,16,tech,Mateusz U,cpp,40
gdal-ogr,16,tech,Mateusz U,h,6
gdal-ogr,16,tech,Mateusz U,html,48
gdal-ogr,16,tech,Mateusz U,m4,2
gdal-ogr,16,tech,Mateusz U,py,2
gdal-ogr,16,tech,Mateusz U,sh,2
gdal-ogr,16,tech,Pirmin Braun,cpp,12
gdal-ogr,16,tech,Pirmin Braun,h,6
gdal-ogr,16,tech,Tamas Denes,cs,16
gdal-ogr,16,tech,Tamas Denes,h,8
gdal-ogr,17,tech,Andrey,cpp,8
gdal-ogr,17,tech,Ari Maniatis,bat,4
gdal-ogr,17,tech,Ari Maniatis,t,4
gdal-ogr,17,tech,Danieleriksson,cpp,24
gdal-ogr,17,tech,Francesco Dal Canton,c,22
gdal-ogr,17,tech,Francesco Dal Canton,cpp,206
gdal-ogr,17,tech,Francesco Dal Canton,h,28
gdal-ogr,17,tech,Francesco Dal Canton,html,24
gdal-ogr,17,tech,Francesco Dal Canton,m4,2
gdal-ogr,17,tech,Francesco Dal Canton,py,24
gdal-ogr,17,tech,Francesco Dal Canton,sh,2
gdal-ogr,17,tech,Ivankozik,cpp,48
gdal-ogr,17,tech,Ivankozik,h,24
gdal-ogr,17,tech,Mateusz U,c,6
gdal-ogr,17,tech,Mateusz U,cpp,16
gdal-ogr,17,tech,Mateusz U,py,4
gdal-ogr,17,tech,Ray,cpp,20
gdal-ogr,17,tech,Ray,html,12
gdal-ogr,18,tech,Andrey,cpp,10
gdal-ogr,18,tech,Andrey,html,4
gdal-ogr,18,tech,Ari Maniatis,c,4
gdal-ogr,18,tech,Ari Maniatis,cpp,16
gdal-ogr,18,tech,Ari Maniatis,pm,16
gdal-ogr,18,tech,Ari Maniatis,t,4
gdal-ogr,18,tech,Chris Ortner,cpp,56
gdal-ogr,18,tech,Chris Ortner,h,28
gdal-ogr,18,tech,Chris Ortner,html,4
gdal-ogr,18,tech,Chris Ortner,py,40
gdal-ogr,18,tech,Danieleriksson,cpp,44
gdal-ogr,18,tech,Danieleriksson,h,8
gdal-ogr,18,tech,Francesco Dal Canton,c,20
gdal-ogr,18,tech,Francesco Dal Canton,cpp,120
gdal-ogr,18,tech,Francesco Dal Canton,h,6
gdal-ogr,18,tech,Francesco Dal Canton,html,8
gdal-ogr,18,tech,Francesco Dal Canton,py,20
gdal-ogr,18,tech,Ivankozik,cpp,20
gdal-ogr,18,tech,Ivankozik,h,12
gdal-ogr,18,tech,Konstantin.baumann,cpp,4
gdal-ogr,18,tech,Ray,cpp,4
gdal-ogr,18,tech,Ray,html,4
gdal-ogr,19,tech,Andrey,cpp,16
gdal-ogr,19,tech,Andrey,h,16
gdal-ogr,19,tech,Chris Ortner,cpp,12
gdal-ogr,19,tech,Danieleriksson,cpp,44
gdal-ogr,19,tech,Danieleriksson,h,16
gdal-ogr,19,tech,Danieleriksson,html,8
gdal-ogr,19,tech,Even.rouault,c,166
gdal-ogr,19,tech,Even.rouault,cpp,150
gdal-ogr,19,tech,Even.rouault,h,72
gdal-ogr,19,tech,Even.rouault,html,8
gdal-ogr,19,tech,Francesco Dal Canton,aux,2
gdal-ogr,19,tech,Francesco Dal Canton,c,164
gdal-ogr,19,tech,Francesco Dal Canton,cpp,514
gdal-ogr,19,tech,Francesco Dal Canton,h,182
gdal-ogr,19,tech,Francesco Dal Canton,html,24
gdal-ogr,19,tech,Francesco Dal Canton,py,32
gdal-ogr,19,tech,Ivankozik,cpp,4
gdal-ogr,19,tech,Mateusz U,c,8
gdal-ogr,19,tech,Mateusz U,cpp,284
gdal-ogr,19,tech,Mateusz U,h,36
gdal-ogr,19,tech,Pirmin Braun,cpp,4
gdal-ogr,19,tech,Pirmin Braun,h,4
gdal-ogr,19,tech,Simon Lelievre,c,4
gdal-ogr,19,tech,Tamas Denes,h,4
gdal-ogr,20,tech,Andrey,cpp,88
gdal-ogr,20,tech,Andrey,h,64
gdal-ogr,20,tech,Bas Peters,cpp,8
gdal-ogr,20,tech,Bas Peters,h,8
gdal-ogr,20,tech,Chris Ortner,c,8
gdal-ogr,20,tech,Chris Ortner,cpp,44
gdal-ogr,20,tech,Chris Ortner,h,8
gdal-ogr,20,tech,Chris Ortner,py,68
gdal-ogr,20,tech,Even.rouault,c,32
gdal-ogr,20,tech,Even.rouault,cpp,108
gdal-ogr,20,tech,Even.rouault,h,36
gdal-ogr,20,tech,Even.rouault,html,20
gdal-ogr,20,tech,Even.rouault,py,10
gdal-ogr,20,tech,Francesco Dal Canton,c,24
gdal-ogr,20,tech,Francesco Dal Canton,cpp,408
gdal-ogr,20,tech,Francesco Dal Canton,h,248
gdal-ogr,20,tech,Francesco Dal Canton,html,12
gdal-ogr,20,tech,Francesco Dal Canton,py,30
gdal-ogr,20,tech,Ivankozik,cpp,32
gdal-ogr,20,tech,Ivankozik,h,4
gdal-ogr,20,tech,Ivankozik,html,8
gdal-ogr,20,tech,Mateusz U,1,64
gdal-ogr,20,tech,Mateusz U,cpp,116
gdal-ogr,20,tech,Mateusz U,h,34
gdal-ogr,20,tech,Mateusz U,html,6
gdal-ogr,20,tech,Mateusz U,py,14
gdal-ogr,20,tech,Mateusz U,sh,12
gdal-ogr,20,tech,Ray,cpp,4
gdal-ogr,21,tech,Andrey,c,32
gdal-ogr,21,tech,Andrey,cpp,94
gdal-ogr,21,tech,Andrey,h,32
gdal-ogr,21,tech,Andrey,m4,4
gdal-ogr,21,tech,Chris Ortner,cpp,24
gdal-ogr,21,tech,Chris Ortner,h,12
gdal-ogr,21,tech,Chris Ortner,m4,4
gdal-ogr,21,tech,Chris Ortner,py,96
gdal-ogr,21,tech,Even.rouault,c,12
gdal-ogr,21,tech,Even.rouault,cpp,304
gdal-ogr,21,tech,Even.rouault,h,26
gdal-ogr,21,tech,Even.rouault,html,24
gdal-ogr,21,tech,Even.rouault,py,2
gdal-ogr,21,tech,Francesco Dal Canton,aux,2
gdal-ogr,21,tech,Francesco Dal Canton,c,22
gdal-ogr,21,tech,Francesco Dal Canton,cpp,308
gdal-ogr,21,tech,Francesco Dal Canton,h,50
gdal-ogr,21,tech,Francesco Dal Canton,html,20
gdal-ogr,21,tech,Francesco Dal Canton,py,56
gdal-ogr,21,tech,Ivankozik,cpp,40
gdal-ogr,21,tech,Ivankozik,h,16
gdal-ogr,21,tech,Mateusz U,c,20
gdal-ogr,21,tech,Mateusz U,cpp,66
gdal-ogr,21,tech,Mateusz U,h,10
gdal-ogr,21,tech,Mateusz U,html,6
gdal-ogr,21,tech,Mateusz U,py,2
gdal-ogr,21,tech,Mateusz U,sh,10
gdal-ogr,21,tech,Pirmin Braun,cpp,48
gdal-ogr,21,tech,Pirmin Braun,h,8
gdal-ogr,22,tech,Andrey,c,16
gdal-ogr,22,tech,Andrey,cpp,70
gdal-ogr,22,tech,Andrey,h,36
gdal-ogr,22,tech,Ari Maniatis,bat,4
gdal-ogr,22,tech,Ari Maniatis,c,4
gdal-ogr,22,tech,Ari Maniatis,cpp,20
gdal-ogr,22,tech,Ari Maniatis,pm,20
gdal-ogr,22,tech,Ari Maniatis,sh,4
gdal-ogr,22,tech,Ari Maniatis,t,56
gdal-ogr,22,tech,Chris Ortner,c,32
gdal-ogr,22,tech,Chris Ortner,cpp,140
gdal-ogr,22,tech,Chris Ortner,h,82
gdal-ogr,22,tech,Chris Ortner,html,12
gdal-ogr,22,tech,Chris Ortner,py,428
gdal-ogr,22,tech,Even.rouault,c,20
gdal-ogr,22,tech,Even.rouault,cpp,270
gdal-ogr,22,tech,Even.rouault,h,24
gdal-ogr,22,tech,Even.rouault,html,36
gdal-ogr,22,tech,Even.rouault,py,14
gdal-ogr,22,tech,Francesco Dal Canton,aux,2
gdal-ogr,22,tech,Francesco Dal Canton,c,122
gdal-ogr,22,tech,Francesco Dal Canton,cpp,426
gdal-ogr,22,tech,Francesco Dal Canton,h,74
gdal-ogr,22,tech,Francesco Dal Canton,html,32
gdal-ogr,22,tech,Francesco Dal Canton,m4,4
gdal-ogr,22,tech,Francesco Dal Canton,py,54
gdal-ogr,22,tech,Ivankozik,bat,4
gdal-ogr,22,tech,Ivankozik,cpp,8
gdal-ogr,22,tech,Mateusz U,c,20
gdal-ogr,22,tech,Mateusz U,cpp,304
gdal-ogr,22,tech,Mateusz U,h,78
gdal-ogr,22,tech,Mateusz U,html,28
gdal-ogr,22,tech,Mateusz U,m4,4
gdal-ogr,22,tech,Mateusz U,py,26
gdal-ogr,22,tech,Phil Balchin,cpp,52
gdal-ogr,22,tech,Phil Balchin,h,8
gdal-ogr,22,tech,Pirmin Braun,cpp,8
gdal-ogr,22,tech,Pirmin Braun,html,4
gdal-ogr,22,tech,Tamas Denes,cpp,8
gdal-ogr,22,tech,Tamas Denes,h,8
gdal-ogr,23,tech,Andrey,cpp,82
gdal-ogr,23,tech,Andrey,h,12
gdal-ogr,23,tech,Ari Maniatis,bat,12
gdal-ogr,23,tech,Ari Maniatis,t,24
gdal-ogr,23,tech,Chris Ortner,cpp,80
gdal-ogr,23,tech,Chris Ortner,html,8
gdal-ogr,23,tech,Chris Ortner,py,30
gdal-ogr,23,tech,Danieleriksson,cpp,28
gdal-ogr,23,tech,Danieleriksson,h,20
gdal-ogr,23,tech,Even.rouault,c,8
gdal-ogr,23,tech,Even.rouault,cpp,146
gdal-ogr,23,tech,Even.rouault,h,20
gdal-ogr,23,tech,Even.rouault,html,28
gdal-ogr,23,tech,Even.rouault,py,12
gdal-ogr,23,tech,Francesco Dal Canton,asc,2
gdal-ogr,23,tech,Francesco Dal Canton,c,60
gdal-ogr,23,tech,Francesco Dal Canton,cpp,246
gdal-ogr,23,tech,Francesco Dal Canton,h,74
gdal-ogr,23,tech,Francesco Dal Canton,html,20
gdal-ogr,23,tech,Francesco Dal Canton,m4,16
gdal-ogr,23,tech,Francesco Dal Canton,py,38
gdal-ogr,23,tech,Francesco Dal Canton,sh,4
gdal-ogr,23,tech,Mateusz U,asc,8
gdal-ogr,23,tech,Mateusz U,c,8
gdal-ogr,23,tech,Mateusz U,cpp,116
gdal-ogr,23,tech,Mateusz U,h,54
gdal-ogr,23,tech,Mateusz U,html,4
gdal-ogr,23,tech,Mateusz U,m4,20
gdal-ogr,23,tech,Mateusz U,py,28
gdal-ogr,23,tech,Petr Romanovsky,py,8
gdal-ogr,23,tech,Phil Balchin,cpp,56
gdal-ogr,23,tech,Phil Balchin,html,8
gdal-ogr,23,tech,Pirmin Braun,cpp,12
gdal-ogr,23,tech,Ray,cpp,8
gdal-ogr,23,tech,Tamas Denes,cpp,8
gdal-ogr,23,tech,Tamas Denes,cs,48
gdal-ogr,23,tech,Tamas Denes,h,8
gdal-ogr,24,tech,Andrey,cpp,70
gdal-ogr,24,tech,Andrey,h,8
gdal-ogr,24,tech,Andrey,py,8
gdal-ogr,24,tech,Ari Maniatis,t,6
gdal-ogr,24,tech,Even.rouault,c,24
gdal-ogr,24,tech,Even.rouault,cpp,218
gdal-ogr,24,tech,Even.rouault,h,28
gdal-ogr,24,tech,Even.rouault,html,16
gdal-ogr,24,tech,Even.rouault,py,6
gdal-ogr,24,tech,Francesco Dal Canton,c,18
gdal-ogr,24,tech,Francesco Dal Canton,cpp,180
gdal-ogr,24,tech,Francesco Dal Canton,h,52
gdal-ogr,24,tech,Francesco Dal Canton,html,38
gdal-ogr,24,tech,Francesco Dal Canton,pm,8
gdal-ogr,24,tech,Francesco Dal Canton,py,16
gdal-ogr,24,tech,Ivankozik,bat,4
gdal-ogr,24,tech,Tamas Denes,cpp,4
gdal-ogr,24,tech,Tamas Denes,cs,6
gdal-ogr,25,tech,Andrey,c,4
gdal-ogr,25,tech,Andrey,cpp,20
gdal-ogr,25,tech,Andrey,h,8
gdal-ogr,25,tech,Bas Peters,cpp,4
gdal-ogr,25,tech,Bas Peters,h,8
gdal-ogr,25,tech,Chris Ortner,cpp,4
gdal-ogr,25,tech,Even.rouault,c,20
gdal-ogr,25,tech,Even.rouault,cpp,156
gdal-ogr,25,tech,Even.rouault,h,4
gdal-ogr,25,tech,Even.rouault,py,6
gdal-ogr,25,tech,Francesco Dal Canton,c,2
gdal-ogr,25,tech,Francesco Dal Canton,cpp,134
gdal-ogr,25,tech,Francesco Dal Canton,h,26
gdal-ogr,25,tech,Francesco Dal Canton,html,4
gdal-ogr,25,tech,Francesco Dal Canton,py,36
gdal-ogr,25,tech,Mateusz U,c,12
gdal-ogr,25,tech,Mateusz U,h,4
gdal-ogr,25,tech,Phil Balchin,cpp,8
gdal-ogr,25,tech,Ray,cpp,4
gdal-ogr,25,tech,Ray,html,4
gdal-ogr,25,tech,Tamas Denes,c,12
gdal-ogr,25,tech,Tamas Denes,cpp,12
gdal-ogr,25,tech,Tamas Denes,cs,44
gdal-ogr,25,tech,Tamas Denes,h,8
gdal-ogr,25,tech,Tamas Denes,html,4
geomajas,0,social,Coveralls,Coveralls,0
geomajas,0,social,Coveralls,Oliver Mooney,1
geomajas,0,social,Deleted User,Deleted User,0
geomajas,0,social,Deleted User,Jan Venstermans,18
geomajas,0,social,Deleted User,Jandm,3
geomajas,0,social,Deleted User,Oliver Mooney,10
geomajas,0,social,Dosi.bingov,Dosi.bingov,0
geomajas,0,social,Dosi.bingov,Hkristof,1
geomajas,0,social,Dosi.bingov,Jan Venstermans,5
geomajas,0,social,Dosi.bingov,Jandm,4
geomajas,0,social,Dosi.bingov,Maesfran,1
geomajas,0,social,Dosi.bingov,Oliver Mooney,5
geomajas,0,social,Dosi.bingov,Pieter De Graef,1
geomajas,0,social,Geohubtest,Geohubtest,0
geomajas,0,social,Geohubtest,Jan Venstermans,1
geomajas,0,social,Geohubtest,Oliver Mooney,1
geomajas,0,social,Geomajas-jekins,Geomajas-jekins,0
geomajas,0,social,Geomajas-jekins,Jan Venstermans,2
geomajas,0,social,Geomajas-jekins,Oliver Mooney,1
geomajas,0,social,Glennlewis,Glennlewis,0
geomajas,0,social,Hkristof,Dosi.bingov,1
geomajas,0,social,Hkristof,Hkristof,0
geomajas,0,social,Hkristof,Jan Venstermans,11
geomajas,0,social,Hkristof,Jandm,1
geomajas,0,social,Hkristof,Oliver Mooney,10
geomajas,0,social,Hkristof,Pieter De Graef,1
geomajas,0,social,Jan Venstermans,Deleted User,18
geomajas,0,social,Jan Venstermans,Dosi.bingov,5
geomajas,0,social,Jan Venstermans,Geohubtest,1
geomajas,0,social,Jan Venstermans,Geomajas-jekins,2
geomajas,0,social,Jan Venstermans,Hkristof,11
geomajas,0,social,Jan Venstermans,Jan Venstermans,0
geomajas,0,social,Jan Venstermans,Jandm,111
geomajas,0,social,Jan Venstermans,Maesfran,1
geomajas,0,social,Jan Venstermans,Mrmortier,1
geomajas,0,social,Jan Venstermans,Oliver Mooney,125
geomajas,0,social,Jan Venstermans,Pieter De Graef,12
geomajas,0,social,Jan Venstermans,Streulma,21
geomajas,0,social,Jandm,Deleted User,3
geomajas,0,social,Jandm,Dosi.bingov,4
geomajas,0,social,Jandm,Hkristof,1
geomajas,0,social,Jandm,Jan Venstermans,111
geomajas,0,social,Jandm,Jandm,0
geomajas,0,social,Jandm,Maesfran,2
geomajas,0,social,Jandm,Oliver Mooney,77
geomajas,0,social,Jandm,Pieter De Graef,8
geomajas,0,social,Justine Tunney,Justine Tunney,0
geomajas,0,social,Justine Tunney,Oliver Mooney,2
geomajas,0,social,Maesfran,Dosi.bingov,1
geomajas,0,social,Maesfran,Jan Venstermans,1
geomajas,0,social,Maesfran,Jandm,2
geomajas,0,social,Maesfran,Maesfran,0
geomajas,0,social,Mrmortier,Jan Venstermans,1
geomajas,0,social,Mrmortier,Mrmortier,0
geomajas,0,social,Mrmortier,Oliver Mooney,2
geomajas,0,social,Odidev,Odidev,0
geomajas,0,social,Oliver Mooney,Coveralls,1
geomajas,0,social,Oliver Mooney,Deleted User,10
geomajas,0,social,Oliver Mooney,Dosi.bingov,5
geomajas,0,social,Oliver Mooney,Geohubtest,1
geomajas,0,social,Oliver Mooney,Geomajas-jekins,1
geomajas,0,social,Oliver Mooney,Hkristof,10
geomajas,0,social,Oliver Mooney,Jan Venstermans,125
geomajas,0,social,Oliver Mooney,Jandm,77
geomajas,0,social,Oliver Mooney,Justine Tunney,2
geomajas,0,social,Oliver Mooney,Mrmortier,2
geomajas,0,social,Oliver Mooney,Oliver Mooney,0
geomajas,0,social,Oliver Mooney,Pieter De Graef,10
geomajas,0,social,Oliver Mooney,Streulma,5
geomajas,0,social,Oliver Mooney,Tfr42,2
geomajas,0,social,Pieter De Graef,Dosi.bingov,1
geomajas,0,social,Pieter De Graef,Hkristof,1
geomajas,0,social,Pieter De Graef,Jan Venstermans,12
geomajas,0,social,Pieter De Graef,Jandm,8
geomajas,0,social,Pieter De Graef,Oliver Mooney,10
geomajas,0,social,Pieter De Graef,Pieter De Graef,0
geomajas,0,social,Streulma,Jan Venstermans,21
geomajas,0,social,Streulma,Oliver Mooney,5
geomajas,0,social,Streulma,Streulma,0
geomajas,0,social,Tfr42,Oliver Mooney,2
geomajas,0,social,Tfr42,Tfr42,0
geomajas,0,social,Timothy-debock,Timothy-debock,0
geomajas,0,tech,Andre Nosalsky,js,6
geomajas,0,tech,Jan,css,144
geomajas,0,tech,Jan,html,102
geomajas,0,tech,Jan,java,3306
geomajas,0,tech,Jan,js,1368
geomajas,0,tech,Jan,xsl,18
geomajas,0,tech,Joachim Bean,html,12
geomajas,0,tech,Joachim Bean,java,1761
geomajas,0,tech,Joachim Bean,js,27
geomajas,0,tech,Kristof Houben,js,6
geomajas,0,tech,Oliver Gerlich,js,6
geomajas,0,tech,Pieter De Bie,css,3
geomajas,0,tech,Pieter De Bie,html,42
geomajas,0,tech,Pieter De Bie,java,1779
geomajas,0,tech,Pieter De Bie,js,39
geomajas,1,tech,Andre Nosalsky,java,3
geomajas,1,tech,Andre Nosalsky,js,18
geomajas,1,tech,Balder,css,3
geomajas,1,tech,Balder,html,6
geomajas,1,tech,Balder,js,51
geomajas,1,tech,Francesco Dal Canton,java,273
geomajas,1,tech,Jan,java,1047
geomajas,1,tech,Jan,js,6
geomajas,1,tech,Joachim Bean,html,27
geomajas,1,tech,Joachim Bean,java,1410
geomajas,1,tech,Joachim Bean,js,183
geomajas,1,tech,Kristof Houben,java,18
geomajas,1,tech,Oliver Gerlich,java,18
geomajas,1,tech,Oliver Gerlich,js,33
geomajas,1,tech,Pieter De Bie,css,3
geomajas,1,tech,Pieter De Bie,html,36
geomajas,1,tech,Pieter De Bie,java,810
geomajas,1,tech,Pieter De Bie,js,84
geomajas,2,tech,Andre Nosalsky,js,24
geomajas,2,tech,Jan,html,15
geomajas,2,tech,Jan,java,255
geomajas,2,tech,Joachim Bean,css,176
geomajas,2,tech,Joachim Bean,html,189
geomajas,2,tech,Joachim Bean,java,4194
geomajas,2,tech,Joachim Bean,js,1296
geomajas,2,tech,Joachim Bean,xsl,48
geomajas,2,tech,Pieter De Bie,css,3
geomajas,2,tech,Pieter De Bie,html,33
geomajas,2,tech,Pieter De Bie,java,1077
geomajas,2,tech,Pieter De Bie,js,21
geomajas,3,tech,Balder,java,9
geomajas,3,tech,Jan,java,24
geomajas,3,tech,Joachim Bean,css,6
geomajas,3,tech,Joachim Bean,html,6
geomajas,3,tech,Joachim Bean,java,1527
geomajas,3,tech,Pieter De Bie,java,60
geomajas,4,tech,Jan,java,411
geomajas,4,tech,Joachim Bean,html,21
geomajas,4,tech,Joachim Bean,java,309
geomajas,4,tech,Joachim Bean,js,3
geomajas,4,tech,Oliver Gerlich,java,12
geomajas,4,tech,Pieter De Bie,html,9
geomajas,4,tech,Pieter De Bie,java,285
geomajas,4,tech,Pieter De Bie,js,18
geomajas,5,tech,Jan,java,141
geomajas,5,tech,Joachim Bean,html,27
geomajas,5,tech,Joachim Bean,java,90
geomajas,5,tech,Joachim Bean,sh,59
geomajas,5,tech,Pieter De Bie,java,180
geomajas,6,tech,Jan,css,3
geomajas,6,tech,Jan,html,3
geomajas,6,tech,Jan,java,336
geomajas,6,tech,Joachim Bean,css,3
geomajas,6,tech,Joachim Bean,html,3
geomajas,6,tech,Joachim Bean,java,426
geomajas,6,tech,Joachim Bean,sh,54
geomajas,6,tech,Joachim Bean,xsl,4
geomajas,6,tech,Kristof Houben,js,9
geomajas,6,tech,Pieter De Bie,java,153
geomajas,7,tech,Jan,css,15
geomajas,7,tech,Jan,html,9
geomajas,7,tech,Jan,java,570
geomajas,7,tech,Jan,js,3
geomajas,7,tech,Jan,xsl,3
geomajas,7,tech,Joachim Bean,css,307
geomajas,7,tech,Joachim Bean,html,183
geomajas,7,tech,Joachim Bean,java,2880
geomajas,7,tech,Joachim Bean,js,2550
geomajas,7,tech,Joachim Bean,sh,36
geomajas,7,tech,Joachim Bean,xsl,4
geomajas,7,tech,Kristof Houben,java,6
geomajas,7,tech,Oliver Gerlich,java,24
geomajas,7,tech,Oliver Gerlich,js,3
geomajas,7,tech,Pieter De Bie,css,48
geomajas,7,tech,Pieter De Bie,java,48
geomajas,8,tech,Jan,css,6
geomajas,8,tech,Jan,html,6
geomajas,8,tech,Jan,java,18
geomajas,8,tech,Jan,xsl,6
geomajas,8,tech,Joachim Bean,java,765
geomajas,8,tech,Kristof Houben,js,12
geomajas,8,tech,Oliver Gerlich,js,6
geomajas,9,tech,Jan,html,3
geomajas,9,tech,Jan,java,42
geomajas,9,tech,Joachim Bean,css,9
geomajas,9,tech,Joachim Bean,html,12
geomajas,9,tech,Joachim Bean,java,135
geomajas,9,tech,Kristof Houben,js,3
geomajas,9,tech,Pieter De Bie,java,48
geomajas,10,tech,Jan,css,3
geomajas,10,tech,Jan,html,6
geomajas,10,tech,Jan,java,438
geomajas,10,tech,Jan,xsl,12
geomajas,10,tech,Joachim Bean,java,129
geomajas,10,tech,Pieter De Bie,html,12
geomajas,10,tech,Pieter De Bie,java,126
geomajas,11,tech,Jan,java,234
geomajas,11,tech,Joachim Bean,css,164
geomajas,11,tech,Joachim Bean,html,225
geomajas,11,tech,Joachim Bean,java,5184
geomajas,11,tech,Joachim Bean,js,1293
geomajas,11,tech,Joachim Bean,xsl,4
geomajas,11,tech,Kristof Houben,html,3
geomajas,11,tech,Kristof Houben,java,30
geomajas,11,tech,Kristof Houben,js,129
geomajas,11,tech,Oliver Gerlich,java,12
geomajas,11,tech,Oliver Gerlich,js,6
geomajas,11,tech,Pieter De Bie,css,9
geomajas,11,tech,Pieter De Bie,html,18
geomajas,11,tech,Pieter De Bie,java,1002
geomajas,11,tech,Pieter De Bie,sh,6
geomajas,12,tech,Andre Nosalsky,html,3
geomajas,12,tech,Andre Nosalsky,java,75
geomajas,12,tech,Jan,css,6
geomajas,12,tech,Jan,html,6
geomajas,12,tech,Jan,java,447
geomajas,12,tech,Joachim Bean,java,309
geomajas,12,tech,Joachim Bean,sh,12
geomajas,12,tech,Oliver Gerlich,css,12
geomajas,12,tech,Oliver Gerlich,html,12
geomajas,12,tech,Oliver Gerlich,java,111
geomajas,12,tech,Oliver Gerlich,js,3
geomajas,12,tech,Pieter De Bie,java,6
geomajas,13,tech,Jan,java,681
geomajas,13,tech,Joachim Bean,css,3
geomajas,13,tech,Joachim Bean,html,3
geomajas,13,tech,Joachim Bean,java,948
geomajas,13,tech,Joachim Bean,sh,6
geomajas,13,tech,Kristof Houben,java,21
geomajas,13,tech,Pieter De Bie,css,3
geomajas,13,tech,Pieter De Bie,html,3
geomajas,13,tech,Pieter De Bie,java,633
geomajas,14,tech,Jan,java,492
geomajas,14,tech,Joachim Bean,java,342
geomajas,14,tech,Kristof Houben,java,645
geomajas,14,tech,Oliver Gerlich,java,159
geomajas,14,tech,Pieter De Bie,css,3
geomajas,14,tech,Pieter De Bie,java,540
geomajas,15,tech,Bruce Williams,java,57
geomajas,15,tech,Jan,java,249
geomajas,15,tech,Joachim Bean,java,498
geomajas,15,tech,Kristof Houben,java,198
geomajas,15,tech,Oliver Gerlich,java,6
geomajas,15,tech,Pieter De Bie,css,18
geomajas,15,tech,Pieter De Bie,html,9
geomajas,15,tech,Pieter De Bie,java,423
geomajas,15,tech,Pieter De Bie,js,6
geomajas,16,tech,Jan,java,390
geomajas,16,tech,Joachim Bean,java,447
geomajas,16,tech,Kristof Houben,java,18
geomajas,16,tech,Oliver Gerlich,java,156
geomajas,16,tech,Paltman,java,36
geomajas,16,tech,Pieter De Bie,java,201
geomajas,17,tech,Jan,html,6
geomajas,17,tech,Jan,java,3018
geomajas,17,tech,Jan,sld,282
geomajas,17,tech,Joachim Bean,java,747
geomajas,17,tech,Joachim Bean,sh,24
geomajas,17,tech,Kristof Houben,java,171
geomajas,17,tech,Oliver Gerlich,java,3
geomajas,17,tech,Pieter De Bie,java,129
geomajas,18,tech,Jan,java,153
geomajas,18,tech,Jan,sh,6
geomajas,18,tech,Jan,sld,12
geomajas,18,tech,Joachim Bean,css,27
geomajas,18,tech,Joachim Bean,html,34
geomajas,18,tech,Joachim Bean,java,4054
geomajas,18,tech,Joachim Bean,js,6
geomajas,18,tech,Joachim Bean,sld,224
geomajas,18,tech,Kristof Houben,java,6
geomajas,18,tech,Oliver Gerlich,java,9
geomajas,18,tech,Pieter De Bie,css,12
geomajas,18,tech,Pieter De Bie,html,9
geomajas,18,tech,Pieter De Bie,java,75
geomajas,18,tech,Pieter De Bie,js,6
geomajas,18,tech,Pieter De Bie,sh,12
geomajas,19,tech,Emiel Van De Laar,java,30
geomajas,19,tech,Jan,java,558
geomajas,19,tech,Joachim Bean,css,3
geomajas,19,tech,Joachim Bean,html,3
geomajas,19,tech,Joachim Bean,java,1129
geomajas,19,tech,Joachim Bean,sh,6
geomajas,19,tech,Joachim Bean,sql,6
geomajas,19,tech,Kristof Houben,java,186
geomajas,19,tech,Oliver Gerlich,css,3
geomajas,19,tech,Oliver Gerlich,html,3
geomajas,19,tech,Oliver Gerlich,java,174
geomajas,19,tech,Pieter De Bie,java,309
geomajas,20,tech,Andre Nosalsky,java,42
geomajas,20,tech,Emiel Van De Laar,java,39
geomajas,20,tech,Jan,java,427
geomajas,20,tech,Jan,js,3
geomajas,20,tech,Jan,sld,7
geomajas,20,tech,Joachim Bean,css,135
geomajas,20,tech,Joachim Bean,html,117
geomajas,20,tech,Joachim Bean,java,1071
geomajas,20,tech,Joachim Bean,js,1299
geomajas,20,tech,Joachim Bean,sh,12
geomajas,20,tech,Kristof Houben,java,3
geomajas,20,tech,Oliver Gerlich,java,9
geomajas,20,tech,Pieter De Bie,css,15
geomajas,20,tech,Pieter De Bie,html,90
geomajas,20,tech,Pieter De Bie,java,834
geomajas,20,tech,Pieter De Bie,js,18
geomajas,21,tech,Andre Nosalsky,java,45
geomajas,21,tech,Emiel Van De Laar,java,3
geomajas,21,tech,Jan,java,750
geomajas,21,tech,Jan,sld,9
geomajas,21,tech,Joachim Bean,java,258
geomajas,21,tech,Kristof Houben,java,45
geomajas,21,tech,Oliver Gerlich,java,39
geomajas,21,tech,Pieter De Bie,html,27
geomajas,21,tech,Pieter De Bie,java,90
geomajas,22,tech,Andre Nosalsky,css,4
geomajas,22,tech,Andre Nosalsky,html,16
geomajas,22,tech,Andre Nosalsky,java,258
geomajas,22,tech,Andre Nosalsky,sld,124
geomajas,22,tech,Emiel Van De Laar,css,9
geomajas,22,tech,Emiel Van De Laar,html,3
geomajas,22,tech,Emiel Van De Laar,java,96
geomajas,22,tech,Jan,java,119
geomajas,22,tech,Jan,sld,28
geomajas,22,tech,Joachim Bean,css,18
geomajas,22,tech,Joachim Bean,html,81
geomajas,22,tech,Joachim Bean,java,1591
geomajas,22,tech,Kristof Houben,css,3
geomajas,22,tech,Kristof Houben,java,75
geomajas,22,tech,Oliver Gerlich,java,48
geomajas,22,tech,Pieter De Bie,css,6
geomajas,22,tech,Pieter De Bie,html,6
geomajas,22,tech,Pieter De Bie,java,1197
geomajas,23,tech,Andre Nosalsky,java,17
geomajas,23,tech,Emiel Van De Laar,css,33
geomajas,23,tech,Emiel Van De Laar,java,255
geomajas,23,tech,Jan,java,80
geomajas,23,tech,Jan,sld,3
geomajas,23,tech,Joachim Bean,css,104
geomajas,23,tech,Joachim Bean,html,171
geomajas,23,tech,Joachim Bean,java,9382
geomajas,23,tech,Joachim Bean,js,3
geomajas,23,tech,Joachim Bean,xsl,4
geomajas,23,tech,Kristof Houben,java,72
geomajas,23,tech,Oliver Gerlich,css,3
geomajas,23,tech,Oliver Gerlich,java,75
geomajas,23,tech,Paltman,java,6
geomajas,23,tech,Pieter De Bie,html,30
geomajas,23,tech,Pieter De Bie,java,2348
geomajas,23,tech,Pieter De Bie,sh,6
geomajas,24,tech,Andre Nosalsky,java,303
geomajas,24,tech,Andre Nosalsky,sld,3
geomajas,24,tech,Jan,html,9
geomajas,24,tech,Jan,java,867
geomajas,24,tech,Jan,sld,96
geomajas,24,tech,Joachim Bean,css,5
geomajas,24,tech,Joachim Bean,html,48
geomajas,24,tech,Joachim Bean,java,1617
geomajas,24,tech,Joachim Bean,sh,6
geomajas,24,tech,Joachim Bean,sld,338
geomajas,24,tech,Kristof Houben,java,78
geomajas,24,tech,Oliver Gerlich,java,63
geomajas,24,tech,Pieter De Bie,css,3
geomajas,24,tech,Pieter De Bie,html,6
geomajas,24,tech,Pieter De Bie,java,197
geomajas,25,tech,Andre Nosalsky,java,228
geomajas,25,tech,Emiel Van De Laar,java,15
geomajas,25,tech,Jan,css,6
geomajas,25,tech,Jan,html,6
geomajas,25,tech,Jan,java,2728
geomajas,25,tech,Joachim Bean,css,3
geomajas,25,tech,Joachim Bean,html,3
geomajas,25,tech,Joachim Bean,java,199
geomajas,25,tech,Joachim Bean,sh,6
geomajas,25,tech,Oliver Gerlich,java,27
geomajas,25,tech,Pieter De Bie,css,27
geomajas,25,tech,Pieter De Bie,html,6
geomajas,25,tech,Pieter De Bie,java,481
geomajas,26,tech,Emiel Van De Laar,java,180
geomajas,26,tech,Jan,html,6
geomajas,26,tech,Jan,java,180
geomajas,26,tech,Joachim Bean,java,309
geomajas,26,tech,Joachim Bean,sh,6
geomajas,26,tech,Kristof Houben,java,12
geomajas,26,tech,Oliver Gerlich,java,9
geomajas,26,tech,Pieter De Bie,java,210
geomajas,27,tech,Emiel Van De Laar,css,6
geomajas,27,tech,Emiel Van De Laar,java,306
geomajas,27,tech,Jan,java,1110
geomajas,27,tech,Joachim Bean,css,24
geomajas,27,tech,Joachim Bean,html,69
geomajas,27,tech,Joachim Bean,java,1252
geomajas,27,tech,Joachim Bean,js,3
geomajas,27,tech,Joachim Bean,sh,6
geomajas,27,tech,Joachim Bean,xsl,3
geomajas,27,tech,Kristof Houben,java,45
geomajas,27,tech,Oliver Gerlich,java,3
geomajas,27,tech,Pieter De Bie,java,12
geomajas,27,tech,Wouter,java,150
geomajas,28,tech,Jan,html,3
geomajas,28,tech,Jan,java,93
geomajas,28,tech,Joachim Bean,java,27
geomajas,28,tech,Oliver Gerlich,java,24
geomajas,28,tech,Wouter,css,6
geomajas,28,tech,Wouter,html,6
geomajas,28,tech,Wouter,java,39
geomajas,29,tech,Jan,css,12
geomajas,29,tech,Jan,html,33
geomajas,29,tech,Jan,java,600
geomajas,29,tech,Jan,sh,18
geomajas,29,tech,Jan,sld,6
geomajas,29,tech,Jan,sql,6
geomajas,29,tech,Joachim Bean,java,354
geomajas,29,tech,Joachim Bean,sh,12
geomajas,29,tech,Oliver Gerlich,java,3
geomajas,30,tech,Jan,css,3
geomajas,30,tech,Jan,html,6
geomajas,30,tech,Jan,java,558
geomajas,30,tech,Jan,sql,3
geomajas,30,tech,Joachim Bean,html,9
geomajas,30,tech,Joachim Bean,java,246
geomajas,30,tech,Oliver Gerlich,java,69
geomajas,31,tech,Jan,java,72
geomajas,31,tech,Joachim Bean,java,9
geomajas,31,tech,Joachim Bean,sh,6
geomajas,31,tech,Kristof Houben,java,3
geomajas,32,tech,Andre Nosalsky,java,222
geomajas,32,tech,Jan,java,198
geomajas,32,tech,Joachim Bean,java,15
geomajas,32,tech,Joachim Bean,sh,6
geomajas,32,tech,Kristof Houben,java,9
geomajas,32,tech,Oliver Gerlich,css,3
geomajas,32,tech,Oliver Gerlich,html,3
geomajas,32,tech,Oliver Gerlich,java,2526
geomajas,32,tech,Pieter De Bie,java,36
geomajas,33,tech,Jan,css,3
geomajas,33,tech,Jan,html,3
geomajas,33,tech,Jan,java,113
geomajas,33,tech,Jan,sql,3
geomajas,33,tech,Oliver Gerlich,java,420
geomajas,33,tech,Pieter De Bie,java,9
geomajas,34,tech,Jan,html,3
geomajas,34,tech,Jan,java,164
geomajas,34,tech,Oliver Gerlich,java,66
geomajas,34,tech,Pieter De Bie,java,18
geomajas,35,tech,Andre Nosalsky,java,9
geomajas,35,tech,Jan,html,3
geomajas,35,tech,Jan,java,69
geomajas,35,tech,Joachim Bean,java,3
geomajas,35,tech,Oliver Gerlich,java,360
geomajas,36,tech,Andre Nosalsky,java,195
geomajas,36,tech,Jan,html,3
geomajas,36,tech,Jan,java,45
geomajas,36,tech,Joachim Bean,java,9
geomajas,36,tech,Kristof Houben,java,75
geomajas,36,tech,Kristof Houben,sh,6
geomajas,36,tech,Oliver Gerlich,css,110
geomajas,36,tech,Oliver Gerlich,html,192
geomajas,36,tech,Oliver Gerlich,java,10658
geomajas,36,tech,Oliver Gerlich,js,3
geomajas,36,tech,Oliver Gerlich,sh,12
geomajas,36,tech,Oliver Gerlich,sld,28
geomajas,36,tech,Oliver Gerlich,xsl,4
geomajas,36,tech,Paltman,java,9
geomajas,37,tech,Andre Nosalsky,css,3
geomajas,37,tech,Andre Nosalsky,java,27
geomajas,37,tech,Jan,html,9
geomajas,37,tech,Jan,java,165
geomajas,37,tech,Jan,sql,12
geomajas,37,tech,Joachim Bean,java,40
geomajas,37,tech,Joachim Bean,sh,6
geomajas,37,tech,Oliver Gerlich,java,2266
geomajas,37,tech,Oliver Gerlich,sh,24
geomajas,37,tech,Pieter De Bie,java,519
geomajas,38,tech,Andre Nosalsky,java,21
geomajas,38,tech,Jan,html,3
geomajas,38,tech,Jan,java,280
geomajas,38,tech,Kristof Houben,css,8
geomajas,38,tech,Kristof Houben,html,8
geomajas,38,tech,Kristof Houben,java,216
geomajas,38,tech,Kristof Houben,sld,124
geomajas,38,tech,Oliver Gerlich,java,135
geomajas,38,tech,Oliver Gerlich,sh,30
geomajas,38,tech,Pieter De Bie,css,3
geomajas,38,tech,Pieter De Bie,java,261
geomajas,39,tech,Jan,java,78
geomajas,39,tech,Kristof Houben,css,108
geomajas,39,tech,Kristof Houben,html,420
geomajas,39,tech,Kristof Houben,java,211
geomajas,39,tech,Kristof Houben,js,400
geomajas,39,tech,Oliver Gerlich,java,58
geomajas,39,tech,Pieter De Bie,css,21
geomajas,39,tech,Pieter De Bie,html,3
geomajas,39,tech,Pieter De Bie,java,381
geomajas,40,tech,Andre Nosalsky,java,78
geomajas,40,tech,Dosi.bingov,java,24
geomajas,40,tech,Jan,css,6
geomajas,40,tech,Jan,html,3
geomajas,40,tech,Jan,java,189
geomajas,40,tech,Joachim Bean,java,1548
geomajas,40,tech,Kristof Houben,css,8
geomajas,40,tech,Kristof Houben,html,16
geomajas,40,tech,Kristof Houben,java,128
geomajas,40,tech,Kristof Houben,sh,12
geomajas,40,tech,Kristof Houben,sld,248
geomajas,40,tech,Oliver Gerlich,java,6
geomajas,40,tech,Pieter De Bie,css,6
geomajas,40,tech,Pieter De Bie,java,174
geomajas,41,tech,Andre Nosalsky,css,3
geomajas,41,tech,Andre Nosalsky,java,45
geomajas,41,tech,Dosi.bingov,css,15
geomajas,41,tech,Dosi.bingov,java,75
geomajas,41,tech,Jan,css,12
geomajas,41,tech,Jan,java,237
geomajas,41,tech,Joachim Bean,java,32
geomajas,41,tech,Oliver Gerlich,java,255
geomajas,41,tech,Pieter De Bie,java,159
geomajas,42,tech,Andre Nosalsky,java,15
geomajas,42,tech,Dosi.bingov,css,18
geomajas,42,tech,Dosi.bingov,html,6
geomajas,42,tech,Dosi.bingov,java,162
geomajas,42,tech,Jan,css,3
geomajas,42,tech,Jan,html,21
geomajas,42,tech,Jan,java,270
geomajas,42,tech,Jan,sld,3
geomajas,42,tech,Kristof Houben,css,11
geomajas,42,tech,Kristof Houben,html,4
geomajas,42,tech,Kristof Houben,java,207
geomajas,42,tech,Kristof Houben,sld,124
geomajas,42,tech,Oliver Gerlich,css,27
geomajas,42,tech,Oliver Gerlich,html,66
geomajas,42,tech,Oliver Gerlich,java,1695
geomajas,42,tech,Pieter De Bie,css,78
geomajas,42,tech,Pieter De Bie,html,30
geomajas,42,tech,Pieter De Bie,java,2355
geomajas,43,tech,Andre Nosalsky,java,55
geomajas,43,tech,Dosi.bingov,java,45
geomajas,43,tech,Jan,java,24
geomajas,43,tech,Jan,sh,18
geomajas,43,tech,Oliver Gerlich,java,39
geomajas,43,tech,Pieter De Bie,css,24
geomajas,43,tech,Pieter De Bie,java,306
geomajas,44,tech,Andre Nosalsky,java,3
geomajas,44,tech,Dosi.bingov,java,24
geomajas,44,tech,Jan,css,11
geomajas,44,tech,Jan,html,10
geomajas,44,tech,Jan,java,902
geomajas,44,tech,Oliver Gerlich,css,36
geomajas,44,tech,Oliver Gerlich,html,18
geomajas,44,tech,Oliver Gerlich,java,120
geomajas,44,tech,Oliver Gerlich,sql,36
geomajas,44,tech,Pieter De Bie,css,33
geomajas,44,tech,Pieter De Bie,html,3
geomajas,44,tech,Pieter De Bie,java,678
geomajas,45,tech,Jan,css,12
geomajas,45,tech,Jan,html,12
geomajas,45,tech,Jan,java,535
geomajas,45,tech,Jan,js,3
geomajas,45,tech,Oliver Gerlich,css,159
geomajas,45,tech,Oliver Gerlich,html,85
geomajas,45,tech,Oliver Gerlich,java,6171
geomajas,45,tech,Oliver Gerlich,sld,124
geomajas,46,tech,Jan,html,15
geomajas,46,tech,Jan,java,175
geomajas,46,tech,Jandm,java,2
geomajas,46,tech,Oliver Gerlich,css,6
geomajas,46,tech,Oliver Gerlich,html,6
geomajas,46,tech,Oliver Gerlich,java,255
geomajas,46,tech,Oliver Mooney,css,366
geomajas,46,tech,Oliver Mooney,html,649
geomajas,46,tech,Oliver Mooney,java,17104
geomajas,46,tech,Oliver Mooney,js,325
geomajas,46,tech,Oliver Mooney,sh,3
geomajas,46,tech,Oliver Mooney,sld,849
geomajas,46,tech,Oliver Mooney,sql,42
geomajas,46,tech,Oliver Mooney,xsl,21
geomajas,46,tech,Pieter De Graef,css,33
geomajas,46,tech,Pieter De Graef,html,7
geomajas,46,tech,Pieter De Graef,java,1443
geomajas,46,tech,Pieter De Graef,js,1
geomajas,46,tech,Pieter De Graef,sld,3
geomajas,47,tech,Jan,css,2
geomajas,47,tech,Jan,html,6
geomajas,47,tech,Jan,java,412
geomajas,47,tech,Jan Venstermans,html,1
geomajas,47,tech,Jan Venstermans,java,23
geomajas,47,tech,Jandm,java,13
geomajas,47,tech,Oliver Gerlich,java,6
geomajas,47,tech,Oliver Mooney,bat,6
geomajas,47,tech,Oliver Mooney,html,1
geomajas,47,tech,Oliver Mooney,java,128
geomajas,47,tech,Oliver Mooney,sh,6
geomajas,47,tech,Pieter De Bie,css,2
geomajas,47,tech,Pieter De Bie,java,489
geomajas,48,tech,Dosi.bingov,css,7
geomajas,48,tech,Dosi.bingov,html,3
geomajas,48,tech,Dosi.bingov,java,27
geomajas,48,tech,Jan,css,12
geomajas,48,tech,Jan,html,17
geomajas,48,tech,Jan,java,1220
geomajas,48,tech,Jan Venstermans,java,26
geomajas,48,tech,Matthias Platzer,css,33
geomajas,48,tech,Matthias Platzer,html,63
geomajas,48,tech,Matthias Platzer,java,3807
geomajas,48,tech,Matthias Platzer,js,1
geomajas,48,tech,Matthias Platzer,sld,7
geomajas,48,tech,Matthias Platzer,xsl,1
geomajas,48,tech,Oliver Gerlich,css,32
geomajas,48,tech,Oliver Gerlich,html,63
geomajas,48,tech,Oliver Gerlich,java,3348
geomajas,48,tech,Oliver Gerlich,js,1
geomajas,48,tech,Oliver Gerlich,sld,7
geomajas,48,tech,Oliver Gerlich,xsl,1
geomajas,48,tech,Oliver Mooney,bat,8
geomajas,48,tech,Oliver Mooney,css,83
geomajas,48,tech,Oliver Mooney,html,70
geomajas,48,tech,Oliver Mooney,java,2559
geomajas,48,tech,Oliver Mooney,js,1
geomajas,48,tech,Oliver Mooney,sh,12
geomajas,48,tech,Oliver Mooney,sld,8
geomajas,48,tech,Oliver Mooney,sql,12
geomajas,48,tech,Pieter De Bie,css,3
geomajas,48,tech,Pieter De Bie,java,575
geomajas,48,tech,Pieter De Graef,css,2
geomajas,48,tech,Pieter De Graef,java,138
geomajas,49,tech,Dosi.bingov,css,1
geomajas,49,tech,Dosi.bingov,html,1
geomajas,49,tech,Dosi.bingov,java,56
geomajas,49,tech,Jan,css,4
geomajas,49,tech,Jan,html,11
geomajas,49,tech,Jan,java,1984
geomajas,49,tech,Jan,js,1
geomajas,49,tech,Jan Varwig,java,360
geomajas,49,tech,Jandm,java,5
geomajas,49,tech,Matthias Platzer,css,1
geomajas,49,tech,Oliver Gerlich,css,1
geomajas,49,tech,Oliver Gerlich,java,7
geomajas,49,tech,Oliver Mooney,css,25
geomajas,49,tech,Oliver Mooney,html,50
geomajas,49,tech,Oliver Mooney,java,1206
geomajas,49,tech,Oliver Mooney,xsl,1
geomajas,49,tech,Pieter De Bie,css,9
geomajas,49,tech,Pieter De Bie,java,476
geomajas,50,tech,Dosi.bingov,css,8
geomajas,50,tech,Dosi.bingov,java,242
geomajas,50,tech,Jan,css,23
geomajas,50,tech,Jan,html,49
geomajas,50,tech,Jan,java,1563
geomajas,50,tech,Jan Varwig,html,1
geomajas,50,tech,Jan Varwig,java,182
geomajas,50,tech,Jan Venstermans,html,2
geomajas,50,tech,Jan Venstermans,java,95
geomajas,50,tech,Oliver Gerlich,java,54
geomajas,50,tech,Oliver Mooney,java,45
geomajas,50,tech,Pieter De Bie,css,9
geomajas,50,tech,Pieter De Bie,java,158
geomajas,51,tech,Dosi.bingov,css,5
geomajas,51,tech,Dosi.bingov,java,198
geomajas,51,tech,Jan,java,123
geomajas,51,tech,Jan Varwig,css,2
geomajas,51,tech,Jan Varwig,java,24
geomajas,51,tech,Jan Venstermans,java,6
geomajas,51,tech,Jandm,java,12
geomajas,51,tech,Oliver Gerlich,java,21
geomajas,51,tech,Oliver Mooney,css,3
geomajas,51,tech,Oliver Mooney,java,142
geomajas,51,tech,Pieter De Bie,java,2
geomajas,52,tech,Davidleal,css,5
geomajas,52,tech,Davidleal,html,7
geomajas,52,tech,Davidleal,java,280
geomajas,52,tech,Davidleal,sld,63
geomajas,52,tech,Dosi.bingov,css,4
geomajas,52,tech,Dosi.bingov,html,3
geomajas,52,tech,Dosi.bingov,java,287
geomajas,52,tech,Dosi.bingov,js,2
geomajas,52,tech,Dosi.bingov,sld,8
geomajas,52,tech,Jan,css,20
geomajas,52,tech,Jan,html,3
geomajas,52,tech,Jan,java,613
geomajas,52,tech,Jan Varwig,css,3
geomajas,52,tech,Jan Varwig,java,38
geomajas,52,tech,Jan Venstermans,java,5
geomajas,52,tech,Jandm,css,3
geomajas,52,tech,Jandm,html,2
geomajas,52,tech,Jandm,java,247
geomajas,52,tech,Oliver Gerlich,java,11
geomajas,52,tech,Oliver Mooney,java,62
geomajas,53,tech,Davidleal,css,30
geomajas,53,tech,Davidleal,html,12
geomajas,53,tech,Davidleal,java,529
geomajas,53,tech,Dosi.bingov,css,7
geomajas,53,tech,Dosi.bingov,html,3
geomajas,53,tech,Dosi.bingov,java,233
geomajas,53,tech,Dosi.bingov,js,2
geomajas,53,tech,Jan,css,8
geomajas,53,tech,Jan,html,20
geomajas,53,tech,Jan,java,485
geomajas,53,tech,Jan Varwig,css,14
geomajas,53,tech,Jan Varwig,html,23
geomajas,53,tech,Jan Varwig,java,326
geomajas,53,tech,Jan Venstermans,css,2
geomajas,53,tech,Jan Venstermans,html,28
geomajas,53,tech,Jan Venstermans,java,179
geomajas,53,tech,Jandm,css,1
geomajas,53,tech,Jandm,html,2
geomajas,53,tech,Jandm,java,508
geomajas,53,tech,Oliver Gerlich,css,3
geomajas,53,tech,Oliver Gerlich,java,82
geomajas,53,tech,Oliver Mooney,java,72
geomajas,53,tech,Oliver Mooney,sh,1
geomajas,53,tech,Youri Park,html,1
geomajas,53,tech,Youri Park,java,11
geomajas,54,tech,Davidleal,css,45
geomajas,54,tech,Davidleal,html,25
geomajas,54,tech,Davidleal,java,42
geomajas,54,tech,Davidleal,js,9
geomajas,54,tech,Davidleal,sh,5
geomajas,54,tech,Dosi.bingov,html,8
geomajas,54,tech,Dosi.bingov,java,94
geomajas,54,tech,Jan,java,151
geomajas,54,tech,Jan Varwig,css,16
geomajas,54,tech,Jan Varwig,html,1
geomajas,54,tech,Jan Varwig,java,920
geomajas,54,tech,Jandm,css,6
geomajas,54,tech,Jandm,html,2
geomajas,54,tech,Jandm,java,412
geomajas,54,tech,Matthias Platzer,java,1
geomajas,54,tech,Oliver Gerlich,css,22
geomajas,54,tech,Oliver Gerlich,html,25
geomajas,54,tech,Oliver Gerlich,java,243
geomajas,54,tech,Oliver Gerlich,sld,62
geomajas,54,tech,Oliver Mooney,html,16
geomajas,54,tech,Oliver Mooney,java,25
geomajas,54,tech,Pieter De Bie,css,34
geomajas,54,tech,Pieter De Bie,html,6
geomajas,54,tech,Pieter De Bie,java,655
geomajas,54,tech,Pieter De Bie,js,1
geomajas,54,tech,Pieter De Bie,sld,1
geomajas,54,tech,Youri Park,html,8
geomajas,54,tech,Youri Park,java,69
geomajas,55,tech,Davidleal,java,40
geomajas,55,tech,Davidleal,js,2
geomajas,55,tech,Davidleal,sh,1
geomajas,55,tech,Dosi.bingov,html,1
geomajas,55,tech,Dosi.bingov,java,49
geomajas,55,tech,Dosi.bingov,js,6
geomajas,55,tech,Jan,css,4
geomajas,55,tech,Jan,html,14
geomajas,55,tech,Jan,java,41
geomajas,55,tech,Jan,js,4
geomajas,55,tech,Jan Varwig,java,12
geomajas,55,tech,Jan Venstermans,java,8
geomajas,55,tech,Jandm,css,6
geomajas,55,tech,Jandm,html,8
geomajas,55,tech,Jandm,java,91
geomajas,55,tech,Jandm,js,4
geomajas,55,tech,Oliver Gerlich,css,2
geomajas,55,tech,Oliver Gerlich,html,2
geomajas,55,tech,Oliver Gerlich,java,101
geomajas,55,tech,Oliver Gerlich,sh,1
geomajas,55,tech,Oliver Mooney,css,3
geomajas,55,tech,Oliver Mooney,java,1150
geomajas,56,tech,Davidleal,html,1
geomajas,56,tech,Jan,html,1
geomajas,56,tech,Jan,java,81
geomajas,56,tech,Jan Varwig,css,47
geomajas,56,tech,Jan Varwig,html,32
geomajas,56,tech,Jan Varwig,java,891
geomajas,56,tech,Jan Varwig,js,3
geomajas,56,tech,Jan Varwig,sld,3
geomajas,56,tech,Jan Varwig,xsl,4
geomajas,56,tech,Jan Venstermans,css,14
geomajas,56,tech,Jan Venstermans,html,8
geomajas,56,tech,Jan Venstermans,java,51
geomajas,56,tech,Jan Venstermans,js,1
geomajas,56,tech,Jan Venstermans,xsl,4
geomajas,56,tech,Jandm,java,14
geomajas,56,tech,Oliver Gerlich,css,8
geomajas,56,tech,Oliver Gerlich,html,19
geomajas,56,tech,Oliver Gerlich,java,429
geomajas,56,tech,Oliver Gerlich,js,1
geomajas,56,tech,Oliver Gerlich,sh,3
geomajas,56,tech,Oliver Mooney,css,6
geomajas,56,tech,Oliver Mooney,html,2
geomajas,56,tech,Oliver Mooney,java,1346
geomajas,56,tech,Oliver Mooney,sh,6
geomajas,56,tech,Pieter De Bie,java,32
geomajas,57,tech,Davidleal,css,2
geomajas,57,tech,Davidleal,java,35
geomajas,57,tech,Jan,java,82
geomajas,57,tech,Jan Varwig,css,5
geomajas,57,tech,Jan Varwig,html,2
geomajas,57,tech,Jan Varwig,java,502
geomajas,57,tech,Jan Venstermans,css,10
geomajas,57,tech,Jan Venstermans,html,6
geomajas,57,tech,Jan Venstermans,java,183
geomajas,57,tech,Jan Venstermans,sld,1
geomajas,57,tech,Jandm,html,1
geomajas,57,tech,Jandm,java,44
geomajas,57,tech,Jens Norrgrann,html,16
geomajas,57,tech,Jens Norrgrann,java,11
geomajas,57,tech,Oliver Gerlich,html,3
geomajas,57,tech,Oliver Gerlich,java,78
geomajas,57,tech,Oliver Gerlich,sh,5
geomajas,57,tech,Oliver Mooney,html,7
geomajas,57,tech,Oliver Mooney,java,14
geomajas,58,tech,Davidleal,java,1
geomajas,58,tech,Jan,java,94
geomajas,58,tech,Jan Varwig,css,2
geomajas,58,tech,Jan Varwig,html,4
geomajas,58,tech,Jan Varwig,java,378
geomajas,58,tech,Jan Venstermans,css,2
geomajas,58,tech,Jan Venstermans,html,2
geomajas,58,tech,Jan Venstermans,java,74
geomajas,58,tech,Jandm,java,80
geomajas,58,tech,Jens Norrgrann,java,4
geomajas,58,tech,Oliver Gerlich,java,5
geomajas,58,tech,Oliver Mooney,java,4
geomajas,58,tech,Pieter De Graef,java,4
geomajas,59,tech,Davidleal,html,1
geomajas,59,tech,Davidleal,java,3
geomajas,59,tech,Dosi.bingov,html,7
geomajas,59,tech,Dosi.bingov,java,28
geomajas,59,tech,Jan,java,37
geomajas,59,tech,Jan Varwig,css,3
geomajas,59,tech,Jan Varwig,html,20
geomajas,59,tech,Jan Varwig,java,26
geomajas,59,tech,Jan Varwig,js,4
geomajas,59,tech,Jan Venstermans,html,1
geomajas,59,tech,Jan Venstermans,java,5
geomajas,59,tech,Jandm,java,24
geomajas,59,tech,Pieter De Graef,java,5
geomajas,60,tech,Dosi.bingov,html,4
geomajas,60,tech,Dosi.bingov,java,2
geomajas,60,tech,Jan,java,25
geomajas,60,tech,Jan Varwig,css,3
geomajas,60,tech,Jan Varwig,java,250
geomajas,60,tech,Jan Varwig,xsl,1
geomajas,60,tech,Jan Venstermans,css,2
geomajas,60,tech,Jan Venstermans,java,18
geomajas,60,tech,Jan Venstermans,xsl,1
geomajas,60,tech,Jandm,css,3
geomajas,60,tech,Jandm,html,17
geomajas,60,tech,Jandm,java,13
geomajas,60,tech,Jandm,js,4
geomajas,60,tech,Matthias Platzer,css,49
geomajas,60,tech,Matthias Platzer,html,102
geomajas,60,tech,Matthias Platzer,java,4920
geomajas,60,tech,Matthias Platzer,js,4
geomajas,60,tech,Matthias Platzer,sld,7
geomajas,60,tech,Pieter De Graef,java,1
geomajas,61,tech,Jan Varwig,css,7
geomajas,61,tech,Jan Varwig,html,4
geomajas,61,tech,Jan Varwig,java,1483
geomajas,61,tech,Jan Varwig,js,1
geomajas,61,tech,Jan Venstermans,css,34
geomajas,61,tech,Jan Venstermans,html,81
geomajas,61,tech,Jan Venstermans,java,3832
geomajas,61,tech,Jan Venstermans,js,3
geomajas,61,tech,Jan Venstermans,sld,7
geomajas,61,tech,Jandm,java,17
geomajas,61,tech,Matthias Platzer,java,48
geomajas,61,tech,Oliver Gerlich,java,1
geomajas,61,tech,Oliver Mooney,css,3
geomajas,61,tech,Oliver Mooney,html,2
geomajas,61,tech,Oliver Mooney,java,169
geomajas,62,tech,Jan,css,1
geomajas,62,tech,Jan,html,1
geomajas,62,tech,Jan,java,758
geomajas,62,tech,Jan Varwig,html,1
geomajas,62,tech,Jan Varwig,java,13
geomajas,62,tech,Jan Venstermans,java,6
geomajas,62,tech,Jandm,java,1
geomajas,62,tech,Oliver Gerlich,css,3
geomajas,62,tech,Oliver Gerlich,html,2
geomajas,62,tech,Oliver Gerlich,java,27
geomajas,62,tech,Oliver Mooney,css,1
geomajas,62,tech,Oliver Mooney,html,2
geomajas,62,tech,Oliver Mooney,java,540
geomajas,62,tech,Pieter De Bie,java,2
geomajas,62,tech,Pieter De Graef,java,3
geomajas,63,tech,Jan,css,3
geomajas,63,tech,Jan,html,1
geomajas,63,tech,Jan,java,1092
geomajas,63,tech,Jan Varwig,css,1
geomajas,63,tech,Jan Varwig,html,1
geomajas,63,tech,Jan Varwig,java,56
geomajas,63,tech,Jan Venstermans,css,1
geomajas,63,tech,Jan Venstermans,java,6
geomajas,63,tech,Jandm,java,146
geomajas,63,tech,Kristof Houben,java,1
geomajas,63,tech,Matthias Platzer,html,1
geomajas,63,tech,Matthias Platzer,java,13
geomajas,63,tech,Oliver Mooney,css,1
geomajas,63,tech,Oliver Mooney,java,124
geomajas,64,tech,Jan,html,24
geomajas,64,tech,Jan,java,50
geomajas,64,tech,Jan Varwig,html,2
geomajas,64,tech,Jan Varwig,java,28
geomajas,64,tech,Oliver Gerlich,html,25
geomajas,64,tech,Oliver Gerlich,java,8
geomajas,64,tech,Oliver Mooney,html,61
geomajas,64,tech,Oliver Mooney,java,10
geomajas,65,tech,Jan,java,558
geomajas,65,tech,Jan Varwig,css,1
geomajas,65,tech,Jan Varwig,html,2
geomajas,65,tech,Jan Varwig,java,56
geomajas,65,tech,Jan Venstermans,html,3
geomajas,65,tech,Jan Venstermans,java,214
geomajas,65,tech,Jandm,java,105
geomajas,66,tech,Jan,css,6
geomajas,66,tech,Jan,html,8
geomajas,66,tech,Jan,java,53
geomajas,66,tech,Jan Varwig,css,3
geomajas,66,tech,Jan Varwig,html,3
geomajas,66,tech,Jan Varwig,java,11
geomajas,66,tech,Jan Venstermans,html,2
geomajas,66,tech,Jan Venstermans,java,1
geomajas,66,tech,Jandm,css,3
geomajas,66,tech,Jandm,html,4
geomajas,66,tech,Jandm,java,32
geomajas,66,tech,Kristof Houben,html,2
geomajas,66,tech,Kristof Houben,java,1
geomajas,66,tech,Pieter De Graef,java,1
geomajas,67,tech,Jan,java,2
geomajas,67,tech,Jan,sld,1
geomajas,67,tech,Jan Varwig,html,1
geomajas,67,tech,Jan Varwig,java,10
geomajas,67,tech,Jan Varwig,sld,1
geomajas,69,tech,Jan,java,5
geomajas,69,tech,Jandm,java,5
geomajas,70,tech,Jan,java,1
geomajas,70,tech,Jan,sld,1
geomajas,73,tech,Oliver Gerlich,java,19
geomajas,75,tech,Matthias Platzer,css,2
geomajas,75,tech,Matthias Platzer,java,7
geomajas,75,tech,Matthias Platzer,xsl,1
geomajas,75,tech,Oliver Gerlich,css,2
geomajas,75,tech,Oliver Gerlich,java,7
geomajas,75,tech,Oliver Gerlich,xsl,1
geomajas,77,tech,Jan Varwig,css,4
geomajas,77,tech,Jan Varwig,html,1
geomajas,77,tech,Jan Varwig,java,1082
geomajas,77,tech,Jan Varwig,js,1
geomajas,79,tech,Noreply,css,4
geomajas,79,tech,Noreply,html,1
geomajas,79,tech,Noreply,java,1082
geomajas,79,tech,Noreply,js,1
geomajas,82,tech,Jan,java,1
geomajas,86,tech,Jan,java,7
geomajas,86,tech,Noreply,java,1
geomajas,87,tech,Jan,java,1
geomajas,87,tech,Noreply,java,1
geomajas,102,tech,Jan,java,2
geomajas,122,tech,Jan,java,1
geonetwork,0,tech,Acarboni,java,34
geonetwork,0,tech,Fx.prunayre,java,2
geonetwork,0,tech,Fx.prunayre,xsl,1
geonetwork,1,tech,Acarboni,css,1
geonetwork,1,tech,Acarboni,java,67
geonetwork,1,tech,Acarboni,js,2
geonetwork,1,tech,Acarboni,xsl,20
geonetwork,1,tech,Roberto Giaccio,java,1
geonetwork,1,tech,Roberto Giaccio,xsl,2
geonetwork,2,tech,Acarboni,java,58
geonetwork,2,tech,Acarboni,js,10
geonetwork,2,tech,Acarboni,sql,4
geonetwork,2,tech,Acarboni,xsl,15
geonetwork,2,tech,Roberto Giaccio,java,21
geonetwork,2,tech,Roberto Giaccio,xsl,19
geonetwork,3,tech,Acarboni,bat,1
geonetwork,3,tech,Acarboni,html,1
geonetwork,3,tech,Acarboni,java,75
geonetwork,3,tech,Acarboni,js,15
geonetwork,3,tech,Acarboni,sh,1
geonetwork,3,tech,Acarboni,sql,4
geonetwork,3,tech,Acarboni,xsl,22
geonetwork,4,tech,Acarboni,java,70
geonetwork,4,tech,Acarboni,js,2
geonetwork,4,tech,Acarboni,xsl,22
geonetwork,4,tech,Fx.prunayre,xsl,1
geonetwork,4,tech,Jeroen Ticheler,bat,1
geonetwork,4,tech,Jeroen Ticheler,css,1
geonetwork,4,tech,Jeroen Ticheler,html,1
geonetwork,4,tech,Jeroen Ticheler,java,237
geonetwork,4,tech,Jeroen Ticheler,sh,2
geonetwork,4,tech,Jeroen Ticheler,xsl,35
geonetwork,5,tech,Acarboni,html,1
geonetwork,5,tech,Acarboni,java,42
geonetwork,5,tech,Acarboni,js,11
geonetwork,5,tech,Acarboni,xsl,32
geonetwork,5,tech,Fx.prunayre,css,3
geonetwork,5,tech,Fx.prunayre,java,24
geonetwork,5,tech,Fx.prunayre,js,6
geonetwork,5,tech,Fx.prunayre,xsl,20
geonetwork,5,tech,Jeroen Ticheler,xsl,11
geonetwork,6,tech,Acarboni,bat,1
geonetwork,6,tech,Acarboni,java,14
geonetwork,6,tech,Acarboni,js,5
geonetwork,6,tech,Acarboni,xsl,10
geonetwork,7,tech,Acarboni,java,38
geonetwork,7,tech,Acarboni,js,43
geonetwork,7,tech,Acarboni,xsl,35
geonetwork,7,tech,Fx.prunayre,xsl,2
geonetwork,7,tech,Roberto Giaccio,java,2
geonetwork,7,tech,Roberto Giaccio,xsl,4
geonetwork,8,tech,404,css,2
geonetwork,8,tech,404,java,9
geonetwork,8,tech,404,js,14
geonetwork,8,tech,404,xsl,6
geonetwork,8,tech,Acarboni,bat,1
geonetwork,8,tech,Acarboni,css,7
geonetwork,8,tech,Acarboni,html,3
geonetwork,8,tech,Acarboni,java,195
geonetwork,8,tech,Acarboni,js,237
geonetwork,8,tech,Acarboni,sh,2
geonetwork,8,tech,Acarboni,xsl,455
geonetwork,8,tech,Fx.prunayre,js,1
geonetwork,8,tech,Fx.prunayre,xsl,1
geonetwork,9,tech,404,css,4
geonetwork,9,tech,404,java,29
geonetwork,9,tech,404,js,18
geonetwork,9,tech,404,xsl,17
geonetwork,9,tech,Acarboni,bat,1
geonetwork,9,tech,Acarboni,java,76
geonetwork,9,tech,Acarboni,js,45
geonetwork,9,tech,Acarboni,xsl,52
geonetwork,9,tech,Jeroen Ticheler,css,2
geonetwork,9,tech,Jeroen Ticheler,js,1
geonetwork,9,tech,Jeroen Ticheler,xsl,3
geonetwork,10,tech,404,css,5
geonetwork,10,tech,404,java,20
geonetwork,10,tech,404,js,21
geonetwork,10,tech,404,xsl,14
geonetwork,10,tech,Acarboni,java,8
geonetwork,10,tech,Acarboni,js,8
geonetwork,10,tech,Acarboni,xsl,13
geonetwork,10,tech,Fx.prunayre,xsl,4
geonetwork,10,tech,Jeroen Ticheler,bat,5
geonetwork,10,tech,Jeroen Ticheler,css,2
geonetwork,10,tech,Jeroen Ticheler,java,6
geonetwork,10,tech,Jeroen Ticheler,js,6
geonetwork,10,tech,Jeroen Ticheler,sh,2
geonetwork,10,tech,Jeroen Ticheler,xsl,20
geonetwork,11,tech,404,css,3
geonetwork,11,tech,404,java,115
geonetwork,11,tech,404,js,23
geonetwork,11,tech,404,xsl,29
geonetwork,11,tech,Acarboni,bat,1
geonetwork,11,tech,Acarboni,java,94
geonetwork,11,tech,Acarboni,js,11
geonetwork,11,tech,Acarboni,sh,2
geonetwork,11,tech,Acarboni,xsl,29
geonetwork,11,tech,Fx.prunayre,xsl,4
geonetwork,11,tech,Jeroen Ticheler,bat,5
geonetwork,11,tech,Jeroen Ticheler,java,144
geonetwork,11,tech,Jeroen Ticheler,js,14
geonetwork,11,tech,Jeroen Ticheler,sh,3
geonetwork,11,tech,Jeroen Ticheler,xsl,17
geonetwork,12,tech,404,css,1
geonetwork,12,tech,404,html,2
geonetwork,12,tech,404,java,5
geonetwork,12,tech,404,js,18
geonetwork,12,tech,404,xsl,10
geonetwork,12,tech,Acarboni,bat,1
geonetwork,12,tech,Acarboni,css,1
geonetwork,12,tech,Acarboni,java,27
geonetwork,12,tech,Acarboni,js,2
geonetwork,12,tech,Acarboni,sh,1
geonetwork,12,tech,Acarboni,xsl,13
geonetwork,12,tech,Jeroen Ticheler,java,1
geonetwork,13,tech,404,html,2
geonetwork,13,tech,404,java,2
geonetwork,13,tech,404,js,7
geonetwork,13,tech,404,xsl,1
geonetwork,13,tech,Fx.prunayre,xsl,1
geonetwork,14,tech,404,css,1
geonetwork,14,tech,404,html,2
geonetwork,14,tech,404,java,24
geonetwork,14,tech,404,js,6
geonetwork,14,tech,404,sch,2
geonetwork,14,tech,404,sh,1
geonetwork,14,tech,404,xsl,31
geonetwork,14,tech,Fx.prunayre,xsl,4
geonetwork,14,tech,Jeroen Ticheler,java,4
geonetwork,14,tech,Jeroen Ticheler,xsl,6
geonetwork,15,tech,404,html,1
geonetwork,15,tech,404,java,4
geonetwork,15,tech,404,js,2
geonetwork,15,tech,404,xsl,3
geonetwork,15,tech,Fx.prunayre,java,4
geonetwork,15,tech,Fx.prunayre,xsl,5
geonetwork,15,tech,Jeroen Ticheler,html,1
geonetwork,15,tech,Jeroen Ticheler,java,24
geonetwork,15,tech,Jeroen Ticheler,js,8
geonetwork,15,tech,Jeroen Ticheler,xsl,16
geonetwork,16,tech,404,css,3
geonetwork,16,tech,404,java,30
geonetwork,16,tech,404,js,16
geonetwork,16,tech,404,xsl,13
geonetwork,16,tech,Fx.prunayre,js,1
geonetwork,16,tech,Fx.prunayre,xsl,1
geonetwork,16,tech,Heikki Doeleman,java,7
geonetwork,16,tech,Heikki Doeleman,js,1
geonetwork,16,tech,Heikki Doeleman,xsl,3
geonetwork,16,tech,Jeroen Ticheler,bat,24
geonetwork,16,tech,Jeroen Ticheler,css,24
geonetwork,16,tech,Jeroen Ticheler,html,43
geonetwork,16,tech,Jeroen Ticheler,java,1089
geonetwork,16,tech,Jeroen Ticheler,js,292
geonetwork,16,tech,Jeroen Ticheler,jsp,146
geonetwork,16,tech,Jeroen Ticheler,sch,4
geonetwork,16,tech,Jeroen Ticheler,sh,12
geonetwork,16,tech,Jeroen Ticheler,sld,36
geonetwork,16,tech,Jeroen Ticheler,sql,8
geonetwork,16,tech,Jeroen Ticheler,xsl,641
geonetwork,17,tech,404,java,8
geonetwork,17,tech,404,xsl,2
geonetwork,17,tech,Fx.prunayre,java,19
geonetwork,17,tech,Fx.prunayre,js,5
geonetwork,17,tech,Fx.prunayre,xsl,25
geonetwork,17,tech,Jeroen Ticheler,bat,2
geonetwork,17,tech,Jeroen Ticheler,css,4
geonetwork,17,tech,Jeroen Ticheler,java,19
geonetwork,17,tech,Jeroen Ticheler,sh,2
geonetwork,17,tech,Jeroen Ticheler,xsl,21
geonetwork,17,tech,Sgiaccio,java,4
geonetwork,18,tech,404,java,4
geonetwork,18,tech,404,xsl,5
geonetwork,18,tech,Awarnock,java,9
geonetwork,18,tech,Awarnock,xsl,17
geonetwork,18,tech,Fx.prunayre,java,1
geonetwork,18,tech,Fx.prunayre,xsl,2
geonetwork,18,tech,Jeroen Ticheler,css,2
geonetwork,18,tech,Jeroen Ticheler,java,5
geonetwork,18,tech,Jeroen Ticheler,xsl,4
geonetwork,19,tech,404,java,44
geonetwork,19,tech,404,js,2
geonetwork,19,tech,404,xsl,2
geonetwork,19,tech,Acarboni,java,8
geonetwork,19,tech,Acarboni,js,1
geonetwork,19,tech,Acarboni,xsl,1
geonetwork,19,tech,Fx.prunayre,java,2
geonetwork,19,tech,Fx.prunayre,xsl,2
geonetwork,19,tech,Heikki Doeleman,java,2
geonetwork,19,tech,Heikki Doeleman,js,1
geonetwork,19,tech,Jeroen Ticheler,java,8
geonetwork,19,tech,Jeroen Ticheler,xsl,13
geonetwork,20,tech,Heikki Doeleman,js,1
geonode,0,social,@tomgertin,@tomgertin,0
geonode,0,social,@tomgertin,Alessio Fabiani,1
geonode,0,social,@tomgertin,Capooti,2
geonode,0,social,@tomgertin,Cristiano Giovando,1
geonode,0,social,@tomgertin,Jeffrey Johnson,3
geonode,0,social,@tomgertin,Simone Dalmasso,2
geonode,0,social,Abersh,Abersh,0
geonode,0,social,Abersh,Capooti,3
geonode,0,social,Abersh,Simone Dalmasso,2
geonode,0,social,Ahmed Osman,Ahmed Osman,0
geonode,0,social,Ahmed Osman,Alessio Fabiani,7
geonode,0,social,Ahmed Osman,Capooti,2
geonode,0,social,Ahmed Osman,Simone Dalmasso,2
geonode,0,social,Ahmed Osman,Writwik Ghosh Dostidar,1
geonode,0,social,Alessio Fabiani,@tomgertin,1
geonode,0,social,Alessio Fabiani,Ahmed Osman,7
geonode,0,social,Alessio Fabiani,Alessio Fabiani,0
geonode,0,social,Alessio Fabiani,Capooti,1
geonode,0,social,Alessio Fabiani,Emanuele Tajariol,1
geonode,0,social,Alessio Fabiani,Jeffrey Johnson,48
geonode,0,social,Alessio Fabiani,Jstaehli,1
geonode,0,social,Alessio Fabiani,Kssalanio,1
geonode,0,social,Alessio Fabiani,Nathanhilbert,1
geonode,0,social,Alessio Fabiani,Patrick Dufour,2
geonode,0,social,Alessio Fabiani,Piyush-shah,3
geonode,0,social,Alessio Fabiani,Simone Dalmasso,14
geonode,0,social,Alessio Fabiani,Simone Giannecchini,1
geonode,0,social,Alessio Fabiani,Tomkralidis,1
geonode,0,social,Alessio Fabiani,Tyler Garner,1
geonode,0,social,Amefad,Amefad,0
geonode,0,social,Amefad,Capooti,3
geonode,0,social,Amefad,Deleted User,1
geonode,0,social,Amefad,Jeffrey Johnson,1
geonode,0,social,Angelos Tzotsos,Angelos Tzotsos,0
geonode,0,social,Angelos Tzotsos,Jeffrey Johnson,5
geonode,0,social,Annalisaschiavon,Annalisaschiavon,0
geonode,0,social,Annalisaschiavon,Capooti,3
geonode,0,social,Annalisaschiavon,Davi Custodio,1
geonode,0,social,Annalisaschiavon,Simone Dalmasso,1
geonode,0,social,Anrt,Anrt,0
geonode,0,social,Anrt,Marcelovillarroel,1
geonode,0,social,Aquesi,Aquesi,0
geonode,0,social,Aquesi,Simone Dalmasso,1
geonode,0,social,Aware - Artists Team,Aware - Artists Team,0
geonode,0,social,Aware - Artists Team,Jeffrey Johnson,2
geonode,0,social,Aware - Artists Team,Julien Collaer,4
geonode,0,social,Barrysteele,Barrysteele,0
geonode,0,social,Bartvde At Osgis.nl,Bartvde At Osgis.nl,0
geonode,0,social,Bartvde At Osgis.nl,Bartvde@xs4all.nl,56
geonode,0,social,Bartvde@xs4all.nl,Bartvde At Osgis.nl,56
geonode,0,social,Bartvde@xs4all.nl,Bartvde@xs4all.nl,0
geonode,0,social,Bartvde@xs4all.nl,Jeffrey Johnson,9
geonode,0,social,Bartvde@xs4all.nl,Mila Frerichs,3
geonode,0,social,Bartvde@xs4all.nl,Simone Dalmasso,4
geonode,0,social,Ben Howell,Ben Howell,0
geonode,0,social,Ben Howell,Simone Dalmasso,3
geonode,0,social,Biomap,Biomap,0
geonode,0,social,Bitner,Bitner,0
geonode,0,social,Bitner,Ingenieroariel,1
geonode,0,social,Bitner,Jeffrey Johnson,6
geonode,0,social,Bitner,Sarasafavi,1
geonode,0,social,Bitner,Tomkralidis,2
geonode,0,social,Bitner,Tyler Garner,2
geonode,0,social,Bjongman,Bjongman,0
geonode,0,social,Bjongman,Patrick Dufour,1
geonode,0,social,Caipirginka,Caipirginka,0
geonode,0,social,Capooti,@tomgertin,2
geonode,0,social,Capooti,Abersh,3
geonode,0,social,Capooti,Ahmed Osman,2
geonode,0,social,Capooti,Alessio Fabiani,1
geonode,0,social,Capooti,Amefad,3
geonode,0,social,Capooti,Annalisaschiavon,3
geonode,0,social,Capooti,Capooti,0
geonode,0,social,Capooti,Carminemassarelli,1
geonode,0,social,Capooti,Dalda,3
geonode,0,social,Capooti,Davi Custodio,6
geonode,0,social,Capooti,Emanuele Tajariol,2
geonode,0,social,Capooti,Florian Hoedt,2
geonode,0,social,Capooti,Francesco Bartoli,2
geonode,0,social,Capooti,Gavin Reich,1
geonode,0,social,Capooti,Ingenieroariel,1
geonode,0,social,Capooti,Jeffrey Johnson,14
geonode,0,social,Capooti,Jon Doig,1
geonode,0,social,Capooti,Jude Mwenda,1
geonode,0,social,Capooti,M431m,3
geonode,0,social,Capooti,Manaetches,1
geonode,0,social,Capooti,Meisenha,1
geonode,0,social,Capooti,Mekonnenl.,1
geonode,0,social,Capooti,Patrick Dufour,3
geonode,0,social,Capooti,Senoadiw,1
geonode,0,social,Capooti,Simone Dalmasso,13
geonode,0,social,Capooti,Tomkralidis,2
geonode,0,social,Carminemassarelli,Capooti,1
geonode,0,social,Carminemassarelli,Carminemassarelli,0
geonode,0,social,Ccosse,Ccosse,0
geonode,0,social,Ccosse,Derek Hohls,2
geonode,0,social,Ccosse,Jeffrey Johnson,1
geonode,0,social,Chakrey,Chakrey,0
geonode,0,social,Chakrey,Tosco,1
geonode,0,social,Clarence Davis,Clarence Davis,0
geonode,0,social,Clarence Davis,Simone Dalmasso,1
geonode,0,social,Cliffpat,Cliffpat,0
geonode,0,social,Cliffpat,Simone Dalmasso,1
geonode,0,social,Craig Stephenson,Craig Stephenson,0
geonode,0,social,Cristian Zamar,Cristian Zamar,0
geonode,0,social,Cristiano Giovando,@tomgertin,1
geonode,0,social,Cristiano Giovando,Cristiano Giovando,0
geonode,0,social,Cristiano Giovando,Dvictori,1
geonode,0,social,Cwgrant,Cwgrant,0
geonode,0,social,Cwgrant,Jeffrey Johnson,1
geonode,0,social,Dalda,Capooti,3
geonode,0,social,Dalda,Dalda,0
geonode,0,social,Dalda,Jeffrey Johnson,2
geonode,0,social,Daniel Berry,Daniel Berry,0
geonode,0,social,Daniel Berry,Jeffrey Johnson,3
geonode,0,social,Davi Custodio,Annalisaschiavon,1
geonode,0,social,Davi Custodio,Capooti,6
geonode,0,social,Davi Custodio,Davi Custodio,0
geonode,0,social,Davi Custodio,Simone Dalmasso,1
geonode,0,social,Deleted User,Amefad,1
geonode,0,social,Deleted User,Deleted User,0
geonode,0,social,Deleted User,Jeffrey Johnson,4
geonode,0,social,Deleted User,Sarasafavi,2
geonode,0,social,Deleted User,Simone Dalmasso,1
geonode,0,social,Deleted User,Tyler Garner,1
geonode,0,social,Deleted User,Wayner Barrios,1
geonode,0,social,Derek Hohls,Ccosse,2
geonode,0,social,Derek Hohls,Derek Hohls,0
geonode,0,social,Derek Hohls,Manaetches,1
geonode,0,social,Derklauer,Derklauer,0
geonode,0,social,Derklauer,Simone Dalmasso,1
geonode,0,social,Dilinihb,Dilinihb,0
geonode,0,social,Dilinihb,Simone Dalmasso,1
geonode,0,social,Dimitris Karakostis,Dimitris Karakostis,0
geonode,0,social,Dimitris Karakostis,Jeffrey Johnson,1
geonode,0,social,Dimitris Karakostis,Viviendeparday,1
geonode,0,social,Dvictori,Cristiano Giovando,1
geonode,0,social,Dvictori,Dvictori,0
geonode,0,social,Dvictori,Stefano Cudini,1
geonode,0,social,Emanuele Tajariol,Alessio Fabiani,1
geonode,0,social,Emanuele Tajariol,Capooti,2
geonode,0,social,Emanuele Tajariol,Emanuele Tajariol,0
geonode,0,social,Emanuele Tajariol,Jeffrey Johnson,5
geonode,0,social,Emanuele Tajariol,Mikefedak,1
geonode,0,social,Emanuele Tajariol,Patrick Dufour,1
geonode,0,social,Emanuele Tajariol,Tomkralidis,2
geonode,0,social,Enrico Ferreguti,Enrico Ferreguti,0
geonode,0,social,Enrico Ferreguti,Simone Dalmasso,1
geonode,0,social,Erik Merkle,Erik Merkle,0
geonode,0,social,Florian Detsch,Florian Detsch,0
geonode,0,social,Florian Detsch,Gavin Reich,2
geonode,0,social,Florian Hoedt,Capooti,2
geonode,0,social,Florian Hoedt,Florian Hoedt,0
geonode,0,social,Florian Hoedt,Jeffrey Johnson,1
geonode,0,social,Florian Hoedt,Simone Dalmasso,1
geonode,0,social,Francesco Bartoli,Capooti,2
geonode,0,social,Francesco Bartoli,Francesco Bartoli,0
geonode,0,social,Francesco Bartoli,Jeffrey Johnson,2
geonode,0,social,Francesco Bartoli,Patrick Dufour,2
geonode,0,social,Francesco Bartoli,Ramavanan,1
geonode,0,social,Francesco Marigliano,Francesco Marigliano,0
geonode,0,social,Francesco Marigliano,Rajib,1
geonode,0,social,Francesco Marigliano,Simone Dalmasso,2
geonode,0,social,Gantonio89,Gantonio89,0
geonode,0,social,Gantonio89,Simone Dalmasso,2
geonode,0,social,Gavin Reich,Capooti,1
geonode,0,social,Gavin Reich,Florian Detsch,2
geonode,0,social,Gavin Reich,Gavin Reich,0
geonode,0,social,Gavin Reich,Simone Dalmasso,2
geonode,0,social,Gavin Reich,Tomkralidis,1
geonode,0,social,Gyegon,Gyegon,0
geonode,0,social,Hieuintel,Hieuintel,0
geonode,0,social,Hieuintel,Simone Dalmasso,2
geonode,0,social,Ingenieroariel,Bitner,1
geonode,0,social,Ingenieroariel,Capooti,1
geonode,0,social,Ingenieroariel,Ingenieroariel,0
geonode,0,social,Ingenieroariel,Jeffrey Johnson,3
geonode,0,social,Ingenieroariel,Jody Garnett,1
geonode,0,social,Ingenieroariel,Mikefedak,1
geonode,0,social,Ingenieroariel,Simone Dalmasso,1
geonode,0,social,Ingenieroariel,Tomkralidis,1
geonode,0,social,Ismail Sunni,Ismail Sunni,0
geonode,0,social,Ismail Sunni,Jeffrey Johnson,1
geonode,0,social,Ismail Sunni,Simone Dalmasso,2
geonode,0,social,Jamesmbugua,Jamesmbugua,0
geonode,0,social,Jamesmbugua,Jeffrey Johnson,1
geonode,0,social,Jean Jordaan,Jean Jordaan,0
geonode,0,social,Jean Jordaan,Jeffrey Johnson,3
geonode,0,social,Jean-mark Wright,Jean-mark Wright,0
geonode,0,social,Jeffrey Johnson,@tomgertin,3
geonode,0,social,Jeffrey Johnson,Alessio Fabiani,48
geonode,0,social,Jeffrey Johnson,Amefad,1
geonode,0,social,Jeffrey Johnson,Angelos Tzotsos,5
geonode,0,social,Jeffrey Johnson,Aware - Artists Team,2
geonode,0,social,Jeffrey Johnson,Bartvde@xs4all.nl,9
geonode,0,social,Jeffrey Johnson,Bitner,6
geonode,0,social,Jeffrey Johnson,Capooti,14
geonode,0,social,Jeffrey Johnson,Ccosse,1
geonode,0,social,Jeffrey Johnson,Cwgrant,1
geonode,0,social,Jeffrey Johnson,Dalda,2
geonode,0,social,Jeffrey Johnson,Daniel Berry,3
geonode,0,social,Jeffrey Johnson,Deleted User,4
geonode,0,social,Jeffrey Johnson,Dimitris Karakostis,1
geonode,0,social,Jeffrey Johnson,Emanuele Tajariol,5
geonode,0,social,Jeffrey Johnson,Florian Hoedt,1
geonode,0,social,Jeffrey Johnson,Francesco Bartoli,2
geonode,0,social,Jeffrey Johnson,Ingenieroariel,3
geonode,0,social,Jeffrey Johnson,Ismail Sunni,1
geonode,0,social,Jeffrey Johnson,Jamesmbugua,1
geonode,0,social,Jeffrey Johnson,Jean Jordaan,3
geonode,0,social,Jeffrey Johnson,Jeffrey Johnson,0
geonode,0,social,Jeffrey Johnson,Jivan Amara,1
geonode,0,social,Jeffrey Johnson,Jody Garnett,5
geonode,0,social,Jeffrey Johnson,John Jediny,2
geonode,0,social,Jeffrey Johnson,Jon Doig,1
geonode,0,social,Jeffrey Johnson,Jude Mwenda,1
geonode,0,social,Jeffrey Johnson,Julien Collaer,3
geonode,0,social,Jeffrey Johnson,Karlfogel,3
geonode,0,social,Jeffrey Johnson,Maning,1
geonode,0,social,Jeffrey Johnson,Matt Bertrand,1
geonode,0,social,Jeffrey Johnson,Patrick Dufour,11
geonode,0,social,Jeffrey Johnson,Rajanski,1
geonode,0,social,Jeffrey Johnson,Rob Atkinson,1
geonode,0,social,Jeffrey Johnson,Sarasafavi,5
geonode,0,social,Jeffrey Johnson,Simone Dalmasso,7
geonode,0,social,Jeffrey Johnson,Stan4gis,1
geonode,0,social,Jeffrey Johnson,Timlinux,1
geonode,0,social,Jeffrey Johnson,Tomkralidis,8
geonode,0,social,Jeffrey Johnson,Trepagnier,1
geonode,0,social,Jeffrey Johnson,Tyler Garner,1
geonode,0,social,Jeffrey Johnson,Vladimiro Bellini,1
geonode,0,social,Jeffrey Johnson,Wayner Barrios,1
geonode,0,social,Jeremiah Cooper,Jeremiah Cooper,0
geonode,0,social,Jivan Amara,Jeffrey Johnson,1
geonode,0,social,Jivan Amara,Jivan Amara,0
geonode,0,social,Joanvp,Joanvp,0
geonode,0,social,Joanvp,Simone Dalmasso,1
geonode,0,social,Jody Garnett,Ingenieroariel,1
geonode,0,social,Jody Garnett,Jeffrey Johnson,5
geonode,0,social,Jody Garnett,Jody Garnett,0
geonode,0,social,John Jediny,Jeffrey Johnson,2
geonode,0,social,John Jediny,John Jediny,0
geonode,0,social,John Jediny,Tomkralidis,1
geonode,0,social,John Jediny,Viviendeparday,1
geonode,0,social,Jon Doig,Capooti,1
geonode,0,social,Jon Doig,Jeffrey Johnson,1
geonode,0,social,Jon Doig,Jon Doig,0
geonode,0,social,Jon Doig,Simone Dalmasso,3
geonode,0,social,Jonas-veselka,Jonas-veselka,0
geonode,0,social,Jonas-veselka,Simone Dalmasso,3
geonode,0,social,Jonas-veselka,Simone Giannecchini,1
geonode,0,social,Jonas-veselka,Tyler Garner,1
geonode,0,social,Jstaehli,Alessio Fabiani,1
geonode,0,social,Jstaehli,Jstaehli,0
geonode,0,social,Jude Mwenda,Capooti,1
geonode,0,social,Jude Mwenda,Jeffrey Johnson,1
geonode,0,social,Jude Mwenda,Jude Mwenda,0
geonode,0,social,Julien Collaer,Aware - Artists Team,4
geonode,0,social,Julien Collaer,Jeffrey Johnson,3
geonode,0,social,Julien Collaer,Julien Collaer,0
geonode,0,social,Kailai,Kailai,0
geonode,0,social,Kailai,Nareshnagamalle,1
geonode,0,social,Kailai,Simone Dalmasso,8
geonode,0,social,Karlfogel,Jeffrey Johnson,3
geonode,0,social,Karlfogel,Karlfogel,0
geonode,0,social,Kevindavies,Kevindavies,0
geonode,0,social,Kevindavies,Tomkralidis,4
geonode,0,social,Kssalanio,Alessio Fabiani,1
geonode,0,social,Kssalanio,Kssalanio,0
geonode,0,social,Kssalanio,Simone Dalmasso,1
geonode,0,social,Lautarosilva,Lautarosilva,0
geonode,0,social,Lautarosilva,Simone Dalmasso,1
geonode,0,social,M.vd.l,M.vd.l,0
geonode,0,social,M431m,Capooti,3
geonode,0,social,M431m,M431m,0
geonode,0,social,M431m,Simone Dalmasso,2
geonode,0,social,Madi,Madi,0
geonode,0,social,Manaetches,Capooti,1
geonode,0,social,Manaetches,Derek Hohls,1
geonode,0,social,Manaetches,Manaetches,0
geonode,0,social,Manaetches,Simone Dalmasso,4
geonode,0,social,Maning,Jeffrey Johnson,1
geonode,0,social,Maning,Maning,0
geonode,0,social,Marcelovillarroel,Anrt,1
geonode,0,social,Marcelovillarroel,Marcelovillarroel,0
geonode,0,social,Mats Henricson,Mats Henricson,0
geonode,0,social,Mats Henricson,Simone Dalmasso,1
geonode,0,social,Matt Bertrand,Jeffrey Johnson,1
geonode,0,social,Matt Bertrand,Matt Bertrand,0
geonode,0,social,Matteo De Stefano,Matteo De Stefano,0
geonode,0,social,Mazano,Mazano,0
geonode,0,social,Mazano,Simone Dalmasso,3
geonode,0,social,Meisenha,Capooti,1
geonode,0,social,Meisenha,Meisenha,0
geonode,0,social,Mekonnenl.,Capooti,1
geonode,0,social,Mekonnenl.,Mekonnenl.,0
geonode,0,social,Mekonnenl.,Simone Dalmasso,2
geonode,0,social,Mikefedak,Emanuele Tajariol,1
geonode,0,social,Mikefedak,Ingenieroariel,1
geonode,0,social,Mikefedak,Mikefedak,0
geonode,0,social,Mikhail Podgurskiy,Mikhail Podgurskiy,0
geonode,0,social,Mikhail Podgurskiy,Simone Dalmasso,3
geonode,0,social,Mila Frerichs,Bartvde@xs4all.nl,3
geonode,0,social,Mila Frerichs,Mila Frerichs,0
geonode,0,social,Mingmingbaibai2015,Mingmingbaibai2015,0
geonode,0,social,Mingmingbaibai2015,Simone Dalmasso,1
geonode,0,social,Nareshnagamalle,Kailai,1
geonode,0,social,Nareshnagamalle,Nareshnagamalle,0
geonode,0,social,Nareshnagamalle,Simone Dalmasso,2
geonode,0,social,Nathanhilbert,Alessio Fabiani,1
geonode,0,social,Nathanhilbert,Nathanhilbert,0
geonode,0,social,Nimaghasemloo,Nimaghasemloo,0
geonode,0,social,Nimaghasemloo,Simone Dalmasso,1
geonode,0,social,Paolo Pasquali,Paolo Pasquali,0
geonode,0,social,Patrick Dufour,Alessio Fabiani,2
geonode,0,social,Patrick Dufour,Bjongman,1
geonode,0,social,Patrick Dufour,Capooti,3
geonode,0,social,Patrick Dufour,Emanuele Tajariol,1
geonode,0,social,Patrick Dufour,Francesco Bartoli,2
geonode,0,social,Patrick Dufour,Jeffrey Johnson,11
geonode,0,social,Patrick Dufour,Patrick Dufour,0
geonode,0,social,Patrick Dufour,Richardschoerghofer,1
geonode,0,social,Patrick Dufour,Sarasafavi,5
geonode,0,social,Patrick Dufour,Simone Dalmasso,3
geonode,0,social,Patrick Dufour,Tomkralidis,3
geonode,0,social,Patrick Dufour,Travis,1
geonode,0,social,Patrick Dufour,Viviendeparday,3
geonode,0,social,Pedro Dias,Pedro Dias,0
geonode,0,social,Pedro Dias,Simone Dalmasso,1
geonode,0,social,Pedro Dias,Tomkralidis,4
geonode,0,social,Pedrobelo,Pedrobelo,0
geonode,0,social,Pedrobelo,Simone Dalmasso,1
geonode,0,social,Peter Cooper,Peter Cooper,0
geonode,0,social,Peter Cooper,Simone Dalmasso,1
geonode,0,social,Piyush-shah,Alessio Fabiani,3
geonode,0,social,Piyush-shah,Piyush-shah,0
geonode,0,social,Rajanski,Jeffrey Johnson,1
geonode,0,social,Rajanski,Rajanski,0
geonode,0,social,Rajanski,Vladimiro Bellini,1
geonode,0,social,Rajib,Francesco Marigliano,1
geonode,0,social,Rajib,Rajib,0
geonode,0,social,Ramavanan,Francesco Bartoli,1
geonode,0,social,Ramavanan,Ramavanan,0
geonode,0,social,Ramavanan,Simone Dalmasso,1
geonode,0,social,Ramavanan,Tyler Garner,1
geonode,0,social,Richardschoerghofer,Patrick Dufour,1
geonode,0,social,Richardschoerghofer,Richardschoerghofer,0
geonode,0,social,Richardschoerghofer,Simone Dalmasso,5
geonode,0,social,Rimon Arifin,Rimon Arifin,0
geonode,0,social,Rob Atkinson,Jeffrey Johnson,1
geonode,0,social,Rob Atkinson,Rob Atkinson,0
geonode,0,social,Rob Atkinson,Tyler Garner,4
geonode,0,social,Safecoinproject,Safecoinproject,0
geonode,0,social,Safecoinproject,Simone Dalmasso,2
geonode,0,social,Sarasafavi,Bitner,1
geonode,0,social,Sarasafavi,Deleted User,2
geonode,0,social,Sarasafavi,Jeffrey Johnson,5
geonode,0,social,Sarasafavi,Patrick Dufour,5
geonode,0,social,Sarasafavi,Sarasafavi,0
geonode,0,social,Sarasafavi,Simone Dalmasso,1
geonode,0,social,Sarasafavi,Travis,1
geonode,0,social,Sarasafavi,Tyler Garner,1
geonode,0,social,Senoadiw,Capooti,1
geonode,0,social,Senoadiw,Senoadiw,0
geonode,0,social,Simone Balbo,Simone Balbo,0
geonode,0,social,Simone Dalmasso,@tomgertin,2
geonode,0,social,Simone Dalmasso,Abersh,2
geonode,0,social,Simone Dalmasso,Ahmed Osman,2
geonode,0,social,Simone Dalmasso,Alessio Fabiani,14
geonode,0,social,Simone Dalmasso,Annalisaschiavon,1
geonode,0,social,Simone Dalmasso,Aquesi,1
geonode,0,social,Simone Dalmasso,Bartvde@xs4all.nl,4
geonode,0,social,Simone Dalmasso,Ben Howell,3
geonode,0,social,Simone Dalmasso,Capooti,13
geonode,0,social,Simone Dalmasso,Clarence Davis,1
geonode,0,social,Simone Dalmasso,Cliffpat,1
geonode,0,social,Simone Dalmasso,Davi Custodio,1
geonode,0,social,Simone Dalmasso,Deleted User,1
geonode,0,social,Simone Dalmasso,Derklauer,1
geonode,0,social,Simone Dalmasso,Dilinihb,1
geonode,0,social,Simone Dalmasso,Enrico Ferreguti,1
geonode,0,social,Simone Dalmasso,Florian Hoedt,1
geonode,0,social,Simone Dalmasso,Francesco Marigliano,2
geonode,0,social,Simone Dalmasso,Gantonio89,2
geonode,0,social,Simone Dalmasso,Gavin Reich,2
geonode,0,social,Simone Dalmasso,Hieuintel,2
geonode,0,social,Simone Dalmasso,Ingenieroariel,1
geonode,0,social,Simone Dalmasso,Ismail Sunni,2
geonode,0,social,Simone Dalmasso,Jeffrey Johnson,7
geonode,0,social,Simone Dalmasso,Joanvp,1
geonode,0,social,Simone Dalmasso,Jon Doig,3
geonode,0,social,Simone Dalmasso,Jonas-veselka,3
geonode,0,social,Simone Dalmasso,Kailai,8
geonode,0,social,Simone Dalmasso,Kssalanio,1
geonode,0,social,Simone Dalmasso,Lautarosilva,1
geonode,0,social,Simone Dalmasso,M431m,2
geonode,0,social,Simone Dalmasso,Manaetches,4
geonode,0,social,Simone Dalmasso,Mats Henricson,1
geonode,0,social,Simone Dalmasso,Mazano,3
geonode,0,social,Simone Dalmasso,Mekonnenl.,2
geonode,0,social,Simone Dalmasso,Mikhail Podgurskiy,3
geonode,0,social,Simone Dalmasso,Mingmingbaibai2015,1
geonode,0,social,Simone Dalmasso,Nareshnagamalle,2
geonode,0,social,Simone Dalmasso,Nimaghasemloo,1
geonode,0,social,Simone Dalmasso,Patrick Dufour,3
geonode,0,social,Simone Dalmasso,Pedro Dias,1
geonode,0,social,Simone Dalmasso,Pedrobelo,1
geonode,0,social,Simone Dalmasso,Peter Cooper,1
geonode,0,social,Simone Dalmasso,Ramavanan,1
geonode,0,social,Simone Dalmasso,Richardschoerghofer,5
geonode,0,social,Simone Dalmasso,Safecoinproject,2
geonode,0,social,Simone Dalmasso,Sarasafavi,1
geonode,0,social,Simone Dalmasso,Simone Dalmasso,0
geonode,0,social,Simone Dalmasso,Sydneysydney,1
geonode,0,social,Simone Dalmasso,Timlinux,1
geonode,0,social,Simone Dalmasso,Tosco,4
geonode,0,social,Simone Dalmasso,Tyler Garner,5
geonode,0,social,Simone Dalmasso,Viviendeparday,1
geonode,0,social,Simone Dalmasso,Wayner Barrios,1
geonode,0,social,Simone Giannecchini,Alessio Fabiani,1
geonode,0,social,Simone Giannecchini,Jonas-veselka,1
geonode,0,social,Simone Giannecchini,Simone Giannecchini,0
geonode,0,social,Stan4gis,Jeffrey Johnson,1
geonode,0,social,Stan4gis,Stan4gis,0
geonode,0,social,Stefano Cudini,Dvictori,1
geonode,0,social,Stefano Cudini,Stefano Cudini,0
geonode,0,social,Stefano Cudini,Tomkralidis,1
geonode,0,social,Sydneysydney,Simone Dalmasso,1
geonode,0,social,Sydneysydney,Sydneysydney,0
geonode,0,social,Syrus Mesdaghi,Syrus Mesdaghi,0
geonode,0,social,Timlinux,Jeffrey Johnson,1
geonode,0,social,Timlinux,Simone Dalmasso,1
geonode,0,social,Timlinux,Timlinux,0
geonode,0,social,Tomkralidis,Alessio Fabiani,1
geonode,0,social,Tomkralidis,Bitner,2
geonode,0,social,Tomkralidis,Capooti,2
geonode,0,social,Tomkralidis,Emanuele Tajariol,2
geonode,0,social,Tomkralidis,Gavin Reich,1
geonode,0,social,Tomkralidis,Ingenieroariel,1
geonode,0,social,Tomkralidis,Jeffrey Johnson,8
geonode,0,social,Tomkralidis,John Jediny,1
geonode,0,social,Tomkralidis,Kevindavies,4
geonode,0,social,Tomkralidis,Patrick Dufour,3
geonode,0,social,Tomkralidis,Pedro Dias,4
geonode,0,social,Tomkralidis,Stefano Cudini,1
geonode,0,social,Tomkralidis,Tomkralidis,0
geonode,0,social,Tomkralidis,Tyler Garner,1
geonode,0,social,Tosco,Chakrey,1
geonode,0,social,Tosco,Simone Dalmasso,4
geonode,0,social,Tosco,Tosco,0
geonode,0,social,Travis,Patrick Dufour,1
geonode,0,social,Travis,Sarasafavi,1
geonode,0,social,Travis,Travis,0
geonode,0,social,Trepagnier,Jeffrey Johnson,1
geonode,0,social,Trepagnier,Trepagnier,0
geonode,0,social,Ttirupathi,Ttirupathi,0
geonode,0,social,Tyler Garner,Alessio Fabiani,1
geonode,0,social,Tyler Garner,Bitner,2
geonode,0,social,Tyler Garner,Deleted User,1
geonode,0,social,Tyler Garner,Jeffrey Johnson,1
geonode,0,social,Tyler Garner,Jonas-veselka,1
geonode,0,social,Tyler Garner,Ramavanan,1
geonode,0,social,Tyler Garner,Rob Atkinson,4
geonode,0,social,Tyler Garner,Sarasafavi,1
geonode,0,social,Tyler Garner,Simone Dalmasso,5
geonode,0,social,Tyler Garner,Tomkralidis,1
geonode,0,social,Tyler Garner,Tyler Garner,0
geonode,0,social,Tyler Garner,Vowasemp,1
geonode,0,social,Victor Maus,Victor Maus,0
geonode,0,social,Viviendeparday,Dimitris Karakostis,1
geonode,0,social,Viviendeparday,John Jediny,1
geonode,0,social,Viviendeparday,Patrick Dufour,3
geonode,0,social,Viviendeparday,Simone Dalmasso,1
geonode,0,social,Viviendeparday,Viviendeparday,0
geonode,0,social,Vladimiro Bellini,Jeffrey Johnson,1
geonode,0,social,Vladimiro Bellini,Rajanski,1
geonode,0,social,Vladimiro Bellini,Vladimiro Bellini,0
geonode,0,social,Vowasemp,Tyler Garner,1
geonode,0,social,Vowasemp,Vowasemp,0
geonode,0,social,Wayner Barrios,Deleted User,1
geonode,0,social,Wayner Barrios,Jeffrey Johnson,1
geonode,0,social,Wayner Barrios,Simone Dalmasso,1
geonode,0,social,Wayner Barrios,Wayner Barrios,0
geonode,0,social,Writwik Ghosh Dostidar,Ahmed Osman,1
geonode,0,social,Writwik Ghosh Dostidar,Writwik Ghosh Dostidar,0
geonode,0,tech,Federicogodan,py,5
geonode,2,tech,Craig,html,1
geonode,3,tech,404,py,2
geonode,3,tech,Calvinjeong,py,1
geonode,3,tech,Craig,py,3
geonode,3,tech,Matthew O'connor,html,1
geonode,3,tech,Matthew O'connor,py,6
geonode,3,tech,Root@bgdem1.cr.usgs.gov,py,18
geonode,3,tech,Simone Federici,html,4
geonode,3,tech,Simone Federici,js,1
geonode,3,tech,Simone Federici,py,14
geonode,3,tech,Syrusn,js,1
geonode,3,tech,Tyler Mcmullen,js,1
geonode,4,tech,404,py,1
geonode,4,tech,Alessio Fabiani,bat,13
geonode,4,tech,Alessio Fabiani,css,3
geonode,4,tech,Alessio Fabiani,html,50
geonode,4,tech,Alessio Fabiani,java,2
geonode,4,tech,Alessio Fabiani,js,10
geonode,4,tech,Alessio Fabiani,less,1
geonode,4,tech,Alessio Fabiani,mo,76
geonode,4,tech,Alessio Fabiani,nc,2
geonode,4,tech,Alessio Fabiani,nsi,1
geonode,4,tech,Alessio Fabiani,py,73
geonode,4,tech,Alessio Fabiani,sld,2
geonode,4,tech,Arielwaldman,css,2
geonode,4,tech,Arielwaldman,py,1
geonode,4,tech,Capooti,css,2
geonode,4,tech,Capooti,html,4
geonode,4,tech,Capooti,py,7
geonode,4,tech,Charles Musskopf,html,3
geonode,4,tech,Charles Musskopf,js,2
geonode,4,tech,Charles Musskopf,py,10
geonode,4,tech,Danieleriksson,py,6
geonode,4,tech,Dave Brophy,html,1
geonode,4,tech,Jeffrey Harris,html,12
geonode,4,tech,Jeffrey Harris,js,5
geonode,4,tech,Jeffrey Harris,py,28
geonode,4,tech,Julien,mo,10
geonode,4,tech,Nikkymen,py,4
geonode,4,tech,Paolocastro,css,4
geonode,4,tech,Paolocastro,html,19
geonode,4,tech,Paolocastro,js,5
geonode,4,tech,Paolocastro,mo,76
geonode,4,tech,Paolocastro,py,65
geonode,4,tech,Patrick Dufour,py,2
geonode,4,tech,Root@bgdem1.cr.usgs.gov,js,9
geonode,4,tech,Root@bgdem1.cr.usgs.gov,py,24
geonode,4,tech,Sarin.kesphanich,py,1
geonode,4,tech,Simone Federici,css,20
geonode,4,tech,Simone Federici,html,247
geonode,4,tech,Simone Federici,java,1
geonode,4,tech,Simone Federici,js,35
geonode,4,tech,Simone Federici,less,42
geonode,4,tech,Simone Federici,mo,10
geonode,4,tech,Simone Federici,py,33
geonode,4,tech,Simone Federici,scss,12
geonode,4,tech,Stefano,js,1
geonode,4,tech,Stefano,py,3
geonode,4,tech,Tom Malone,css,23
geonode,4,tech,Tom Malone,html,292
geonode,4,tech,Tom Malone,js,37
geonode,4,tech,Tom Malone,less,82
geonode,4,tech,Tom Malone,py,24
geonode,4,tech,Tom Malone,scss,12
geonode,4,tech,Tom Malone,sh,1
geonode,4,tech,Tyler Mcmullen,js,2
geonode,4,tech,Tyler Mcmullen,py,8
geonode,5,tech,Capooti,html,13
geonode,5,tech,Capooti,js,1
geonode,5,tech,Capooti,py,4
geonode,5,tech,Emanueleolivetti,html,5
geonode,5,tech,Emanueleolivetti,py,9
geonode,5,tech,Federicogodan,py,14
geonode,5,tech,Florian Hoedt,py,1
geonode,5,tech,Gavinmcgovern,py,1
geonode,5,tech,Jeffrey Harris,py,1
geonode,5,tech,Julien,mo,152
geonode,5,tech,Paltman,py,2
geonode,5,tech,Paolocastro,css,1
geonode,5,tech,Paolocastro,html,2
geonode,5,tech,Paolocastro,js,1
geonode,5,tech,Paolocastro,less,1
geonode,5,tech,Paolocastro,py,6
geonode,5,tech,Patrick Dufour,py,2
geonode,5,tech,Pierre-alexandre Meyer,html,5
geonode,5,tech,Pierre-alexandre Meyer,py,14
geonode,5,tech,Renebartkowiak,html,2
geonode,5,tech,Renebartkowiak,py,12
geonode,5,tech,Simone Federici,css,1
geonode,5,tech,Simone Federici,html,22
geonode,5,tech,Simone Federici,js,3
geonode,5,tech,Simone Federici,less,1
geonode,5,tech,Simone Federici,mo,304
geonode,5,tech,Simone Federici,py,25
geonode,5,tech,Tom Malone,html,2
geonode,5,tech,Tom Malone,py,1
geonode,5,tech,Tyler Mcmullen,html,2
geonode,5,tech,Tyler Mcmullen,py,1
geonode,6,tech,Alessio Fabiani,bat,8
geonode,6,tech,Alessio Fabiani,nc,2
geonode,6,tech,Alessio Fabiani,py,13
geonode,6,tech,Alessio Fabiani,sld,2
geonode,6,tech,Arielwaldman,css,1
geonode,6,tech,Arielwaldman,html,11
geonode,6,tech,Arielwaldman,js,2
geonode,6,tech,Arielwaldman,less,1
geonode,6,tech,Arielwaldman,py,3
geonode,6,tech,Capooti,js,2
geonode,6,tech,Capooti,py,1
geonode,6,tech,Clarence Davis,html,1
geonode,6,tech,Craig,py,1
geonode,6,tech,Danieleriksson,py,4
geonode,6,tech,Danieleriksson,sh,6
geonode,6,tech,Federicogodan,py,11
geonode,6,tech,Francesco Bartoli,bat,4
geonode,6,tech,Francesco Bartoli,css,2
geonode,6,tech,Francesco Bartoli,html,18
geonode,6,tech,Francesco Bartoli,js,6
geonode,6,tech,Francesco Bartoli,less,2
geonode,6,tech,Francesco Bartoli,nc,1
geonode,6,tech,Francesco Bartoli,py,16
geonode,6,tech,Francesco Bartoli,sld,1
geonode,6,tech,Guillermo,css,8
geonode,6,tech,Guillermo,html,7
geonode,6,tech,Guillermo,js,3
geonode,6,tech,Ilpise,html,1
geonode,6,tech,Ilpise,js,4
geonode,6,tech,Jeffrey Harris,css,1
geonode,6,tech,Jeffrey Harris,html,12
geonode,6,tech,Jeffrey Harris,js,10
geonode,6,tech,Jeffrey Harris,less,1
geonode,6,tech,Jeffrey Harris,py,24
geonode,6,tech,Juden,py,1
geonode,6,tech,Paltman,html,44
geonode,6,tech,Paolocastro,css,5
geonode,6,tech,Paolocastro,html,33
geonode,6,tech,Paolocastro,js,6
geonode,6,tech,Paolocastro,less,6
geonode,6,tech,Paolocastro,mo,76
geonode,6,tech,Paolocastro,py,27
geonode,6,tech,Patrick Dufour,html,44
geonode,6,tech,Pedrobelo,html,1
geonode,6,tech,Pedrobelo,py,2
geonode,6,tech,Renebartkowiak,py,5
geonode,6,tech,Simone Federici,bat,12
geonode,6,tech,Simone Federici,css,17
geonode,6,tech,Simone Federici,html,107
geonode,6,tech,Simone Federici,js,32
geonode,6,tech,Simone Federici,less,7
geonode,6,tech,Simone Federici,mo,86
geonode,6,tech,Simone Federici,nc,3
geonode,6,tech,Simone Federici,py,128
geonode,6,tech,Simone Federici,sld,3
geonode,6,tech,Tom Malone,html,3
geonode,6,tech,Tom Malone,js,1
geonode,6,tech,Tom Malone,py,15
geonode,6,tech,Tyler Mcmullen,py,1
geonode,7,tech,Craig,py,3
geonode,7,tech,Doug,py,2
geonode,7,tech,Emanueleolivetti,py,1
geonode,7,tech,Federicogodan,py,18
geonode,7,tech,Jeffrey Harris,html,12
geonode,7,tech,Jeffrey Harris,js,6
geonode,7,tech,Jeffrey Harris,py,34
geonode,7,tech,Kamalhg,py,1
geonode,7,tech,Pedrobelo,py,1
geonode,7,tech,Simone Federici,html,8
geonode,7,tech,Simone Federici,js,4
geonode,7,tech,Simone Federici,py,13
geonode,7,tech,Tom Malone,py,2
geonode,7,tech,Tyler Mcmullen,py,4
geonode,8,tech,Alessio Fabiani,1,4
geonode,8,tech,Alessio Fabiani,8,7
geonode,8,tech,Alessio Fabiani,bat,10
geonode,8,tech,Alessio Fabiani,c,1
geonode,8,tech,Alessio Fabiani,cpp,1
geonode,8,tech,Alessio Fabiani,css,6
geonode,8,tech,Alessio Fabiani,el,1
geonode,8,tech,Alessio Fabiani,es,70
geonode,8,tech,Alessio Fabiani,fr,23
geonode,8,tech,Alessio Fabiani,h,137
geonode,8,tech,Alessio Fabiani,html,176
geonode,8,tech,Alessio Fabiani,nl,1
geonode,8,tech,Alessio Fabiani,nsh,7
geonode,8,tech,Alessio Fabiani,nsi,18
geonode,8,tech,Alessio Fabiani,pl,9
geonode,8,tech,Alessio Fabiani,py,2
geonode,8,tech,Alessio Fabiani,ru,14
geonode,8,tech,Alessio Fabiani,sh,3
geonode,8,tech,Alessio Fabiani,sql,7
geonode,8,tech,Alessio Fabiani,sty,1
geonode,8,tech,Alessio Fabiani,sv,1
geonode,8,tech,Alessio Fabiani,xsl,32
geonode,8,tech,Davidleal,py,6
geonode,8,tech,Jeffrey Harris,html,9
geonode,8,tech,Jeffrey Harris,js,9
geonode,8,tech,Jeffrey Harris,py,17
geonode,8,tech,Jonas.jonas.jonas,html,1
geonode,8,tech,Simone Federici,html,1
geonode,8,tech,Simone Federici,js,1
geonode,8,tech,Simone Federici,py,3
geonode,8,tech,Tom Malone,html,2
geonode,8,tech,Tom Malone,py,29
geonode,8,tech,Tyler Mcmullen,html,1
geonode,9,tech,404,py,1
geonode,9,tech,404,sh,2
geonode,9,tech,Alessio Fabiani,bat,6
geonode,9,tech,Alessio Fabiani,html,19
geonode,9,tech,Alessio Fabiani,js,4
geonode,9,tech,Alessio Fabiani,mo,76
geonode,9,tech,Alessio Fabiani,nsi,4
geonode,9,tech,Alessio Fabiani,py,237
geonode,9,tech,Arielwaldman,py,5
geonode,9,tech,Darinwilson,py,1
geonode,9,tech,Davidleal,py,4
geonode,9,tech,Davidleal,sh,1
geonode,9,tech,Federicogodan,html,6
geonode,9,tech,Federicogodan,py,29
geonode,9,tech,Jeffrey Harris,bat,5
geonode,9,tech,Jeffrey Harris,css,3
geonode,9,tech,Jeffrey Harris,html,13
geonode,9,tech,Jeffrey Harris,js,6
geonode,9,tech,Jeffrey Harris,nsi,1
geonode,9,tech,Jeffrey Harris,py,50
geonode,9,tech,Luizfernandoo.c.real,html,4
geonode,9,tech,Luizfernandoo.c.real,py,7
geonode,9,tech,Nathanhilbert,bat,5
geonode,9,tech,Nathanhilbert,nsi,1
geonode,9,tech,Simone Federici,html,9
geonode,9,tech,Tom Malone,py,9
geonode,9,tech,Tyler Mcmullen,css,2
geonode,9,tech,Tyler Mcmullen,html,8
geonode,9,tech,Tyler Mcmullen,js,14
geonode,9,tech,Tyler Mcmullen,py,35
geonode,9,tech,Tyler Mcmullen,sh,4
geonode,10,tech,404,py,21
geonode,10,tech,404,sh,10
geonode,10,tech,Alessio Fabiani,html,1
geonode,10,tech,Alessio Fabiani,js,1
geonode,10,tech,Alessio Fabiani,mo,76
geonode,10,tech,Alessio Fabiani,nsi,2
geonode,10,tech,Alessio Fabiani,py,234
geonode,10,tech,Capooti,py,1
geonode,10,tech,Danieleriksson,html,1
geonode,10,tech,Danieleriksson,py,467
geonode,10,tech,Davicustodio,html,7
geonode,10,tech,Davicustodio,py,6
geonode,10,tech,Dimitris Karakostis,py,2
geonode,10,tech,Jeffrey Harris,html,4
geonode,10,tech,Jeffrey Harris,py,241
geonode,10,tech,Paltman,py,1
geonode,10,tech,Paul Sadauskas,py,2
geonode,10,tech,Tom Malone,html,7
geonode,10,tech,Tom Malone,py,8
geonode,10,tech,Tyler Mcmullen,html,1
geonode,10,tech,Tyler Mcmullen,py,276
geonode,10,tech,Tyler Mcmullen,sh,2
geonode,11,tech,Alessio Fabiani,py,1
geonode,11,tech,Collaer,mo,76
geonode,11,tech,Emanuele Tajariol,css,1
geonode,11,tech,Emanuele Tajariol,py,9
geonode,11,tech,Emanuele Tajariol,xsl,1
geonode,11,tech,Jeffrey Harris,css,1
geonode,11,tech,Jeffrey Harris,html,10
geonode,11,tech,Jeffrey Harris,js,4
geonode,11,tech,Jeffrey Harris,mo,76
geonode,11,tech,Jeffrey Harris,py,21
geonode,11,tech,Jeffrey Harris,xsl,1
geonode,11,tech,Karl O'keeffe,html,1
geonode,11,tech,Root@bgdem1.cr.usgs.gov,py,699
geonode,11,tech,Simone Federici,css,1
geonode,11,tech,Simone Federici,html,1
geonode,11,tech,Simone Federici,py,274
geonode,11,tech,Simone Federici,xsl,1
geonode,11,tech,Tom Malone,html,1
geonode,11,tech,Tom Malone,py,3
geonode,11,tech,Tyler Mcmullen,py,7
geonode,11,tech,Tyler Mcmullen,sh,1
geonode,12,tech,Emanuele Tajariol,html,1
geonode,12,tech,Emanuele Tajariol,py,37
geonode,12,tech,Jeffrey Harris,py,37
geonode,12,tech,Johnmcgrath,py,2
geonode,12,tech,Noreply,py,3
geonode,12,tech,Patrick Dufour,py,2
geonode,12,tech,Saraann Stanway,py,2
geonode,12,tech,Simone Federici,html,2
geonode,12,tech,Simone Federici,py,6
geonode,12,tech,Tom Malone,py,3
geonode,12,tech,Travis Vachon,py,1
geonode,12,tech,Tyler Mcmullen,py,18
geonode,12,tech,Tyler Mcmullen,sh,3
geonode,13,tech,Alessio Fabiani,py,2
geonode,13,tech,Angelovandersijpt,html,1
geonode,13,tech,Angelovandersijpt,py,7
geonode,13,tech,Angelovandersijpt,sh,64
geonode,13,tech,Antoine,html,2
geonode,13,tech,Antoine,less,1
geonode,13,tech,Artists974,html,5
geonode,13,tech,Artists974,py,7
geonode,13,tech,Auvipy,py,4
geonode,13,tech,Clarence Davis,py,7
geonode,13,tech,Danieleriksson,html,1
geonode,13,tech,Danieleriksson,js,1
geonode,13,tech,Danieleriksson,py,16
geonode,13,tech,Francesco Bartoli,coffee,4
geonode,13,tech,Francesco Bartoli,css,2
geonode,13,tech,Francesco Bartoli,html,8
geonode,13,tech,Francesco Bartoli,js,1
geonode,13,tech,Francesco Bartoli,scss,3
geonode,13,tech,Jeffrey Harris,py,2
geonode,13,tech,Jens Norrgrann,py,4
geonode,13,tech,Noreply,html,6
geonode,13,tech,Noreply,js,1
geonode,13,tech,Noreply,less,1
geonode,13,tech,Noreply,py,34
geonode,13,tech,Saraann Stanway,py,15
geonode,13,tech,Saraann Stanway,sh,2
geonode,13,tech,Simone Federici,css,1
geonode,13,tech,Simone Federici,html,7
geonode,13,tech,Simone Federici,js,1
geonode,13,tech,Simone Federici,less,1
geonode,13,tech,Simone Federici,py,58
geonode,13,tech,Tyler Mcmullen,html,17
geonode,13,tech,Tyler Mcmullen,js,3
geonode,13,tech,Tyler Mcmullen,py,8
geonode,14,tech,404,py,1
geonode,14,tech,404,sh,2
geonode,14,tech,Alessio Fabiani,html,2
geonode,14,tech,Alessio Fabiani,java,22
geonode,14,tech,Alessio Fabiani,py,3
geonode,14,tech,Angelovandersijpt,css,1
geonode,14,tech,Angelovandersijpt,html,7
geonode,14,tech,Angelovandersijpt,js,3
geonode,14,tech,Angelovandersijpt,py,5
geonode,14,tech,Angelovandersijpt,sh,33
geonode,14,tech,Clarence Davis,js,5
geonode,14,tech,Clarence Davis,py,2
geonode,14,tech,Danieleriksson,html,2
geonode,14,tech,Danieleriksson,py,2
geonode,14,tech,Darinwilson,html,1
geonode,14,tech,Jeffrey Harris,html,1
geonode,14,tech,Jeffrey Harris,py,1
geonode,14,tech,Johnmcgrath,js,3
geonode,14,tech,Johnmcgrath,py,2
geonode,14,tech,Luke,html,8
geonode,14,tech,Luke,py,5
geonode,14,tech,Massimodistefano,py,4
geonode,14,tech,Noreply,html,12
geonode,14,tech,Noreply,js,5
geonode,14,tech,Noreply,py,32
geonode,14,tech,Noreply,sh,2
geonode,14,tech,Patrick Dufour,html,2
geonode,14,tech,Saraann Stanway,py,13
geonode,14,tech,Simone Federici,html,5
geonode,14,tech,Simone Federici,py,18
geonode,14,tech,Tom Malone,html,3
geonode,14,tech,Travis Vachon,py,8
geonode,14,tech,Tyler Mcmullen,js,1
geonode,14,tech,Tyler Mcmullen,py,21
geonode,14,tech,Tyler Mcmullen,sh,4
geonode,15,tech,Alessio Fabiani,py,3
geonode,15,tech,Angelovandersijpt,html,1
geonode,15,tech,Angelovandersijpt,js,1
geonode,15,tech,Angelovandersijpt,sh,13
geonode,15,tech,Arielwaldman,py,13
geonode,15,tech,Arielwaldman,sh,3
geonode,15,tech,Craig,py,1
geonode,15,tech,Danieleriksson,py,3
geonode,15,tech,Darinwilson,py,4
geonode,15,tech,Erik Price,py,1
geonode,15,tech,Francesco Bartoli,sh,4
geonode,15,tech,Ismail,css,2
geonode,15,tech,Ismail,html,7
geonode,15,tech,Ismail,js,2
geonode,15,tech,Ismail,py,12
geonode,15,tech,Jeffrey Harris,bat,5
geonode,15,tech,Jeffrey Harris,css,4
geonode,15,tech,Jeffrey Harris,html,50
geonode,15,tech,Jeffrey Harris,js,12
geonode,15,tech,Jeffrey Harris,less,1
geonode,15,tech,Jeffrey Harris,mo,158
geonode,15,tech,Jeffrey Harris,nsi,1
geonode,15,tech,Jeffrey Harris,py,285
geonode,15,tech,Jeffrey Harris,xsl,1
geonode,15,tech,Jeremiah Cooper,py,1
geonode,15,tech,Johnmcgrath,html,5
geonode,15,tech,Johnmcgrath,js,5
geonode,15,tech,Johnmcgrath,py,22
geonode,15,tech,Johnmcgrath,sh,3
geonode,15,tech,Julien,mo,164
geonode,15,tech,Massimodistefano,html,1
geonode,15,tech,Massimodistefano,py,5
geonode,15,tech,Nicolasraspal,html,4
geonode,15,tech,Noreply,css,2
geonode,15,tech,Noreply,html,46
geonode,15,tech,Noreply,js,11
geonode,15,tech,Noreply,mo,164
geonode,15,tech,Noreply,py,117
geonode,15,tech,Noreply,sh,2
geonode,15,tech,Patrick Dufour,html,6
geonode,15,tech,Patrick Dufour,py,13
geonode,15,tech,Saraann Stanway,html,9
geonode,15,tech,Saraann Stanway,js,1
geonode,15,tech,Saraann Stanway,py,38
geonode,15,tech,Simone Federici,html,3
geonode,15,tech,Simone Federici,js,1
geonode,15,tech,Simone Federici,py,19
geonode,15,tech,Travis Vachon,py,1
geonode,15,tech,Tyler Mcmullen,py,2
geonode,15,tech,Tyler Mcmullen,sh,1
geonode,15,tech,Waybarrios,py,7
geonode,16,tech,Angelovandersijpt,sh,2
geonode,16,tech,Danieleriksson,py,2
geonode,16,tech,Development,py,3
geonode,16,tech,Federicogodan,html,1
geonode,16,tech,Glynnisritchie,css,2
geonode,16,tech,Glynnisritchie,html,1
geonode,16,tech,Jeffrey Harris,html,1
geonode,16,tech,Jeffrey Harris,js,2
geonode,16,tech,Jeffrey Harris,py,23
geonode,16,tech,Johnmcgrath,js,1
geonode,16,tech,Johnmcgrath,py,4
geonode,16,tech,Massimodistefano,css,3
geonode,16,tech,Massimodistefano,html,16
geonode,16,tech,Massimodistefano,js,2
geonode,16,tech,Massimodistefano,py,35
geonode,16,tech,Massimodistefano,sh,1
geonode,16,tech,Noreply,css,3
geonode,16,tech,Noreply,html,12
geonode,16,tech,Noreply,js,3
geonode,16,tech,Noreply,py,23
geonode,16,tech,Patrick Dufour,css,13
geonode,16,tech,Patrick Dufour,html,100
geonode,16,tech,Patrick Dufour,js,6
geonode,16,tech,Patrick Dufour,less,14
geonode,16,tech,Patrick Dufour,py,2
geonode,16,tech,Patrick Dufour,scss,14
geonode,16,tech,Saraann Stanway,html,1
geonode,16,tech,Saraann Stanway,py,5
geonode,16,tech,Travis Vachon,html,3
geonode,16,tech,Travis Vachon,py,1
geonode,16,tech,Tyler Mcmullen,py,2
geonode,17,tech,Alessio Fabiani,html,3
geonode,17,tech,Alessio Fabiani,py,3
geonode,17,tech,Angelovandersijpt,py,4
geonode,17,tech,Arielwaldman,py,3
geonode,17,tech,Danieleriksson,py,1
geonode,17,tech,Development,py,13
geonode,17,tech,Dimitris Karakostis,html,2
geonode,17,tech,Francesco Bartoli,html,1
geonode,17,tech,Francesco Bartoli,py,1
geonode,17,tech,Jeffrey Harris,html,2
geonode,17,tech,Jeffrey Harris,js,1
geonode,17,tech,Jeffrey Harris,py,14
geonode,17,tech,Jeffrey Harris,sh,2
geonode,17,tech,Johnmcgrath,js,1
geonode,17,tech,Johnmcgrath,py,4
geonode,17,tech,Massimodistefano,py,4
geonode,17,tech,Massimodistefano,sh,1
geonode,17,tech,Mila Frerichs,css,8
geonode,17,tech,Mila Frerichs,html,8
geonode,17,tech,Mila Frerichs,js,19
geonode,17,tech,Mila Frerichs,jsx,19
geonode,17,tech,Mila Frerichs,sh,3
geonode,17,tech,Miloslav Pojman,css,33
geonode,17,tech,Miloslav Pojman,html,3
geonode,17,tech,Miloslav Pojman,js,56
geonode,17,tech,Miloslav Pojman,jsx,1
geonode,17,tech,Noreply,css,9
geonode,17,tech,Noreply,html,10
geonode,17,tech,Noreply,js,5
geonode,17,tech,Noreply,jsx,22
geonode,17,tech,Noreply,py,38
geonode,17,tech,Noreply,sh,4
geonode,17,tech,Patrick Dufour,html,9
geonode,17,tech,Peith.vergil,py,1
geonode,17,tech,Renebartkowiak,css,7
geonode,17,tech,Renebartkowiak,html,1
geonode,17,tech,Renebartkowiak,js,4
geonode,17,tech,Renebartkowiak,jsx,14
geonode,17,tech,Saraann Stanway,py,6
geonode,17,tech,Saraann Stanway,sh,2
geonode,17,tech,Simone Federici,html,1
geonode,17,tech,Simone Federici,py,3
geonode,17,tech,Tom Malone,py,2
geonode,17,tech,Travis Vachon,html,5
geonode,17,tech,Travis Vachon,js,1
geonode,17,tech,Travis Vachon,py,3
geonode,17,tech,Tyler Mcmullen,sh,1
geonode,18,tech,Arielwaldman,py,7
geonode,18,tech,Dimitris Karakostis,html,1
geonode,18,tech,Jeremiah Cooper,py,2
geonode,18,tech,Massimodistefano,py,1
geonode,18,tech,Noreply,html,2
geonode,18,tech,Noreply,py,2
geonode,18,tech,Patrick Dufour,html,6
geopaparazzi,0,social,Addcolor,Addcolor,0
geopaparazzi,0,social,Addcolor,Mark Johnson,1
geopaparazzi,0,social,Adolf D'silva,Adolf D'silva,0
geopaparazzi,0,social,Adolf D'silva,Mark Johnson,2
geopaparazzi,0,social,Ahuarte47 At Yahoo.es,Ahuarte47 At Yahoo.es,0
geopaparazzi,0,social,Ahuarte47 At Yahoo.es,Alvaro Huarte,2
geopaparazzi,0,social,Ahuarte47 At Yahoo.es,Mark Johnson,1
geopaparazzi,0,social,Alvaro Huarte,Ahuarte47 At Yahoo.es,2
geopaparazzi,0,social,Alvaro Huarte,Alvaro Huarte,0
geopaparazzi,0,social,Alvaro Huarte,Mark Johnson,1
geopaparazzi,0,social,Andrea Antonello,Andrea Antonello,0
geopaparazzi,0,social,Andrea Antonello,Andrewm-,5
geopaparazzi,0,social,Andrea Antonello,Brent Fraser,6
geopaparazzi,0,social,Andrea Antonello,Colla70,1
geopaparazzi,0,social,Andrea Antonello,Daniel Kastl,8
geopaparazzi,0,social,Andrea Antonello,Ddotzov,1
geopaparazzi,0,social,Andrea Antonello,Dnewcomb,3
geopaparazzi,0,social,Andrea Antonello,Francesco Frassinelli,30
geopaparazzi,0,social,Andrea Antonello,Iep4nief,1
geopaparazzi,0,social,Andrea Antonello,Ko Nagase,8
geopaparazzi,0,social,Andrea Antonello,Kristina Hager,1
geopaparazzi,0,social,Andrea Antonello,Mario Basa,10
geopaparazzi,0,social,Andrea Antonello,Mario Martin Basa,2
geopaparazzi,0,social,Andrea Antonello,Mark Johnson,4
geopaparazzi,0,social,Andrea Antonello,Mohammed Aljezawi,21
geopaparazzi,0,social,Andrea Antonello,Moovida@katamail.com,378
geopaparazzi,0,social,Andrea Antonello,Pierluigi De Rosa,3
geopaparazzi,0,social,Andrea Antonello,Razvan,5
geopaparazzi,0,social,Andrea Antonello,Sakuya-izayoi-0518,3
geopaparazzi,0,social,Andrea Antonello,Shujaat Ali Khan,23
geopaparazzi,0,social,Andrea Antonello,Silviafranceschi,11
geopaparazzi,0,social,Andrea Antonello,Skylning,10
geopaparazzi,0,social,Andrea Antonello,Stefano,4
geopaparazzi,0,social,Andrea Antonello,Sylvain Poulain,5
geopaparazzi,0,social,Andrea Antonello,Talllons,1
geopaparazzi,0,social,Andrea Antonello,Tim Howard,2
geopaparazzi,0,social,Andrewm-,Andrea Antonello,5
geopaparazzi,0,social,Andrewm-,Andrewm-,0
geopaparazzi,0,social,Andrewm-,Brent Fraser,4
geopaparazzi,0,social,Andrewm-,Francesco Frassinelli,1
geopaparazzi,0,social,Andrewm-,Moovida@katamail.com,3
geopaparazzi,0,social,Andrewm-,Silviafranceschi,2
geopaparazzi,0,social,Bezzu,Bezzu,0
geopaparazzi,0,social,Bezzu,Mark Johnson,3
geopaparazzi,0,social,Brad Hards,Brad Hards,0
geopaparazzi,0,social,Brad Hards,Bradh At Frogmouth.net,1
geopaparazzi,0,social,Brad Hards,Mark Johnson,1
geopaparazzi,0,social,Bradh At Frogmouth.net,Brad Hards,1
geopaparazzi,0,social,Bradh At Frogmouth.net,Bradh At Frogmouth.net,0
geopaparazzi,0,social,Bradh At Frogmouth.net,Mark Johnson,1
geopaparazzi,0,social,Brent Fraser,Andrea Antonello,6
geopaparazzi,0,social,Brent Fraser,Andrewm-,4
geopaparazzi,0,social,Brent Fraser,Brent Fraser,0
geopaparazzi,0,social,Brent Fraser,Moovida@katamail.com,2
geopaparazzi,0,social,Colla70,Andrea Antonello,1
geopaparazzi,0,social,Colla70,Colla70,0
geopaparazzi,0,social,Daniel Kastl,Andrea Antonello,8
geopaparazzi,0,social,Daniel Kastl,Daniel Kastl,0
geopaparazzi,0,social,Daniel Kastl,Mario Basa,3
geopaparazzi,0,social,Daniel Kastl,Moovida@katamail.com,8
geopaparazzi,0,social,Daniel Kastl,Stefano,1
geopaparazzi,0,social,Ddotzov,Andrea Antonello,1
geopaparazzi,0,social,Ddotzov,Ddotzov,0
geopaparazzi,0,social,Dnaxxsk,Dnaxxsk,0
geopaparazzi,0,social,Dnaxxsk,Mark Johnson,1
geopaparazzi,0,social,Dnewcomb,Andrea Antonello,3
geopaparazzi,0,social,Dnewcomb,Dnewcomb,0
geopaparazzi,0,social,Dnewcomb,Moovida@katamail.com,2
geopaparazzi,0,social,Dtdavtomic,Dtdavtomic,0
geopaparazzi,0,social,Dtdavtomic,Mark Johnson,2
geopaparazzi,0,social,Flodoc,Flodoc,0
geopaparazzi,0,social,Flodoc,Mario Martin Basa,1
geopaparazzi,0,social,Francesco Frassinelli,Andrea Antonello,30
geopaparazzi,0,social,Francesco Frassinelli,Andrewm-,1
geopaparazzi,0,social,Francesco Frassinelli,Francesco Frassinelli,0
geopaparazzi,0,social,Francesco Frassinelli,Mohammed Aljezawi,2
geopaparazzi,0,social,Francesco Frassinelli,Moovida@katamail.com,13
geopaparazzi,0,social,Groege,Groege,0
geopaparazzi,0,social,Groege,Rakesh Shrestha,1
geopaparazzi,0,social,Iep4nief,Andrea Antonello,1
geopaparazzi,0,social,Iep4nief,Iep4nief,0
geopaparazzi,0,social,Imaatw,Imaatw,0
geopaparazzi,0,social,Imaatw,Mark Johnson,5
geopaparazzi,0,social,Imaatw,Tfreudi1,1
geopaparazzi,0,social,Jeff Habibi,Jeff Habibi,0
geopaparazzi,0,social,Jeff Habibi,Mark Johnson,1
geopaparazzi,0,social,Jie,Jie,0
geopaparazzi,0,social,Jie,Mark Johnson,5
geopaparazzi,0,social,Ko Nagase,Andrea Antonello,8
geopaparazzi,0,social,Ko Nagase,Ko Nagase,0
geopaparazzi,0,social,Ko Nagase,Moovida@katamail.com,4
geopaparazzi,0,social,Kristina Hager,Andrea Antonello,1
geopaparazzi,0,social,Kristina Hager,Kristina Hager,0
geopaparazzi,0,social,Kristina Hager,Manish Kumar,1
geopaparazzi,0,social,Kristina Hager,Mark Johnson,10
geopaparazzi,0,social,Kristina Hager,Moovida@katamail.com,1
geopaparazzi,0,social,Majid Hojati,Majid Hojati,0
geopaparazzi,0,social,Majid Hojati,Mark Johnson,8
geopaparazzi,0,social,Manish Kumar,Kristina Hager,1
geopaparazzi,0,social,Manish Kumar,Manish Kumar,0
geopaparazzi,0,social,Mario Basa,Andrea Antonello,10
geopaparazzi,0,social,Mario Basa,Daniel Kastl,3
geopaparazzi,0,social,Mario Basa,Mario Basa,0
geopaparazzi,0,social,Mario Basa,Moovida@katamail.com,9
geopaparazzi,0,social,Mario Martin Basa,Andrea Antonello,2
geopaparazzi,0,social,Mario Martin Basa,Flodoc,1
geopaparazzi,0,social,Mario Martin Basa,Mario Martin Basa,0
geopaparazzi,0,social,Mario Martin Basa,Moovida@katamail.com,2
geopaparazzi,0,social,Mark Johnson,Addcolor,1
geopaparazzi,0,social,Mark Johnson,Adolf D'silva,2
geopaparazzi,0,social,Mark Johnson,Ahuarte47 At Yahoo.es,1
geopaparazzi,0,social,Mark Johnson,Alvaro Huarte,1
geopaparazzi,0,social,Mark Johnson,Andrea Antonello,4
geopaparazzi,0,social,Mark Johnson,Bezzu,3
geopaparazzi,0,social,Mark Johnson,Brad Hards,1
geopaparazzi,0,social,Mark Johnson,Bradh At Frogmouth.net,1
geopaparazzi,0,social,Mark Johnson,Dnaxxsk,1
geopaparazzi,0,social,Mark Johnson,Dtdavtomic,2
geopaparazzi,0,social,Mark Johnson,Imaatw,5
geopaparazzi,0,social,Mark Johnson,Jeff Habibi,1
geopaparazzi,0,social,Mark Johnson,Jie,5
geopaparazzi,0,social,Mark Johnson,Kristina Hager,10
geopaparazzi,0,social,Mark Johnson,Majid Hojati,8
geopaparazzi,0,social,Mark Johnson,Mark Johnson,0
geopaparazzi,0,social,Mark Johnson,Mats Berggrund,2
geopaparazzi,0,social,Mark Johnson,Moovida@katamail.com,3
geopaparazzi,0,social,Mark Johnson,Razvan,3
geopaparazzi,0,social,Mark Johnson,Rogerace,3
geopaparazzi,0,social,Mark Johnson,Stavros Papapantelis,2
geopaparazzi,0,social,Mark Johnson,Tfreudi1,4
geopaparazzi,0,social,Mark Johnson,Vahid-sohrabloo,1
geopaparazzi,0,social,Mats Berggrund,Mark Johnson,2
geopaparazzi,0,social,Mats Berggrund,Mats Berggrund,0
geopaparazzi,0,social,Mohammed Aljezawi,Andrea Antonello,21
geopaparazzi,0,social,Mohammed Aljezawi,Francesco Frassinelli,2
geopaparazzi,0,social,Mohammed Aljezawi,Mohammed Aljezawi,0
geopaparazzi,0,social,Mohammed Aljezawi,Moovida@katamail.com,20
geopaparazzi,0,social,Moovida@katamail.com,Andrea Antonello,378
geopaparazzi,0,social,Moovida@katamail.com,Andrewm-,3
geopaparazzi,0,social,Moovida@katamail.com,Brent Fraser,2
geopaparazzi,0,social,Moovida@katamail.com,Daniel Kastl,8
geopaparazzi,0,social,Moovida@katamail.com,Dnewcomb,2
geopaparazzi,0,social,Moovida@katamail.com,Francesco Frassinelli,13
geopaparazzi,0,social,Moovida@katamail.com,Ko Nagase,4
geopaparazzi,0,social,Moovida@katamail.com,Kristina Hager,1
geopaparazzi,0,social,Moovida@katamail.com,Mario Basa,9
geopaparazzi,0,social,Moovida@katamail.com,Mario Martin Basa,2
geopaparazzi,0,social,Moovida@katamail.com,Mark Johnson,3
geopaparazzi,0,social,Moovida@katamail.com,Mohammed Aljezawi,20
geopaparazzi,0,social,Moovida@katamail.com,Moovida@katamail.com,0
geopaparazzi,0,social,Moovida@katamail.com,Pierluigi De Rosa,2
geopaparazzi,0,social,Moovida@katamail.com,Razvan,6
geopaparazzi,0,social,Moovida@katamail.com,Sakuya-izayoi-0518,1
geopaparazzi,0,social,Moovida@katamail.com,Shujaat Ali Khan,21
geopaparazzi,0,social,Moovida@katamail.com,Silviafranceschi,3
geopaparazzi,0,social,Moovida@katamail.com,Skylning,9
geopaparazzi,0,social,Moovida@katamail.com,Stefano,4
geopaparazzi,0,social,Moovida@katamail.com,Sylvain Poulain,5
geopaparazzi,0,social,Moovida@katamail.com,Tim Howard,2
geopaparazzi,0,social,Pierluigi De Rosa,Andrea Antonello,3
geopaparazzi,0,social,Pierluigi De Rosa,Moovida@katamail.com,2
geopaparazzi,0,social,Pierluigi De Rosa,Pierluigi De Rosa,0
geopaparazzi,0,social,Prabinshrestha,Prabinshrestha,0
geopaparazzi,0,social,Rakesh Shrestha,Groege,1
geopaparazzi,0,social,Rakesh Shrestha,Rakesh Shrestha,0
geopaparazzi,0,social,Razvan,Andrea Antonello,5
geopaparazzi,0,social,Razvan,Mark Johnson,3
geopaparazzi,0,social,Razvan,Moovida@katamail.com,6
geopaparazzi,0,social,Razvan,Razvan,0
geopaparazzi,0,social,Rogerace,Mark Johnson,3
geopaparazzi,0,social,Rogerace,Rogerace,0
geopaparazzi,0,social,Sakuya-izayoi-0518,Andrea Antonello,3
geopaparazzi,0,social,Sakuya-izayoi-0518,Moovida@katamail.com,1
geopaparazzi,0,social,Sakuya-izayoi-0518,Sakuya-izayoi-0518,0
geopaparazzi,0,social,Shujaat Ali Khan,Andrea Antonello,23
geopaparazzi,0,social,Shujaat Ali Khan,Moovida@katamail.com,21
geopaparazzi,0,social,Shujaat Ali Khan,Shujaat Ali Khan,0
geopaparazzi,0,social,Silviafranceschi,Andrea Antonello,11
geopaparazzi,0,social,Silviafranceschi,Andrewm-,2
geopaparazzi,0,social,Silviafranceschi,Moovida@katamail.com,3
geopaparazzi,0,social,Silviafranceschi,Silviafranceschi,0
geopaparazzi,0,social,Skylning,Andrea Antonello,10
geopaparazzi,0,social,Skylning,Moovida@katamail.com,9
geopaparazzi,0,social,Skylning,Skylning,0
geopaparazzi,0,social,Stavros Papapantelis,Mark Johnson,2
geopaparazzi,0,social,Stavros Papapantelis,Stavros Papapantelis,0
geopaparazzi,0,social,Stefano,Andrea Antonello,4
geopaparazzi,0,social,Stefano,Daniel Kastl,1
geopaparazzi,0,social,Stefano,Moovida@katamail.com,4
geopaparazzi,0,social,Stefano,Stefano,0
geopaparazzi,0,social,Sylvain Poulain,Andrea Antonello,5
geopaparazzi,0,social,Sylvain Poulain,Moovida@katamail.com,5
geopaparazzi,0,social,Sylvain Poulain,Sylvain Poulain,0
geopaparazzi,0,social,Talllons,Andrea Antonello,1
geopaparazzi,0,social,Talllons,Talllons,0
geopaparazzi,0,social,Tfreudi1,Imaatw,1
geopaparazzi,0,social,Tfreudi1,Mark Johnson,4
geopaparazzi,0,social,Tfreudi1,Tfreudi1,0
geopaparazzi,0,social,Tim Howard,Andrea Antonello,2
geopaparazzi,0,social,Tim Howard,Moovida@katamail.com,2
geopaparazzi,0,social,Tim Howard,Tim Howard,0
geopaparazzi,0,social,Vahid-sohrabloo,Mark Johnson,1
geopaparazzi,0,social,Vahid-sohrabloo,Vahid-sohrabloo,0
geopaparazzi,0,tech,Andrewm-,java,179
geopaparazzi,1,tech,Andrewm-,java,141
geopaparazzi,2,tech,Andrewm-,java,18
geopaparazzi,3,tech,Andrewm-,java,268
geopaparazzi,4,tech,Andrewm-,java,51
geopaparazzi,5,tech,Andrewm-,java,41
geopaparazzi,6,tech,Andrewm-,java,359
geopaparazzi,7,tech,Andrewm-,java,52
geopaparazzi,12,tech,Andrewm-,java,10
geopaparazzi,13,tech,Andrewm-,java,2
geopaparazzi,14,tech,Andrewm-,java,39
geopaparazzi,15,tech,Andrewm-,java,90
geopaparazzi,15,tech,Andrewm-,sh,1
geopaparazzi,16,tech,Andrewm-,java,382
geopaparazzi,16,tech,Luca Mearelli,py,1
geopaparazzi,16,tech,Luca Mearelli,sh,2
geopaparazzi,17,tech,Andrewm-,java,57
geopaparazzi,17,tech,Andrewm-,py,1
geopaparazzi,17,tech,Andrewm-,sh,1
geopaparazzi,17,tech,Luca Mearelli,java,95
geopaparazzi,17,tech,Luca Mearelli,py,2
geopaparazzi,17,tech,Luca Mearelli,sh,4
geopaparazzi,18,tech,Andrewm-,java,119
geopaparazzi,19,tech,Andrewm-,java,148
geopaparazzi,20,tech,Andrewm-,java,49
geopaparazzi,20,tech,Luca Mearelli,sh,1
geopaparazzi,21,tech,Andrewm-,java,297
geopaparazzi,21,tech,Andrewm-,py,1
geopaparazzi,21,tech,Andrewm-,sh,1
geopaparazzi,22,tech,Andrewm-,java,17
geopaparazzi,23,tech,Andrewm-,java,472
geopaparazzi,23,tech,Andrewm-,py,3
geopaparazzi,23,tech,Andrewm-,sh,6
geopaparazzi,24,tech,Andrewm-,java,39
geopaparazzi,25,tech,Andrewm-,java,57
geopaparazzi,26,tech,Andrewm-,html,4
geopaparazzi,26,tech,Andrewm-,java,231
geopaparazzi,27,tech,Andrewm-,html,220
geopaparazzi,27,tech,Andrewm-,java,1574
geopaparazzi,28,tech,Andrewm-,java,27
geopaparazzi,30,tech,Andrewm-,html,1
geopaparazzi,30,tech,Andrewm-,java,10
geopaparazzi,33,tech,Andrewm-,java,2
geopaparazzi,34,tech,Andrewm-,java,59
geopaparazzi,34,tech,Andrewm-,ps1,1
geopaparazzi,35,tech,Andrewm-,java,183
geopaparazzi,36,tech,Andrewm-,css,8
geopaparazzi,36,tech,Andrewm-,html,50
geopaparazzi,36,tech,Andrewm-,java,621
geopaparazzi,36,tech,Andrewm-,js,1
geopaparazzi,36,tech,Andrewm-,ps1,1
geopaparazzi,36,tech,Andrewm-,py,1
geopaparazzi,36,tech,Andrewm-,sh,2
geopaparazzi,37,tech,Andrewm-,java,53
geopaparazzi,37,tech,Andrewm-,ps1,1
geopaparazzi,37,tech,Mark Johnson,java,35
geopaparazzi,38,tech,Andrewm-,html,4
geopaparazzi,38,tech,Andrewm-,java,66
geopaparazzi,38,tech,Mark Johnson,java,54
geopaparazzi,39,tech,Andrewm-,bat,1
geopaparazzi,39,tech,Andrewm-,css,4
geopaparazzi,39,tech,Andrewm-,html,4
geopaparazzi,39,tech,Andrewm-,java,641
geopaparazzi,39,tech,Andrewm-,js,2
geopaparazzi,39,tech,Andrewm-,proto,2
geopaparazzi,39,tech,Andrewm-,sh,5
geopaparazzi,39,tech,Andrewm-,sql,6
geopaparazzi,39,tech,Mark Johnson,1,11
geopaparazzi,39,tech,Mark Johnson,2,3
geopaparazzi,39,tech,Mark Johnson,3,9
geopaparazzi,39,tech,Mark Johnson,4,2
geopaparazzi,39,tech,Mark Johnson,5,5
geopaparazzi,39,tech,Mark Johnson,6,2
geopaparazzi,39,tech,Mark Johnson,7,1
geopaparazzi,39,tech,Mark Johnson,8,1
geopaparazzi,39,tech,Mark Johnson,bat,9
geopaparazzi,39,tech,Mark Johnson,c,736
geopaparazzi,39,tech,Mark Johnson,cmake,4
geopaparazzi,39,tech,Mark Johnson,cpp,1121
geopaparazzi,39,tech,Mark Johnson,css,1
geopaparazzi,39,tech,Mark Johnson,cxx,6
geopaparazzi,39,tech,Mark Johnson,h,1637
geopaparazzi,39,tech,Mark Johnson,hpp,27
geopaparazzi,39,tech,Mark Johnson,html,41
geopaparazzi,39,tech,Mark Johnson,inl,55
geopaparazzi,39,tech,Mark Johnson,java,241
geopaparazzi,39,tech,Mark Johnson,l,10
geopaparazzi,39,tech,Mark Johnson,m4,157
geopaparazzi,39,tech,Mark Johnson,mak,38
geopaparazzi,39,tech,Mark Johnson,mk,29
geopaparazzi,39,tech,Mark Johnson,php,4
geopaparazzi,39,tech,Mark Johnson,py,12
geopaparazzi,39,tech,Mark Johnson,rb,39
geopaparazzi,39,tech,Mark Johnson,sh,21
geopaparazzi,39,tech,Mark Johnson,y,10
geopaparazzi,40,tech,Andrewm-,java,103
geopaparazzi,40,tech,Mark Johnson,bat,1
geopaparazzi,40,tech,Mark Johnson,c,2
geopaparazzi,40,tech,Mark Johnson,h,3
geopaparazzi,40,tech,Mark Johnson,html,2
geopaparazzi,40,tech,Mark Johnson,java,65
geopaparazzi,40,tech,Mark Johnson,mk,9
geopaparazzi,40,tech,Mark Johnson,sh,1
geopaparazzi,41,tech,Andrewm-,css,1
geopaparazzi,41,tech,Andrewm-,html,5
geopaparazzi,41,tech,Andrewm-,java,595
geopaparazzi,41,tech,Mark Johnson,java,4
geopaparazzi,42,tech,Andrewm-,java,39
geopaparazzi,42,tech,Tim.schaub,java,11
geopaparazzi,43,tech,Andrewm-,java,59
geopaparazzi,43,tech,Mark Johnson,gml,1
geopaparazzi,43,tech,Mark Johnson,java,24
geopaparazzi,43,tech,Mark Johnson,sql,17
geopaparazzi,44,tech,Andrewm-,java,220
geopaparazzi,44,tech,Mark Johnson,1,80
geopaparazzi,44,tech,Mark Johnson,2,1
geopaparazzi,44,tech,Mark Johnson,3,3
geopaparazzi,44,tech,Mark Johnson,4,1
geopaparazzi,44,tech,Mark Johnson,5,1
geopaparazzi,44,tech,Mark Johnson,6,1
geopaparazzi,44,tech,Mark Johnson,8,1
geopaparazzi,44,tech,Mark Johnson,asc,4
geopaparazzi,44,tech,Mark Johnson,asm,1
geopaparazzi,44,tech,Mark Johnson,awk,4
geopaparazzi,44,tech,Mark Johnson,bash,9
geopaparazzi,44,tech,Mark Johnson,bat,3
geopaparazzi,44,tech,Mark Johnson,c,1909
geopaparazzi,44,tech,Mark Johnson,cmake,2
geopaparazzi,44,tech,Mark Johnson,com,5
geopaparazzi,44,tech,Mark Johnson,cp,1
geopaparazzi,44,tech,Mark Johnson,cpp,8
geopaparazzi,44,tech,Mark Johnson,cs,9
geopaparazzi,44,tech,Mark Johnson,css,2
geopaparazzi,44,tech,Mark Johnson,cxx,1
geopaparazzi,44,tech,Mark Johnson,dcl,1
geopaparazzi,44,tech,Mark Johnson,go,1
geopaparazzi,44,tech,Mark Johnson,h,736
geopaparazzi,44,tech,Mark Johnson,htm,6
geopaparazzi,44,tech,Mark Johnson,html,423
geopaparazzi,44,tech,Mark Johnson,hxx,1
geopaparazzi,44,tech,Mark Johnson,inc,35
geopaparazzi,44,tech,Mark Johnson,java,144
geopaparazzi,44,tech,Mark Johnson,js,2
geopaparazzi,44,tech,Mark Johnson,l,5
geopaparazzi,44,tech,Mark Johnson,m4,139
geopaparazzi,44,tech,Mark Johnson,mak,3
geopaparazzi,44,tech,Mark Johnson,mk,57
geopaparazzi,44,tech,Mark Johnson,mms,2
geopaparazzi,44,tech,Mark Johnson,pat,4
geopaparazzi,44,tech,Mark Johnson,php,1
geopaparazzi,44,tech,Mark Johnson,pl,2
geopaparazzi,44,tech,Mark Johnson,py,67
geopaparazzi,44,tech,Mark Johnson,sas,2
geopaparazzi,44,tech,Mark Johnson,sh,136
geopaparazzi,44,tech,Mark Johnson,sql,8
geopaparazzi,44,tech,Mark Johnson,st,5
geopaparazzi,44,tech,Mark Johnson,vcl,1
geopaparazzi,44,tech,Mark Johnson,xhtml,2
geopaparazzi,44,tech,Mark Johnson,xsl,18
geopaparazzi,44,tech,Mark Johnson,y,5
geopaparazzi,45,tech,Andrewm-,html,1
geopaparazzi,45,tech,Andrewm-,java,45
geopaparazzi,45,tech,Mark Johnson,1,14
geopaparazzi,45,tech,Mark Johnson,3,244
geopaparazzi,45,tech,Mark Johnson,5,1
geopaparazzi,45,tech,Mark Johnson,awk,3
geopaparazzi,45,tech,Mark Johnson,bat,2
geopaparazzi,45,tech,Mark Johnson,c,1166
geopaparazzi,45,tech,Mark Johnson,cmake,11
geopaparazzi,45,tech,Mark Johnson,com,20
geopaparazzi,45,tech,Mark Johnson,cpp,5
geopaparazzi,45,tech,Mark Johnson,css,1
geopaparazzi,45,tech,Mark Johnson,cxx,1
geopaparazzi,45,tech,Mark Johnson,h,592
geopaparazzi,45,tech,Mark Johnson,html,311
geopaparazzi,45,tech,Mark Johnson,inc,7
geopaparazzi,45,tech,Mark Johnson,iss,1
geopaparazzi,45,tech,Mark Johnson,java,48
geopaparazzi,45,tech,Mark Johnson,l,5
geopaparazzi,45,tech,Mark Johnson,m4,54
geopaparazzi,45,tech,Mark Johnson,mak,9
geopaparazzi,45,tech,Mark Johnson,mk,213
geopaparazzi,45,tech,Mark Johnson,mms,1
geopaparazzi,45,tech,Mark Johnson,pl,25
geopaparazzi,45,tech,Mark Johnson,pm,8
geopaparazzi,45,tech,Mark Johnson,py,12
geopaparazzi,45,tech,Mark Johnson,sh,28
geopaparazzi,45,tech,Mark Johnson,sql,1
geopaparazzi,45,tech,Mark Johnson,vbs,1
geopaparazzi,45,tech,Mark Johnson,y,5
geopaparazzi,46,tech,Andrewm-,java,175
geopaparazzi,46,tech,Mark Johnson,c,217
geopaparazzi,46,tech,Mark Johnson,h,39
geopaparazzi,46,tech,Mark Johnson,html,1
geopaparazzi,46,tech,Mark Johnson,java,4
geopaparazzi,46,tech,Mark Johnson,l,5
geopaparazzi,46,tech,Mark Johnson,m4,6
geopaparazzi,46,tech,Mark Johnson,mk,8
geopaparazzi,46,tech,Mark Johnson,sh,2
geopaparazzi,46,tech,Mark Johnson,y,5
geopaparazzi,47,tech,Andrewm-,java,669
geopaparazzi,47,tech,Mark Johnson,asc,4
geopaparazzi,47,tech,Mark Johnson,c,209
geopaparazzi,47,tech,Mark Johnson,h,51
geopaparazzi,47,tech,Mark Johnson,html,1
geopaparazzi,47,tech,Mark Johnson,java,6
geopaparazzi,47,tech,Mark Johnson,m4,12
geopaparazzi,47,tech,Mark Johnson,mk,6
geopaparazzi,47,tech,Mark Johnson,sh,4
geopaparazzi,47,tech,Mark Johnson,sql,1
geopaparazzi,48,tech,Andrewm-,java,54
geopaparazzi,49,tech,Mark Johnson,1,3
geopaparazzi,49,tech,Mark Johnson,3,1
geopaparazzi,49,tech,Mark Johnson,asc,2
geopaparazzi,49,tech,Mark Johnson,c,540
geopaparazzi,49,tech,Mark Johnson,cmake,9
geopaparazzi,49,tech,Mark Johnson,cpp,11
geopaparazzi,49,tech,Mark Johnson,cxx,1
geopaparazzi,49,tech,Mark Johnson,h,222
geopaparazzi,49,tech,Mark Johnson,htm,1
geopaparazzi,49,tech,Mark Johnson,html,1
geopaparazzi,49,tech,Mark Johnson,hxx,1
geopaparazzi,49,tech,Mark Johnson,iss,1
geopaparazzi,49,tech,Mark Johnson,java,15
geopaparazzi,49,tech,Mark Johnson,l,5
geopaparazzi,49,tech,Mark Johnson,m4,12
geopaparazzi,49,tech,Mark Johnson,mk,9
geopaparazzi,49,tech,Mark Johnson,sh,4
geopaparazzi,49,tech,Mark Johnson,tcl,3
geopaparazzi,49,tech,Mark Johnson,y,5
geopaparazzi,50,tech,Andrewm-,java,77
geopaparazzi,51,tech,Andrewm-,java,29
geopaparazzi,52,tech,Andrewm-,java,237
geopaparazzi,53,tech,Andrewm-,java,29
geopaparazzi,53,tech,Mark Johnson,c,151
geopaparazzi,53,tech,Mark Johnson,h,13
geopaparazzi,53,tech,Mark Johnson,html,1
geopaparazzi,53,tech,Mark Johnson,m4,2
geopaparazzi,53,tech,Mark Johnson,mk,13
geopaparazzi,54,tech,Andrewm-,java,131
geopaparazzi,55,tech,Andrewm-,java,13
geopaparazzi,56,tech,Andrewm-,html,1
geopaparazzi,56,tech,Andrewm-,java,41
geopaparazzi,57,tech,Andrewm-,java,2
geopaparazzi,57,tech,Mark Johnson,html,1
geopaparazzi,57,tech,Mark Johnson,java,78
geopaparazzi,58,tech,Andrewm-,bat,1
geopaparazzi,58,tech,Andrewm-,java,41
geopaparazzi,58,tech,Andrewm-,py,1
geopaparazzi,58,tech,Mark Johnson,1,66
geopaparazzi,58,tech,Mark Johnson,2,1
geopaparazzi,58,tech,Mark Johnson,3,289
geopaparazzi,58,tech,Mark Johnson,4,1
geopaparazzi,58,tech,Mark Johnson,6,1
geopaparazzi,58,tech,Mark Johnson,8,1
geopaparazzi,58,tech,Mark Johnson,asc,4
geopaparazzi,58,tech,Mark Johnson,asm,1
geopaparazzi,58,tech,Mark Johnson,awk,4
geopaparazzi,58,tech,Mark Johnson,bash,3
geopaparazzi,58,tech,Mark Johnson,bat,3
geopaparazzi,58,tech,Mark Johnson,c,2457
geopaparazzi,58,tech,Mark Johnson,cmake,22
geopaparazzi,58,tech,Mark Johnson,com,22
geopaparazzi,58,tech,Mark Johnson,cp,1
geopaparazzi,58,tech,Mark Johnson,cpp,12
geopaparazzi,58,tech,Mark Johnson,cs,9
geopaparazzi,58,tech,Mark Johnson,css,2
geopaparazzi,58,tech,Mark Johnson,cxx,1
geopaparazzi,58,tech,Mark Johnson,dcl,1
geopaparazzi,58,tech,Mark Johnson,h,923
geopaparazzi,58,tech,Mark Johnson,htm,6
geopaparazzi,58,tech,Mark Johnson,html,770
geopaparazzi,58,tech,Mark Johnson,hxx,1
geopaparazzi,58,tech,Mark Johnson,inc,19
geopaparazzi,58,tech,Mark Johnson,java,10
geopaparazzi,58,tech,Mark Johnson,js,2
geopaparazzi,58,tech,Mark Johnson,l,5
geopaparazzi,58,tech,Mark Johnson,m4,106
geopaparazzi,58,tech,Mark Johnson,mak,1
geopaparazzi,58,tech,Mark Johnson,mk,132
geopaparazzi,58,tech,Mark Johnson,mms,1
geopaparazzi,58,tech,Mark Johnson,pat,4
geopaparazzi,58,tech,Mark Johnson,php,1
geopaparazzi,58,tech,Mark Johnson,pl,30
geopaparazzi,58,tech,Mark Johnson,pm,6
geopaparazzi,58,tech,Mark Johnson,py,77
geopaparazzi,58,tech,Mark Johnson,sas,2
geopaparazzi,58,tech,Mark Johnson,sh,135
geopaparazzi,58,tech,Mark Johnson,st,5
geopaparazzi,58,tech,Mark Johnson,vbs,1
geopaparazzi,58,tech,Mark Johnson,vcl,1
geopaparazzi,58,tech,Mark Johnson,xhtml,3
geopaparazzi,58,tech,Mark Johnson,xsl,18
geopaparazzi,58,tech,Mark Johnson,y,5
geopaparazzi,59,tech,Andrewm-,css,6
geopaparazzi,59,tech,Andrewm-,html,23
geopaparazzi,59,tech,Andrewm-,java,51
geopaparazzi,59,tech,Andrewm-,js,11
geopaparazzi,59,tech,Andrewm-,py,6
geopaparazzi,59,tech,Andrewm-,sh,3
geopaparazzi,59,tech,Luca Mearelli,py,2
geopaparazzi,59,tech,Mark Johnson,java,76
geopaparazzi,60,tech,Mark Johnson,sh,17
geopaparazzi,60,tech,Mark Johnson,sql,38
geopaparazzi,61,tech,Andrewm-,java,36
geopaparazzi,61,tech,Mark Johnson,java,2
geopaparazzi,62,tech,Andrewm-,java,8
geopaparazzi,64,tech,Andrewm-,java,6
geopaparazzi,65,tech,Andrewm-,html,5
geopaparazzi,65,tech,Andrewm-,java,817
geopaparazzi,65,tech,Andrewm-,pro,2
geopaparazzi,65,tech,Andrewm-,sh,2
geopaparazzi,66,tech,Andrewm-,java,510
geopaparazzi,67,tech,Andrewm-,html,2
geopaparazzi,67,tech,Andrewm-,java,217
geopaparazzi,67,tech,Andrewm-,pro,2
geopaparazzi,67,tech,Andrewm-,sh,1
geopaparazzi,68,tech,Andrewm-,css,3
geopaparazzi,68,tech,Andrewm-,html,19
geopaparazzi,68,tech,Andrewm-,java,1057
geopaparazzi,68,tech,Andrewm-,js,5
geopaparazzi,68,tech,Andrewm-,pro,3
geopaparazzi,68,tech,Andrewm-,sh,1
geopaparazzi,68,tech,Mark Johnson,java,9
geopaparazzi,69,tech,Andrewm-,java,29
geopaparazzi,70,tech,Cesar Martinez Izquierdo,java,7
geopaparazzi,71,tech,Andrewm-,java,41
geopaparazzi,71,tech,Cesar Martinez Izquierdo,java,19
geopaparazzi,71,tech,Noreply,java,7
geopaparazzi,72,tech,Andrewm-,java,29
geopaparazzi,72,tech,Noreply,java,1
geopaparazzi,72,tech,Tim Howard,java,1
geopaparazzi,73,tech,Andrewm-,java,5
geopaparazzi,75,tech,Cesar Martinez Izquierdo,java,22
geopaparazzi,76,tech,Cesar Martinez Izquierdo,java,20
geopaparazzi,77,tech,Andrewm-,java,33
geopaparazzi,77,tech,Mark Johnson,1,10
geopaparazzi,77,tech,Mark Johnson,3,2
geopaparazzi,77,tech,Mark Johnson,asc,8
geopaparazzi,77,tech,Mark Johnson,bas,3
geopaparazzi,77,tech,Mark Johnson,bat,10
geopaparazzi,77,tech,Mark Johnson,c,2819
geopaparazzi,77,tech,Mark Johnson,cls,6
geopaparazzi,77,tech,Mark Johnson,cmake,18
geopaparazzi,77,tech,Mark Johnson,cpp,1898
geopaparazzi,77,tech,Mark Johnson,cs,76
geopaparazzi,77,tech,Mark Johnson,css,1
geopaparazzi,77,tech,Mark Johnson,cxx,4
geopaparazzi,77,tech,Mark Johnson,eps,2
geopaparazzi,77,tech,Mark Johnson,frm,1
geopaparazzi,77,tech,Mark Johnson,h,1695
geopaparazzi,77,tech,Mark Johnson,hpp,22
geopaparazzi,77,tech,Mark Johnson,html,172
geopaparazzi,77,tech,Mark Johnson,inc,11
geopaparazzi,77,tech,Mark Johnson,inl,34
geopaparazzi,77,tech,Mark Johnson,java,30
geopaparazzi,77,tech,Mark Johnson,l,36
geopaparazzi,77,tech,Mark Johnson,m4,149
geopaparazzi,77,tech,Mark Johnson,mk,54
geopaparazzi,77,tech,Mark Johnson,n,1
geopaparazzi,77,tech,Mark Johnson,php,6
geopaparazzi,77,tech,Mark Johnson,pl,32
geopaparazzi,77,tech,Mark Johnson,pro,1
geopaparazzi,77,tech,Mark Johnson,py,98
geopaparazzi,77,tech,Mark Johnson,rb,26
geopaparazzi,77,tech,Mark Johnson,sh,76
geopaparazzi,77,tech,Mark Johnson,sql,369
geopaparazzi,77,tech,Mark Johnson,t,7
geopaparazzi,77,tech,Mark Johnson,tex,2
geopaparazzi,77,tech,Mark Johnson,xsl,17
geopaparazzi,77,tech,Mark Johnson,y,39
geopaparazzi,77,tech,Noreply,java,45
geopaparazzi,78,tech,Andrewm-,html,2
geopaparazzi,78,tech,Andrewm-,java,429
geopaparazzi,78,tech,Andrewm-,pro,7
geopaparazzi,78,tech,Cesar Martinez Izquierdo,java,21
geopaparazzi,78,tech,Cesar Martinez Izquierdo,pro,1
geopaparazzi,78,tech,Noreply,java,22
geopaparazzi,78,tech,Noreply,pro,1
geopaparazzi,79,tech,Andrewm-,html,3
geopaparazzi,79,tech,Andrewm-,java,22
geopaparazzi,79,tech,Andrewm-,sh,1
geopaparazzi,79,tech,Cesar Martinez Izquierdo,java,8
geopaparazzi,79,tech,Mark Johnson,1,3
geopaparazzi,79,tech,Mark Johnson,c,50
geopaparazzi,79,tech,Mark Johnson,cmake,2
geopaparazzi,79,tech,Mark Johnson,h,19
geopaparazzi,79,tech,Mark Johnson,html,3
geopaparazzi,79,tech,Mark Johnson,inc,10
geopaparazzi,79,tech,Mark Johnson,m4,8
geopaparazzi,79,tech,Mark Johnson,mk,12
geopaparazzi,79,tech,Mark Johnson,py,2
geopaparazzi,79,tech,Mark Johnson,sh,2
geopaparazzi,79,tech,Noreply,java,8
geopaparazzi,80,tech,Andrewm-,bat,1
geopaparazzi,80,tech,Andrewm-,css,3
geopaparazzi,80,tech,Andrewm-,html,18
geopaparazzi,80,tech,Andrewm-,js,9
geopaparazzi,80,tech,Andrewm-,py,1
geopaparazzi,81,tech,Andrewm-,java,2
geopaparazzi,82,tech,Andrewm-,html,1
geopaparazzi,82,tech,Andrewm-,java,53
geopaparazzi,82,tech,Andrewm-,pro,1
geopaparazzi,84,tech,Andrewm-,java,1
geopaparazzi,85,tech,Andrewm-,java,24
geopaparazzi,86,tech,Andrewm-,html,1
geopaparazzi,86,tech,Andrewm-,java,9
geopaparazzi,87,tech,Andrewm-,java,48
geopaparazzi,87,tech,Andrewm-,pro,2
geopaparazzi,88,tech,Andrewm-,java,16
geopaparazzi,88,tech,Andrewm-,pro,1
geopaparazzi,90,tech,Brent Meyer,java,1
geopaparazzi,90,tech,Noreply,java,1
geopaparazzi,91,tech,Andrewm-,html,2
geopaparazzi,91,tech,Andrewm-,java,123
geopaparazzi,91,tech,Brent Fraser,java,20
geopaparazzi,91,tech,Brent Fraser,pro,1
geopaparazzi,91,tech,Mark Johnson,1,75
geopaparazzi,91,tech,Mark Johnson,2,4
geopaparazzi,91,tech,Mark Johnson,3,609
geopaparazzi,91,tech,Mark Johnson,4,3
geopaparazzi,91,tech,Mark Johnson,5,7
geopaparazzi,91,tech,Mark Johnson,6,3
geopaparazzi,91,tech,Mark Johnson,7,1
geopaparazzi,91,tech,Mark Johnson,8,3
geopaparazzi,91,tech,Mark Johnson,asc,4
geopaparazzi,91,tech,Mark Johnson,awk,8
geopaparazzi,91,tech,Mark Johnson,bash,3
geopaparazzi,91,tech,Mark Johnson,bat,17
geopaparazzi,91,tech,Mark Johnson,c,2900
geopaparazzi,91,tech,Mark Johnson,cc,6
geopaparazzi,91,tech,Mark Johnson,cmake,42
geopaparazzi,91,tech,Mark Johnson,cmd,2
geopaparazzi,91,tech,Mark Johnson,com,25
geopaparazzi,91,tech,Mark Johnson,cp,1
geopaparazzi,91,tech,Mark Johnson,cpp,463
geopaparazzi,91,tech,Mark Johnson,cs,9
geopaparazzi,91,tech,Mark Johnson,css,3
geopaparazzi,91,tech,Mark Johnson,cxx,5
geopaparazzi,91,tech,Mark Johnson,d,211
geopaparazzi,91,tech,Mark Johnson,dcl,1
geopaparazzi,91,tech,Mark Johnson,el,1
geopaparazzi,91,tech,Mark Johnson,go,1
geopaparazzi,91,tech,Mark Johnson,h,1895
geopaparazzi,91,tech,Mark Johnson,hpp,15
geopaparazzi,91,tech,Mark Johnson,htm,7
geopaparazzi,91,tech,Mark Johnson,html,716
geopaparazzi,91,tech,Mark Johnson,hxx,2
geopaparazzi,91,tech,Mark Johnson,inc,22
geopaparazzi,91,tech,Mark Johnson,inl,17
geopaparazzi,91,tech,Mark Johnson,iss,2
geopaparazzi,91,tech,Mark Johnson,java,15
geopaparazzi,91,tech,Mark Johnson,js,2
geopaparazzi,91,tech,Mark Johnson,l,5
geopaparazzi,91,tech,Mark Johnson,m4,265
geopaparazzi,91,tech,Mark Johnson,mak,4
geopaparazzi,91,tech,Mark Johnson,mk,134
geopaparazzi,91,tech,Mark Johnson,mms,1
geopaparazzi,91,tech,Mark Johnson,pat,4
geopaparazzi,91,tech,Mark Johnson,php,1
geopaparazzi,91,tech,Mark Johnson,pl,36
geopaparazzi,91,tech,Mark Johnson,pm,8
geopaparazzi,91,tech,Mark Johnson,py,104
geopaparazzi,91,tech,Mark Johnson,rb,13
geopaparazzi,91,tech,Mark Johnson,sh,175
geopaparazzi,91,tech,Mark Johnson,tcl,3
geopaparazzi,91,tech,Mark Johnson,vbs,1
geopaparazzi,91,tech,Mark Johnson,vcl,1
geopaparazzi,91,tech,Mark Johnson,xhtml,3
geopaparazzi,91,tech,Mark Johnson,xsl,20
geopaparazzi,91,tech,Mark Johnson,y,5
geopaparazzi,91,tech,Noreply,java,15
geopaparazzi,91,tech,Noreply,pro,1
geopaparazzi,91,tech,Tim Howard,java,3
geopaparazzi,92,tech,Andrewm-,java,1
geopaparazzi,92,tech,Brent Fraser,java,9
geopaparazzi,92,tech,Cesar.izq,java,12
geopaparazzi,92,tech,Noreply,java,86
geopaparazzi,92,tech,Noreply,pro,1
geopaparazzi,93,tech,Andrewm-,html,1
geopaparazzi,93,tech,Andrewm-,java,24
geopaparazzi,93,tech,Brent Fraser,java,10
geopaparazzi,93,tech,Mark Johnson,1,5
geopaparazzi,93,tech,Mark Johnson,3,398
geopaparazzi,93,tech,Mark Johnson,asc,2
geopaparazzi,93,tech,Mark Johnson,awk,2
geopaparazzi,93,tech,Mark Johnson,bat,6
geopaparazzi,93,tech,Mark Johnson,c,813
geopaparazzi,93,tech,Mark Johnson,cmake,14
geopaparazzi,93,tech,Mark Johnson,com,19
geopaparazzi,93,tech,Mark Johnson,cpp,4
geopaparazzi,93,tech,Mark Johnson,d,213
geopaparazzi,93,tech,Mark Johnson,h,266
geopaparazzi,93,tech,Mark Johnson,html,2
geopaparazzi,93,tech,Mark Johnson,inc,11
geopaparazzi,93,tech,Mark Johnson,l,5
geopaparazzi,93,tech,Mark Johnson,m4,35
geopaparazzi,93,tech,Mark Johnson,mak,1
geopaparazzi,93,tech,Mark Johnson,mk,35
geopaparazzi,93,tech,Mark Johnson,pl,33
geopaparazzi,93,tech,Mark Johnson,pm,10
geopaparazzi,93,tech,Mark Johnson,py,17
geopaparazzi,93,tech,Mark Johnson,sh,20
geopaparazzi,93,tech,Mark Johnson,vbs,1
geopaparazzi,93,tech,Mark Johnson,y,5
geopaparazzi,93,tech,Noreply,java,9
geopaparazzi,94,tech,Andrewm-,html,4
geopaparazzi,94,tech,Andrewm-,java,190
geopaparazzi,94,tech,Andrewm-,proto,12
geopaparazzi,94,tech,Andrewm-,sh,2
geopaparazzi,95,tech,Andrewm-,cs,1
geopaparazzi,95,tech,Andrewm-,h,1
geopaparazzi,95,tech,Andrewm-,html,8
geopaparazzi,95,tech,Andrewm-,java,170
geopaparazzi,95,tech,Andrewm-,js,1
geopaparazzi,95,tech,Andrewm-,m,1
geopaparazzi,95,tech,Andrewm-,proto,6
geopaparazzi,95,tech,Andrewm-,sh,2
geopaparazzi,95,tech,Brent Fraser,java,38
geopaparazzi,96,tech,Andrewm-,css,7
geopaparazzi,96,tech,Andrewm-,html,1
geopaparazzi,96,tech,Andrewm-,java,155
geopaparazzi,96,tech,Andrewm-,scss,12
geopaparazzi,96,tech,Brent Fraser,java,5
geopaparazzi,96,tech,Noreply,java,17
geopaparazzi,97,tech,Andrewm-,css,4
geopaparazzi,97,tech,Andrewm-,html,3
geopaparazzi,97,tech,Andrewm-,java,76
geopaparazzi,97,tech,Andrewm-,scss,9
geopaparazzi,97,tech,Brent Fraser,java,3
geopaparazzi,97,tech,Mark Johnson,h,2
geopaparazzi,98,tech,Andrewm-,css,1
geopaparazzi,98,tech,Andrewm-,html,1
geopaparazzi,98,tech,Andrewm-,java,160
geopaparazzi,98,tech,Andrewm-,scss,2
geopaparazzi,98,tech,Noreply,java,3
geopaparazzi,99,tech,Andrewm-,css,2
geopaparazzi,99,tech,Andrewm-,java,30
geopaparazzi,100,tech,Andrewm-,java,74
geopaparazzi,100,tech,Brent Fraser,java,35
geopaparazzi,100,tech,Noreply,java,18
geopaparazzi,103,tech,Andrewm-,java,4
geopaparazzi,104,tech,Andrewm-,html,88
geopaparazzi,104,tech,Andrewm-,java,1813
geopaparazzi,105,tech,Andrewm-,java,310
geopaparazzi,106,tech,Andrewm-,dart,32
geopaparazzi,106,tech,Andrewm-,h,1
geopaparazzi,106,tech,Andrewm-,html,2
geopaparazzi,106,tech,Andrewm-,java,1
geopaparazzi,106,tech,Andrewm-,m,2
geopaparazzi,107,tech,Andrewm-,dart,205
geopaparazzi,107,tech,Andrewm-,java,39
geopaparazzi,107,tech,Mark Johnson,1,84
geopaparazzi,107,tech,Mark Johnson,2,4
geopaparazzi,107,tech,Mark Johnson,3,657
geopaparazzi,107,tech,Mark Johnson,4,3
geopaparazzi,107,tech,Mark Johnson,5,7
geopaparazzi,107,tech,Mark Johnson,6,3
geopaparazzi,107,tech,Mark Johnson,7,1
geopaparazzi,107,tech,Mark Johnson,8,3
geopaparazzi,107,tech,Mark Johnson,asc,2
geopaparazzi,107,tech,Mark Johnson,awk,6
geopaparazzi,107,tech,Mark Johnson,bash,3
geopaparazzi,107,tech,Mark Johnson,bat,15
geopaparazzi,107,tech,Mark Johnson,c,2805
geopaparazzi,107,tech,Mark Johnson,cc,10
geopaparazzi,107,tech,Mark Johnson,cmake,63
geopaparazzi,107,tech,Mark Johnson,cmd,12
geopaparazzi,107,tech,Mark Johnson,com,25
geopaparazzi,107,tech,Mark Johnson,cp,1
geopaparazzi,107,tech,Mark Johnson,cpp,722
geopaparazzi,107,tech,Mark Johnson,cs,9
geopaparazzi,107,tech,Mark Johnson,css,10
geopaparazzi,107,tech,Mark Johnson,cxx,5
geopaparazzi,107,tech,Mark Johnson,d,221
geopaparazzi,107,tech,Mark Johnson,dcl,1
geopaparazzi,107,tech,Mark Johnson,el,1
geopaparazzi,107,tech,Mark Johnson,go,1
geopaparazzi,107,tech,Mark Johnson,h,2000
geopaparazzi,107,tech,Mark Johnson,hpp,33
geopaparazzi,107,tech,Mark Johnson,htm,7
geopaparazzi,107,tech,Mark Johnson,html,750
geopaparazzi,107,tech,Mark Johnson,hxx,2
geopaparazzi,107,tech,Mark Johnson,inc,26
geopaparazzi,107,tech,Mark Johnson,inl,17
geopaparazzi,107,tech,Mark Johnson,iss,2
geopaparazzi,107,tech,Mark Johnson,java,19
geopaparazzi,107,tech,Mark Johnson,js,28
geopaparazzi,107,tech,Mark Johnson,lua,2
geopaparazzi,107,tech,Mark Johnson,m4,263
geopaparazzi,107,tech,Mark Johnson,mak,4
geopaparazzi,107,tech,Mark Johnson,mk,161
geopaparazzi,107,tech,Mark Johnson,mms,1
geopaparazzi,107,tech,Mark Johnson,pat,4
geopaparazzi,107,tech,Mark Johnson,php,1
geopaparazzi,107,tech,Mark Johnson,pl,36
geopaparazzi,107,tech,Mark Johnson,pm,8
geopaparazzi,107,tech,Mark Johnson,py,107
geopaparazzi,107,tech,Mark Johnson,rb,13
geopaparazzi,107,tech,Mark Johnson,sh,205
geopaparazzi,107,tech,Mark Johnson,sql,31
geopaparazzi,107,tech,Mark Johnson,tcl,3
geopaparazzi,107,tech,Mark Johnson,vbs,1
geopaparazzi,107,tech,Mark Johnson,vcl,1
geopaparazzi,107,tech,Mark Johnson,xhtml,3
geopaparazzi,107,tech,Mark Johnson,xsl,20
geopaparazzi,107,tech,Mark Johnson,y,2
geopaparazzi,108,tech,404,dart,1
geopaparazzi,108,tech,Andrewm-,dart,84
geopaparazzi,108,tech,Andrewm-,html,1
geopaparazzi,108,tech,Andrewm-,java,282
geopaparazzi,108,tech,Brent Fraser,bat,1
geopaparazzi,108,tech,Brent Fraser,html,44
geopaparazzi,108,tech,Brent Fraser,java,927
geopaparazzi,108,tech,Noreply,java,4
geopaparazzi,109,tech,404,dart,4
geopaparazzi,109,tech,Andrewm-,dart,21
geopaparazzi,109,tech,Andrewm-,java,23
geopaparazzi,109,tech,Noreply,java,4
geopaparazzi,110,tech,Andrewm-,dart,14
geopaparazzi,110,tech,Andrewm-,h,1
geopaparazzi,110,tech,Andrewm-,java,39
geopaparazzi,110,tech,Andrewm-,kt,1
geopaparazzi,110,tech,Andrewm-,swift,1
geopaparazzi,111,tech,Andrewm-,dart,58
geopaparazzi,111,tech,Andrewm-,java,36
geopaparazzi,112,tech,Andrewm-,dart,4
geopaparazzi,112,tech,Andrewm-,h,1
geopaparazzi,112,tech,Andrewm-,html,6
geopaparazzi,112,tech,Andrewm-,java,37
geopaparazzi,112,tech,Andrewm-,js,2
geopaparazzi,112,tech,Andrewm-,m,2
geopaparazzi,112,tech,Noreply,bat,1
geopaparazzi,112,tech,Noreply,sh,1
geopaparazzi,112,tech,Taco,bat,1
geopaparazzi,112,tech,Taco,java,679
geopaparazzi,112,tech,Taco,pro,7
geopaparazzi,113,tech,Andrewm-,dart,175
geopaparazzi,113,tech,Andrewm-,java,28
geopaparazzi,113,tech,Andrewm-,sh,1
geopaparazzi,114,tech,Andrewm-,dart,18
geopaparazzi,114,tech,Andrewm-,java,1
geopaparazzi,114,tech,Andrewm-,sh,1
geopaparazzi,115,tech,Andrewm-,dart,34
geopaparazzi,115,tech,Andrewm-,java,5
geopaparazzi,115,tech,Andrewm-,podspec,1
geopaparazzi,115,tech,Andrewm-,sh,4
geopaparazzi,116,tech,Andrewm-,css,2
geopaparazzi,116,tech,Andrewm-,dart,287
geopaparazzi,116,tech,Andrewm-,html,9
geopaparazzi,116,tech,Andrewm-,java,8
geopaparazzi,116,tech,Andrewm-,js,18
geopaparazzi,116,tech,Andrewm-,scss,2
geopaparazzi,116,tech,Andrewm-,sh,4
geopaparazzi,117,tech,Andrewm-,dart,160
geopaparazzi,117,tech,Andrewm-,h,4
geopaparazzi,117,tech,Andrewm-,java,1
geopaparazzi,117,tech,Andrewm-,m,3
geopaparazzi,117,tech,Andrewm-,sh,3
geopaparazzi,117,tech,Andrewm-,swift,1
geopaparazzi,118,tech,Andrewm-,dart,387
geopaparazzi,118,tech,Andrewm-,h,1
geopaparazzi,118,tech,Andrewm-,html,1
geopaparazzi,118,tech,Andrewm-,java,61
geopaparazzi,118,tech,Andrewm-,js,4
geopaparazzi,118,tech,Andrewm-,kt,1
geopaparazzi,118,tech,Andrewm-,sh,6
geopaparazzi,118,tech,Andrewm-,swift,1
geopaparazzi,119,tech,Andrewm-,dart,214
geopaparazzi,119,tech,Andrewm-,java,30
geopaparazzi,119,tech,Andrewm-,sh,3
geopaparazzi,119,tech,Andrewm-,swift,3
geopaparazzi,120,tech,Andrewm-,cs,1
geopaparazzi,120,tech,Andrewm-,css,2
geopaparazzi,120,tech,Andrewm-,dart,139
geopaparazzi,120,tech,Andrewm-,h,2
geopaparazzi,120,tech,Andrewm-,html,5
geopaparazzi,120,tech,Andrewm-,java,167
geopaparazzi,120,tech,Andrewm-,js,3
geopaparazzi,120,tech,Andrewm-,kt,1
geopaparazzi,120,tech,Andrewm-,m,1
geopaparazzi,120,tech,Andrewm-,scss,6
geopaparazzi,120,tech,Andrewm-,sh,1
geopaparazzi,120,tech,Andrewm-,swift,1
geopaparazzi,121,tech,Andrewm-,dart,62
geopaparazzi,121,tech,Andrewm-,html,3
geopaparazzi,121,tech,Andrewm-,java,11
geopaparazzi,121,tech,Andrewm-,js,2
geopaparazzi,122,tech,Andrewm-,cc,3
geopaparazzi,122,tech,Andrewm-,cmake,1
geopaparazzi,122,tech,Andrewm-,dart,149
geopaparazzi,122,tech,Andrewm-,h,2
geopaparazzi,123,tech,Andrewm-,dart,30
geopaparazzi,123,tech,Andrewm-,html,5
geopaparazzi,123,tech,Andrewm-,js,2
geopaparazzi,124,tech,Andrewm-,dart,67
geopaparazzi,125,tech,Andrewm-,dart,107
geopaparazzi,126,tech,Andrewm-,dart,13
geopaparazzi,127,tech,Andrewm-,dart,37
geopaparazzi,127,tech,Andrewm-,podspec,1
geopaparazzi,128,tech,Andrewm-,dart,45
geopaparazzi,128,tech,Andrewm-,h,1
geopaparazzi,128,tech,Andrewm-,java,2
geopaparazzi,128,tech,Andrewm-,kt,1
geopaparazzi,128,tech,Andrewm-,swift,1
geopaparazzi,128,tech,Ken,dart,3
geopaparazzi,128,tech,Mario.danic,dart,29
geopaparazzi,128,tech,Noreply,dart,3
geopaparazzi,129,tech,Andrewm-,dart,43
geopaparazzi,129,tech,Andrewm-,java,3
geopaparazzi,129,tech,Mario.danic,dart,65
geopaparazzi,130,tech,Andrewm-,dart,25
geopaparazzi,130,tech,Andrewm-,html,1
geopaparazzi,130,tech,Andrewm-,java,8
geopaparazzi,130,tech,Francesco,sh,3
geopaparazzi,130,tech,Hofoen,java,2
geopaparazzi,130,tech,Noreply,sh,2
geopaparazzi,131,tech,Andrewm-,dart,10
geopaparazzi,131,tech,Francesco,java,1
geopaparazzi,132,tech,Andrewm-,dart,87
geopaparazzi,132,tech,Andrewm-,swift,1
geopaparazzi,132,tech,Noreply,java,3
geopaparazzi,133,tech,Andrewm-,dart,25
geopaparazzi,133,tech,Andrewm-,java,1
geopaparazzi,134,tech,Andrewm-,dart,2
geopaparazzi,134,tech,Andrewm-,java,1
geos,0,tech,Paul Sadauskas,css,1
geos,0,tech,Paul Sadauskas,html,2
geos,1,tech,Mateusz U,cxx,1
geos,1,tech,Mateusz U,h,1
geos,2,tech,Ben Straub,cpp,31
geos,2,tech,Ben Straub,h,35
geos,2,tech,Ben Straub,inl,1
geos,2,tech,Mateusz U,cpp,17
geos,2,tech,Mateusz U,h,4
geos,3,tech,Ben Straub,cpp,13
geos,3,tech,Ben Straub,h,35
geos,6,tech,Paul Sadauskas,cpp,1
geos,7,tech,Mateusz U,bat,1
geos,7,tech,Mateusz U,cpp,13
geos,7,tech,Mateusz U,h,6
geos,7,tech,Mateusz U,mk,1
geos,9,tech,Mateusz U,cpp,28
geos,9,tech,Mateusz U,h,10
geos,9,tech,Mateusz U,inl,2
geos,9,tech,Mateusz U,m4,1
geos,9,tech,Mateusz U,sh,1
geos,10,tech,Francesco Dal Canton,cpp,1
geos,10,tech,Mateusz U,cpp,59
geos,10,tech,Mateusz U,h,20
geos,10,tech,Paul Sadauskas,cpp,1
geos,10,tech,Paul Sadauskas,h,1
geos,10,tech,Sean Mountcastle,cpp,7
geos,10,tech,Sean Mountcastle,h,4
geos,11,tech,Mateusz U,cpp,17
geos,11,tech,Mateusz U,h,7
geos,11,tech,Paul Sadauskas,cpp,1
geos,12,tech,Francesco Dal Canton,cpp,2
geos,12,tech,Paul Sadauskas,bat,1
geos,12,tech,Paul Sadauskas,cpp,115
geos,12,tech,Paul Sadauskas,h,62
geos,12,tech,Paul Sadauskas,inl,3
geos,12,tech,Paul Sadauskas,m4,1
geos,12,tech,Paul Sadauskas,mk,1
geos,12,tech,Paul Sadauskas,sh,1
geos,13,tech,Paul Sadauskas,cpp,16
geos,13,tech,Paul Sadauskas,h,5
geos,15,tech,Mateusz U,bat,1
geos,15,tech,Mateusz U,c,2
geos,15,tech,Mateusz U,cpp,2
geos,15,tech,Mateusz U,h,13
geos,15,tech,Paul Sadauskas,c,3
geos,15,tech,Paul Sadauskas,cpp,18
geos,15,tech,Paul Sadauskas,h,8
geos,15,tech,Paul Sadauskas,sh,4
geos,15,tech,Stephen Wan,cpp,2
geos,15,tech,Stephen Wan,h,1
geos,17,tech,Mateusz U,cpp,22
geos,17,tech,Mateusz U,h,1
geos,17,tech,Mateusz U,mk,1
geos,17,tech,Mateusz U,sh,5
geos,17,tech,Paul Sadauskas,sh,3
geos,18,tech,Mateusz U,cpp,64
geos,18,tech,Mateusz U,h,10
geos,18,tech,Mateusz U,hpp,8
geos,18,tech,Paul Sadauskas,cpp,7
geos,18,tech,Paul Sadauskas,sh,1
geos,18,tech,Sandro Turriate,cpp,154
geos,18,tech,Sandro Turriate,h,137
geos,18,tech,Sandro Turriate,inl,10
geos,19,tech,Francesco Dal Canton,cpp,6
geos,19,tech,Mateusz U,cpp,1
geos,19,tech,Paul Sadauskas,cpp,17
geos,19,tech,Sandro Turriate,cpp,78
geos,19,tech,Sandro Turriate,h,46
geos,19,tech,Sandro Turriate,inl,4
geos,20,tech,Chris Ortner,cpp,1
geos,20,tech,Mateusz U,cpp,4
geos,20,tech,Mateusz U,h,1
geos,20,tech,Paul Sadauskas,c,1
geos,20,tech,Paul Sadauskas,cpp,3
geos,20,tech,Paul Sadauskas,mk,2
geos,20,tech,Sandro Turriate,cpp,126
geos,20,tech,Sandro Turriate,h,394
geos,20,tech,Sandro Turriate,inl,7
geos,21,tech,Paul Sadauskas,cpp,6
geos,21,tech,Paul Sadauskas,h,4
geos,21,tech,Sandro Turriate,h,1
geos,22,tech,Mateusz U,cpp,5
geos,22,tech,Mateusz U,h,1
geos,22,tech,Mateusz U,hpp,8
geos,22,tech,Paul Sadauskas,cpp,10
geos,22,tech,Paul Sadauskas,h,10
geos,22,tech,Sandro Turriate,cpp,8
geos,22,tech,Sandro Turriate,h,8
geos,23,tech,Paul Sadauskas,cpp,5
geos,23,tech,Sandro Turriate,cpp,3
geos,23,tech,Sandro Turriate,h,3
geos,24,tech,Francesco Dal Canton,mk,1
geos,24,tech,Mateusz U,cpp,2
geos,24,tech,Mateusz U,h,1
geos,24,tech,Paul Sadauskas,sh,1
geos,24,tech,Sandro Turriate,cpp,48
geos,24,tech,Sandro Turriate,h,20
geos,24,tech,Sandro Turriate,sh,3
geos,25,tech,Francesco Dal Canton,cpp,2
geos,25,tech,Mateusz U,cpp,11
geos,25,tech,Paul Sadauskas,cpp,33
geos,25,tech,Paul Sadauskas,h,14
geos,25,tech,Sandro Turriate,cpp,25
geos,25,tech,Sandro Turriate,h,15
geos,26,tech,Mateusz U,c,6
geos,26,tech,Mateusz U,cpp,81
geos,26,tech,Mateusz U,h,88
geos,26,tech,Mateusz U,hpp,2
geos,26,tech,Mateusz U,inl,1
geos,26,tech,Mateusz U,sh,1
geos,26,tech,Sandro Turriate,cpp,5
geos,26,tech,Sandro Turriate,h,3
geos,27,tech,Mateusz U,cmake,8
geos,27,tech,Mateusz U,cpp,289
geos,27,tech,Mateusz U,h,333
geos,27,tech,Mateusz U,hpp,2
geos,27,tech,Mateusz U,inl,21
geos,27,tech,Mateusz U,mk,1
geos,28,tech,Mateusz U,cmake,1
geos,28,tech,Mateusz U,cpp,3
geos,28,tech,Sandro Turriate,cpp,20
geos,28,tech,Sandro Turriate,h,7
geos,29,tech,Mateusz U,cpp,2
geos,29,tech,Mateusz U,h,2
geos,29,tech,Sandro Turriate,cpp,15
geos,29,tech,Sandro Turriate,h,4
geos,30,tech,Mateusz U,cpp,2
geos,30,tech,Mateusz U,h,60
geos,30,tech,Mateusz U,inl,2
geos,30,tech,Mateusz U,mk,2
geos,30,tech,Sandro Turriate,cpp,4
geos,31,tech,Francesco Dal Canton,cpp,14
geos,31,tech,Francesco Dal Canton,h,4
geos,31,tech,Francesco Dal Canton,inl,1
geos,31,tech,Sandro Turriate,cpp,3
geos,31,tech,Sandro Turriate,h,3
geos,32,tech,Francesco Dal Canton,cpp,26
geos,32,tech,Francesco Dal Canton,h,10
geos,32,tech,Sandro Turriate,c,78
geos,32,tech,Sandro Turriate,cpp,22
geos,32,tech,Sandro Turriate,h,9
geos,32,tech,Sandro Turriate,m4,1
geos,32,tech,Sandro Turriate,php,82
geos,32,tech,Sandro Turriate,sh,1
geos,33,tech,Sandro Turriate,c,4
geos,33,tech,Sandro Turriate,cpp,7
geos,33,tech,Sandro Turriate,h,5
geos,33,tech,Sandro Turriate,php,4
geos,34,tech,Sandro Turriate,h,2
geos,34,tech,Sean Mountcastle,cpp,2
geos,34,tech,Stephen Wan,cpp,4
geos,35,tech,Sandro Turriate,cpp,3
geos,35,tech,Sandro Turriate,h,4
geos,35,tech,Sandro Turriate,sh,1
geos,36,tech,Mateusz U,bat,1
geos,36,tech,Mateusz U,cpp,7
geos,36,tech,Mateusz U,h,1
geos,38,tech,Sandro Turriate,c,4
geos,38,tech,Sandro Turriate,cpp,38
geos,38,tech,Sandro Turriate,h,16
geos,38,tech,Sandro Turriate,php,4
geos,39,tech,Sandro Turriate,c,2
geos,39,tech,Sandro Turriate,cpp,4
geos,39,tech,Sandro Turriate,h,2
geos,39,tech,Sandro Turriate,php,2
geos,40,tech,Mateusz U,cpp,3
geos,40,tech,Mateusz U,h,7
geos,40,tech,Sandro Turriate,c,4
geos,40,tech,Sandro Turriate,cpp,83
geos,40,tech,Sandro Turriate,h,36
geos,40,tech,Sandro Turriate,inl,4
geos,40,tech,Sandro Turriate,php,6
geos,41,tech,Mateusz U,cpp,9
geos,41,tech,Mateusz U,h,79
geos,41,tech,Mateusz U,inl,1
geos,41,tech,Sandro Turriate,c,4
geos,41,tech,Sandro Turriate,cpp,50
geos,41,tech,Sandro Turriate,h,38
geos,41,tech,Sandro Turriate,inl,3
geos,41,tech,Sandro Turriate,php,4
geos,42,tech,Sandro Turriate,cpp,18
geos,42,tech,Sandro Turriate,h,7
geos,42,tech,Sandro Turriate,sh,2
geos,43,tech,Francesco Dal Canton,cpp,3
geos,43,tech,Francesco Dal Canton,h,1
geos,43,tech,Mateusz U,cpp,2
geos,43,tech,Mateusz U,h,2
geos,43,tech,Sandro Turriate,c,6
geos,43,tech,Sandro Turriate,cpp,90
geos,43,tech,Sandro Turriate,h,47
geos,43,tech,Sandro Turriate,inl,3
geos,43,tech,Sandro Turriate,php,6
geos,43,tech,Sandro Turriate,sh,1
geos,43,tech,Sean Mountcastle,cpp,6
geos,44,tech,Sandro Turriate,cpp,2
geos,44,tech,Sandro Turriate,php,4
geos,45,tech,Sandro Turriate,cpp,28
geos,45,tech,Sandro Turriate,h,8
geos,45,tech,Sandro Turriate,inl,1
geos,46,tech,Sandro Turriate,cpp,59
geos,46,tech,Sandro Turriate,h,30
geos,46,tech,Sandro Turriate,inl,4
geos,47,tech,Sandro Turriate,cpp,19
geos,47,tech,Sandro Turriate,h,4
geos,48,tech,Chris Ortner,cpp,3
geos,48,tech,Chris Ortner,h,27
geos,48,tech,Chris Ortner,hpp,1
geos,48,tech,Mateusz U,bat,2
geos,48,tech,Mateusz U,c,6
geos,48,tech,Mateusz U,cmake,2
geos,48,tech,Mateusz U,cpp,642
geos,48,tech,Mateusz U,h,631
geos,48,tech,Mateusz U,inl,30
geos,48,tech,Mateusz U,m4,2
geos,48,tech,Mateusz U,mk,2
geos,48,tech,Mateusz U,py,2
geos,48,tech,Mateusz U,sh,2
geos,48,tech,Sandro Turriate,cpp,9
geos,48,tech,Sandro Turriate,h,9
geos,49,tech,Mateusz U,cpp,1
geos,49,tech,Sandro Turriate,cpp,9
geos,50,tech,Chris Ortner,cpp,2
geos,50,tech,Sandro Turriate,cpp,30
geos,50,tech,Sandro Turriate,cxx,1
geos,50,tech,Sandro Turriate,h,20
geos,50,tech,Sandro Turriate,m4,3
geos,51,tech,Chris Ortner,cpp,1
geos,51,tech,Mateusz U,cpp,1
geos,51,tech,Sandro Turriate,cpp,2
geos,52,tech,Paul Sadauskas,1,1
geos,52,tech,Paul Sadauskas,c,3
geos,52,tech,Paul Sadauskas,cmake,1
geos,52,tech,Paul Sadauskas,cpp,287
geos,52,tech,Paul Sadauskas,h,348
geos,52,tech,Paul Sadauskas,inl,17
geos,52,tech,Paul Sadauskas,sh,1
geos,53,tech,Paul Sadauskas,cpp,5
geos,54,tech,Paul Sadauskas,1,1
geos,54,tech,Paul Sadauskas,bat,1
geos,54,tech,Paul Sadauskas,c,3
geos,54,tech,Paul Sadauskas,cmake,1
geos,54,tech,Paul Sadauskas,cpp,369
geos,54,tech,Paul Sadauskas,cxx,1
geos,54,tech,Paul Sadauskas,h,349
geos,54,tech,Paul Sadauskas,hpp,1
geos,54,tech,Paul Sadauskas,inl,17
geos,54,tech,Paul Sadauskas,m4,2
geos,54,tech,Paul Sadauskas,mk,1
geos,54,tech,Paul Sadauskas,py,1
geos,54,tech,Paul Sadauskas,sh,2
geos,54,tech,Sandro Turriate,cpp,32
geos,54,tech,Sandro Turriate,cxx,3
geos,54,tech,Sandro Turriate,h,17
geos,54,tech,Sandro Turriate,inl,1
geos,54,tech,Sandro Turriate,py,2
geos,55,tech,Sandro Turriate,c,2
geos,55,tech,Sandro Turriate,php,2
geoserver,0,social,Aaime@comune.modena.it,Aaime@comune.modena.it,0
geoserver,0,social,Aaime@comune.modena.it,Andrea Aime,139
geoserver,0,social,Aaime@comune.modena.it,Carlo Cancellieri,4
geoserver,0,social,Aaime@comune.modena.it,Davide Savazzi,6
geoserver,0,social,Aaime@comune.modena.it,Dwinslow,2
geoserver,0,social,Aaime@comune.modena.it,Frank Gasdorf,1
geoserver,0,social,Aaime@comune.modena.it,Gabriel Roldan,5
geoserver,0,social,Aaime@comune.modena.it,Ian Schneider,1
geoserver,0,social,Aaime@comune.modena.it,Jan-hendrikpeters,2
geoserver,0,social,Aaime@comune.modena.it,Jdeolive,15
geoserver,0,social,Aaime@comune.modena.it,Kevin Smith,4
geoserver,0,social,Aaime@comune.modena.it,Kevloral,2
geoserver,0,social,Aaime@comune.modena.it,Mbenowit,1
geoserver,0,social,Aaime@comune.modena.it,Mcrmcr,3
geoserver,0,social,Aaime@comune.modena.it,Michaelromero,3
geoserver,0,social,Aaime@comune.modena.it,Peter Hopfgartner,1
geoserver,0,social,Aaime@comune.modena.it,Samguymer,1
geoserver,0,social,Aaime@comune.modena.it,Simonlopez,2
geoserver,0,social,Aaime@comune.modena.it,Volayaf,5
geoserver,0,social,Ahocevar,Ahocevar,0
geoserver,0,social,Ahocevar,Chris Berkhout,1
geoserver,0,social,Andrea Aime,Aaime@comune.modena.it,139
geoserver,0,social,Andrea Aime,Andrea Aime,0
geoserver,0,social,Andrea Aime,Bernhard Kiselka,1
geoserver,0,social,Andrea Aime,Carlo Cancellieri,7
geoserver,0,social,Andrea Aime,Daniele Romagnoli,1
geoserver,0,social,Andrea Aime,Davide Savazzi,15
geoserver,0,social,Andrea Aime,Dwinslow,3
geoserver,0,social,Andrea Aime,Frank Gasdorf,2
geoserver,0,social,Andrea Aime,Gabriel Roldan,6
geoserver,0,social,Andrea Aime,Hans-joachimkliemeck,1
geoserver,0,social,Andrea Aime,Ian Schneider,1
geoserver,0,social,Andrea Aime,Jan-hendrikpeters,2
geoserver,0,social,Andrea Aime,Jdeolive,18
geoserver,0,social,Andrea Aime,Jesse Eichar,1
geoserver,0,social,Andrea Aime,Jody Garnett,2
geoserver,0,social,Andrea Aime,Jorge Sanz,1
geoserver,0,social,Andrea Aime,Kevin Smith,7
geoserver,0,social,Andrea Aime,Kevloral,2
geoserver,0,social,Andrea Aime,Landry Breuil,1
geoserver,0,social,Andrea Aime,Mbarto,1
geoserver,0,social,Andrea Aime,Mbenowit,1
geoserver,0,social,Andrea Aime,Mcrmcr,2
geoserver,0,social,Andrea Aime,Michaelromero,4
geoserver,0,social,Andrea Aime,Peter Hopfgartner,1
geoserver,0,social,Andrea Aime,Samguymer,1
geoserver,0,social,Andrea Aime,Simone Giannecchini,2
geoserver,0,social,Andrea Aime,Simonlopez,3
geoserver,0,social,Andrea Aime,Volayaf,8
geoserver,0,social,Andrea Aime,Yancy Matherne,2
geoserver,0,social,Ben Caradoc-davies,Ben Caradoc-davies,0
geoserver,0,social,Benjamin Trigona-harany,Benjamin Trigona-harany,0
geoserver,0,social,Bernhard Kiselka,Andrea Aime,1
geoserver,0,social,Bernhard Kiselka,Bernhard Kiselka,0
geoserver,0,social,Bernhard Kiselka,Dwinslow,1
geoserver,0,social,Carlo Cancellieri,Aaime@comune.modena.it,4
geoserver,0,social,Carlo Cancellieri,Andrea Aime,7
geoserver,0,social,Carlo Cancellieri,Carlo Cancellieri,0
geoserver,0,social,Carlo Cancellieri,Jdeolive,10
geoserver,0,social,Carlo Cancellieri,Mike Pumphrey,2
geoserver,0,social,Carlo Cancellieri,Simone Giannecchini,2
geoserver,0,social,Chris Berkhout,Ahocevar,1
geoserver,0,social,Chris Berkhout,Chris Berkhout,0
geoserver,0,social,Chris Berkhout,Jdeolive,1
geoserver,0,social,Daniele Romagnoli,Andrea Aime,1
geoserver,0,social,Daniele Romagnoli,Daniele Romagnoli,0
geoserver,0,social,Davide Savazzi,Aaime@comune.modena.it,6
geoserver,0,social,Davide Savazzi,Andrea Aime,15
geoserver,0,social,Davide Savazzi,Davide Savazzi,0
geoserver,0,social,Davide Savazzi,Jdeolive,3
geoserver,0,social,Davide Savazzi,Mcrmcr,1
geoserver,0,social,Dwinslow,Aaime@comune.modena.it,2
geoserver,0,social,Dwinslow,Andrea Aime,3
geoserver,0,social,Dwinslow,Bernhard Kiselka,1
geoserver,0,social,Dwinslow,Dwinslow,0
geoserver,0,social,Dwinslow,Jdeolive,1
geoserver,0,social,Dwinslow,Jody Garnett,1
geoserver,0,social,Edyskant,Edyskant,0
geoserver,0,social,Edyskant,Jdeolive,1
geoserver,0,social,Frank Gasdorf,Aaime@comune.modena.it,1
geoserver,0,social,Frank Gasdorf,Andrea Aime,2
geoserver,0,social,Frank Gasdorf,Frank Gasdorf,0
geoserver,0,social,Gabriel Roldan,Aaime@comune.modena.it,5
geoserver,0,social,Gabriel Roldan,Andrea Aime,6
geoserver,0,social,Gabriel Roldan,Gabriel Roldan,0
geoserver,0,social,Gabriel Roldan,Ian Schneider,1
geoserver,0,social,Gabriel Roldan,Jarederickson,1
geoserver,0,social,Gabriel Roldan,Jdeolive,5
geoserver,0,social,Gabriel Roldan,Kevin Smith,2
geoserver,0,social,Hans-joachimkliemeck,Andrea Aime,1
geoserver,0,social,Hans-joachimkliemeck,Hans-joachimkliemeck,0
geoserver,0,social,Hans-joachimkliemeck,Jdeolive,2
geoserver,0,social,Ian Schneider,Aaime@comune.modena.it,1
geoserver,0,social,Ian Schneider,Andrea Aime,1
geoserver,0,social,Ian Schneider,Gabriel Roldan,1
geoserver,0,social,Ian Schneider,Ian Schneider,0
geoserver,0,social,Ian Schneider,Jdeolive,3
geoserver,0,social,Jan-hendrikpeters,Aaime@comune.modena.it,2
geoserver,0,social,Jan-hendrikpeters,Andrea Aime,2
geoserver,0,social,Jan-hendrikpeters,Jan-hendrikpeters,0
geoserver,0,social,Jarederickson,Gabriel Roldan,1
geoserver,0,social,Jarederickson,Jarederickson,0
geoserver,0,social,Jdeolive,Aaime@comune.modena.it,15
geoserver,0,social,Jdeolive,Andrea Aime,18
geoserver,0,social,Jdeolive,Carlo Cancellieri,10
geoserver,0,social,Jdeolive,Chris Berkhout,1
geoserver,0,social,Jdeolive,Davide Savazzi,3
geoserver,0,social,Jdeolive,Dwinslow,1
geoserver,0,social,Jdeolive,Edyskant,1
geoserver,0,social,Jdeolive,Gabriel Roldan,5
geoserver,0,social,Jdeolive,Hans-joachimkliemeck,2
geoserver,0,social,Jdeolive,Ian Schneider,3
geoserver,0,social,Jdeolive,Jdeolive,0
geoserver,0,social,Jdeolive,Jody Garnett,4
geoserver,0,social,Jdeolive,Kevin Smith,4
geoserver,0,social,Jdeolive,Matt Walker,2
geoserver,0,social,Jdeolive,Mbenowit,1
geoserver,0,social,Jdeolive,Michaelromero,4
geoserver,0,social,Jdeolive,Mike Pumphrey,1
geoserver,0,social,Jdeolive,Samguymer,1
geoserver,0,social,Jesse Eichar,Andrea Aime,1
geoserver,0,social,Jesse Eichar,Jesse Eichar,0
geoserver,0,social,Jillaclark,Jillaclark,0
geoserver,0,social,Jody Garnett,Andrea Aime,2
geoserver,0,social,Jody Garnett,Dwinslow,1
geoserver,0,social,Jody Garnett,Jdeolive,4
geoserver,0,social,Jody Garnett,Jody Garnett,0
geoserver,0,social,Jorge Sanz,Andrea Aime,1
geoserver,0,social,Jorge Sanz,Jorge Sanz,0
geoserver,0,social,Kevin Smith,Aaime@comune.modena.it,4
geoserver,0,social,Kevin Smith,Andrea Aime,7
geoserver,0,social,Kevin Smith,Gabriel Roldan,2
geoserver,0,social,Kevin Smith,Jdeolive,4
geoserver,0,social,Kevin Smith,Kevin Smith,0
geoserver,0,social,Kevloral,Aaime@comune.modena.it,2
geoserver,0,social,Kevloral,Andrea Aime,2
geoserver,0,social,Kevloral,Kevloral,0
geoserver,0,social,Landry Breuil,Andrea Aime,1
geoserver,0,social,Landry Breuil,Landry Breuil,0
geoserver,0,social,Markpaxton,Markpaxton,0
geoserver,0,social,Matt Walker,Jdeolive,2
geoserver,0,social,Matt Walker,Matt Walker,0
geoserver,0,social,Mbarto,Andrea Aime,1
geoserver,0,social,Mbarto,Mbarto,0
geoserver,0,social,Mbenowit,Aaime@comune.modena.it,1
geoserver,0,social,Mbenowit,Andrea Aime,1
geoserver,0,social,Mbenowit,Jdeolive,1
geoserver,0,social,Mbenowit,Mbenowit,0
geoserver,0,social,Mbenowit,Michaelromero,1
geoserver,0,social,Mcrmcr,Aaime@comune.modena.it,3
geoserver,0,social,Mcrmcr,Andrea Aime,2
geoserver,0,social,Mcrmcr,Davide Savazzi,1
geoserver,0,social,Mcrmcr,Mcrmcr,0
geoserver,0,social,Michaelromero,Aaime@comune.modena.it,3
geoserver,0,social,Michaelromero,Andrea Aime,4
geoserver,0,social,Michaelromero,Jdeolive,4
geoserver,0,social,Michaelromero,Mbenowit,1
geoserver,0,social,Michaelromero,Michaelromero,0
geoserver,0,social,Michaelromero,Mike Pumphrey,1
geoserver,0,social,Mike Pumphrey,Carlo Cancellieri,2
geoserver,0,social,Mike Pumphrey,Jdeolive,1
geoserver,0,social,Mike Pumphrey,Michaelromero,1
geoserver,0,social,Mike Pumphrey,Mike Pumphrey,0
geoserver,0,social,Nielscharlier,Nielscharlier,0
geoserver,0,social,Nuno Oliveira,Nuno Oliveira,0
geoserver,0,social,Peter Hopfgartner,Aaime@comune.modena.it,1
geoserver,0,social,Peter Hopfgartner,Andrea Aime,1
geoserver,0,social,Peter Hopfgartner,Peter Hopfgartner,0
geoserver,0,social,Robert Coup,Robert Coup,0
geoserver,0,social,Robert Marianski,Robert Marianski,0
geoserver,0,social,Samguymer,Aaime@comune.modena.it,1
geoserver,0,social,Samguymer,Andrea Aime,1
geoserver,0,social,Samguymer,Jdeolive,1
geoserver,0,social,Samguymer,Samguymer,0
geoserver,0,social,Simone Giannecchini,Andrea Aime,2
geoserver,0,social,Simone Giannecchini,Carlo Cancellieri,2
geoserver,0,social,Simone Giannecchini,Simone Giannecchini,0
geoserver,0,social,Simonlopez,Aaime@comune.modena.it,2
geoserver,0,social,Simonlopez,Andrea Aime,3
geoserver,0,social,Simonlopez,Simonlopez,0
geoserver,0,social,Steen Hulthin Rasmussen,Steen Hulthin Rasmussen,0
geoserver,0,social,Tim Schaub,Tim Schaub,0
geoserver,0,social,Timvernum,Timvernum,0
geoserver,0,social,Tyler Mitchell,Tyler Mitchell,0
geoserver,0,social,Volayaf,Aaime@comune.modena.it,5
geoserver,0,social,Volayaf,Andrea Aime,8
geoserver,0,social,Volayaf,Volayaf,0
geoserver,0,social,Volayaf,Yancy Matherne,1
geoserver,0,social,Yancy Matherne,Andrea Aime,2
geoserver,0,social,Yancy Matherne,Volayaf,1
geoserver,0,social,Yancy Matherne,Yancy Matherne,0
geoserver,0,tech,406,java,79
geoserver,0,tech,Aaime@comune.modena.it,html,24
geoserver,0,tech,Aaime@comune.modena.it,java,304
geoserver,0,tech,Alessio Fabiani,java,140
geoserver,0,tech,Andrea Aime,html,12
geoserver,0,tech,Andrea Aime,java,152
geoserver,0,tech,Arne Kepp,java,21
geoserver,0,tech,Gabriel Roldan,java,3
geoserver,0,tech,Jdeolive,css,12
geoserver,0,tech,Jdeolive,html,6
geoserver,0,tech,Jdeolive,java,78
geoserver,0,tech,Jdeolive,js,9
geoserver,0,tech,Jdeolive,py,10
geoserver,0,tech,Rini Angreani,java,9
geoserver,0,tech,Simone Giannecchini,java,3
geoserver,0,tech,Tisham Dhar,java,13
geoserver,0,tech,Tisham Dhar,sld,3
geoserver,1,tech,406,html,39
geoserver,1,tech,406,java,105
geoserver,1,tech,Aaime@comune.modena.it,html,12
geoserver,1,tech,Aaime@comune.modena.it,java,166
geoserver,1,tech,Aaime@comune.modena.it,sld,6
geoserver,1,tech,Alessio Fabiani,java,54
geoserver,1,tech,Andrea Aime,html,6
geoserver,1,tech,Andrea Aime,java,83
geoserver,1,tech,Andrea Aime,sld,3
geoserver,1,tech,Arne Kepp,java,24
geoserver,1,tech,Ben Caradoc-davies,java,9
geoserver,1,tech,Davidrobison,java,28
geoserver,1,tech,Dwinslow,html,2
geoserver,1,tech,Dwinslow,java,11
geoserver,1,tech,Dwinslow,js,4
geoserver,1,tech,Emanuele Tajariol,java,67
geoserver,1,tech,Gabriel Roldan,html,3
geoserver,1,tech,Gabriel Roldan,java,12
geoserver,1,tech,Jdeolive,css,3
geoserver,1,tech,Jdeolive,html,45
geoserver,1,tech,Jdeolive,java,246
geoserver,1,tech,Mleslie,nsi,2
geoserver,1,tech,Mleslie,py,2
geoserver,1,tech,Rini Angreani,java,15
geoserver,1,tech,Simone Giannecchini,java,111
geoserver,2,tech,Aaime@comune.modena.it,html,6
geoserver,2,tech,Aaime@comune.modena.it,java,178
geoserver,2,tech,Aaime@comune.modena.it,sld,6
geoserver,2,tech,Alessio Fabiani,java,26
geoserver,2,tech,Andrea Aime,html,3
geoserver,2,tech,Andrea Aime,java,89
geoserver,2,tech,Andrea Aime,sld,3
geoserver,2,tech,Ben Caradoc-davies,java,3
geoserver,2,tech,Emanuele Tajariol,java,4
geoserver,2,tech,Jdeolive,html,3
geoserver,2,tech,Jdeolive,java,31
geoserver,2,tech,Mbarto,java,4
geoserver,2,tech,Mike Pumphrey,nsi,15
geoserver,2,tech,Rini Angreani,java,9
geoserver,2,tech,Ronak Patel,java,130
geoserver,2,tech,Simone Giannecchini,java,94
geoserver,3,tech,Aaime@comune.modena.it,ftl,4
geoserver,3,tech,Aaime@comune.modena.it,html,6
geoserver,3,tech,Aaime@comune.modena.it,java,470
geoserver,3,tech,Andrea Aime,ftl,2
geoserver,3,tech,Andrea Aime,html,3
geoserver,3,tech,Andrea Aime,java,235
geoserver,3,tech,Ben Caradoc-davies,java,9
geoserver,3,tech,Jdeolive,bat,2
geoserver,3,tech,Jdeolive,ftl,2
geoserver,3,tech,Jdeolive,html,4
geoserver,3,tech,Jdeolive,java,148
geoserver,3,tech,Jdeolive,py,12
geoserver,3,tech,Rini Angreani,java,3
geoserver,3,tech,Simone Giannecchini,java,10
geoserver,4,tech,Aaime@comune.modena.it,html,6
geoserver,4,tech,Aaime@comune.modena.it,java,190
geoserver,4,tech,Aaime@comune.modena.it,sld,20
geoserver,4,tech,Andrea Aime,html,3
geoserver,4,tech,Andrea Aime,java,95
geoserver,4,tech,Andrea Aime,sld,10
geoserver,4,tech,Arne Kepp,css,4
geoserver,4,tech,Arne Kepp,java,6
geoserver,4,tech,Ben Caradoc-davies,html,3
geoserver,4,tech,Ben Caradoc-davies,java,27
geoserver,4,tech,Dwinslow,css,42
geoserver,4,tech,Dwinslow,html,12
geoserver,4,tech,Dwinslow,java,3
geoserver,4,tech,Dwinslow,scala,63
geoserver,4,tech,Gabriel Roldan,html,6
geoserver,4,tech,Gabriel Roldan,java,43
geoserver,4,tech,Gabriel Roldan,sld,12
geoserver,4,tech,Rini Angreani,java,6
geoserver,5,tech,Aaime@comune.modena.it,html,6
geoserver,5,tech,Aaime@comune.modena.it,java,1088
geoserver,5,tech,Aaime@comune.modena.it,sld,36
geoserver,5,tech,Aaime@comune.modena.it,sql,40
geoserver,5,tech,Andrea Aime,html,3
geoserver,5,tech,Andrea Aime,java,544
geoserver,5,tech,Andrea Aime,sld,18
geoserver,5,tech,Andrea Aime,sql,20
geoserver,5,tech,Ben Caradoc-davies,java,6
geoserver,5,tech,Dwinslow,css,12
geoserver,5,tech,Dwinslow,html,12
geoserver,5,tech,Dwinslow,java,3
geoserver,5,tech,Dwinslow,scala,66
geoserver,5,tech,Gabriel Roldan,java,6
geoserver,5,tech,Jdeolive,java,6
geoserver,5,tech,Mike Pumphrey,sld,54
geoserver,5,tech,Rini Angreani,java,58
geoserver,6,tech,404,java,3
geoserver,6,tech,Aaime@comune.modena.it,ftl,24
geoserver,6,tech,Aaime@comune.modena.it,html,44
geoserver,6,tech,Aaime@comune.modena.it,java,2874
geoserver,6,tech,Alessio Fabiani,java,14
geoserver,6,tech,Andrea Aime,ftl,12
geoserver,6,tech,Andrea Aime,html,22
geoserver,6,tech,Andrea Aime,java,1437
geoserver,6,tech,Arne Kepp,java,2
geoserver,6,tech,Ben Caradoc-davies,java,6
geoserver,6,tech,Dany111,java,4
geoserver,6,tech,Dwinslow,css,5
geoserver,6,tech,Dwinslow,scala,53
geoserver,6,tech,Jdeolive,1,4
geoserver,6,tech,Jdeolive,html,9
geoserver,6,tech,Jdeolive,java,53
geoserver,6,tech,Jdeolive,py,9
geoserver,6,tech,Jdeolive,sh,6
geoserver,6,tech,Mbarto,java,10
geoserver,6,tech,Michael Richardson,java,3
geoserver,6,tech,Rini Angreani,java,12
geoserver,6,tech,Simone Giannecchini,java,24
geoserver,6,tech,Victor,bat,10
geoserver,6,tech,Victor,css,43
geoserver,6,tech,Victor,ftl,52
geoserver,6,tech,Victor,html,232
geoserver,6,tech,Victor,java,2171
geoserver,6,tech,Victor,js,209
geoserver,6,tech,Victor,jsp,74
geoserver,6,tech,Victor,nsi,2
geoserver,6,tech,Victor,php,1
geoserver,6,tech,Victor,py,6
geoserver,6,tech,Victor,scala,21
geoserver,6,tech,Victor,sch,1
geoserver,6,tech,Victor,sh,16
geoserver,6,tech,Victor,sld,197
geoserver,6,tech,Victor,sql,6
geoserver,6,tech,Victor,xsl,45
geoserver,7,tech,Aaime@comune.modena.it,css,4
geoserver,7,tech,Aaime@comune.modena.it,ftl,4
geoserver,7,tech,Aaime@comune.modena.it,html,36
geoserver,7,tech,Aaime@comune.modena.it,java,740
geoserver,7,tech,Aaime@comune.modena.it,js,2
geoserver,7,tech,Aaime@comune.modena.it,sld,52
geoserver,7,tech,Andrea Aime,css,2
geoserver,7,tech,Andrea Aime,ftl,2
geoserver,7,tech,Andrea Aime,html,18
geoserver,7,tech,Andrea Aime,java,370
geoserver,7,tech,Andrea Aime,js,1
geoserver,7,tech,Andrea Aime,sld,26
geoserver,7,tech,Arne Kepp,ftl,3
geoserver,7,tech,Arne Kepp,java,48
geoserver,7,tech,Ben Caradoc-davies,java,27
geoserver,7,tech,Dwinslow,css,6
geoserver,7,tech,Dwinslow,scala,26
geoserver,7,tech,Gabriel Roldan,html,8
geoserver,7,tech,Gabriel Roldan,java,38
geoserver,7,tech,Jdeolive,java,26
geoserver,7,tech,Mbarto,java,4
geoserver,7,tech,Rini Angreani,java,9
geoserver,7,tech,Simone Giannecchini,java,5
geoserver,7,tech,Victor,nsi,1
geoserver,8,tech,404,html,3
geoserver,8,tech,404,java,27
geoserver,8,tech,Aaime@comune.modena.it,ftl,4
geoserver,8,tech,Aaime@comune.modena.it,html,24
geoserver,8,tech,Aaime@comune.modena.it,java,776
geoserver,8,tech,Andrea Aime,ftl,2
geoserver,8,tech,Andrea Aime,html,12
geoserver,8,tech,Andrea Aime,java,388
geoserver,8,tech,Ben Caradoc-davies,java,7
geoserver,8,tech,Dwinslow,css,27
geoserver,8,tech,Dwinslow,scala,59
geoserver,8,tech,Dwinslow,sld,6
geoserver,8,tech,Gabriel Roldan,java,40
geoserver,8,tech,Jdeolive,ftl,6
geoserver,8,tech,Jdeolive,java,12
geoserver,8,tech,Rini Angreani,java,11
geoserver,8,tech,Simone Giannecchini,java,20
geoserver,8,tech,Victor,java,4
geoserver,9,tech,404,java,3
geoserver,9,tech,Aaime@comune.modena.it,html,22
geoserver,9,tech,Aaime@comune.modena.it,java,430
geoserver,9,tech,Aaime@comune.modena.it,sld,6
geoserver,9,tech,Andrea Aime,html,11
geoserver,9,tech,Andrea Aime,java,215
geoserver,9,tech,Andrea Aime,sld,3
geoserver,9,tech,Arne Kepp,java,1
geoserver,9,tech,Ben Caradoc-davies,java,30
geoserver,9,tech,Dany111,html,4
geoserver,9,tech,Dany111,java,24
geoserver,9,tech,Dwinslow,html,2
geoserver,9,tech,Dwinslow,java,3
geoserver,9,tech,Gabriel Roldan,java,89
geoserver,9,tech,Jdeolive,java,39
geoserver,9,tech,Rini Angreani,java,18
geoserver,9,tech,Victor,java,12
geoserver,10,tech,404,java,6
geoserver,10,tech,Aaime@comune.modena.it,html,8
geoserver,10,tech,Aaime@comune.modena.it,java,64
geoserver,10,tech,Alessio Fabiani,ftl,10
geoserver,10,tech,Alessio Fabiani,java,26
geoserver,10,tech,Andrea Aime,html,4
geoserver,10,tech,Andrea Aime,java,32
geoserver,10,tech,Ben Caradoc-davies,java,6
geoserver,10,tech,Dwinslow,css,77
geoserver,10,tech,Dwinslow,scala,66
geoserver,10,tech,Dwinslow,sld,6
geoserver,10,tech,Gabriel Roldan,java,8
geoserver,10,tech,Jdeolive,css,4
geoserver,10,tech,Jdeolive,ftl,3
geoserver,10,tech,Jdeolive,html,16
geoserver,10,tech,Jdeolive,java,365
geoserver,10,tech,Jdeolive,nsi,4
geoserver,10,tech,Jdeolive,py,90
geoserver,10,tech,Rini Angreani,java,3
geoserver,10,tech,Victor,java,3
geoserver,11,tech,Aaime@comune.modena.it,html,6
geoserver,11,tech,Aaime@comune.modena.it,java,54
geoserver,11,tech,Andrea Aime,html,3
geoserver,11,tech,Andrea Aime,java,27
geoserver,11,tech,Arne Kepp,java,1
geoserver,11,tech,Ben Caradoc-davies,java,6
geoserver,11,tech,Dwinslow,java,1
geoserver,11,tech,Gabriel Roldan,ftl,60
geoserver,11,tech,Gabriel Roldan,html,6
geoserver,11,tech,Gabriel Roldan,java,2242
geoserver,11,tech,Gabriel Roldan,sld,62
geoserver,11,tech,Jdeolive,html,10
geoserver,11,tech,Jdeolive,java,379
geoserver,11,tech,Jdeolive,sh,4
geoserver,11,tech,Nielscharlier,java,22
geoserver,11,tech,Rini Angreani,java,10
geoserver,12,tech,404,java,6
geoserver,12,tech,Aaime@comune.modena.it,css,80
geoserver,12,tech,Aaime@comune.modena.it,ftl,20
geoserver,12,tech,Aaime@comune.modena.it,html,188
geoserver,12,tech,Aaime@comune.modena.it,java,2170
geoserver,12,tech,Aaime@comune.modena.it,js,132
geoserver,12,tech,Aaime@comune.modena.it,sld,92
geoserver,12,tech,Andrea Aime,css,40
geoserver,12,tech,Andrea Aime,ftl,10
geoserver,12,tech,Andrea Aime,html,94
geoserver,12,tech,Andrea Aime,java,1085
geoserver,12,tech,Andrea Aime,js,66
geoserver,12,tech,Andrea Aime,sld,46
geoserver,12,tech,Ben Caradoc-davies,java,5
geoserver,12,tech,Dwinslow,scala,4
geoserver,12,tech,Gabriel Roldan,css,8
geoserver,12,tech,Gabriel Roldan,html,36
geoserver,12,tech,Gabriel Roldan,java,346
geoserver,12,tech,Gabriel Roldan,js,50
geoserver,12,tech,Gabriel Roldan,jsp,146
geoserver,12,tech,Gabriel Roldan,sld,8
geoserver,12,tech,Jdeolive,css,4
geoserver,12,tech,Jdeolive,html,14
geoserver,12,tech,Jdeolive,java,226
geoserver,12,tech,Mbarto,java,10
geoserver,12,tech,Mbarto,sld,3
geoserver,12,tech,Michael Richardson,html,4
geoserver,12,tech,Michael Richardson,java,190
geoserver,12,tech,Mike Pumphrey,sld,24
geoserver,12,tech,Nielscharlier,java,13
geoserver,12,tech,Rini Angreani,java,10
geoserver,12,tech,Victor,java,34
geoserver,13,tech,Aaime@comune.modena.it,ftl,4
geoserver,13,tech,Aaime@comune.modena.it,html,8
geoserver,13,tech,Aaime@comune.modena.it,java,208
geoserver,13,tech,Alessio Fabiani,java,1
geoserver,13,tech,Alessio Fabiani,nsi,1
geoserver,13,tech,Andrea Aime,ftl,2
geoserver,13,tech,Andrea Aime,html,4
geoserver,13,tech,Andrea Aime,java,104
geoserver,13,tech,Gabriel Roldan,java,66
geoserver,13,tech,Jdeolive,html,4
geoserver,13,tech,Jdeolive,java,208
geoserver,13,tech,Jdeolive,nsi,1
geoserver,13,tech,Jdeolive,py,8
geoserver,13,tech,Jdeolive,sh,2
geoserver,13,tech,Jdeolive,sld,42
geoserver,13,tech,Mbarto,java,6
geoserver,13,tech,Mbarto,sld,3
geoserver,13,tech,Simone Giannecchini,java,4
geoserver,14,tech,Aaime@comune.modena.it,ftl,4
geoserver,14,tech,Aaime@comune.modena.it,html,30
geoserver,14,tech,Aaime@comune.modena.it,java,850
geoserver,14,tech,Andrea Aime,ftl,2
geoserver,14,tech,Andrea Aime,html,15
geoserver,14,tech,Andrea Aime,java,425
geoserver,14,tech,Dany111,html,2
geoserver,14,tech,Dany111,java,12
geoserver,14,tech,Gabriel Roldan,css,6
geoserver,14,tech,Gabriel Roldan,html,21
geoserver,14,tech,Gabriel Roldan,java,88
geoserver,14,tech,Gabriel Roldan,xsl,2
geoserver,14,tech,Jdeolive,ftl,48
geoserver,14,tech,Jdeolive,java,208
geoserver,14,tech,Jdeolive,js,18
geoserver,14,tech,Jdeolive,nsi,2
geoserver,14,tech,Jdeolive,py,8
geoserver,14,tech,Jdeolive,sh,20
geoserver,14,tech,Simone Giannecchini,java,14
geoserver,15,tech,Aaime@comune.modena.it,html,22
geoserver,15,tech,Aaime@comune.modena.it,java,364
geoserver,15,tech,Andrea Aime,html,11
geoserver,15,tech,Andrea Aime,java,182
geoserver,15,tech,Dany111,java,9
geoserver,15,tech,Gabriel Roldan,ftl,3
geoserver,15,tech,Gabriel Roldan,java,65
geoserver,15,tech,Jdeolive,html,1
geoserver,15,tech,Jdeolive,java,146
geoserver,15,tech,Jdeolive,js,1
geoserver,15,tech,Mike Pumphrey,html,6
geoserver,15,tech,Mike Pumphrey,nsi,3
geoserver,15,tech,Mike Pumphrey,py,6
geoserver,15,tech,Nielscharlier,java,7
geoserver,15,tech,Nielscharlier,sld,3
geoserver,15,tech,Rini Angreani,java,2
geoserver,15,tech,Victor,java,10
geoserver,15,tech,Victor,xslt,3
geoserver,16,tech,Aaime@comune.modena.it,ftl,6
geoserver,16,tech,Aaime@comune.modena.it,html,6
geoserver,16,tech,Aaime@comune.modena.it,java,312
geoserver,16,tech,Aaime@comune.modena.it,nsi,4
geoserver,16,tech,Aaime@comune.modena.it,py,4
geoserver,16,tech,Andrea Aime,ftl,3
geoserver,16,tech,Andrea Aime,html,3
geoserver,16,tech,Andrea Aime,java,156
geoserver,16,tech,Andrea Aime,nsi,2
geoserver,16,tech,Andrea Aime,py,2
geoserver,16,tech,Ben Caradoc-davies,java,10
geoserver,16,tech,Dwinslow,java,21
geoserver,16,tech,Gabriel Roldan,css,1
geoserver,16,tech,Gabriel Roldan,html,5
geoserver,16,tech,Gabriel Roldan,java,15
geoserver,16,tech,Jdeolive,html,3
geoserver,16,tech,Jdeolive,java,71
geoserver,16,tech,Nielscharlier,ftl,1
geoserver,16,tech,Nielscharlier,java,31
geoserver,16,tech,Tisham Dhar,java,51
geoserver,16,tech,Tisham Dhar,sld,5
geoserver,16,tech,Victor,java,12
geoserver,17,tech,Aaime@comune.modena.it,html,2
geoserver,17,tech,Aaime@comune.modena.it,java,142
geoserver,17,tech,Aaime@comune.modena.it,sld,10
geoserver,17,tech,Andrea Aime,html,1
geoserver,17,tech,Andrea Aime,java,71
geoserver,17,tech,Andrea Aime,sld,5
geoserver,17,tech,Dany111,java,2
geoserver,17,tech,Gabriel Roldan,css,2
geoserver,17,tech,Gabriel Roldan,html,39
geoserver,17,tech,Gabriel Roldan,java,262
geoserver,17,tech,Jdeolive,java,32
geoserver,17,tech,Jdeolive,nsi,2
geoserver,17,tech,Jdeolive,py,12
geoserver,17,tech,Jdeolive,sh,2
geoserver,17,tech,Nielscharlier,java,6
geoserver,17,tech,Victor,java,14
geoserver,18,tech,Aaime@comune.modena.it,html,18
geoserver,18,tech,Aaime@comune.modena.it,java,202
geoserver,18,tech,Aaime@comune.modena.it,nsi,2
geoserver,18,tech,Aaime@comune.modena.it,py,4
geoserver,18,tech,Aaime@comune.modena.it,sld,8
geoserver,18,tech,Andrea Aime,html,9
geoserver,18,tech,Andrea Aime,java,101
geoserver,18,tech,Andrea Aime,nsi,1
geoserver,18,tech,Andrea Aime,py,2
geoserver,18,tech,Andrea Aime,sld,4
geoserver,18,tech,Ben Caradoc-davies,java,12
geoserver,18,tech,Ben Caradoc-davies,xslt,1
geoserver,18,tech,Dwinslow,java,4
geoserver,18,tech,Dwinslow,scala,2
geoserver,18,tech,Gabriel Roldan,css,1
geoserver,18,tech,Gabriel Roldan,html,6
geoserver,18,tech,Gabriel Roldan,java,135
geoserver,18,tech,Gabriel Roldan,sh,1
geoserver,18,tech,Gabriel Roldan,sld,1
geoserver,18,tech,Jdeolive,css,2
geoserver,18,tech,Jdeolive,html,2
geoserver,18,tech,Jdeolive,java,25
geoserver,18,tech,Jdeolive,nsi,1
geoserver,18,tech,Jdeolive,py,4
geoserver,18,tech,Jody.garnett,java,2
geoserver,18,tech,Mbarto,java,4
geoserver,18,tech,Michael Richardson,java,78
geoserver,18,tech,Nielscharlier,java,2
geoserver,18,tech,Rini Angreani,ftl,1
geoserver,18,tech,Rini Angreani,java,4
geoserver,18,tech,Shane907,java,7
geoserver,18,tech,Victor,java,13
geoserver,19,tech,404,java,2
geoserver,19,tech,Aaime@comune.modena.it,1,12
geoserver,19,tech,Aaime@comune.modena.it,asc,6
geoserver,19,tech,Aaime@comune.modena.it,bat,66
geoserver,19,tech,Aaime@comune.modena.it,css,254
geoserver,19,tech,Aaime@comune.modena.it,ftl,364
geoserver,19,tech,Aaime@comune.modena.it,html,1430
geoserver,19,tech,Aaime@comune.modena.it,java,16112
geoserver,19,tech,Aaime@comune.modena.it,js,1336
geoserver,19,tech,Aaime@comune.modena.it,jsp,6
geoserver,19,tech,Aaime@comune.modena.it,nsi,6
geoserver,19,tech,Aaime@comune.modena.it,php,6
geoserver,19,tech,Aaime@comune.modena.it,py,166
geoserver,19,tech,Aaime@comune.modena.it,scala,30
geoserver,19,tech,Aaime@comune.modena.it,sch,6
geoserver,19,tech,Aaime@comune.modena.it,sh,96
geoserver,19,tech,Aaime@comune.modena.it,sld,1236
geoserver,19,tech,Aaime@comune.modena.it,sql,60
geoserver,19,tech,Aaime@comune.modena.it,xsl,276
geoserver,19,tech,Aaime@comune.modena.it,xslt,8
geoserver,19,tech,Andrea Aime,1,6
geoserver,19,tech,Andrea Aime,asc,3
geoserver,19,tech,Andrea Aime,bat,33
geoserver,19,tech,Andrea Aime,css,127
geoserver,19,tech,Andrea Aime,ftl,182
geoserver,19,tech,Andrea Aime,html,715
geoserver,19,tech,Andrea Aime,java,8056
geoserver,19,tech,Andrea Aime,js,668
geoserver,19,tech,Andrea Aime,jsp,3
geoserver,19,tech,Andrea Aime,nsi,3
geoserver,19,tech,Andrea Aime,php,3
geoserver,19,tech,Andrea Aime,py,83
geoserver,19,tech,Andrea Aime,scala,15
geoserver,19,tech,Andrea Aime,sch,3
geoserver,19,tech,Andrea Aime,sh,48
geoserver,19,tech,Andrea Aime,sld,618
geoserver,19,tech,Andrea Aime,sql,30
geoserver,19,tech,Andrea Aime,xsl,138
geoserver,19,tech,Andrea Aime,xslt,4
geoserver,19,tech,Ben Caradoc-davies,sld,4
geoserver,19,tech,Dany111,java,5
geoserver,19,tech,Gabriel Roldan,css,2
geoserver,19,tech,Gabriel Roldan,ftl,2
geoserver,19,tech,Gabriel Roldan,html,29
geoserver,19,tech,Gabriel Roldan,java,119
geoserver,19,tech,Jdeolive,css,1
geoserver,19,tech,Jdeolive,java,16
geoserver,19,tech,Jody.garnett,java,4
geoserver,19,tech,Michael Richardson,java,2
geoserver,19,tech,Nielscharlier,java,7
geoserver,19,tech,Shane907,java,2
geoserver,19,tech,Tisham Dhar,java,2
geoserver,19,tech,Victor,java,5
geoserver,19,tech,Victor,xslt,2
geoserver,20,tech,404,java,28
geoserver,20,tech,Aaime@comune.modena.it,html,26
geoserver,20,tech,Aaime@comune.modena.it,java,1240
geoserver,20,tech,Aaime@comune.modena.it,sld,30
geoserver,20,tech,Andrea Aime,html,13
geoserver,20,tech,Andrea Aime,java,620
geoserver,20,tech,Andrea Aime,sld,15
geoserver,20,tech,Ben Caradoc-davies,java,10
geoserver,20,tech,Dany111,java,12
geoserver,20,tech,Gabriel Roldan,html,23
geoserver,20,tech,Gabriel Roldan,java,239
geoserver,20,tech,Jdeolive,java,15
geoserver,20,tech,Mleslie,nsi,1
geoserver,20,tech,Mleslie,py,2
geoserver,20,tech,Nielscharlier,java,12
geoserver,20,tech,Rini Angreani,java,2
geoserver,20,tech,Victor,java,16
geoserver,21,tech,404,java,18
geoserver,21,tech,Aaime@comune.modena.it,ftl,30
geoserver,21,tech,Aaime@comune.modena.it,html,6
geoserver,21,tech,Aaime@comune.modena.it,java,708
geoserver,21,tech,Alessio Fabiani,java,34
geoserver,21,tech,Andrea Aime,ftl,15
geoserver,21,tech,Andrea Aime,html,3
geoserver,21,tech,Andrea Aime,java,354
geoserver,21,tech,Ben Caradoc-davies,java,10
geoserver,21,tech,Dany111,java,8
geoserver,21,tech,Gabriel Roldan,java,48
geoserver,21,tech,Ian Schneider,java,10
geoserver,21,tech,Ianschneider,java,42
geoserver,21,tech,Jdeolive,java,55
geoserver,22,tech,Aaime@comune.modena.it,java,128
geoserver,22,tech,Alessio Fabiani,html,5
geoserver,22,tech,Alessio Fabiani,java,190
geoserver,22,tech,Andrea Aime,java,64
geoserver,22,tech,Gabriel Roldan,java,41
geoserver,22,tech,Jdeolive,java,96
geoserver,22,tech,Jdeolive,py,12
geoserver,22,tech,Jody.garnett,java,128
geoserver,23,tech,Aaime@comune.modena.it,html,18
geoserver,23,tech,Aaime@comune.modena.it,java,610
geoserver,23,tech,Aaime@comune.modena.it,nsi,2
geoserver,23,tech,Aaime@comune.modena.it,py,4
geoserver,23,tech,Andrea Aime,html,9
geoserver,23,tech,Andrea Aime,java,305
geoserver,23,tech,Andrea Aime,nsi,1
geoserver,23,tech,Andrea Aime,py,2
geoserver,23,tech,Dany111,java,5
geoserver,23,tech,Dwinslow,java,4
geoserver,23,tech,Frank Gasdorf,java,15
geoserver,23,tech,Gabriel Roldan,html,15
geoserver,23,tech,Gabriel Roldan,java,110
geoserver,23,tech,Jdeolive,css,5
geoserver,23,tech,Jdeolive,html,15
geoserver,23,tech,Jdeolive,java,314
geoserver,24,tech,Aaime@comune.modena.it,css,4
geoserver,24,tech,Aaime@comune.modena.it,ftl,30
geoserver,24,tech,Aaime@comune.modena.it,html,20
geoserver,24,tech,Aaime@comune.modena.it,java,1610
geoserver,24,tech,Aaime@comune.modena.it,js,4
geoserver,24,tech,Aaime@comune.modena.it,sld,40
geoserver,24,tech,Aaime@comune.modena.it,sql,10
geoserver,24,tech,Andrea Aime,css,2
geoserver,24,tech,Andrea Aime,ftl,15
geoserver,24,tech,Andrea Aime,html,10
geoserver,24,tech,Andrea Aime,java,805
geoserver,24,tech,Andrea Aime,js,2
geoserver,24,tech,Andrea Aime,sld,20
geoserver,24,tech,Andrea Aime,sql,5
geoserver,24,tech,Ben Caradoc-davies,java,16
geoserver,24,tech,Dwinslow,ftl,6
geoserver,24,tech,Dwinslow,html,26
geoserver,24,tech,Dwinslow,java,26
geoserver,24,tech,Dwinslow,scala,52
geoserver,24,tech,Frank Gasdorf,html,25
geoserver,24,tech,Frank Gasdorf,java,15
geoserver,24,tech,Gabriel Roldan,html,87
geoserver,24,tech,Gabriel Roldan,java,277
geoserver,24,tech,Jdeolive,java,356
geoserver,24,tech,Rini Angreani,java,8
geoserver,25,tech,Aaime@comune.modena.it,css,6
geoserver,25,tech,Aaime@comune.modena.it,ftl,10
geoserver,25,tech,Aaime@comune.modena.it,java,594
geoserver,25,tech,Aaime@comune.modena.it,js,16
geoserver,25,tech,Aaime@comune.modena.it,sld,10
geoserver,25,tech,Andrea Aime,css,3
geoserver,25,tech,Andrea Aime,ftl,5
geoserver,25,tech,Andrea Aime,java,297
geoserver,25,tech,Andrea Aime,js,8
geoserver,25,tech,Andrea Aime,sld,5
geoserver,25,tech,Dany111,java,5
geoserver,25,tech,Dwinslow,java,10
geoserver,25,tech,Dwinslow,scala,4
geoserver,25,tech,Gabriel Roldan,java,25
geoserver,25,tech,Ian Schneider,java,10
geoserver,25,tech,Jdeolive,css,2
geoserver,25,tech,Jdeolive,html,14
geoserver,25,tech,Jdeolive,java,125
geoserver,26,tech,Aaime@comune.modena.it,java,240
geoserver,26,tech,Aaime@comune.modena.it,sld,20
geoserver,26,tech,Andrea Aime,java,120
geoserver,26,tech,Andrea Aime,sld,10
geoserver,26,tech,Gabriel Roldan,html,5
geoserver,26,tech,Gabriel Roldan,java,83
geoserver,26,tech,Jdeolive,html,6
geoserver,26,tech,Jdeolive,java,172
geoserver,26,tech,Jdeolive,nsi,2
geoserver,26,tech,Jdeolive,py,6
geoserver,26,tech,Rini Angreani,java,26
geoserver,26,tech,Yjacolin At Free.fr,bat,4
geoserver,26,tech,Yjacolin At Free.fr,css,20
geoserver,26,tech,Yjacolin At Free.fr,html,4
geoserver,26,tech,Yjacolin At Free.fr,js,24
geoserver,26,tech,Yjacolin At Free.fr,py,4
geoserver,26,tech,Yjacolin At Free.fr,sql,2
geoserver,26,tech,Yjacolin@free.fr,bat,6
geoserver,26,tech,Yjacolin@free.fr,css,30
geoserver,26,tech,Yjacolin@free.fr,html,6
geoserver,26,tech,Yjacolin@free.fr,js,36
geoserver,26,tech,Yjacolin@free.fr,py,6
geoserver,26,tech,Yjacolin@free.fr,sql,3
geoserver,27,tech,Aaime@comune.modena.it,css,10
geoserver,27,tech,Aaime@comune.modena.it,ftl,10
geoserver,27,tech,Aaime@comune.modena.it,html,10
geoserver,27,tech,Aaime@comune.modena.it,java,350
geoserver,27,tech,Aaime@comune.modena.it,sld,50
geoserver,27,tech,Andrea Aime,css,5
geoserver,27,tech,Andrea Aime,ftl,5
geoserver,27,tech,Andrea Aime,html,5
geoserver,27,tech,Andrea Aime,java,175
geoserver,27,tech,Andrea Aime,sld,25
geoserver,27,tech,Ben Caradoc-davies,java,4
geoserver,27,tech,Dwinslow,scala,3
geoserver,27,tech,Frank Gasdorf,html,2
geoserver,27,tech,Frank Gasdorf,java,2
geoserver,27,tech,Gabriel Roldan,html,4
geoserver,27,tech,Gabriel Roldan,java,18
geoserver,27,tech,Rini Angreani,java,20
geoserver,27,tech,Shane907,java,25
geoserver,28,tech,Aaime@comune.modena.it,java,358
geoserver,28,tech,Aaime@comune.modena.it,sld,20
geoserver,28,tech,Andrea Aime,java,179
geoserver,28,tech,Andrea Aime,sld,10
geoserver,28,tech,Gabriel Roldan,css,4
geoserver,28,tech,Gabriel Roldan,html,36
geoserver,28,tech,Gabriel Roldan,java,248
geoserver,28,tech,Ian Schneider,html,2
geoserver,28,tech,Ian Schneider,java,16
geoserver,28,tech,Jdeolive,html,10
geoserver,28,tech,Jdeolive,java,274
geoserver,28,tech,Jdeolive,sld,2
geoserver,28,tech,Mdavis,sld,2
geoserver,28,tech,Rini Angreani,java,16
geoserver,29,tech,Aaime@comune.modena.it,html,16
geoserver,29,tech,Aaime@comune.modena.it,java,162
geoserver,29,tech,Aaime@comune.modena.it,sld,8
geoserver,29,tech,Andrea Aime,html,8
geoserver,29,tech,Andrea Aime,java,81
geoserver,29,tech,Andrea Aime,sld,4
geoserver,29,tech,Ben Caradoc-davies,java,6
geoserver,29,tech,Dwinslow,ftl,2
geoserver,29,tech,Dwinslow,java,16
geoserver,29,tech,Dwinslow,scala,4
geoserver,29,tech,Gabriel Roldan,java,81
geoserver,29,tech,Jdeolive,css,2
geoserver,29,tech,Jdeolive,html,178
geoserver,29,tech,Jdeolive,java,1213
geoserver,29,tech,Jdeolive,nsi,2
geoserver,29,tech,Jdeolive,sql,4
geoserver,29,tech,Michael Richardson,java,50
geoserver,29,tech,Nielscharlier,java,14
geoserver,29,tech,Nielscharlier,sld,6
geoserver,29,tech,Rini Angreani,java,2
geoserver,29,tech,Victor,java,2
geoserver,30,tech,Aaime@comune.modena.it,java,200
geoserver,30,tech,Aaime@comune.modena.it,las,4
geoserver,30,tech,Alessio Fabiani,java,32
geoserver,30,tech,Andrea Aime,java,100
geoserver,30,tech,Andrea Aime,las,2
geoserver,30,tech,Ben Caradoc-davies,java,14
geoserver,30,tech,Dwinslow,java,32
geoserver,30,tech,Gabriel Handford,css,1
geoserver,30,tech,Gabriel Handford,html,8
geoserver,30,tech,Gabriel Handford,java,303
geoserver,30,tech,Gabriel Handford,js,1
geoserver,30,tech,Gabriel Roldan,java,78
geoserver,30,tech,Jdeolive,html,32
geoserver,30,tech,Jdeolive,java,307
geoserver,30,tech,Michael Richardson,java,34
geoserver,30,tech,Nielscharlier,java,110
geoserver,30,tech,Nielscharlier,sld,12
geoserver,30,tech,Rini Angreani,java,34
geoserver,31,tech,Aaime@comune.modena.it,ftl,10
geoserver,31,tech,Aaime@comune.modena.it,java,74
geoserver,31,tech,Alessio Fabiani,java,65
geoserver,31,tech,Alessio Fabiani,nsi,2
geoserver,31,tech,Alessio Fabiani,py,8
geoserver,31,tech,Andrea Aime,ftl,5
geoserver,31,tech,Andrea Aime,java,37
geoserver,31,tech,Ben Caradoc-davies,java,7
geoserver,31,tech,Dwinslow,html,5
geoserver,31,tech,Dwinslow,java,125
geoserver,31,tech,Gabriel Roldan,java,8
geoserver,31,tech,Jdeolive,html,2
geoserver,31,tech,Jdeolive,java,184
geoserver,31,tech,Jdeolive,nsi,2
geoserver,31,tech,Jdeolive,py,12
geoserver,31,tech,Jdeolive,sh,16
geoserver,31,tech,Mdavis,sld,4
geoserver,31,tech,Nielscharlier,java,6
geoserver,31,tech,Rini Angreani,java,48
geoserver,31,tech,Victor,java,4
geoserver,32,tech,Aaime@comune.modena.it,ftl,4
geoserver,32,tech,Aaime@comune.modena.it,html,12
geoserver,32,tech,Aaime@comune.modena.it,java,14
geoserver,32,tech,Aaime@comune.modena.it,sld,4
geoserver,32,tech,Andrea Aime,ftl,2
geoserver,32,tech,Andrea Aime,html,6
geoserver,32,tech,Andrea Aime,java,29
geoserver,32,tech,Andrea Aime,sld,2
geoserver,32,tech,Davidleal,java,19
geoserver,32,tech,Dwinslow,java,8
geoserver,32,tech,Ian Schneider,java,1
geoserver,32,tech,Jdeolive,html,2
geoserver,32,tech,Jdeolive,java,105
geoserver,32,tech,Jdeolive,nsi,1
geoserver,32,tech,Jdeolive,py,5
geoserver,32,tech,Jdeolive,sh,13
geoserver,32,tech,Jetty,nsi,1
geoserver,32,tech,Jetty,py,5
geoserver,32,tech,Juan,ftl,20
geoserver,32,tech,Juan,java,48
geoserver,32,tech,Justin Williams,java,6
geoserver,32,tech,Martin Baum,java,16
geoserver,32,tech,Martin Baum,sh,1
geoserver,32,tech,Michael Richardson,html,2
geoserver,32,tech,Michael Richardson,java,112
geoserver,32,tech,Victor,java,6
geoserver,32,tech,Victor,nsi,1
geoserver,32,tech,Victor,py,5
geoserver,33,tech,Aaime@comune.modena.it,java,76
geoserver,33,tech,Andrea Aime,ftl,6
geoserver,33,tech,Andrea Aime,html,3
geoserver,33,tech,Andrea Aime,java,85
geoserver,33,tech,Ben Straub,java,2
geoserver,33,tech,Danielemetilli,ftl,2
geoserver,33,tech,Danielemetilli,java,41
geoserver,33,tech,Davidleal,java,10
geoserver,33,tech,Gabriel Handford,html,4
geoserver,33,tech,Gabriel Handford,java,59
geoserver,33,tech,Ianhunter,java,2
geoserver,33,tech,Jdeolive,1,4
geoserver,33,tech,Jdeolive,bat,6
geoserver,33,tech,Jdeolive,html,2
geoserver,33,tech,Jdeolive,java,77
geoserver,33,tech,Jdeolive,sh,12
geoserver,33,tech,Jdeolive,sql,10
geoserver,33,tech,Jody Paul,1,2
geoserver,33,tech,Jody Paul,bat,3
geoserver,33,tech,Jody Paul,html,4
geoserver,33,tech,Jody Paul,java,42
geoserver,33,tech,Jody Paul,sh,4
geoserver,33,tech,Juan,java,3
geoserver,33,tech,Justin Williams,java,8
geoserver,33,tech,Martin Baum,1,2
geoserver,33,tech,Martin Baum,bat,3
geoserver,33,tech,Martin Baum,java,12
geoserver,33,tech,Martin Baum,sh,4
geoserver,33,tech,Michael Aufreiter,html,2
geoserver,33,tech,Michael Aufreiter,java,16
geoserver,33,tech,Mikefedak,css,2
geoserver,33,tech,Mikefedak,ftl,2
geoserver,33,tech,Mikefedak,java,23
geoserver,33,tech,Mikefedak,py,2
geoserver,33,tech,Rini Angreani,java,2
geoserver,33,tech,Victor,1,2
geoserver,33,tech,Victor,bat,3
geoserver,33,tech,Victor,html,2
geoserver,33,tech,Victor,java,50
geoserver,33,tech,Victor,nsi,2
geoserver,33,tech,Victor,py,10
geoserver,33,tech,Victor,sh,4
geoserver,33,tech,Volayaf,java,10
geoserver,34,tech,404,java,8
geoserver,34,tech,Aaime@comune.modena.it,bat,2
geoserver,34,tech,Aaime@comune.modena.it,css,2
geoserver,34,tech,Aaime@comune.modena.it,ftl,4
geoserver,34,tech,Aaime@comune.modena.it,html,6
geoserver,34,tech,Aaime@comune.modena.it,java,164
geoserver,34,tech,Aaime@comune.modena.it,nsi,4
geoserver,34,tech,Aaime@comune.modena.it,py,20
geoserver,34,tech,Aaime@comune.modena.it,sh,2
geoserver,34,tech,Alessio Treglia,java,8
geoserver,34,tech,Andrea Aime,bat,5
geoserver,34,tech,Andrea Aime,css,1
geoserver,34,tech,Andrea Aime,ftl,2
geoserver,34,tech,Andrea Aime,html,8
geoserver,34,tech,Andrea Aime,java,425
geoserver,34,tech,Andrea Aime,nsi,2
geoserver,34,tech,Andrea Aime,py,10
geoserver,34,tech,Andrea Aime,sh,5
geoserver,34,tech,Ben Straub,java,3
geoserver,34,tech,Carlo Cancellieri,java,10
geoserver,34,tech,Cristiprodan,html,6
geoserver,34,tech,Cristiprodan,java,61
geoserver,34,tech,Danielemetilli,java,6
geoserver,34,tech,Davidleal,bat,1
geoserver,34,tech,Davidleal,html,7
geoserver,34,tech,Davidleal,java,310
geoserver,34,tech,Davidleal,sh,1
geoserver,34,tech,Davidleal,sql,10
geoserver,34,tech,Jdeolive,java,110
geoserver,34,tech,Jody Paul,bat,1
geoserver,34,tech,Jody Paul,css,1
geoserver,34,tech,Jody Paul,ftl,12
geoserver,34,tech,Jody Paul,html,6
geoserver,34,tech,Jody Paul,java,143
geoserver,34,tech,Jody Paul,py,1
geoserver,34,tech,Jody Paul,sh,4
geoserver,34,tech,Juan,java,299
geoserver,34,tech,Justin Williams,java,11
geoserver,34,tech,Martin Baum,java,11
geoserver,34,tech,Niels Ganser,java,11
geoserver,34,tech,Peter Marklund,java,4
geoserver,34,tech,Simone Federici,java,4
geoserver,35,tech,404,java,132
geoserver,35,tech,Aaime@comune.modena.it,java,378
geoserver,35,tech,Alessio Treglia,java,132
geoserver,35,tech,Andrea Aime,java,345
geoserver,35,tech,Andrea Aime,sld,4
geoserver,35,tech,Ben Straub,java,1
geoserver,35,tech,Carlo Cancellieri,java,6
geoserver,35,tech,Cristiprodan,html,11
geoserver,35,tech,Cristiprodan,java,360
geoserver,35,tech,Cristiprodan,nsi,1
geoserver,35,tech,Cristiprodan,sh,2
geoserver,35,tech,Cristiprodan,sld,4
geoserver,35,tech,Erek,java,1
geoserver,35,tech,Jdeolive,groovy,10
geoserver,35,tech,Jdeolive,html,17
geoserver,35,tech,Jdeolive,java,1889
geoserver,35,tech,Jdeolive,js,28
geoserver,35,tech,Jdeolive,nsi,2
geoserver,35,tech,Jdeolive,py,39
geoserver,35,tech,Jdeolive,rb,10
geoserver,35,tech,Jdeolive,sh,4
geoserver,35,tech,Jdeolive,sld,4
geoserver,35,tech,Juan,java,46
geoserver,35,tech,Justin Williams,java,1
geoserver,35,tech,Mikefedak,nsi,2
geoserver,35,tech,Niels Ganser,java,157
geoserver,35,tech,Rini Angreani,java,3
geoserver,35,tech,Robheaton,java,2
geoserver,35,tech,Simone Federici,java,17
geoserver,36,tech,404,java,4
geoserver,36,tech,Aaime@comune.modena.it,java,72
geoserver,36,tech,Alessio Fabiani,nsi,1
geoserver,36,tech,Alessio Fabiani,py,5
geoserver,36,tech,Alessio Treglia,java,4
geoserver,36,tech,Andrea Aime,ftl,8
geoserver,36,tech,Andrea Aime,html,1
geoserver,36,tech,Andrea Aime,java,139
geoserver,36,tech,Andrea Aime,xslt,8
geoserver,36,tech,Ben Straub,java,11
geoserver,36,tech,Ben Straub,xslt,4
geoserver,36,tech,Brett,java,8
geoserver,36,tech,Carlo Cancellieri,java,26
geoserver,36,tech,Carlo Zottmann,java,28
geoserver,36,tech,Cristiprodan,html,4
geoserver,36,tech,Cristiprodan,java,67
geoserver,36,tech,Davidleal,css,3
geoserver,36,tech,Davidleal,ftl,2
geoserver,36,tech,Davidleal,html,18
geoserver,36,tech,Davidleal,java,90
geoserver,36,tech,Gabriel Handford,java,30
geoserver,36,tech,Jdeolive,groovy,2
geoserver,36,tech,Jdeolive,java,64
geoserver,36,tech,Jdeolive,py,6
geoserver,36,tech,Jdeolive,rb,2
geoserver,36,tech,Jody Paul,java,30
geoserver,36,tech,Justin Williams,java,2
geoserver,36,tech,Mr.kev,java,2
geoserver,36,tech,Peter Marklund,java,22
geoserver,36,tech,Rini Angreani,java,1
geoserver,36,tech,Simone Federici,java,12
geoserver,37,tech,404,java,1
geoserver,37,tech,Aaime@comune.modena.it,java,2
geoserver,37,tech,Ahocevar,java,1
geoserver,37,tech,Alessio Treglia,java,1
geoserver,37,tech,Andrea Aime,ftl,2
geoserver,37,tech,Andrea Aime,html,1
geoserver,37,tech,Andrea Aime,java,159
geoserver,37,tech,Andrea Aime,sch,6
geoserver,37,tech,Andrea Aime,sld,1
geoserver,37,tech,Carlo Zottmann,ftl,1
geoserver,37,tech,Carlo Zottmann,java,6
geoserver,37,tech,Cristiprodan,java,14
geoserver,37,tech,Davidleal,ftl,3
geoserver,37,tech,Davidleal,html,11
geoserver,37,tech,Davidleal,java,66
geoserver,37,tech,Davidleal,scala,5
geoserver,37,tech,Emanuele Tajariol,java,67
geoserver,37,tech,Gabriel Handford,java,4
geoserver,37,tech,Jared Haworth,css,1
geoserver,37,tech,Jared Haworth,ftl,8
geoserver,37,tech,Jared Haworth,groovy,15
geoserver,37,tech,Jared Haworth,html,10
geoserver,37,tech,Jared Haworth,java,1173
geoserver,37,tech,Jared Haworth,py,10
geoserver,37,tech,Jared Haworth,rb,1
geoserver,37,tech,Jared Haworth,sch,6
geoserver,37,tech,Jared Haworth,sld,9
geoserver,37,tech,Jared Haworth,sql,1
geoserver,37,tech,Jared Haworth,xslt,6
geoserver,37,tech,Jdeolive,css,4
geoserver,37,tech,Jdeolive,ftl,8
geoserver,37,tech,Jdeolive,html,16
geoserver,37,tech,Jdeolive,java,228
geoserver,37,tech,Jdeolive,nsi,1
geoserver,37,tech,Jdeolive,py,5
geoserver,37,tech,Jody Paul,ftl,2
geoserver,37,tech,Jody Paul,html,2
geoserver,37,tech,Jody Paul,java,976
geoserver,37,tech,Jody Paul,py,7
geoserver,37,tech,Jody Paul,sld,8
geoserver,37,tech,Jody Paul,sql,1
geoserver,37,tech,Justin Williams,java,2
geoserver,37,tech,Mr.kev,java,1
geoserver,37,tech,Peter Marklund,java,2
geoserver,38,tech,Aaime@comune.modena.it,nsi,2
geoserver,38,tech,Aaime@comune.modena.it,py,10
geoserver,38,tech,Andrea Aime,css,1
geoserver,38,tech,Andrea Aime,html,5
geoserver,38,tech,Andrea Aime,java,243
geoserver,38,tech,Andrea Aime,nsi,1
geoserver,38,tech,Andrea Aime,py,5
geoserver,38,tech,Cristiprodan,html,10
geoserver,38,tech,Cristiprodan,java,96
geoserver,38,tech,Davidleal,html,3
geoserver,38,tech,Davidleal,java,58
geoserver,38,tech,Davidleal,sld,1
geoserver,38,tech,Emanuele Tajariol,java,4
geoserver,38,tech,Jared Haworth,groovy,1
geoserver,38,tech,Jesse Young,java,18
geoserver,38,tech,Justin Williams,groovy,13
geoserver,38,tech,Justin Williams,java,4
geoserver,38,tech,Mauro Dalu,java,10
geoserver,38,tech,Mikefedak,html,1
geoserver,38,tech,Mikefedak,java,15
geoserver,38,tech,Mikefedak,nsi,2
geoserver,38,tech,Mr.kev,ftl,8
geoserver,38,tech,Mr.kev,html,2
geoserver,38,tech,Mr.kev,java,1119
geoserver,38,tech,Mr.kev,nsi,1
geoserver,38,tech,Mr.kev,py,7
geoserver,38,tech,Mr.kev,sch,6
geoserver,38,tech,Mr.kev,sld,9
geoserver,38,tech,Mr.kev,sql,1
geoserver,38,tech,Mr.kev,xslt,6
geoserver,39,tech,Aaime@comune.modena.it,nsi,2
geoserver,39,tech,Aaime@comune.modena.it,py,10
geoserver,39,tech,Andrea Aime,css,1
geoserver,39,tech,Andrea Aime,ftl,4
geoserver,39,tech,Andrea Aime,html,16
geoserver,39,tech,Andrea Aime,java,403
geoserver,39,tech,Andrea Aime,nsi,1
geoserver,39,tech,Andrea Aime,py,8
geoserver,39,tech,Andrea Aime,sld,11
geoserver,39,tech,Ben Straub,java,1
geoserver,39,tech,Carlo Zottmann,ftl,1
geoserver,39,tech,Carlo Zottmann,java,30
geoserver,39,tech,Cristiprodan,html,11
geoserver,39,tech,Cristiprodan,java,83
geoserver,39,tech,Danielemetilli,java,7
geoserver,39,tech,Davidleal,css,4
geoserver,39,tech,Davidleal,ftl,12
geoserver,39,tech,Davidleal,groovy,17
geoserver,39,tech,Davidleal,html,54
geoserver,39,tech,Davidleal,java,3745
geoserver,39,tech,Davidleal,js,14
geoserver,39,tech,Davidleal,nsi,1
geoserver,39,tech,Davidleal,py,25
geoserver,39,tech,Davidleal,rb,5
geoserver,39,tech,Davidleal,scala,1
geoserver,39,tech,Davidleal,sch,6
geoserver,39,tech,Davidleal,sh,2
geoserver,39,tech,Davidleal,sld,18
geoserver,39,tech,Davidleal,sql,5
geoserver,39,tech,Davidleal,xslt,6
geoserver,39,tech,Frank Gasdorf,html,14
geoserver,39,tech,Frank Gasdorf,java,54
geoserver,39,tech,Gabriel Handford,java,4
geoserver,39,tech,Jdeolive,java,3433
geoserver,39,tech,Jdeolive,nsi,1
geoserver,39,tech,Jdeolive,py,5
geoserver,39,tech,Jdeolive,sh,1
geoserver,39,tech,Jdeolive,sql,4
geoserver,39,tech,Jody Paul,html,3
geoserver,39,tech,Jody Paul,py,9
geoserver,39,tech,Jody.garnett,nsi,1
geoserver,39,tech,Jody.garnett,py,5
geoserver,39,tech,Justin Williams,html,2
geoserver,39,tech,Justin Williams,java,61
geoserver,39,tech,Mauro Dalu,java,22
geoserver,39,tech,Mauro Dalu,sld,12
geoserver,39,tech,Mbarto,java,1
geoserver,39,tech,Mcrmcr,java,4
geoserver,39,tech,Mikefedak,java,5
geoserver,39,tech,Mikefedak,sh,1
geoserver,39,tech,Mr.kev,css,2
geoserver,39,tech,Mr.kev,ftl,3
geoserver,39,tech,Mr.kev,groovy,13
geoserver,39,tech,Mr.kev,html,19
geoserver,39,tech,Mr.kev,java,364
geoserver,39,tech,Mr.kev,sld,1
geoserver,39,tech,Nuno Oliveira,html,2
geoserver,39,tech,Nuno Oliveira,java,57
geoserver,39,tech,Simone Federici,java,39
geoserver,39,tech,Tim.schaub,html,1
geoserver,40,tech,Andrea Aime,ftl,1
geoserver,40,tech,Andrea Aime,html,13
geoserver,40,tech,Andrea Aime,java,292
geoserver,40,tech,Andrea Aime,sh,3
geoserver,40,tech,Andrea Aime,sld,16
geoserver,40,tech,Ben Straub,java,10
geoserver,40,tech,Davidleal,html,19
geoserver,40,tech,Davidleal,java,104
geoserver,40,tech,Davidleal,sld,13
geoserver,40,tech,Ianhunter,java,6
geoserver,40,tech,Jdeolive,java,2
geoserver,40,tech,Jdeolive,nsi,1
geoserver,40,tech,Jdeolive,py,5
geoserver,40,tech,Justin Williams,java,2
geoserver,40,tech,Kevloral,java,1
geoserver,40,tech,Mbarto,nsi,1
geoserver,40,tech,Mbarto,py,5
geoserver,40,tech,Mcrmcr,java,4
geoserver,40,tech,Rini Angreani,java,24
geoserver,40,tech,Simone Federici,html,5
geoserver,40,tech,Simone Federici,java,274
geoserver,41,tech,Andrea Aime,html,4
geoserver,41,tech,Andrea Aime,java,17
geoserver,41,tech,Cristiprodan,java,11
geoserver,41,tech,Danielemetilli,java,2
geoserver,41,tech,Davidleal,html,2
geoserver,41,tech,Davidleal,java,23
geoserver,41,tech,Mauro Dalu,java,9
geoserver,41,tech,Mauro Dalu,sld,1
geoserver,41,tech,Rini Angreani,java,1
geoserver,41,tech,Simone Federici,java,24
geowave,0,social,Ahuarte47 At Yahoo.es,Ahuarte47 At Yahoo.es,0
geowave,0,social,Ahuarte47 At Yahoo.es,Alvaro Huarte,1
geowave,0,social,Ahuarte47 At Yahoo.es,Rfecher,1
geowave,0,social,Aibrahimrs,Aibrahimrs,0
geowave,0,social,Alvaro Huarte,Ahuarte47 At Yahoo.es,1
geowave,0,social,Alvaro Huarte,Alvaro Huarte,0
geowave,0,social,Byunghwa Yun,Byunghwa Yun,0
geowave,0,social,Charles Yu,Charles Yu,0
geowave,0,social,Chengyanzhan,Chengyanzhan,0
geowave,0,social,Coveralls,Coveralls,0
geowave,0,social,Coveralls,Rfecher,1
geowave,0,social,David Bazile,David Bazile,0
geowave,0,social,Davis Silverman,Davis Silverman,0
geowave,0,social,Diffblue Assistant,Diffblue Assistant,0
geowave,0,social,Emacthecav,Emacthecav,0
geowave,0,social,John Wileczek,John Wileczek,0
geowave,0,social,Johnathangarrett,Johnathangarrett,0
geowave,0,social,Lb Yu,Lb Yu,0
geowave,0,social,Nik Gil,Nik Gil,0
geowave,0,social,Rfecher,Ahuarte47 At Yahoo.es,1
geowave,0,social,Rfecher,Coveralls,1
geowave,0,social,Rfecher,Rfecher,0
geowave,0,social,Richard3d,Richard3d,0
geowave,0,social,Russell Orf,Russell Orf,0
geowave,0,social,Seth Baxter,Seth Baxter,0
geowave,0,tech,Soerengebbert,py,298
geowave,0,tech,Soerengebbert,sh,1
geowave,1,tech,Soerengebbert,py,151
geowave,1,tech,Soerengebbert,sh,5
geowave,2,tech,Huhabla,py,46
geowave,3,tech,Huhabla,py,43
geowave,3,tech,Huhabla,sh,1
geowave,3,tech,Soerengebbert,py,44
geowave,3,tech,Soerengebbert,sh,1
geowave,4,tech,Bettge,py,24
geowave,4,tech,Bettge,sh,1
geowave,4,tech,Huhabla,py,1
geowave,4,tech,Noreply,py,3
geowave,7,tech,Soerengebbert,py,7
geowave,8,tech,Markus Bengts,py,117
geowave,8,tech,Noreply,py,132
geowave,9,tech,Huhabla,py,22
geowave,9,tech,Huhabla,sh,2
geowave,10,tech,Bettge,py,2
geowave,10,tech,Markus Bengts,html,2
geowave,10,tech,Markus Bengts,py,2
geowave,10,tech,Noreply,py,2
geowave,11,tech,Markus Bengts,py,2
geowave,11,tech,Markus Bengts,sh,1
geowave,11,tech,Tawalika,py,1
geowave,12,tech,Noreply,py,1
geowave,12,tech,Tawalika,py,16
geowave,13,tech,Noreply,py,16
geowave,13,tech,Noreply,sh,5
geowave,13,tech,Soerengebbert,py,1
geowave,13,tech,Tawalika,py,20
geowave,13,tech,Tawalika,sh,13
geowave,14,tech,Marcbellingrath,py,2
geowave,14,tech,Noreply,py,3
geowave,14,tech,Noreply,sh,2
geowave,14,tech,Tawalika,sh,2
geowave,16,tech,Bettge,py,1
geowave,16,tech,Bettge,sh,2
geowave,17,tech,Markus Bengts,py,6
geowave,17,tech,Markus Bengts,sh,1
geowave,17,tech,Noreply,py,8
geowave,17,tech,Noreply,sh,5
geowave,18,tech,Bettge,py,17
geowave,18,tech,Bettge,sh,2
geowave,18,tech,Markus Bengts,py,9
geowave,18,tech,Markus Bengts,sh,5
geowave,18,tech,Noreply,py,11
geowave,18,tech,Tawalika,sh,2
geowave,19,tech,Markus Bengts,py,3
geowave,19,tech,Markus Bengts,sh,1
geowave,19,tech,Noreply,py,19
geowave,19,tech,Noreply,sh,8
geowave,19,tech,Tawalika,py,9
geowave,20,tech,Bettge,sh,1
geowave,20,tech,Noreply,html,2
geowave,20,tech,Noreply,py,7
geowave,20,tech,Noreply,sh,6
geowave,21,tech,Tawalika,py,1
geowave,22,tech,Noreply,py,8
geowave,23,tech,Noreply,sh,2
geowave,23,tech,Tawalika,html,2
geowave,23,tech,Tawalika,py,18
geowave,23,tech,Tawalika,sh,5
geowave,24,tech,Noreply,py,2
geowave,25,tech,Noreply,py,3
geowave,25,tech,Tawalika,py,29
geowave,26,tech,Noreply,py,20
geowave,26,tech,Tawalika,py,13
geowave,28,tech,Noreply,py,6
geowave,29,tech,Noreply,py,7
geowave,29,tech,Noreply,sh,1
geowave,30,tech,Guido,py,74
geowave,30,tech,Noreply,py,275
geowave,31,tech,Bettge,py,36
geowave,31,tech,Bettge,sh,1
geowave,31,tech,Noreply,py,18
geowave,31,tech,Noreply,sh,6
geowave,31,tech,Tawalika,sh,12
geowave,32,tech,Noreply,py,27
geowave,32,tech,Noreply,sh,6
geowave,32,tech,Tawalika,py,27
geowave,32,tech,Tawalika,sh,6
geowave,33,tech,Noreply,py,3
geowave,33,tech,Tawalika,py,6
geowave,34,tech,Noreply,py,81
geowave,35,tech,Markus Bengts,sh,1
geowave,35,tech,Noreply,py,4
geowave,35,tech,Tawalika,py,73
geowave,35,tech,Tawalika,sh,1
geowave,36,tech,Marcbellingrath,py,19
geowave,36,tech,Noreply,html,2
geowave,36,tech,Noreply,py,100
geowave,36,tech,Tawalika,py,77
geowave,37,tech,Guido,py,3
geowave,37,tech,Noreply,py,3
geowave,37,tech,Tawalika,html,2
geowave,37,tech,Tawalika,py,6
geowave,38,tech,Guido,py,3
geowave,38,tech,Noreply,py,27
geowave,38,tech,Tawalika,py,26
geowave,39,tech,Noreply,py,361
geowave,39,tech,Noreply,sh,1
geowave,40,tech,Noreply,py,1
geowave,40,tech,Tawalika,py,109
geowave,40,tech,Tawalika,sh,1
geowave,41,tech,Noreply,py,6
geowave,42,tech,Noreply,py,4
geowave,43,tech,Marcbellingrath,py,6
geowave,43,tech,Noreply,py,15
get-it,0,social,Alessandro Oggioni,Alessandro Oggioni,0
get-it,0,social,Laura ,Laura ,0
get-it,0,tech,Stefano,css,1
get-it,0,tech,Stefano,html,2
get-it,0,tech,Stefano,py,6
get-it,0,tech,Stefano Menegon,css,3
get-it,0,tech,Stefano Menegon,html,3
get-it,0,tech,Stefano Menegon,js,1
get-it,0,tech,Stefano Menegon,py,2
get-it,1,tech,Stefano Menegon,html,3
get-it,1,tech,Stefano Menegon,py,7
get-it,6,tech,Stefano,css,2
get-it,6,tech,Stefano,html,2
get-it,6,tech,Stefano,js,1
get-it,7,tech,Stefano Menegon,css,5
get-it,7,tech,Stefano Menegon,html,61
get-it,7,tech,Stefano Menegon,js,27
get-it,7,tech,Stefano Menegon,py,75
get-it,8,tech,Andrea,html,1
get-it,8,tech,Starterkit,html,2
get-it,8,tech,Stefano Menegon,css,1
get-it,8,tech,Stefano Menegon,html,12
get-it,8,tech,Stefano Menegon,js,2
get-it,8,tech,Stefano Menegon,py,12
get-it,9,tech,Alessandro.sarretta,html,3
get-it,9,tech,Alessandro.sarretta,py,1
get-it,9,tech,Paolo Tagliolato,css,4
get-it,9,tech,Paolo Tagliolato,html,1
get-it,9,tech,Paolo Tagliolato,js,13
get-it,9,tech,Paolo Tagliolato,xsl,9
get-it,9,tech,Starterkit,html,1
get-it,9,tech,Starterkit,py,3
get-it,9,tech,Stefano Menegon,css,7
get-it,9,tech,Stefano Menegon,html,26
get-it,9,tech,Stefano Menegon,js,31
get-it,9,tech,Stefano Menegon,py,47
get-it,9,tech,Stefano Menegon,xsl,10
get-it,12,tech,Stefano Menegon,html,3
get-it,12,tech,Stefano Menegon,py,1
get-it,13,tech,Fabio Pavesi,css,1
get-it,13,tech,Fabio Pavesi,html,1
get-it,13,tech,Fabio Pavesi,js,2
get-it,13,tech,Fzeiser,css,12
get-it,13,tech,Fzeiser,html,3
get-it,13,tech,Fzeiser,js,94
get-it,13,tech,Fzeiser,xsl,1
get-it,13,tech,Stefano Menegon,css,1
get-it,13,tech,Stefano Menegon,html,2
get-it,13,tech,Stefano Menegon,py,8
get-it,13,tech,Stefano Menegon,xsl,1
get-it,14,tech,Fzeiser,css,3
get-it,14,tech,Fzeiser,html,2
get-it,14,tech,Fzeiser,js,13
get-it,15,tech,Fzeiser,css,6
get-it,15,tech,Fzeiser,glsl,5
get-it,15,tech,Fzeiser,html,9
get-it,15,tech,Fzeiser,js,279
get-it,15,tech,Fzeiser,mustache,1
get-it,15,tech,Stefano Menegon,js,2
get-it,15,tech,Stefano Menegon,py,1
get-it,16,tech,Fzeiser,css,10
get-it,16,tech,Fzeiser,html,14
get-it,16,tech,Fzeiser,java,25
get-it,16,tech,Fzeiser,js,14
get-it,16,tech,Fzeiser,xsl,2
get-it,16,tech,Stefano Menegon,html,1
get-it,16,tech,Stefano Menegon,js,6
get-it,16,tech,Stefano Menegon,py,6
get-it,17,tech,Alessandro.sarretta,html,7
get-it,17,tech,Fzeiser,css,4
get-it,17,tech,Fzeiser,html,52
get-it,17,tech,Fzeiser,js,37
get-it,17,tech,Root@bgdem1.cr.usgs.gov,py,6
get-it,17,tech,Stefano,py,1
get-it,17,tech,Stefano Menegon,bat,1
get-it,17,tech,Stefano Menegon,html,3
get-it,17,tech,Stefano Menegon,py,11
get-it,18,tech,Fzeiser,css,7
get-it,18,tech,Fzeiser,html,68
get-it,18,tech,Fzeiser,js,156
get-it,18,tech,Monica,html,3
get-it,18,tech,Paolo Tagliolato,css,1
get-it,18,tech,Paolo Tagliolato,html,1
get-it,18,tech,Paolo Tagliolato,js,20
get-it,18,tech,Paolo Tagliolato,xsl,17
get-it,18,tech,Stefano,html,1
get-it,18,tech,Stefano,js,1
get-it,18,tech,Stefano Menegon,css,1
get-it,18,tech,Stefano Menegon,html,6
get-it,18,tech,Stefano Menegon,js,2
get-it,18,tech,Stefano Menegon,py,14
get-it,19,tech,Alessandro.sarretta,html,1
get-it,19,tech,Fzeiser,css,1
get-it,19,tech,Fzeiser,html,3
get-it,19,tech,Fzeiser,js,13
get-it,19,tech,Paolo Tagliolato,html,6
get-it,19,tech,Paolo Tagliolato,js,6
get-it,19,tech,Paolo Tagliolato,py,2
get-it,19,tech,Root@bgdem1.cr.usgs.gov,html,3
get-it,19,tech,Starterkit,html,4
get-it,19,tech,Starterkit,js,1
get-it,19,tech,Starterkit,py,1
get-it,19,tech,Stefano,css,1
get-it,19,tech,Stefano,html,2
get-it,19,tech,Stefano,js,17
get-it,19,tech,Stefano,py,1
get-it,19,tech,Stefano,xsl,13
get-it,19,tech,Stefano Menegon,css,1
get-it,19,tech,Stefano Menegon,html,4
get-it,19,tech,Stefano Menegon,js,16
get-it,19,tech,Stefano Menegon,mo,4
get-it,19,tech,Stefano Menegon,py,1
get-it,19,tech,Stefano Menegon,xsl,13
get-it,20,tech,Alessandro.sarretta,html,2
get-it,20,tech,Alessandro.sarretta,xsl,2
get-it,20,tech,Fzeiser,html,1
get-it,20,tech,Fzeiser,java,32
get-it,21,tech,Alessandro.sarretta,xsl,2
get-it,21,tech,Andrea Vianello,css,4
get-it,21,tech,Andrea Vianello,html,50
get-it,21,tech,Andrea Vianello,js,11
get-it,21,tech,Fzeiser,css,4
get-it,21,tech,Fzeiser,html,8
get-it,21,tech,Fzeiser,js,35
get-it,21,tech,Fzeiser,xsl,7
get-it,21,tech,Stefano,css,6
get-it,21,tech,Stefano,html,46
get-it,21,tech,Stefano,js,27
get-it,21,tech,Stefano,mo,4
get-it,21,tech,Stefano,py,15
get-it,21,tech,Stefano,xsl,13
get-it,21,tech,Stefano Menegon,css,10
get-it,21,tech,Stefano Menegon,html,89
get-it,21,tech,Stefano Menegon,js,50
get-it,21,tech,Stefano Menegon,mo,5
get-it,21,tech,Stefano Menegon,py,35
get-it,21,tech,Stefano Menegon,xsl,14
get-it,22,tech,Fzeiser,java,3
get-it,22,tech,Stefano Menegon,js,4
get-it,22,tech,Stefano Menegon,py,2
get-it,23,tech,Fzeiser,css,1
get-it,23,tech,Fzeiser,js,4
get-it,24,tech,Root@bgdem1.cr.usgs.gov,html,3
get-it,24,tech,Root@bgdem1.cr.usgs.gov,py,6
get-it,24,tech,Stefano Menegon,html,1
get-it,24,tech,Stefano Menegon,js,2
get-it,24,tech,Stefano Menegon,py,2
get-it,25,tech,Alessandro.sarretta,html,10
get-it,25,tech,Alessandro.sarretta,xsl,7
get-it,25,tech,Fzeiser,java,1
get-it,25,tech,Fzeiser,js,5
get-it,25,tech,Fzeiser,xsl,4
get-it,26,tech,Alessandro.sarretta,xsl,2
get-it,26,tech,Fzeiser,java,4
get-it,26,tech,Stefano Menegon,css,1
get-it,26,tech,Stefano Menegon,html,2
get-it,26,tech,Stefano Menegon,js,4
get-it,26,tech,Stefano Menegon,py,12
get-it,27,tech,Alessandro.sarretta,html,4
get-it,27,tech,Alessandro.sarretta,xsl,3
get-it,27,tech,Stefano Menegon,html,1
get-it,27,tech,Stefano Menegon,js,1
get-it,27,tech,Stefano Menegon,py,3
get-it,28,tech,Alessandro.sarretta,html,7
get-it,28,tech,Alessandro.sarretta,xsl,8
get-it,28,tech,Fzeiser,html,6
get-it,28,tech,Fzeiser,java,6
get-it,28,tech,Fzeiser,js,4
get-it,28,tech,Fzeiser,xsl,18
get-it,28,tech,Paolo Tagliolato,css,2
get-it,28,tech,Paolo Tagliolato,html,18
get-it,28,tech,Paolo Tagliolato,js,8
get-it,28,tech,Paolo Tagliolato,mo,2
get-it,28,tech,Paolo Tagliolato,py,6
get-it,28,tech,Paolo Tagliolato,xsl,5
get-it,28,tech,Simone Lanucara,html,15
get-it,28,tech,Simone Lanucara,js,2
get-it,28,tech,Simone Lanucara,mo,2
get-it,28,tech,Simone Lanucara,py,4
get-it,28,tech,Stefano Menegon,html,23
get-it,28,tech,Stefano Menegon,js,5
get-it,28,tech,Stefano Menegon,mo,2
get-it,28,tech,Stefano Menegon,py,8
get-it,28,tech,Stefano Menegon,xsl,2
get-it,29,tech,Alessandro.sarretta,xsl,3
get-it,29,tech,Fzeiser,html,14
get-it,29,tech,Fzeiser,xsl,4
get-it,29,tech,Paolo Tagliolato,js,2
get-it,29,tech,Stefano Menegon,css,16
get-it,29,tech,Stefano Menegon,html,6
get-it,29,tech,Stefano Menegon,js,10
get-it,29,tech,Stefano Menegon,mo,4
get-it,29,tech,Stefano Menegon,py,17
get-it,29,tech,Stefano Menegon,sh,1
get-it,30,tech,Alessandro.sarretta,css,9
get-it,30,tech,Alessandro.sarretta,html,22
get-it,30,tech,Alessandro.sarretta,js,4
get-it,30,tech,Alessandro.sarretta,less,13
get-it,30,tech,Alessandro.sarretta,scss,13
get-it,30,tech,Alessandro.sarretta,xsl,6
get-it,30,tech,Fzeiser,css,12
get-it,30,tech,Fzeiser,html,49
get-it,30,tech,Fzeiser,java,11
get-it,30,tech,Fzeiser,js,31
get-it,30,tech,Fzeiser,xsl,3
get-it,30,tech,Simone Lanucara,css,4
get-it,30,tech,Simone Lanucara,html,46
get-it,30,tech,Simone Lanucara,js,11
get-it,31,tech,Fzeiser,css,2
get-it,31,tech,Fzeiser,html,7
get-it,31,tech,Fzeiser,js,7
get-it,31,tech,Fzeiser,xsl,1
get-it,32,tech,Fzeiser,css,4
get-it,32,tech,Fzeiser,html,10
get-it,32,tech,Fzeiser,java,2
get-it,32,tech,Fzeiser,js,13
get-it,32,tech,Fzeiser,xsl,1
get-it,33,tech,Fzeiser,css,18
get-it,33,tech,Fzeiser,html,73
get-it,33,tech,Fzeiser,java,7
get-it,33,tech,Fzeiser,js,144
get-it,33,tech,Fzeiser,less,13
get-it,33,tech,Fzeiser,scss,13
get-it,33,tech,Fzeiser,sh,4
get-it,33,tech,Fzeiser,xsl,9
get-it,34,tech,Alessandro.sarretta,css,1
get-it,34,tech,Alessandro.sarretta,html,63
get-it,34,tech,Alessandro.sarretta,js,5
get-it,34,tech,Alessandro.sarretta,py,2
get-it,35,tech,Alessandro.sarretta,html,6
get-it,35,tech,Alessandro.sarretta,js,2
get-it,36,tech,Alessandro.sarretta,css,1
get-it,36,tech,Alessandro.sarretta,html,8
get-it,36,tech,Fzeiser,xsl,2
get-it,37,tech,Diego,css,16
get-it,37,tech,Diego,html,10
get-it,37,tech,Diego,js,11
get-it,37,tech,Fzeiser,java,2
get-it,38,tech,Angular-cli,css,2
get-it,38,tech,Angular-cli,html,2
get-it,38,tech,Angular-cli,js,2
get-it,38,tech,Angular-cli,ts,10
get-it,38,tech,Diego,css,3
get-it,38,tech,Diego,html,8
get-it,38,tech,Diego,js,22
get-it,38,tech,Fzeiser,css,3
get-it,38,tech,Fzeiser,html,24
get-it,38,tech,Fzeiser,js,37
get-it,38,tech,Spookyisland,css,4
get-it,38,tech,Spookyisland,html,3
get-it,38,tech,Spookyisland,js,4
get-it,38,tech,Spookyisland,py,26
get-it,39,tech,Diego,css,4
get-it,39,tech,Diego,html,7
get-it,39,tech,Diego,js,13
get-it,39,tech,Spookyisland,css,1
get-it,39,tech,Spookyisland,html,1
get-it,39,tech,Spookyisland,js,5
get-it,39,tech,Stefano Menegon,css,4
get-it,39,tech,Stefano Menegon,html,46
get-it,39,tech,Stefano Menegon,js,10
get-it,39,tech,Stefano Menegon,py,7
get-it,40,tech,404,py,3
get-it,40,tech,Diego,css,1
get-it,40,tech,Diego,html,4
get-it,40,tech,Diego,js,8
get-it,40,tech,Spookyisland,css,1
get-it,40,tech,Spookyisland,html,7
get-it,40,tech,Spookyisland,js,7
get-it,40,tech,Spookyisland,py,3
get-it,40,tech,Stefano Menegon,py,9
get-it,41,tech,Alessandro.sarretta,html,4
get-it,41,tech,Fzeiser,css,16
get-it,41,tech,Fzeiser,html,14
get-it,41,tech,Fzeiser,js,29
get-it,41,tech,Fzeiser,scss,1
get-it,41,tech,Fzeiser,ts,59
get-it,41,tech,Spookyisland,css,10
get-it,41,tech,Spookyisland,html,7
get-it,41,tech,Spookyisland,js,48
get-it,41,tech,Stefano Menegon,html,1
get-it,41,tech,Stefano Menegon,py,11
get-it,42,tech,Fzeiser,css,10
get-it,42,tech,Fzeiser,html,7
get-it,42,tech,Fzeiser,js,1
get-it,42,tech,Fzeiser,scss,4
get-it,42,tech,Fzeiser,ts,26
get-it,42,tech,Fzeiser,xsl,1
get-it,42,tech,Spookyisland,css,3
get-it,42,tech,Spookyisland,js,5
get-it,42,tech,Stefano Menegon,py,6
get-it,43,tech,Stefano Menegon,py,2
get-it,44,tech,Alessandro.sarretta,html,1
get-it,44,tech,Fzeiser,html,1
get-it,44,tech,Fzeiser,js,2
get-it,44,tech,Fzeiser,ts,13
get-it,45,tech,Fzeiser,css,5
get-it,45,tech,Fzeiser,html,23
get-it,45,tech,Fzeiser,ts,76
get-it,46,tech,Fzeiser,css,6
get-it,46,tech,Fzeiser,html,13
get-it,46,tech,Fzeiser,scss,1
get-it,46,tech,Fzeiser,ts,54
get-it,47,tech,Alessandro.sarretta,sh,1
get-it,48,tech,Root@bgdem1.cr.usgs.gov,sh,3
get-it,50,tech,Stefano Menegon,html,2
get-it,50,tech,Stefano Menegon,py,1
get-it,51,tech,Alessandro.sarretta,html,2
get-it,51,tech,Alessandro.sarretta,py,2
get-it,51,tech,Francesco,css,3
get-it,51,tech,Francesco,html,39
get-it,51,tech,Francesco,js,5
get-it,51,tech,Francesco,less,3
get-it,51,tech,Francesco,py,22
get-it,52,tech,Francesco,css,2
get-it,52,tech,Francesco,html,24
get-it,52,tech,Francesco,js,5
get-it,52,tech,Francesco,less,1
get-it,52,tech,Francesco,py,27
get-it,52,tech,Francesco,sh,4
get-it,52,tech,Fzeiser,css,14
get-it,52,tech,Fzeiser,html,22
get-it,52,tech,Fzeiser,scss,2
get-it,52,tech,Fzeiser,ts,60
get-it,52,tech,Noreply,css,2
get-it,52,tech,Noreply,html,24
get-it,52,tech,Noreply,js,4
get-it,52,tech,Noreply,less,1
get-it,52,tech,Noreply,py,11
get-it,52,tech,Noreply,sh,1
get-it,52,tech,Stefano,css,2
get-it,52,tech,Stefano,html,33
get-it,52,tech,Stefano,js,6
get-it,52,tech,Stefano,less,2
get-it,52,tech,Stefano,py,30
get-it,52,tech,Walter Lorenzetti,css,2
get-it,52,tech,Walter Lorenzetti,html,9
get-it,52,tech,Walter Lorenzetti,js,2
get-it,52,tech,Walter Lorenzetti,py,1
get-it,53,tech,Alessandro.sarretta,html,23
get-it,53,tech,Francesco,css,3
get-it,53,tech,Francesco,html,42
get-it,53,tech,Francesco,js,3
get-it,53,tech,Francesco,py,28
get-it,53,tech,Francesco,sh,9
get-it,53,tech,Francesco,xsl,3
get-it,53,tech,Fzeiser,css,4
get-it,53,tech,Fzeiser,html,8
get-it,53,tech,Fzeiser,js,1
get-it,53,tech,Fzeiser,scss,1
get-it,53,tech,Fzeiser,ts,40
get-it,53,tech,Fzeiser,xsl,1
get-it,53,tech,Noreply,css,6
get-it,53,tech,Noreply,html,32
get-it,53,tech,Noreply,js,3
get-it,53,tech,Noreply,py,20
get-it,53,tech,Noreply,sh,7
get-it,53,tech,Noreply,xsl,3
get-it,53,tech,Walter Mcginnis,css,1
get-it,53,tech,Walter Mcginnis,html,29
get-it,53,tech,Walter Mcginnis,js,3
get-it,53,tech,Walter Mcginnis,py,3
get-it,53,tech,Walter Mcginnis,xsl,2
get-it,54,tech,Alessandro.sarretta,css,3
get-it,54,tech,Alessandro.sarretta,html,52
get-it,54,tech,Alessandro.sarretta,js,6
get-it,54,tech,Alessandro.sarretta,less,1
get-it,54,tech,Alessandro.sarretta,mo,2
get-it,54,tech,Alessandro.sarretta,py,24
get-it,54,tech,Alessandro.sarretta,sh,4
get-it,54,tech,Alessandro.sarretta,xsl,3
get-it,54,tech,Francesco,html,9
get-it,54,tech,Francesco,js,1
get-it,54,tech,Francesco,mo,2
get-it,54,tech,Francesco,py,7
get-it,54,tech,Francesco,sh,2
get-it,54,tech,Noreply,html,6
get-it,54,tech,Noreply,js,1
get-it,54,tech,Noreply,mo,2
get-it,54,tech,Noreply,py,6
get-it,54,tech,Walter Mcginnis,html,16
get-it,54,tech,Walter Mcginnis,js,1
get-it,54,tech,Walter Mcginnis,mo,4
get-it,54,tech,Walter Mcginnis,py,10
get-it,54,tech,Walter Mcginnis,sh,2
get-it,55,tech,Francesco,py,1
get-it,55,tech,Noreply,xsl,2
get-it,56,tech,Francesco,html,3
get-it,56,tech,Francesco,mo,3
get-it,56,tech,Francesco,py,2
get-it,56,tech,Francesco,sh,1
get-it,56,tech,Noreply,css,2
get-it,56,tech,Noreply,html,4
get-it,56,tech,Noreply,mo,3
get-it,56,tech,Noreply,py,6
get-it,56,tech,Noreply,sh,1
get-it,56,tech,Walter Mcginnis,html,3
get-it,56,tech,Walter Mcginnis,mo,3
get-it,56,tech,Walter Mcginnis,py,1
get-it,57,tech,Alessandro.sarretta,css,10
get-it,57,tech,Alessandro.sarretta,html,93
get-it,57,tech,Alessandro.sarretta,js,3
get-it,57,tech,Alessandro.sarretta,py,3
get-it,57,tech,Alessandro.sarretta,xsl,3
get-it,57,tech,Francesco,py,1
get-it,57,tech,Noreply,css,1
get-it,57,tech,Noreply,html,32
get-it,57,tech,Noreply,py,1
get-it,59,tech,Walter Mcginnis,html,6
get-it,59,tech,Walter Mcginnis,js,2
get-it,59,tech,Walter Mcginnis,py,1
get-it,60,tech,Alessandro.sarretta,css,3
get-it,60,tech,Alessandro.sarretta,html,68
get-it,60,tech,Alessandro.sarretta,js,5
get-it,60,tech,Alessandro.sarretta,mo,3
get-it,60,tech,Alessandro.sarretta,py,20
get-it,60,tech,Alessandro.sarretta,sh,1
get-it,60,tech,Francesco,py,4
get-it,60,tech,Francesco,sh,1
get-it,60,tech,Noreply,css,1
get-it,60,tech,Noreply,html,43
get-it,60,tech,Noreply,js,6
get-it,60,tech,Noreply,py,6
get-it,60,tech,Walter Mcginnis,html,3
get-it,60,tech,Walter Mcginnis,js,2
get-it,60,tech,Walter Mcginnis,py,9
get-it,61,tech,Alessandro.sarretta,css,1
get-it,61,tech,Alessandro.sarretta,html,16
get-it,61,tech,Alessandro.sarretta,js,2
get-it,61,tech,Alessandro.sarretta,py,6
get-it,61,tech,Alessandro.sarretta,sh,1
get-it,61,tech,Alessandro.sarretta,xsl,2
get-it,61,tech,Noreply,py,5
get-it,61,tech,Noreply,sh,1
get-it,61,tech,Walter Mcginnis,py,5
get-it,61,tech,Walter Mcginnis,sh,1
get-it,62,tech,Alessandro.sarretta,py,1
get-it,62,tech,Noreply,py,1
get-it,62,tech,Paolo Tagliolato,py,3
get-it,62,tech,Walter Mcginnis,py,2
get-it,63,tech,Alessandro Oggioni,py,2
get-it,63,tech,Alessandro.sarretta,py,2
get-it,63,tech,Noreply,html,1
get-it,63,tech,Noreply,js,1
get-it,63,tech,Noreply,py,3
get-it,63,tech,Walter Mcginnis,js,1
get-it,63,tech,Walter Mcginnis,py,2
get-it,64,tech,Noreply,html,1
get-it,64,tech,Noreply,py,1
get-it,67,tech,Alessio Fabiani,html,49
get-it,67,tech,Alessio Fabiani,js,22
get-it,67,tech,Alessio Fabiani,py,67
get-it,67,tech,Alessio Fabiani,sh,9
get-it,67,tech,Alessio Fabiani,xsl,2
get-it,67,tech,Noreply,py,1
get-it,68,tech,Alessandro.sarretta,xsl,2
get-it,68,tech,Alessio Fabiani,js,4
get-it,68,tech,Alessio Fabiani,py,2
get-it,68,tech,Alessio Fabiani,sh,1
get-it,69,tech,Alessio Fabiani,py,2
get-it,69,tech,Alessio Fabiani,sh,5
get-it,69,tech,Noreply,html,41
get-it,69,tech,Noreply,js,14
get-it,69,tech,Noreply,py,33
get-it,69,tech,Noreply,sh,10
get-it,69,tech,Noreply,xsl,2
get-it,70,tech,Alessio Fabiani,html,1
get-it,70,tech,Alessio Fabiani,py,7
get-it,70,tech,Alessio Fabiani,sh,8
get-it,70,tech,Alessio Fabiani,sql,1
get-it,70,tech,Noreply,html,1
get-it,70,tech,Noreply,py,6
get-it,70,tech,Noreply,sh,8
get-it,70,tech,Noreply,sql,1
get-it,71,tech,Alessio Fabiani,css,1
get-it,71,tech,Alessio Fabiani,html,19
get-it,71,tech,Alessio Fabiani,js,17
get-it,71,tech,Alessio Fabiani,mo,8
get-it,71,tech,Alessio Fabiani,py,11
get-it,71,tech,Alessio Fabiani,sh,4
get-it,71,tech,Noreply,css,1
get-it,71,tech,Noreply,html,17
get-it,71,tech,Noreply,js,12
get-it,71,tech,Noreply,mo,8
get-it,71,tech,Noreply,py,7
get-it,71,tech,Noreply,sh,3
get-it,71,tech,Paolo Tagliolato,html,1
get-it,72,tech,Alessio Fabiani,html,26
get-it,72,tech,Alessio Fabiani,js,3
get-it,72,tech,Alessio Fabiani,py,14
get-it,72,tech,Alessio Fabiani,sh,3
get-it,72,tech,Alessio Fabiani,xsl,3
get-it,72,tech,Noreply,html,2
get-it,72,tech,Noreply,js,1
get-it,72,tech,Noreply,py,5
get-it,72,tech,Noreply,sh,3
get-it,73,tech,Alessio Fabiani,html,8
get-it,73,tech,Alessio Fabiani,js,10
get-it,73,tech,Alessio Fabiani,py,13
get-it,73,tech,Alessio Fabiani,sh,3
get-it,73,tech,Alessio Fabiani,xsl,5
get-it,73,tech,Noreply,html,27
get-it,73,tech,Noreply,js,4
get-it,73,tech,Noreply,py,5
get-it,73,tech,Noreply,sh,2
get-it,74,tech,Alessio Fabiani,css,4
get-it,74,tech,Alessio Fabiani,html,54
get-it,74,tech,Alessio Fabiani,js,11
get-it,74,tech,Alessio Fabiani,py,8
get-it,74,tech,Alessio Fabiani,sh,4
get-it,74,tech,Noreply,html,2
get-it,74,tech,Root@bgdem1.cr.usgs.gov,html,6
get-it,75,tech,Alessio Fabiani,css,1
get-it,75,tech,Alessio Fabiani,py,2
get-it,75,tech,Alessio Fabiani,sh,1
get-it,76,tech,Alessio Fabiani,py,3
get-it,76,tech,Noreply,css,5
get-it,76,tech,Noreply,html,52
get-it,76,tech,Noreply,js,11
get-it,76,tech,Noreply,py,6
get-it,76,tech,Noreply,sh,5
get-it,77,tech,Alessio Fabiani,sh,3
get-it,77,tech,Noreply,sh,3
get-it,78,tech,Alessio Fabiani,py,1
get-it,78,tech,Noreply,py,2
get-it,79,tech,Alessio Fabiani,sh,1
get-it,79,tech,Noreply,sh,2
get-it,82,tech,Fzeiser,css,2
get-it,82,tech,Fzeiser,html,23
get-it,82,tech,Fzeiser,java,6
get-it,82,tech,Fzeiser,js,8
get-it,82,tech,Fzeiser,xsl,1
get-it,84,tech,Fzeiser,css,2
get-it,84,tech,Fzeiser,js,3
get-it,89,tech,Alessandro Oggioni,css,4
get-it,89,tech,Alessandro Oggioni,js,6
get-it,89,tech,Alessandro Oggioni,py,1
get-it,89,tech,Alessandro Oggioni,xsl,3
get-it,89,tech,Noreply,py,2
gisquick,0,tech,Ivankozik,py,4
gisquick,0,tech,Jachym Cepicky,py,8
gisquick,0,tech,Marcel Molina,css,7
gisquick,0,tech,Marcel Molina,html,22
gisquick,0,tech,Marcel Molina,js,48
gisquick,0,tech,Marcel Molina,py,58
gisquick,1,tech,Ivankozik,py,4
gisquick,1,tech,Ivankozik,sh,6
gisquick,1,tech,Jachym Cepicky,js,4
gisquick,1,tech,Jachym Cepicky,py,3
gisquick,1,tech,Marcel Molina,css,4
gisquick,1,tech,Marcel Molina,html,12
gisquick,1,tech,Marcel Molina,js,29
gisquick,1,tech,Marcel Molina,py,27
gisquick,1,tech,Marcel Molina,sh,1
gisquick,2,tech,Ivankozik,html,8
gisquick,2,tech,Ivankozik,py,5
gisquick,2,tech,Ivankozik,sh,4
gisquick,2,tech,Jachym Cepicky,py,1
gisquick,2,tech,Marcel Molina,css,37
gisquick,2,tech,Marcel Molina,html,63
gisquick,2,tech,Marcel Molina,js,31
gisquick,2,tech,Marcel Molina,py,1
gisquick,2,tech,Martin Baum,py,9
gisquick,3,tech,Ivankozik,py,1
gisquick,3,tech,Marcel Molina,css,32
gisquick,3,tech,Marcel Molina,html,39
gisquick,3,tech,Marcel Molina,js,46
gisquick,3,tech,Marcel Molina,py,12
gisquick,3,tech,Marcel Molina,sh,3
gisquick,3,tech,Martin Baum,py,9
gisquick,4,tech,Marcel Molina,css,18
gisquick,4,tech,Marcel Molina,html,29
gisquick,4,tech,Marcel Molina,js,40
gisquick,4,tech,Marcel Molina,py,8
gisquick,4,tech,Martin Baum,py,16
gisquick,5,tech,Marcel Molina,css,20
gisquick,5,tech,Marcel Molina,html,33
gisquick,5,tech,Marcel Molina,js,25
gisquick,5,tech,Marcel Molina,py,5
gisquick,6,tech,Marcel Molina,css,18
gisquick,6,tech,Marcel Molina,html,41
gisquick,6,tech,Marcel Molina,js,43
gisquick,6,tech,Marcel Molina,py,10
gisquick,7,tech,Marcel Molina,css,29
gisquick,7,tech,Marcel Molina,html,61
gisquick,7,tech,Marcel Molina,js,21
gisquick,7,tech,Marcel Molina,py,3
gisquick,8,tech,Marcel Molina,css,5
gisquick,8,tech,Marcel Molina,html,18
gisquick,8,tech,Marcel Molina,js,7
gisquick,8,tech,Marcel Molina,py,12
gisquick,9,tech,Marcel Molina,css,5
gisquick,9,tech,Marcel Molina,html,4
gisquick,9,tech,Marcel Molina,js,3
gisquick,9,tech,Marcel Molina,py,20
gisquick,10,tech,Marcel Molina,css,11
gisquick,10,tech,Marcel Molina,html,24
gisquick,10,tech,Marcel Molina,js,21
gisquick,10,tech,Marcel Molina,py,22
gisquick,10,tech,Marcel Molina,sh,2
gisquick,11,tech,Marcel Molina,css,17
gisquick,11,tech,Marcel Molina,html,41
gisquick,11,tech,Marcel Molina,js,18
gisquick,12,tech,Marcel Molina,css,1
gisquick,12,tech,Marcel Molina,html,6
gisquick,12,tech,Marcel Molina,js,5
gisquick,12,tech,Marcel Molina,py,4
gisquick,12,tech,Martin Baum,py,3
gisquick,14,tech,Marcel Molina,py,3
gisquick,15,tech,Marcel Molina,css,11
gisquick,15,tech,Marcel Molina,html,9
gisquick,15,tech,Marcel Molina,js,7
gisquick,16,tech,Marcel Molina,css,40
gisquick,16,tech,Marcel Molina,html,53
gisquick,16,tech,Marcel Molina,js,80
gisquick,16,tech,Marcel Molina,py,53
gisquick,16,tech,Marcel Molina,sh,3
gisquick,16,tech,Martin Baum,bat,1
gisquick,16,tech,Martin Baum,css,1
gisquick,16,tech,Martin Baum,html,15
gisquick,16,tech,Martin Baum,js,11
gisquick,16,tech,Martin Baum,py,28
gisquick,16,tech,Martin Baum,sh,2
gisquick,17,tech,Marcel Molina,css,3
gisquick,17,tech,Marcel Molina,html,17
gisquick,17,tech,Marcel Molina,js,16
gisquick,17,tech,Marcel Molina,py,23
gisquick,17,tech,Marcel Molina,sh,2
gisquick,18,tech,Martin Baum,py,28
gisquick,19,tech,Marcel Molina,html,1
gisquick,19,tech,Marcel Molina,js,1
gisquick,19,tech,Marcel Molina,py,9
gisquick,19,tech,Martin Baum,html,1
gisquick,19,tech,Martin Baum,py,1
gisquick,20,tech,Marcel Molina,css,1
gisquick,20,tech,Marcel Molina,html,4
gisquick,20,tech,Marcel Molina,js,7
gisquick,20,tech,Marcel Molina,py,23
gisquick,20,tech,Martin Baum,html,1
gisquick,20,tech,Martin Baum,js,1
gisquick,20,tech,Martin Baum,py,11
gisquick,21,tech,Marcel Molina,css,1
gisquick,21,tech,Marcel Molina,html,1
gisquick,21,tech,Marcel Molina,js,1
gisquick,21,tech,Marcel Molina,py,3
gisquick,22,tech,Martin Baum,bat,1
gisquick,22,tech,Martin Baum,css,1
gisquick,22,tech,Martin Baum,html,5
gisquick,22,tech,Martin Baum,py,4
gisquick,25,tech,Marcel Molina,css,2
gisquick,25,tech,Marcel Molina,html,5
gisquick,25,tech,Marcel Molina,js,23
gisquick,25,tech,Marcel Molina,py,1
gisquick,25,tech,Marcel Molina,scss,1
gisquick,25,tech,Marcel Molina,sh,1
gisquick,25,tech,Marcel Molina,vue,14
gisquick,25,tech,Martin Baum,html,4
gisquick,25,tech,Martin Baum,py,3
gisquick,26,tech,Marcel Molina,html,2
gisquick,26,tech,Marcel Molina,js,10
gisquick,26,tech,Marcel Molina,py,5
gisquick,26,tech,Marcel Molina,sh,1
gisquick,26,tech,Marcel Molina,vue,16
gisquick,26,tech,Martin Baum,html,3
gisquick,26,tech,Martin Baum,py,5
gisquick,26,tech,Martin Baum,sh,1
gisquick,27,tech,Marcel Molina,html,2
gisquick,27,tech,Marcel Molina,py,2
gisquick,27,tech,Marcel Molina,sh,1
gisquick,28,tech,Marcel Molina,css,3
gisquick,28,tech,Marcel Molina,html,3
gisquick,28,tech,Marcel Molina,js,23
gisquick,28,tech,Marcel Molina,scss,7
gisquick,28,tech,Marcel Molina,vue,57
gisquick,29,tech,Marcel Molina,css,1
gisquick,29,tech,Marcel Molina,html,2
gisquick,29,tech,Marcel Molina,js,2
gisquick,32,tech,Marcel Molina,html,1
gisquick,32,tech,Marcel Molina,js,4
gisquick,32,tech,Marcel Molina,scss,1
gisquick,32,tech,Marcel Molina,vue,17
gisquick,33,tech,Marcel Molina,vue,11
gisquick,33,tech,Martin Baum,py,1
gisquick,34,tech,Martin Baum,py,1
gisquick,35,tech,Marcel Molina,py,1
gisquick,35,tech,Martin Baum,py,1
gisquick,36,tech,Marcel Molina,css,4
gisquick,36,tech,Marcel Molina,html,5
gisquick,36,tech,Marcel Molina,js,4
gisquick,37,tech,Marcel Molina,html,5
gisquick,37,tech,Marcel Molina,js,1
gisquick,37,tech,Marcel Molina,py,1
gisquick,40,tech,Marcel Molina,html,1
gisquick,42,tech,404,css,1
gisquick,42,tech,404,html,2
gisquick,42,tech,404,js,4
gisquick,42,tech,Jachym Cepicky,css,1
gisquick,42,tech,Jachym Cepicky,html,2
gisquick,42,tech,Jachym Cepicky,js,4
gisquick,43,tech,404,css,1
gisquick,43,tech,404,html,3
gisquick,43,tech,404,js,19
gisquick,43,tech,404,py,1
gisquick,43,tech,Jachym Cepicky,css,2
gisquick,43,tech,Jachym Cepicky,html,2
gisquick,43,tech,Jachym Cepicky,js,7
gisquick,43,tech,Jachym Cepicky,py,6
gisquick,43,tech,Marcel Molina,css,1
gisquick,43,tech,Marcel Molina,js,4
gisquick,43,tech,Noreply,css,1
gisquick,43,tech,Noreply,html,2
gisquick,43,tech,Noreply,js,4
gisquick,43,tech,Noreply,py,2
gisquick,44,tech,404,js,2
gisquick,44,tech,404,py,2
gisquick,44,tech,Jachym Cepicky,html,1
gisquick,44,tech,Jachym Cepicky,js,10
gisquick,44,tech,Jachym Cepicky,py,3
gisquick,44,tech,Marcel Molina,css,21
gisquick,44,tech,Marcel Molina,html,44
gisquick,44,tech,Marcel Molina,js,93
gisquick,44,tech,Marcel Molina,scss,3
gisquick,44,tech,Marcel Molina,sh,1
gisquick,44,tech,Marcel Molina,vue,54
gisquick,45,tech,Jachym Cepicky,js,1
gisquick,45,tech,Jachym Cepicky,py,5
gisquick,45,tech,Marcel Molina,go,12
gisquick,45,tech,Marcel Molina,html,4
gisquick,45,tech,Marcel Molina,js,19
gisquick,45,tech,Marcel Molina,mo,2
gisquick,45,tech,Marcel Molina,py,6
gisquick,45,tech,Marcel Molina,scss,1
gisquick,45,tech,Marcel Molina,vue,69
gisquick,45,tech,Martin Baum,py,9
gisquick,46,tech,Marcel Molina,go,4
gisquick,46,tech,Marcel Molina,js,10
gisquick,46,tech,Marcel Molina,py,2
gisquick,46,tech,Marcel Molina,vue,61
gisquick,46,tech,Martin Baum,py,1
gisquick,47,tech,Marcel Molina,css,21
gisquick,47,tech,Marcel Molina,go,21
gisquick,47,tech,Marcel Molina,html,46
gisquick,47,tech,Marcel Molina,js,107
gisquick,47,tech,Marcel Molina,mo,5
gisquick,47,tech,Marcel Molina,py,15
gisquick,47,tech,Marcel Molina,scss,3
gisquick,47,tech,Marcel Molina,sh,4
gisquick,47,tech,Marcel Molina,vue,120
gisquick,47,tech,Martin Baum,bat,2
gisquick,47,tech,Martin Baum,py,8
gisquick,47,tech,Noreply,py,9
gisquick,48,tech,Marcel Molina,go,25
gisquick,48,tech,Marcel Molina,html,2
gisquick,48,tech,Marcel Molina,js,17
gisquick,48,tech,Marcel Molina,py,21
gisquick,48,tech,Marcel Molina,scss,1
gisquick,48,tech,Marcel Molina,sh,2
gisquick,48,tech,Marcel Molina,vue,79
gisquick,48,tech,Martin Baum,py,4
gisquick,49,tech,Marcel Molina,go,3
gisquick,49,tech,Marcel Molina,html,2
gisquick,49,tech,Marcel Molina,js,13
gisquick,49,tech,Marcel Molina,py,38
gisquick,49,tech,Marcel Molina,scss,1
gisquick,49,tech,Marcel Molina,vue,45
gisquick,50,tech,Jachym Cepicky,py,1
gisquick,50,tech,Marcel Molina,go,6
gisquick,50,tech,Marcel Molina,html,14
gisquick,50,tech,Marcel Molina,js,19
gisquick,50,tech,Marcel Molina,py,62
gisquick,50,tech,Marcel Molina,scss,1
gisquick,50,tech,Marcel Molina,sh,2
gisquick,50,tech,Marcel Molina,vue,23
gisquick,50,tech,Noreply,go,1
gisquick,50,tech,Noreply,html,5
gisquick,50,tech,Noreply,js,3
gisquick,50,tech,Noreply,py,45
gisquick,50,tech,Noreply,sh,1
gisquick,50,tech,Noreply,vue,4
gisquick,51,tech,Jachym Cepicky,js,1
gisquick,51,tech,Jachym Cepicky,py,3
gisquick,51,tech,Jachym Cepicky,vue,1
gisquick,51,tech,Marcel Molina,go,5
gisquick,51,tech,Marcel Molina,html,5
gisquick,51,tech,Marcel Molina,js,11
gisquick,51,tech,Marcel Molina,py,18
gisquick,51,tech,Marcel Molina,scss,2
gisquick,51,tech,Marcel Molina,vue,47
gisquick,51,tech,Noreply,js,1
gisquick,52,tech,Marcel Molina,js,1
gisquick,52,tech,Marcel Molina,vue,9
gisquick,53,tech,Marcel Molina,html,1
gisquick,53,tech,Marcel Molina,js,7
gisquick,53,tech,Marcel Molina,py,2
gisquick,53,tech,Marcel Molina,vue,44
gisquick,54,tech,Marcel Molina,html,1
gisquick,54,tech,Marcel Molina,vue,1
gisquick,54,tech,Martin Baum,html,2
gisquick,54,tech,Martin Baum,vue,1
gisquick,55,tech,Marcel Molina,vue,3
gisquick,56,tech,Marcel Molina,go,1
gisquick,56,tech,Marcel Molina,js,1
gisquick,56,tech,Marcel Molina,py,3
gisquick,56,tech,Marcel Molina,vue,8
gisquick,57,tech,Marcel Molina,html,1
gisquick,57,tech,Marcel Molina,js,4
gisquick,57,tech,Marcel Molina,py,2
gisquick,57,tech,Marcel Molina,vue,16
gisquick,57,tech,Noreply,bat,2
gisquick,57,tech,Noreply,py,1
gisquick,57,tech,Noreply,sh,1
gisquick,60,tech,Marcel Molina,go,4
gisquick,60,tech,Marcel Molina,js,7
gisquick,60,tech,Marcel Molina,py,1
gisquick,60,tech,Marcel Molina,vue,6
gisquick,61,tech,Marcel Molina,py,1
gisquick,61,tech,Marcel Molina,vue,1
gisquick,64,tech,Marcel Molina,vue,1
gisquick,65,tech,Marcel Molina,js,2
gisquick,65,tech,Marcel Molina,py,5
gisquick,66,tech,Marcel Molina,go,13
gisquick,66,tech,Marcel Molina,js,3
gisquick,66,tech,Marcel Molina,mod,3
gisquick,66,tech,Marcel Molina,sh,2
gisquick,66,tech,Marcel Molina,vue,19
gisquick,67,tech,Marcel Molina,html,1
gisquick,67,tech,Marcel Molina,js,5
gisquick,67,tech,Marcel Molina,py,2
gisquick,68,tech,Marcel Molina,py,2
gisquick,69,tech,Marcel Molina,css,1
gisquick,69,tech,Marcel Molina,js,25
gisquick,69,tech,Marcel Molina,scss,7
gisquick,69,tech,Marcel Molina,vue,71
gisquick,70,tech,Marcel Molina,css,1
gisquick,70,tech,Marcel Molina,html,1
gisquick,70,tech,Marcel Molina,js,23
gisquick,70,tech,Marcel Molina,mo,3
gisquick,70,tech,Marcel Molina,py,4
gisquick,70,tech,Marcel Molina,scss,3
gisquick,70,tech,Marcel Molina,vue,56
gisquick,70,tech,Noreply,css,1
gisquick,70,tech,Noreply,html,1
gisquick,70,tech,Noreply,js,29
gisquick,70,tech,Noreply,scss,7
gisquick,70,tech,Noreply,vue,74
gisquick,71,tech,Marcel Molina,css,1
gisquick,71,tech,Marcel Molina,go,4
gisquick,71,tech,Marcel Molina,html,1
gisquick,71,tech,Marcel Molina,js,35
gisquick,71,tech,Marcel Molina,mo,2
gisquick,71,tech,Marcel Molina,py,9
gisquick,71,tech,Marcel Molina,scss,7
gisquick,71,tech,Marcel Molina,vue,81
grass,0,social,Daemon,Daemon,0
grass,0,social,Peter Strong,Peter Strong,0
grass,0,social,Robert Atnip,Robert Atnip,0
grass,0,tech,Grass4u,c,2
grass,0,tech,Hamish Currie,html,1
grass,0,tech,Markus Bengts,c,2
grass,0,tech,Markus Bengts,sh,1
grass,0,tech,Radim,html,4
grass,0,tech,Soerengebbert,c,2
grass,1,tech,Brad Pitcher,c,4
grass,1,tech,Brad Pitcher,h,2
grass,1,tech,Cedric Howe,c,16
grass,1,tech,Cedric Howe,tcl,20
grass,1,tech,Glynn Durham,c,8
grass,1,tech,Glynn Durham,h,2
grass,1,tech,Glynn Durham,tcl,2
grass,1,tech,Grass4u,c,302
grass,1,tech,Grass4u,h,20
grass,1,tech,Grass4u,html,18
grass,1,tech,Hamish Currie,c,37
grass,1,tech,Hamish Currie,html,18
grass,1,tech,Hamish Currie,sh,4
grass,1,tech,Helena Edelson,c,2
grass,1,tech,Helena Edelson,html,2
grass,1,tech,Markus Bengts,c,92
grass,1,tech,Markus Bengts,h,14
grass,1,tech,Markus Bengts,html,76
grass,1,tech,Markus Bengts,m,2
grass,1,tech,Markus Bengts,sh,12
grass,1,tech,Markus Bengts,tcl,2
grass,1,tech,Massimodisasha,c,20
grass,1,tech,Massimodisasha,h,4
grass,1,tech,Massimodisasha,tcl,16
grass,1,tech,Michael Aufreiter,m,2
grass,1,tech,Michael Aufreiter,tcl,116
grass,1,tech,Radim,c,104
grass,1,tech,Radim,h,24
grass,1,tech,Radim,html,2
grass,1,tech,Soerengebbert,c,36
grass,1,tech,Soerengebbert,h,2
grass,1,tech,Soerengebbert,html,18
grass,1,tech,Soerengebbert,tcl,4
grass,2,tech,Brad Pitcher,c,86
grass,2,tech,Brad Pitcher,h,6
grass,2,tech,Brad Pitcher,html,2
grass,2,tech,Brad Pitcher,m4,2
grass,2,tech,Cedric Howe,c,52
grass,2,tech,Cedric Howe,h,14
grass,2,tech,Cedric Howe,tcl,78
grass,2,tech,Glynn Durham,c,60
grass,2,tech,Glynn Durham,h,10
grass,2,tech,Glynn Durham,m4,2
grass,2,tech,Grass4u,c,268
grass,2,tech,Grass4u,h,18
grass,2,tech,Grass4u,html,10
grass,2,tech,Grass4u,sh,4
grass,2,tech,Grass4u,tcl,2
grass,2,tech,Hamish Currie,c,78
grass,2,tech,Hamish Currie,h,18
grass,2,tech,Hamish Currie,html,53
grass,2,tech,Hamish Currie,sh,6
grass,2,tech,Hamish Currie,tcl,16
grass,2,tech,Markus Bengts,c,52
grass,2,tech,Markus Bengts,h,2
grass,2,tech,Markus Bengts,html,85
grass,2,tech,Markus Bengts,pl,2
grass,2,tech,Markus Bengts,sh,10
grass,2,tech,Markus Bengts,tcl,10
grass,2,tech,Michael Aufreiter,html,2
grass,2,tech,Michael Aufreiter,tcl,66
grass,2,tech,Moritz Lenz,html,2
grass,2,tech,Paul Sadauskas,c,8
grass,2,tech,Paul Sadauskas,h,2
grass,2,tech,Radim,c,22
grass,2,tech,Radim,h,4
grass,2,tech,Radim,html,12
grass,2,tech,Radim,m,4
grass,2,tech,Radim,mask,2
grass,2,tech,Radim,sh,20
grass,2,tech,Scottmiller,html,84
grass,2,tech,Soerengebbert,c,4
grass,2,tech,Soerengebbert,html,2
grass,3,tech,Brad Pitcher,c,34
grass,3,tech,Brad Pitcher,h,16
grass,3,tech,Brad Pitcher,tcl,2
grass,3,tech,Cedric Howe,c,26
grass,3,tech,Cedric Howe,html,16
grass,3,tech,Cedric Howe,tcl,132
grass,3,tech,Glynn Durham,c,68
grass,3,tech,Glynn Durham,h,16
grass,3,tech,Glynn Durham,html,2
grass,3,tech,Glynn Durham,l,2
grass,3,tech,Glynn Durham,y,2
grass,3,tech,Grass4u,c,58
grass,3,tech,Grass4u,h,4
grass,3,tech,Grass4u,html,4
grass,3,tech,Hamish Currie,c,69
grass,3,tech,Hamish Currie,h,10
grass,3,tech,Hamish Currie,html,32
grass,3,tech,Hamish Currie,tcl,8
grass,3,tech,Markus Bengts,c,68
grass,3,tech,Markus Bengts,css,2
grass,3,tech,Markus Bengts,h,56
grass,3,tech,Markus Bengts,html,68
grass,3,tech,Markus Bengts,m4,1
grass,3,tech,Markus Bengts,pl,6
grass,3,tech,Markus Bengts,py,2
grass,3,tech,Markus Bengts,sh,6
grass,3,tech,Markus Bengts,tcl,2
grass,3,tech,Markus Bengts,tex,4
grass,3,tech,Michael Aufreiter,html,2
grass,3,tech,Michael Aufreiter,mask,2
grass,3,tech,Michael Aufreiter,tcl,74
grass,3,tech,Paul Sadauskas,c,4
grass,3,tech,Paul Sadauskas,m4,1
grass,3,tech,Radim,c,34
grass,3,tech,Radim,h,4
grass,3,tech,Soerengebbert,c,36
grass,3,tech,Soerengebbert,h,20
grass,3,tech,Soerengebbert,html,8
grass,3,tech,Wolf,c,32
grass,3,tech,Wolf,h,10
grass,3,tech,Wolf,html,2
grass,4,tech,Brad Pitcher,c,102
grass,4,tech,Brad Pitcher,h,18
grass,4,tech,Brad Pitcher,tcl,12
grass,4,tech,Glynn Durham,c,162
grass,4,tech,Glynn Durham,h,18
grass,4,tech,Glynn Durham,html,2
grass,4,tech,Glynn Durham,sh,2
grass,4,tech,Glynn Durham,y,2
grass,4,tech,Grass4u,c,142
grass,4,tech,Grass4u,h,6
grass,4,tech,Grass4u,html,10
grass,4,tech,Grass4u,l,2
grass,4,tech,Grass4u,y,2
grass,4,tech,Hamish Currie,c,162
grass,4,tech,Hamish Currie,eps,38
grass,4,tech,Hamish Currie,h,16
grass,4,tech,Hamish Currie,html,60
grass,4,tech,Hamish Currie,mask,2
grass,4,tech,Hamish Currie,sh,2
grass,4,tech,Hamish Currie,tcl,10
grass,4,tech,Helena Edelson,c,2
grass,4,tech,Markus Bengts,c,52
grass,4,tech,Markus Bengts,css,2
grass,4,tech,Markus Bengts,eps,4
grass,4,tech,Markus Bengts,h,8
grass,4,tech,Markus Bengts,html,37
grass,4,tech,Markus Bengts,tcl,16
grass,4,tech,Michael Aufreiter,html,2
grass,4,tech,Michael Aufreiter,m,4
grass,4,tech,Michael Aufreiter,sh,2
grass,4,tech,Michael Aufreiter,tcl,36
grass,4,tech,Paul Sadauskas,c,14
grass,4,tech,Paul Sadauskas,h,2
grass,4,tech,Paul Sadauskas,html,2
grass,4,tech,Soerengebbert,c,22
grass,4,tech,Soerengebbert,h,10
grass,4,tech,Soerengebbert,html,6
grass,4,tech,Wolf,c,18
grass,4,tech,Wolf,h,2
grass,5,tech,Benjamin Birnbaum,aux,2
grass,5,tech,Benjamin Birnbaum,c,6
grass,5,tech,Benjamin Birnbaum,h,2
grass,5,tech,Benjamin Birnbaum,html,4
grass,5,tech,Benjamin Birnbaum,pl,4
grass,5,tech,Benjamin Birnbaum,sh,2
grass,5,tech,Benjamin Birnbaum,tex,2
grass,5,tech,Brad Pitcher,c,30
grass,5,tech,Brad Pitcher,h,4
grass,5,tech,Glynn Durham,c,120
grass,5,tech,Glynn Durham,h,24
grass,5,tech,Glynn Durham,m4,2
grass,5,tech,Glynn Durham,sh,6
grass,5,tech,Grass4u,c,118
grass,5,tech,Grass4u,h,40
grass,5,tech,Grass4u,html,10
grass,5,tech,Grass4u,m,4
grass,5,tech,Grass4u,sh,4
grass,5,tech,Hamish Currie,c,104
grass,5,tech,Hamish Currie,eps,2
grass,5,tech,Hamish Currie,h,5
grass,5,tech,Hamish Currie,html,15
grass,5,tech,Hamish Currie,sh,3
grass,5,tech,Hamish Currie,tcl,2
grass,5,tech,Markus Bengts,c,93
grass,5,tech,Markus Bengts,h,5
grass,5,tech,Markus Bengts,html,28
grass,5,tech,Markus Bengts,l,3
grass,5,tech,Markus Bengts,m,2
grass,5,tech,Markus Bengts,py,4
grass,5,tech,Markus Bengts,sh,7
grass,5,tech,Markus Bengts,tcl,28
grass,5,tech,Michael Aufreiter,sh,4
grass,5,tech,Michael Aufreiter,tcl,80
grass,5,tech,Moritz Lenz,html,2
grass,5,tech,Paul Sadauskas,c,28
grass,5,tech,Paul Sadauskas,h,8
grass,5,tech,Paul Sadauskas,html,2
grass,5,tech,Paul Sadauskas,m4,2
grass,5,tech,Soerengebbert,c,10
grass,5,tech,Soerengebbert,html,8
grass,6,tech,Brad Pitcher,c,4
grass,6,tech,Glynn Durham,c,88
grass,6,tech,Glynn Durham,h,10
grass,6,tech,Glynn Durham,html,2
grass,6,tech,Glynn Durham,sh,6
grass,6,tech,Grass-web,c,71
grass,6,tech,Grass-web,cc,1
grass,6,tech,Grass-web,h,9
grass,6,tech,Grass-web,html,18
grass,6,tech,Grass-web,l,2
grass,6,tech,Grass-web,m,4
grass,6,tech,Grass-web,sh,4
grass,6,tech,Grass-web,tcl,53
grass,6,tech,Grass4u,c,12
grass,6,tech,Grass4u,h,2
grass,6,tech,Grass4u,html,2
grass,6,tech,Grass4u,sh,4
grass,6,tech,Hamish Currie,html,6
grass,6,tech,Hamish Currie,tcl,3
grass,6,tech,Markus Bengts,c,1096
grass,6,tech,Markus Bengts,cc,3
grass,6,tech,Markus Bengts,h,26
grass,6,tech,Markus Bengts,html,61
grass,6,tech,Markus Bengts,mask,3
grass,6,tech,Markus Bengts,sh,25
grass,6,tech,Markus Bengts,tcl,42
grass,6,tech,Martin Baum,c,18
grass,6,tech,Michael Aufreiter,py,8
grass,6,tech,Michael Aufreiter,sh,4
grass,6,tech,Michael Aufreiter,tcl,26
grass,6,tech,Paul Sadauskas,c,6
grass,6,tech,Paul Sadauskas,h,2
grass,6,tech,Paul Sadauskas,html,4
grass,6,tech,Soerengebbert,c,42
grass,6,tech,Soerengebbert,h,10
grass,6,tech,Soerengebbert,html,4
grass,7,tech,Brad Pitcher,c,143
grass,7,tech,Brad Pitcher,h,38
grass,7,tech,Brad Pitcher,html,1
grass,7,tech,Glynn Durham,c,170
grass,7,tech,Glynn Durham,h,40
grass,7,tech,Glynn Durham,html,2
grass,7,tech,Grass-web,c,1280
grass,7,tech,Grass-web,h,27
grass,7,tech,Grass-web,html,115
grass,7,tech,Grass-web,mask,4
grass,7,tech,Grass-web,sh,40
grass,7,tech,Grass-web,tcl,105
grass,7,tech,Grass4u,c,80
grass,7,tech,Grass4u,h,10
grass,7,tech,Grass4u,html,10
grass,7,tech,Grass4u,m4,2
grass,7,tech,Grass4u,pl,2
grass,7,tech,Grass4u,sh,10
grass,7,tech,Grass4u,tcl,52
grass,7,tech,Hamish Currie,c,29
grass,7,tech,Hamish Currie,html,42
grass,7,tech,Hamish Currie,sh,2
grass,7,tech,Hamish Currie,tcl,8
grass,7,tech,Jachym Cepicky,c,48
grass,7,tech,Jachym Cepicky,h,14
grass,7,tech,Jachym Cepicky,html,2
grass,7,tech,M.filocha,html,10
grass,7,tech,Markus Bengts,1,2
grass,7,tech,Markus Bengts,c,60
grass,7,tech,Markus Bengts,h,49
grass,7,tech,Markus Bengts,html,175
grass,7,tech,Markus Bengts,py,8
grass,7,tech,Markus Bengts,sh,8
grass,7,tech,Markus Bengts,tcl,89
grass,7,tech,Michael Aufreiter,tcl,86
grass,7,tech,Moritz Lenz,c,2
grass,7,tech,Moritz Lenz,html,4
grass,7,tech,Moritz Lenz,tcl,34
grass,7,tech,Paul Sadauskas,c,5
grass,7,tech,Paul Sadauskas,html,4
grass,7,tech,Soerengebbert,c,40
grass,7,tech,Soerengebbert,h,16
grass,7,tech,Trevor Wennblom,c,2
grass,8,tech,Brad Pitcher,c,111
grass,8,tech,Brad Pitcher,h,18
grass,8,tech,Brad Pitcher,html,2
grass,8,tech,Glynn Durham,c,80
grass,8,tech,Glynn Durham,h,10
grass,8,tech,Glynn Durham,html,4
grass,8,tech,Glynn Durham,sh,6
grass,8,tech,Glynn Durham,tcl,2
grass,8,tech,Grass-web,c,700
grass,8,tech,Grass-web,h,23
grass,8,tech,Grass-web,html,106
grass,8,tech,Grass-web,mask,2
grass,8,tech,Grass-web,sh,23
grass,8,tech,Grass-web,tcl,84
grass,8,tech,Grass-web,tex,1
grass,8,tech,Grass4u,c,2
grass,8,tech,Hamish Currie,c,154
grass,8,tech,Hamish Currie,cc,4
grass,8,tech,Hamish Currie,h,13
grass,8,tech,Hamish Currie,html,32
grass,8,tech,Hamish Currie,sh,3
grass,8,tech,Hamish Currie,tcl,18
grass,8,tech,Jachym Cepicky,c,120
grass,8,tech,Jachym Cepicky,h,14
grass,8,tech,Jachym Cepicky,html,2
grass,8,tech,Jachym Cepicky,pl,2
grass,8,tech,Jachym Cepicky,py,2
grass,8,tech,Jachym Cepicky,sh,2
grass,8,tech,M.filocha,c,4
grass,8,tech,M.filocha,html,18
grass,8,tech,Markus Bengts,c,41
grass,8,tech,Markus Bengts,h,3
grass,8,tech,Markus Bengts,html,41
grass,8,tech,Markus Bengts,sh,2
grass,8,tech,Markus Bengts,tcl,35
grass,8,tech,Markus Bengts,tex,3
grass,8,tech,Martin Baum,c,10
grass,8,tech,Michael Aufreiter,tcl,18
grass,8,tech,Moritz Lenz,c,10
grass,8,tech,Moritz Lenz,h,4
grass,8,tech,Moritz Lenz,html,2
grass,8,tech,Moritz Lenz,l,2
grass,8,tech,Moritz Lenz,tcl,2
grass,8,tech,Moritz Lenz,y,2
grass,8,tech,Paul Sadauskas,c,2
grass,9,tech,Brad Pitcher,c,156
grass,9,tech,Brad Pitcher,f,4
grass,9,tech,Brad Pitcher,h,34
grass,9,tech,Brad Pitcher,html,2
grass,9,tech,Glynn Durham,c,134
grass,9,tech,Glynn Durham,h,10
grass,9,tech,Glynn Durham,html,2
grass,9,tech,Glynn Durham,tcl,2
grass,9,tech,Grass-web,1,1
grass,9,tech,Grass-web,c,358
grass,9,tech,Grass-web,h,12
grass,9,tech,Grass-web,html,59
grass,9,tech,Grass-web,mask,1
grass,9,tech,Grass-web,sh,12
grass,9,tech,Grass-web,tcl,43
grass,9,tech,Grass-web,tex,1
grass,9,tech,Grass4u,h,2
grass,9,tech,Grass4u,html,2
grass,9,tech,Hamish Currie,c,156
grass,9,tech,Hamish Currie,h,10
grass,9,tech,Hamish Currie,html,56
grass,9,tech,Hamish Currie,sh,9
grass,9,tech,Hamish Currie,tcl,21
grass,9,tech,Helena Edelson,html,6
grass,9,tech,Jachym Cepicky,c,64
grass,9,tech,Jachym Cepicky,h,8
grass,9,tech,M.filocha,html,8
grass,9,tech,Markus Bengts,1,1
grass,9,tech,Markus Bengts,c,126
grass,9,tech,Markus Bengts,css,2
grass,9,tech,Markus Bengts,h,43
grass,9,tech,Markus Bengts,html,126
grass,9,tech,Markus Bengts,sh,14
grass,9,tech,Markus Bengts,tcl,18
grass,9,tech,Markus Bengts,tex,5
grass,9,tech,Martin Baum,c,30
grass,9,tech,Martin Baum,html,2
grass,9,tech,Michael Aufreiter,c,8
grass,9,tech,Michael Aufreiter,h,2
grass,9,tech,Michael Aufreiter,tcl,154
grass,9,tech,Moritz Lenz,tcl,2
grass,9,tech,Paul Sadauskas,bat,4
grass,9,tech,Paul Sadauskas,c,78
grass,9,tech,Paul Sadauskas,h,6
grass,9,tech,Paul Sadauskas,html,4
grass,9,tech,Paul Sadauskas,m4,2
grass,9,tech,Paul Sadauskas,sh,4
grass,9,tech,Paul Sadauskas,tcl,14
grass,10,tech,312910815,c,98
grass,10,tech,312910815,cpp,15
grass,10,tech,312910815,for,1
grass,10,tech,312910815,h,18
grass,10,tech,312910815,html,30
grass,10,tech,312910815,sh,2
grass,10,tech,Brad Pitcher,c,216
grass,10,tech,Brad Pitcher,f,4
grass,10,tech,Brad Pitcher,h,8
grass,10,tech,Florianhartmann,c,8
grass,10,tech,Florianhartmann,h,6
grass,10,tech,Florianhartmann,html,2
grass,10,tech,Florianhartmann,sh,1
grass,10,tech,Glynn Durham,c,50
grass,10,tech,Glynn Durham,h,18
grass,10,tech,Glynn Durham,html,2
grass,10,tech,Glynn Durham,sh,2
grass,10,tech,Grass-web,1,2
grass,10,tech,Grass-web,c,758
grass,10,tech,Grass-web,h,30
grass,10,tech,Grass-web,html,142
grass,10,tech,Grass-web,mask,2
grass,10,tech,Grass-web,sh,26
grass,10,tech,Grass-web,tcl,86
grass,10,tech,Grass-web,tex,2
grass,10,tech,Hamish Currie,c,69
grass,10,tech,Hamish Currie,h,14
grass,10,tech,Hamish Currie,html,12
grass,10,tech,Hamish Currie,m,2
grass,10,tech,Hamish Currie,sh,2
grass,10,tech,Hamish Currie,tcl,36
grass,10,tech,Helena Edelson,c,2
grass,10,tech,Jachym Cepicky,c,210
grass,10,tech,Jachym Cepicky,h,32
grass,10,tech,M.filocha,html,4
grass,10,tech,Markus Bengts,b,2
grass,10,tech,Markus Bengts,c,738
grass,10,tech,Markus Bengts,cc,2
grass,10,tech,Markus Bengts,h,38
grass,10,tech,Markus Bengts,html,200
grass,10,tech,Markus Bengts,sh,5
grass,10,tech,Markus Bengts,tcl,10
grass,10,tech,Martin Baum,c,19
grass,10,tech,Martin Baum,h,4
grass,10,tech,Michael Aufreiter,m,2
grass,10,tech,Michael Aufreiter,tcl,176
grass,10,tech,Paul Sadauskas,bat,8
grass,10,tech,Paul Sadauskas,c,10
grass,10,tech,Paul Sadauskas,tcl,4
grass,10,tech,Vadim Kalion,2,2
grass,10,tech,Vadim Kalion,c,8
grass,10,tech,Vadim Kalion,tcl,6
grass,11,tech,312910815,c,7
grass,11,tech,312910815,h,1
grass,11,tech,312910815,html,4
grass,11,tech,312910815,mak,1
grass,11,tech,312910815,py,1
grass,11,tech,312910815,sh,4
grass,11,tech,312910815,tcl,2
grass,11,tech,Brad Pitcher,c,30
grass,11,tech,Glynn Durham,c,12
grass,11,tech,Glynn Durham,h,2
grass,11,tech,Glynn Durham,html,12
grass,11,tech,Jachym Cepicky,c,168
grass,11,tech,Jachym Cepicky,h,24
grass,11,tech,Jachym Cepicky,html,8
grass,11,tech,Markus Bengts,c,20
grass,11,tech,Markus Bengts,h,2
grass,11,tech,Markus Bengts,html,21
grass,11,tech,Markus Bengts,sh,4
grass,11,tech,Martin Baum,c,82
grass,11,tech,Martin Baum,h,10
grass,11,tech,Martin Baum,html,2
grass,11,tech,Michael Aufreiter,tcl,50
grass,11,tech,Paul Sadauskas,bat,4
grass,11,tech,Paul Sadauskas,c,18
grass,11,tech,Paul Sadauskas,h,2
grass,11,tech,Paul Sadauskas,html,2
grass,11,tech,Paul Sadauskas,sh,2
grass,11,tech,Paul Sadauskas,tcl,4
grass,11,tech,Roberto Soares,c,6
grass,11,tech,Roberto Soares,h,2
grass,11,tech,Soerengebbert,c,34
grass,11,tech,Soerengebbert,h,10
grass,11,tech,Soerengebbert,html,4
grass,12,tech,312910815,c,66
grass,12,tech,312910815,cpp,1
grass,12,tech,312910815,html,4
grass,12,tech,312910815,sh,3
grass,12,tech,312910815,tcl,4
grass,12,tech,Brad Pitcher,c,50
grass,12,tech,Brad Pitcher,h,22
grass,12,tech,Brad Pitcher,html,2
grass,12,tech,Danieleriksson,c,4
grass,12,tech,Glynn Durham,c,342
grass,12,tech,Glynn Durham,h,70
grass,12,tech,Glynn Durham,html,4
grass,12,tech,Glynn Durham,tcl,4
grass,12,tech,Glynn Durham,y,4
grass,12,tech,Hamish Currie,c,57
grass,12,tech,Hamish Currie,h,12
grass,12,tech,Hamish Currie,html,24
grass,12,tech,Hamish Currie,sh,6
grass,12,tech,Hamish Currie,tcl,4
grass,12,tech,Jachym Cepicky,c,48
grass,12,tech,Jachym Cepicky,h,4
grass,12,tech,Jachym Cepicky,html,2
grass,12,tech,Jachym Cepicky,py,148
grass,12,tech,M.filocha,html,2
grass,12,tech,M.filocha,tcl,2
grass,12,tech,Markus Bengts,c,195
grass,12,tech,Markus Bengts,h,6
grass,12,tech,Markus Bengts,html,122
grass,12,tech,Markus Bengts,m,2
grass,12,tech,Markus Bengts,py,16
grass,12,tech,Markus Bengts,sh,2
grass,12,tech,Markus Bengts,tcl,46
grass,12,tech,Martin Baum,c,86
grass,12,tech,Martin Baum,h,12
grass,12,tech,Martin Baum,html,16
grass,12,tech,Martin Baum,sh,4
grass,12,tech,Martin Baum,tcl,2
grass,12,tech,Martin Baum,y,2
grass,12,tech,Michael Aufreiter,py,54
grass,12,tech,Michael Aufreiter,tcl,70
grass,12,tech,Paul Sadauskas,bat,2
grass,12,tech,Paul Sadauskas,c,30
grass,12,tech,Paul Sadauskas,h,6
grass,12,tech,Paul Sadauskas,html,4
grass,12,tech,Roberto Soares,c,8
grass,12,tech,Roberto Soares,h,2
grass,12,tech,Soerengebbert,c,130
grass,12,tech,Soerengebbert,h,14
grass,12,tech,Soerengebbert,html,4
grass,13,tech,312910815,c,5
grass,13,tech,312910815,html,2
grass,13,tech,Benjamin Birnbaum,c,14
grass,13,tech,Benjamin Birnbaum,h,6
grass,13,tech,Benjamin Birnbaum,html,4
grass,13,tech,Benjamin Birnbaum,pl,2
grass,13,tech,Brad Pitcher,c,118
grass,13,tech,Brad Pitcher,h,14
grass,13,tech,Danieleriksson,c,2
grass,13,tech,Danieleriksson,pl,4
grass,13,tech,Danieleriksson,py,30
grass,13,tech,Florianhartmann,c,1
grass,13,tech,Florianhartmann,html,1
grass,13,tech,Glynn Durham,c,172
grass,13,tech,Glynn Durham,h,38
grass,13,tech,Glynn Durham,html,4
grass,13,tech,Glynn Durham,py,2
grass,13,tech,Glynn Durham,tcl,18
grass,13,tech,Glynn Durham,y,2
grass,13,tech,Grass4u,c,2
grass,13,tech,Hamish Currie,c,38
grass,13,tech,Hamish Currie,h,10
grass,13,tech,Hamish Currie,html,13
grass,13,tech,Hamish Currie,sh,6
grass,13,tech,Hamish Currie,tcl,2
grass,13,tech,Jachym Cepicky,c,8
grass,13,tech,Jachym Cepicky,html,4
grass,13,tech,Jachym Cepicky,py,88
grass,13,tech,Jachym Cepicky,sh,2
grass,13,tech,Kyngchaos,applescript,2
grass,13,tech,Kyngchaos,m,2
grass,13,tech,Kyngchaos,sh,10
grass,13,tech,Markus Bengts,c,241
grass,13,tech,Markus Bengts,h,5
grass,13,tech,Markus Bengts,html,106
grass,13,tech,Markus Bengts,l,3
grass,13,tech,Markus Bengts,sh,2
grass,13,tech,Markus Bengts,tcl,12
grass,13,tech,Markus Bengts,y,3
grass,13,tech,Martin Baum,c,199
grass,13,tech,Martin Baum,h,14
grass,13,tech,Martin Baum,html,6
grass,13,tech,Martin Baum,py,44
grass,13,tech,Michael Aufreiter,pl,2
grass,13,tech,Michael Aufreiter,py,296
grass,13,tech,Michael Aufreiter,sh,2
grass,13,tech,Michael Aufreiter,tcl,30
grass,13,tech,Moritz Lenz,bat,4
grass,13,tech,Moritz Lenz,c,14
grass,13,tech,Moritz Lenz,h,2
grass,13,tech,Moritz Lenz,tcl,2
grass,13,tech,Paul Sadauskas,c,14
grass,13,tech,Paul Sadauskas,h,2
grass,13,tech,Roberto Soares,html,10
grass,13,tech,Soerengebbert,c,42
grass,13,tech,Soerengebbert,h,8
grass,13,tech,Soerengebbert,html,10
grass,13,tech,Wolf,c,4
grass,13,tech,Wolf,h,2
grass,13,tech,Wolf,html,2
grass,14,tech,312910815,aux,2
grass,14,tech,312910815,c,12
grass,14,tech,312910815,html,4
grass,14,tech,312910815,sh,1
grass,14,tech,312910815,sty,2
grass,14,tech,312910815,tcl,3
grass,14,tech,312910815,tex,6
grass,14,tech,312910815,toc,2
grass,14,tech,Brad Pitcher,c,2
grass,14,tech,Brad Pitcher,h,4
grass,14,tech,Danieleriksson,py,56
grass,14,tech,Glynn Durham,c,1260
grass,14,tech,Glynn Durham,h,184
grass,14,tech,Glynn Durham,html,20
grass,14,tech,Glynn Durham,m4,2
grass,14,tech,Glynn Durham,ps,10
grass,14,tech,Glynn Durham,tcl,2
grass,14,tech,Grass-web,c,1
grass,14,tech,Grass-web,html,1
grass,14,tech,Hamish Currie,c,61
grass,14,tech,Hamish Currie,h,3
grass,14,tech,Hamish Currie,html,14
grass,14,tech,Hamish Currie,sh,8
grass,14,tech,Hamish Currie,tcl,19
grass,14,tech,Jachym Cepicky,c,2
grass,14,tech,Jachym Cepicky,mask,2
grass,14,tech,Jachym Cepicky,py,118
grass,14,tech,Jachym Cepicky,sh,8
grass,14,tech,Kyngchaos,c,4
grass,14,tech,Kyngchaos,h,2
grass,14,tech,Kyngchaos,html,6
grass,14,tech,Kyngchaos,sh,10
grass,14,tech,M.filocha,html,2
grass,14,tech,Markus Bengts,aux,1
grass,14,tech,Markus Bengts,c,46
grass,14,tech,Markus Bengts,cls,3
grass,14,tech,Markus Bengts,h,5
grass,14,tech,Markus Bengts,html,45
grass,14,tech,Markus Bengts,sh,1
grass,14,tech,Markus Bengts,sty,1
grass,14,tech,Markus Bengts,tcl,8
grass,14,tech,Markus Bengts,tex,5
grass,14,tech,Markus Bengts,toc,1
grass,14,tech,Martin Baum,c,178
grass,14,tech,Martin Baum,cmd,6
grass,14,tech,Martin Baum,h,10
grass,14,tech,Martin Baum,html,8
grass,14,tech,Martin Baum,py,130
grass,14,tech,Michael Aufreiter,c,2
grass,14,tech,Michael Aufreiter,py,242
grass,14,tech,Michael Aufreiter,sh,6
grass,14,tech,Michael Aufreiter,tcl,14
grass,14,tech,Moritz Lenz,c,6
grass,14,tech,Roberto Soares,c,4
grass,14,tech,Roberto Soares,h,2
grass,14,tech,Scottmiller,c,140
grass,14,tech,Scottmiller,html,2
grass,14,tech,Soerengebbert,c,66
grass,14,tech,Soerengebbert,h,24
grass,14,tech,Soerengebbert,html,10
grass,14,tech,Vadim Kalion,c,4
grass,14,tech,Wolf,c,26
grass,14,tech,Wolf,h,8
grass,14,tech,Wolf,html,2
grass,15,tech,312910815,c,149
grass,15,tech,312910815,h,2
grass,15,tech,312910815,html,66
grass,15,tech,312910815,mak,1
grass,15,tech,312910815,py,11
grass,15,tech,312910815,sh,5
grass,15,tech,312910815,tcl,4
grass,15,tech,Danieleriksson,py,6
grass,15,tech,Glynn Durham,c,186
grass,15,tech,Glynn Durham,h,52
grass,15,tech,Glynn Durham,html,6
grass,15,tech,Glynn Durham,ps,4
grass,15,tech,Glynn Durham,py,20
grass,15,tech,Glynn Durham,sh,2
grass,15,tech,Glynn Durham,tcl,4
grass,15,tech,Grass-web,sh,1
grass,15,tech,Grass4u,html,2
grass,15,tech,Grass4u,tcl,2
grass,15,tech,Hamish Currie,c,110
grass,15,tech,Hamish Currie,h,23
grass,15,tech,Hamish Currie,html,59
grass,15,tech,Hamish Currie,sh,22
grass,15,tech,Hamish Currie,tcl,81
grass,15,tech,Kyngchaos,applescript,2
grass,15,tech,Kyngchaos,html,2
grass,15,tech,Kyngchaos,sh,4
grass,15,tech,M.filocha,tcl,1
grass,15,tech,Markus Bengts,aux,3
grass,15,tech,Markus Bengts,c,131
grass,15,tech,Markus Bengts,cls,1
grass,15,tech,Markus Bengts,h,7
grass,15,tech,Markus Bengts,html,117
grass,15,tech,Markus Bengts,m4,5
grass,15,tech,Markus Bengts,py,2
grass,15,tech,Markus Bengts,sh,4
grass,15,tech,Markus Bengts,sty,1
grass,15,tech,Markus Bengts,tcl,2
grass,15,tech,Markus Bengts,tex,2
grass,15,tech,Martin Baum,c,46
grass,15,tech,Martin Baum,h,14
grass,15,tech,Martin Baum,html,4
grass,15,tech,Martin Baum,py,178
grass,15,tech,Massimiliano Pepe,aux,1
grass,15,tech,Massimiliano Pepe,cls,1
grass,15,tech,Massimiliano Pepe,ps,1
grass,15,tech,Massimiliano Pepe,sty,1
grass,15,tech,Massimiliano Pepe,tex,1
grass,15,tech,Michael Aufreiter,m,2
grass,15,tech,Michael Aufreiter,py,174
grass,15,tech,Michael Aufreiter,tcl,96
grass,15,tech,Moritz Lenz,bat,10
grass,15,tech,Moritz Lenz,c,10
grass,15,tech,Paul Sadauskas,c,38
grass,15,tech,Paul Sadauskas,h,14
grass,15,tech,Paul Sadauskas,html,4
grass,15,tech,Paul Sadauskas,tcl,8
grass,15,tech,Roberto Soares,c,4
grass,15,tech,Roberto Soares,h,2
grass,15,tech,Scottmiller,c,36
grass,15,tech,Soerengebbert,c,26
grass,15,tech,Soerengebbert,h,8
grass,15,tech,Soerengebbert,html,2
grass,15,tech,Soerengebbert,sh,4
grass,15,tech,Wolf,c,12
grass,15,tech,Wolf,h,4
grass,15,tech,Wolf,html,2
grass,16,tech,312910815,c,5
grass,16,tech,312910815,cpp,14
grass,16,tech,312910815,h,15
grass,16,tech,312910815,html,4
grass,16,tech,312910815,py,9
grass,16,tech,312910815,sh,2
grass,16,tech,312910815,tcl,5
grass,16,tech,312910815,tex,12
grass,16,tech,Carlos Latugaye,c,18
grass,16,tech,Carlos Latugaye,tcl,2
grass,16,tech,Danieleriksson,c,9
grass,16,tech,Danieleriksson,h,3
grass,16,tech,Glynn Durham,c,26
grass,16,tech,Glynn Durham,h,2
grass,16,tech,Glynn Durham,html,8
grass,16,tech,Glynn Durham,l,2
grass,16,tech,Glynn Durham,y,4
grass,16,tech,Grass-web,1,1
grass,16,tech,Grass-web,c,410
grass,16,tech,Grass-web,h,19
grass,16,tech,Grass-web,html,112
grass,16,tech,Grass-web,l,1
grass,16,tech,Grass-web,m4,1
grass,16,tech,Grass-web,mask,1
grass,16,tech,Grass-web,sh,15
grass,16,tech,Grass-web,tcl,43
grass,16,tech,Grass-web,tex,1
grass,16,tech,Grass-web,y,1
grass,16,tech,Hamish Currie,c,78
grass,16,tech,Hamish Currie,eps,2
grass,16,tech,Hamish Currie,h,6
grass,16,tech,Hamish Currie,html,82
grass,16,tech,Hamish Currie,m,1
grass,16,tech,Hamish Currie,sh,28
grass,16,tech,Hamish Currie,tcl,4
grass,16,tech,Jachym Cepicky,py,2
grass,16,tech,Kyngchaos,html,2
grass,16,tech,Markus Bengts,c,185
grass,16,tech,Markus Bengts,h,15
grass,16,tech,Markus Bengts,html,40
grass,16,tech,Markus Bengts,pl,2
grass,16,tech,Markus Bengts,sh,2
grass,16,tech,Markus Bengts,sty,1
grass,16,tech,Markus Bengts,tcl,1
grass,16,tech,Markus Bengts,tex,1
grass,16,tech,Martin Baum,c,24
grass,16,tech,Martin Baum,h,2
grass,16,tech,Martin Baum,py,134
grass,16,tech,Massimiliano Pepe,c,3
grass,16,tech,Massimiliano Pepe,h,1
grass,16,tech,Massimiliano Pepe,html,1
grass,16,tech,Maximilian.krambach,c,14
grass,16,tech,Maximilian.krambach,h,4
grass,16,tech,Maximilian.krambach,html,3
grass,16,tech,Michael Aufreiter,py,156
grass,16,tech,Michael Aufreiter,tcl,6
grass,16,tech,Roberto Soares,c,6
grass,16,tech,Scottmiller,c,16
grass,16,tech,Soerengebbert,c,76
grass,16,tech,Soerengebbert,h,10
grass,17,tech,312910815,c,48
grass,17,tech,312910815,cpp,15
grass,17,tech,312910815,h,14
grass,17,tech,312910815,html,9
grass,17,tech,312910815,py,3
grass,17,tech,312910815,tcl,3
grass,17,tech,Brad Pitcher,cpp,30
grass,17,tech,Brad Pitcher,h,28
grass,17,tech,Brad Pitcher,html,2
grass,17,tech,Carlos Latugaye,c,286
grass,17,tech,Carlos Latugaye,sh,6
grass,17,tech,Carlos Latugaye,tcl,4
grass,17,tech,Danieleriksson,c,31
grass,17,tech,Danieleriksson,h,8
grass,17,tech,Danieleriksson,html,6
grass,17,tech,Glynn Durham,c,20
grass,17,tech,Glynn Durham,h,6
grass,17,tech,Glynn Durham,html,2
grass,17,tech,Glynn Durham,sh,2
grass,17,tech,Grass-web,1,1
grass,17,tech,Grass-web,c,413
grass,17,tech,Grass-web,h,20
grass,17,tech,Grass-web,html,119
grass,17,tech,Grass-web,l,1
grass,17,tech,Grass-web,m,1
grass,17,tech,Grass-web,m4,1
grass,17,tech,Grass-web,mask,1
grass,17,tech,Grass-web,sh,15
grass,17,tech,Grass-web,tcl,43
grass,17,tech,Grass-web,tex,1
grass,17,tech,Grass-web,y,1
grass,17,tech,Hamish Currie,c,20
grass,17,tech,Hamish Currie,h,4
grass,17,tech,Hamish Currie,html,12
grass,17,tech,Hamish Currie,sh,4
grass,17,tech,Kyngchaos,applescript,4
grass,17,tech,Markus Bengts,c,114
grass,17,tech,Markus Bengts,h,12
grass,17,tech,Markus Bengts,html,105
grass,17,tech,Markus Bengts,pm,2
grass,17,tech,Markus Bengts,sh,2
grass,17,tech,Markus Bengts,tcl,5
grass,17,tech,Markus Bengts,y,5
grass,17,tech,Martin Baum,c,201
grass,17,tech,Martin Baum,h,22
grass,17,tech,Martin Baum,html,14
grass,17,tech,Martin Baum,py,72
grass,17,tech,Maximilian.krambach,c,25
grass,17,tech,Maximilian.krambach,h,12
grass,17,tech,Maximilian.krambach,html,1
grass,17,tech,Michael Aufreiter,py,42
grass,17,tech,Michael Aufreiter,tcl,18
grass,17,tech,Soerengebbert,c,42
grass,17,tech,Soerengebbert,h,20
grass,17,tech,Soerengebbert,html,8
grass,17,tech,Soerengebbert,sh,4
grass,18,tech,Brad Pitcher,c,6
grass,18,tech,Carlos Latugaye,c,176
grass,18,tech,Danieleriksson,c,20
grass,18,tech,Danieleriksson,css,1
grass,18,tech,Danieleriksson,h,3
grass,18,tech,Danieleriksson,html,6
grass,18,tech,Glynn Durham,bat,2
grass,18,tech,Glynn Durham,c,48
grass,18,tech,Glynn Durham,h,22
grass,18,tech,Glynn Durham,html,2
grass,18,tech,Grass-web,c,35
grass,18,tech,Grass-web,cc,7
grass,18,tech,Grass-web,h,10
grass,18,tech,Grass-web,html,14
grass,18,tech,Grass-web,m4,1
grass,18,tech,Grass-web,mk,2
grass,18,tech,Grass-web,sh,3
grass,18,tech,Grass-web,tcl,1
grass,18,tech,Hamish Currie,c,8
grass,18,tech,Hamish Currie,html,4
grass,18,tech,Kyngchaos,c,12
grass,18,tech,Kyngchaos,sh,2
grass,18,tech,Markus Bengts,c,58
grass,18,tech,Markus Bengts,h,4
grass,18,tech,Markus Bengts,html,39
grass,18,tech,Markus Bengts,tex,1
grass,18,tech,Martin Baum,c,12
grass,18,tech,Martin Baum,cc,8
grass,18,tech,Martin Baum,cpp,2
grass,18,tech,Martin Baum,h,10
grass,18,tech,Martin Baum,py,24
grass,18,tech,Massimiliano Pepe,c,4
grass,18,tech,Massimiliano Pepe,h,1
grass,18,tech,Massimiliano Pepe,html,4
grass,18,tech,Maximilian.krambach,c,8
grass,18,tech,Maximilian.krambach,h,3
grass,18,tech,Michael Aufreiter,py,80
grass,18,tech,Michael Aufreiter,sh,2
grass,18,tech,Michael Aufreiter,tcl,22
grass,18,tech,Paul Sadauskas,bat,4
grass,18,tech,Paul Sadauskas,c,30
grass,18,tech,Paul Sadauskas,h,4
grass,18,tech,Paul Sadauskas,html,7
grass,18,tech,Paul Sadauskas,sh,3
grass,18,tech,Paul Sadauskas,tcl,24
grass,18,tech,Soerengebbert,c,16
grass,18,tech,Soerengebbert,h,6
grass,19,tech,Brad Pitcher,c,140
grass,19,tech,Brad Pitcher,cpp,2
grass,19,tech,Brad Pitcher,h,28
grass,19,tech,Brad Pitcher,html,6
grass,19,tech,Carlos Latugaye,c,20
grass,19,tech,Carlos Latugaye,tcl,4
grass,19,tech,Danieleriksson,py,2
grass,19,tech,Glynn Durham,c,10
grass,19,tech,Glynn Durham,h,6
grass,19,tech,Glynn Durham,html,10
grass,19,tech,Grass-web,c,1
grass,19,tech,Hamish Currie,c,17
grass,19,tech,Hamish Currie,h,6
grass,19,tech,Hamish Currie,html,10
grass,19,tech,Hamish Currie,tcl,2
grass,19,tech,Kyngchaos,applescript,2
grass,19,tech,Kyngchaos,c,2
grass,19,tech,Kyngchaos,html,2
grass,19,tech,Kyngchaos,sh,4
grass,19,tech,M.filocha,html,6
grass,19,tech,Markus Bengts,c,19
grass,19,tech,Markus Bengts,cpp,2
grass,19,tech,Markus Bengts,h,2
grass,19,tech,Markus Bengts,html,31
grass,19,tech,Markus Bengts,py,4
grass,19,tech,Martin Baum,c,60
grass,19,tech,Martin Baum,cc,8
grass,19,tech,Martin Baum,cls,1
grass,19,tech,Martin Baum,h,18
grass,19,tech,Martin Baum,html,10
grass,19,tech,Martin Baum,py,66
grass,19,tech,Martin Baum,sty,1
grass,19,tech,Martin Baum,tex,6
grass,19,tech,Maximilian.krambach,c,11
grass,19,tech,Maximilian.krambach,h,5
grass,19,tech,Maximilian.krambach,html,3
grass,19,tech,Michael Aufreiter,html,2
grass,19,tech,Michael Aufreiter,py,28
grass,19,tech,Michael Aufreiter,tcl,288
grass,19,tech,Moritz Lenz,sh,2
grass,19,tech,Moritz Lenz,tcl,2
grass,19,tech,Soerengebbert,c,4
grass,19,tech,Soerengebbert,h,2
grass,19,tech,Wolf,c,16
grass,19,tech,Wolf,h,6
grass,19,tech,Wolf,html,1
grass,20,tech,Brad Pitcher,c,32
grass,20,tech,Brad Pitcher,h,8
grass,20,tech,Brad Pitcher,html,4
grass,20,tech,Carlos Latugaye,c,120
grass,20,tech,Glynn Durham,c,72
grass,20,tech,Glynn Durham,cpp,2
grass,20,tech,Glynn Durham,h,8
grass,20,tech,Glynn Durham,html,2
grass,20,tech,Glynn Durham,sh,2
grass,20,tech,Grass-web,1,1
grass,20,tech,Grass-web,c,414
grass,20,tech,Grass-web,h,20
grass,20,tech,Grass-web,html,124
grass,20,tech,Grass-web,l,1
grass,20,tech,Grass-web,m,1
grass,20,tech,Grass-web,m4,1
grass,20,tech,Grass-web,mask,1
grass,20,tech,Grass-web,sh,15
grass,20,tech,Grass-web,tcl,43
grass,20,tech,Grass-web,tex,1
grass,20,tech,Grass-web,y,1
grass,20,tech,Hamish Currie,c,25
grass,20,tech,Hamish Currie,h,4
grass,20,tech,Hamish Currie,html,36
grass,20,tech,Hamish Currie,sh,2
grass,20,tech,M.filocha,html,2
grass,20,tech,Markus Bengts,c,69
grass,20,tech,Markus Bengts,h,13
grass,20,tech,Markus Bengts,html,17
grass,20,tech,Markus Bengts,pl,2
grass,20,tech,Markus Bengts,sh,2
grass,20,tech,Markus Bengts,tcl,1
grass,20,tech,Martin Baum,c,134
grass,20,tech,Martin Baum,cc,6
grass,20,tech,Martin Baum,cpp,10
grass,20,tech,Martin Baum,h,34
grass,20,tech,Martin Baum,html,8
grass,20,tech,Martin Baum,py,226
grass,20,tech,Michael Aufreiter,py,2
grass,20,tech,Michael Aufreiter,tcl,20
grass,20,tech,Roberto Soares,c,18
grass,20,tech,Roberto Soares,h,2
grass,20,tech,Roberto Soares,html,6
grass,21,tech,Carlos Latugaye,c,100
grass,21,tech,Carlos Latugaye,cc,2
grass,21,tech,Carlos Latugaye,h,2
grass,21,tech,Glynn Durham,c,138
grass,21,tech,Glynn Durham,cc,44
grass,21,tech,Glynn Durham,h,118
grass,21,tech,Glynn Durham,html,2
grass,21,tech,Grass-web,bat,2
grass,21,tech,Grass-web,c,121
grass,21,tech,Grass-web,cc,21
grass,21,tech,Grass-web,h,88
grass,21,tech,Grass-web,html,35
grass,21,tech,Grass-web,sh,2
grass,21,tech,Grass-web,tcl,4
grass,21,tech,Grass4u,c,6
grass,21,tech,Grass4u,h,2
grass,21,tech,Grass4u,html,2
grass,21,tech,Hamish Currie,c,121
grass,21,tech,Hamish Currie,h,2
grass,21,tech,Hamish Currie,html,78
grass,21,tech,Hamish Currie,sh,4
grass,21,tech,Jachym Cepicky,1,2
grass,21,tech,Jachym Cepicky,sh,4
grass,21,tech,Kyngchaos,sh,2
grass,21,tech,M.filocha,c,2
grass,21,tech,Markus Bengts,bat,4
grass,21,tech,Markus Bengts,c,92
grass,21,tech,Markus Bengts,cc,42
grass,21,tech,Markus Bengts,h,116
grass,21,tech,Markus Bengts,html,74
grass,21,tech,Markus Bengts,mask,4
grass,21,tech,Markus Bengts,sh,7
grass,21,tech,Markus Bengts,tcl,13
grass,21,tech,Martin Baum,c,80
grass,21,tech,Martin Baum,cpp,12
grass,21,tech,Martin Baum,h,34
grass,21,tech,Martin Baum,html,4
grass,21,tech,Martin Baum,py,142
grass,21,tech,Michael Aufreiter,html,22
grass,21,tech,Michael Aufreiter,tcl,10
grass,21,tech,Moritz Lenz,bat,4
grass,21,tech,Moritz Lenz,c,2
grass,21,tech,Paul Sadauskas,c,4
grass,21,tech,Roberto Soares,c,2
grass,21,tech,Wolf,c,28
grass,21,tech,Wolf,h,20
grass,21,tech,Wolf,html,8
grass,21,tech,Wolf,tcl,2
grass,22,tech,312910815,c,54
grass,22,tech,312910815,h,2
grass,22,tech,312910815,html,6
grass,22,tech,312910815,sh,3
grass,22,tech,312910815,tcl,2
grass,22,tech,Brad Pitcher,c,6
grass,22,tech,Carlos Latugaye,c,62
grass,22,tech,Carlos Latugaye,tcl,4
grass,22,tech,Eric Lindvall,c,2
grass,22,tech,Eric Lindvall,html,18
grass,22,tech,Glynn Durham,c,16
grass,22,tech,Glynn Durham,h,2
grass,22,tech,Glynn Durham,html,2
grass,22,tech,Grass-web,1,1
grass,22,tech,Grass-web,bat,2
grass,22,tech,Grass-web,c,531
grass,22,tech,Grass-web,cc,21
grass,22,tech,Grass-web,h,91
grass,22,tech,Grass-web,html,154
grass,22,tech,Grass-web,l,1
grass,22,tech,Grass-web,m,1
grass,22,tech,Grass-web,m4,1
grass,22,tech,Grass-web,mask,1
grass,22,tech,Grass-web,sh,18
grass,22,tech,Grass-web,tcl,48
grass,22,tech,Grass-web,tex,1
grass,22,tech,Grass-web,y,1
grass,22,tech,Hamish Currie,c,28
grass,22,tech,Hamish Currie,html,20
grass,22,tech,Hamish Currie,sh,2
grass,22,tech,Hamish Currie,tcl,2
grass,22,tech,Markus Bengts,bat,2
grass,22,tech,Markus Bengts,c,101
grass,22,tech,Markus Bengts,h,12
grass,22,tech,Markus Bengts,html,116
grass,22,tech,Markus Bengts,mask,4
grass,22,tech,Markus Bengts,sh,20
grass,22,tech,Markus Bengts,tcl,10
grass,22,tech,Martin Baum,c,30
grass,22,tech,Martin Baum,cpp,2
grass,22,tech,Martin Baum,html,4
grass,22,tech,Martin Baum,py,120
grass,22,tech,Martin Baum,sh,6
grass,22,tech,Michael Aufreiter,py,60
grass,22,tech,Michael Aufreiter,tcl,12
grass,22,tech,Moritz Lenz,bat,2
grass,22,tech,Moritz Lenz,c,8
grass,22,tech,Moritz Lenz,h,2
grass,22,tech,Moritz Lenz,tcl,2
grass,22,tech,Scottmiller,html,4
grass,22,tech,Wolf,c,14
grass,22,tech,Wolf,css,1
grass,22,tech,Wolf,h,10
grass,22,tech,Wolf,html,3
grass,23,tech,Carlos Latugaye,c,40
grass,23,tech,Carlos Latugaye,tcl,2
grass,23,tech,Eric Lindvall,c,8
grass,23,tech,Eric Lindvall,html,32
grass,23,tech,Glynn Durham,c,6
grass,23,tech,Hamish Currie,c,17
grass,23,tech,Hamish Currie,html,2
grass,23,tech,Helena Edelson,html,2
grass,23,tech,Kyngchaos,applescript,2
grass,23,tech,Kyngchaos,sh,2
grass,23,tech,Markus Bengts,c,52
grass,23,tech,Markus Bengts,h,2
grass,23,tech,Markus Bengts,html,32
grass,23,tech,Markus Bengts,py,10
grass,23,tech,Markus Bengts,sh,8
grass,23,tech,Markus Bengts,sql,7
grass,23,tech,Markus Bengts,tcl,78
grass,23,tech,Martin Baum,c,300
grass,23,tech,Martin Baum,cpp,26
grass,23,tech,Martin Baum,h,24
grass,23,tech,Martin Baum,html,12
grass,23,tech,Martin Baum,pl,2
grass,23,tech,Martin Baum,py,100
grass,23,tech,Martin Baum,sh,12
grass,23,tech,Michael Aufreiter,py,4
grass,23,tech,Michael Aufreiter,tcl,38
grass,23,tech,Moritz Lenz,bat,2
grass,23,tech,Moritz Lenz,c,2
grass,23,tech,Moritz Lenz,tcl,2
grass,23,tech,Paul Sadauskas,tcl,8
grass,23,tech,Wolf,c,10
grass,23,tech,Wolf,h,2
grass,24,tech,Carlos Latugaye,c,12
grass,24,tech,Eric Lindvall,html,36
grass,24,tech,Florianhartmann,c,4
grass,24,tech,Florianhartmann,h,4
grass,24,tech,Florianhartmann,sh,1
grass,24,tech,Glynn Durham,c,6
grass,24,tech,Glynn Durham,html,2
grass,24,tech,Hamish Currie,bat,4
grass,24,tech,Hamish Currie,c,54
grass,24,tech,Hamish Currie,h,6
grass,24,tech,Hamish Currie,html,21
grass,24,tech,Malte,tex,4
grass,24,tech,Markus Bengts,c,78
grass,24,tech,Markus Bengts,f,9
grass,24,tech,Markus Bengts,h,47
grass,24,tech,Markus Bengts,html,28
grass,24,tech,Markus Bengts,pl,2
grass,24,tech,Markus Bengts,sh,10
grass,24,tech,Martin Baum,c,44
grass,24,tech,Martin Baum,cpp,44
grass,24,tech,Martin Baum,h,23
grass,24,tech,Martin Baum,html,14
grass,24,tech,Martin Baum,py,120
grass,24,tech,Michael Aufreiter,py,38
grass,24,tech,Michael Aufreiter,tcl,6
grass,24,tech,Moritz Lenz,bat,2
istsos,0,social,Luka-g,Luka-g,0
istsos,0,tech,Massimiliano Pepe,css,10
istsos,0,tech,Massimiliano Pepe,html,31
istsos,0,tech,Massimiliano Pepe,js,8
istsos,0,tech,Massimiliano Pepe,py,115
istsos,0,tech,Massimiliano Pepe,sh,3
istsos,0,tech,Massimiliano Pepe,sql,1
istsos,2,tech,Massimiliano Pepe,py,1
istsos,2,tech,Milan,py,1
istsos,4,tech,Massimiliano Pepe,py,13
istsos,5,tech,Massimiliano Pepe,py,7
istsos,6,tech,Massimiliano Pepe,py,1
istsos,8,tech,Massimiliano Pepe,py,6
istsos,8,tech,Milan,py,8
istsos,9,tech,Massimiliano Pepe,py,8
istsos,9,tech,Milan,py,2
istsos,24,tech,Milan,bat,1
istsos,24,tech,Milan,css,35
istsos,24,tech,Milan,html,117
istsos,24,tech,Milan,inc,1
istsos,24,tech,Milan,js,153
istsos,24,tech,Milan,py,860
istsos,24,tech,Milan,rb,4
istsos,24,tech,Milan,scss,80
istsos,24,tech,Milan,sh,4
istsos,24,tech,Milan,sql,1
istsos,26,tech,404,js,1
istsos,26,tech,404,py,33
istsos,26,tech,Massimiliano Pepe,py,172
istsos,26,tech,Milan,css,2
istsos,26,tech,Milan,html,5
istsos,26,tech,Milan,js,336
istsos,26,tech,Milan,py,17
istsos,27,tech,Milan,html,2
istsos,27,tech,Milan,js,206
istsos,27,tech,Milan,py,28
istsos,28,tech,Milan,js,67
istsos,28,tech,Milan,py,6
istsos,29,tech,Massimiliano Pepe,py,2
istsos,29,tech,Milan,py,10
istsos,30,tech,Massimiliano Pepe,py,51
istsos,30,tech,Milan,js,134
istsos,30,tech,Milan,py,44
istsos,30,tech,Milan,sh,1
istsos,31,tech,Massimiliano Pepe,py,53
istsos,31,tech,Milan,html,1
istsos,31,tech,Milan,js,204
istsos,31,tech,Milan,py,84
istsos,32,tech,Milan,py,6
istsos,33,tech,Milan,py,8
istsos,34,tech,Milan,css,1
istsos,34,tech,Milan,html,2
istsos,34,tech,Milan,js,140
istsos,34,tech,Milan,py,56
istsos,35,tech,Massimiliano Pepe,py,1
istsos,35,tech,Milan,css,108
istsos,35,tech,Milan,html,166
istsos,35,tech,Milan,js,658
istsos,35,tech,Milan,py,2
istsos,35,tech,Milan,rb,16
istsos,35,tech,Milan,scss,320
istsos,35,tech,Mirko Vogt,css,7
istsos,35,tech,Mirko Vogt,html,4
istsos,35,tech,Mirko Vogt,js,45
istsos,35,tech,Mirko Vogt,py,10
istsos,35,tech,Mirko Vogt,rb,3
istsos,35,tech,Mirko Vogt,scss,57
istsos,35,tech,Mirko Vogt,sql,1
istsos,36,tech,Milan,py,8
istsos,36,tech,Mirko Vogt,css,23
istsos,36,tech,Mirko Vogt,html,13
istsos,36,tech,Mirko Vogt,js,245
istsos,36,tech,Mirko Vogt,py,9
istsos,36,tech,Mirko Vogt,rb,9
istsos,36,tech,Mirko Vogt,scss,171
istsos,41,tech,Milan,py,3
istsos,41,tech,Mirko Vogt,py,23
istsos,41,tech,Mirko Vogt,sql,1
istsos,43,tech,Milan,css,13
istsos,43,tech,Milan,html,3
istsos,43,tech,Milan,js,690
istsos,43,tech,Milan,py,876
istsos,43,tech,Milan,rb,1
istsos,43,tech,Milan,sh,1
istsos,43,tech,Mirko Vogt,css,3
istsos,43,tech,Mirko Vogt,html,1
istsos,43,tech,Mirko Vogt,js,5
istsos,43,tech,Mirko Vogt,py,7
istsos,43,tech,Mirko Vogt,sql,2
istsos,44,tech,Milan,py,20
istsos,44,tech,Mirko Vogt,js,2
istsos,44,tech,Mirko Vogt,py,46
istsos,44,tech,Mirko Vogt,sql,1
istsos,46,tech,Milan,py,15
istsos,48,tech,Massimiliano Pepe,bat,1
istsos,48,tech,Massimiliano Pepe,css,8
istsos,48,tech,Massimiliano Pepe,html,116
istsos,48,tech,Massimiliano Pepe,inc,1
istsos,48,tech,Massimiliano Pepe,js,12
istsos,48,tech,Massimiliano Pepe,py,69
istsos,48,tech,Massimiliano Pepe,sh,2
istsos,48,tech,Milan,py,9
istsos,49,tech,Massimiliano Pepe,css,1
istsos,49,tech,Massimiliano Pepe,html,3
istsos,49,tech,Massimiliano Pepe,js,1
istsos,49,tech,Massimiliano Pepe,py,120
istsos,49,tech,Milan,bat,1
istsos,49,tech,Milan,css,13
istsos,49,tech,Milan,html,134
istsos,49,tech,Milan,inc,1
istsos,49,tech,Milan,js,24
istsos,49,tech,Milan,py,9
istsos,49,tech,Milan,sh,1
istsos,49,tech,Mirko Vogt,css,11
istsos,49,tech,Mirko Vogt,html,32
istsos,49,tech,Mirko Vogt,js,14
istsos,49,tech,Mirko Vogt,php,2
istsos,49,tech,Mirko Vogt,py,57
istsos,49,tech,Mirko Vogt,sh,1
istsos,50,tech,Kevin,py,1
istsos,50,tech,Massimiliano Pepe,py,15
istsos,50,tech,Mirko Vogt,py,12
istsos,51,tech,Massimiliano Pepe,py,6
istsos,51,tech,Milan,cpp,1
istsos,51,tech,Milan,css,4
istsos,51,tech,Milan,h,1
istsos,51,tech,Milan,html,8
istsos,51,tech,Milan,ino,2
istsos,51,tech,Milan,js,9
istsos,51,tech,Milan,py,21
istsos,51,tech,Mirko Vogt,css,1
istsos,51,tech,Mirko Vogt,html,1
istsos,51,tech,Mirko Vogt,py,34
istsos,51,tech,Mirko Vogt,sql,1
istsos,52,tech,Milan,py,32
istsos,52,tech,Mirko Vogt,py,59
istsos,52,tech,Mirko Vogt,sql,1
istsos,53,tech,Milan,css,3
istsos,53,tech,Milan,html,2
istsos,53,tech,Milan,js,34
istsos,53,tech,Milan,py,30
istsos,53,tech,Milan,sh,1
istsos,54,tech,Massimiliano Pepe,py,1
istsos,54,tech,Milan,js,6
istsos,54,tech,Milan,py,10
istsos,54,tech,Milan,sh,1
istsos,56,tech,Milan,html,2
istsos,56,tech,Milan,js,2
istsos,56,tech,Milan,py,21
istsos,56,tech,Mirko Vogt,py,1
istsos,57,tech,Milan,html,1
istsos,57,tech,Milan,py,14
istsos,58,tech,Milan,html,1
istsos,58,tech,Milan,js,6
istsos,58,tech,Milan,py,40
istsos,58,tech,Milan,sql,1
istsos,59,tech,Milan,css,5
istsos,59,tech,Milan,html,1
istsos,59,tech,Milan,js,4
istsos,59,tech,Milan,py,10
istsos,60,tech,Luka.glusica89,html,20
istsos,60,tech,Luka.glusica89,js,142
istsos,60,tech,Milan,py,3
istsos,61,tech,Felipe07,bat,3
istsos,61,tech,Felipe07,css,189
istsos,61,tech,Felipe07,el,6
istsos,61,tech,Felipe07,html,2384
istsos,61,tech,Felipe07,js,4624
istsos,61,tech,Felipe07,py,46
istsos,61,tech,Felipe07,sh,24
istsos,61,tech,Luka.glusica89,css,14
istsos,61,tech,Luka.glusica89,html,23
istsos,61,tech,Luka.glusica89,js,74
istsos,62,tech,Felipe07,css,7
istsos,62,tech,Felipe07,html,65
istsos,62,tech,Felipe07,js,17
istsos,62,tech,Felipe07,py,1
istsos,62,tech,Florin,bat,1
istsos,62,tech,Florin,java,94
istsos,62,tech,Florin,pro,2
istsos,62,tech,Florin Cioloboc,bat,1
istsos,62,tech,Florin Cioloboc,java,80
istsos,62,tech,Luka.glusica89,css,6
istsos,62,tech,Luka.glusica89,html,12
istsos,62,tech,Luka.glusica89,js,81
istsos,62,tech,Milan,css,1
istsos,62,tech,Milan,html,1
istsos,62,tech,Milan,js,4
istsos,62,tech,Milan,py,10
istsos,62,tech,Milan,sh,2
istsos,62,tech,Mirko Vogt,py,1
istsos,62,tech,Noreply,bat,3
istsos,62,tech,Noreply,css,71
istsos,62,tech,Noreply,el,2
istsos,62,tech,Noreply,html,788
istsos,62,tech,Noreply,java,80
istsos,62,tech,Noreply,js,1580
istsos,62,tech,Noreply,pro,2
istsos,62,tech,Noreply,py,15
istsos,62,tech,Noreply,sh,8
istsos,63,tech,Antonovic P. Milan,py,1
istsos,63,tech,Milan,js,2
istsos,63,tech,Noreply,py,1
istsos,66,tech,Antonovic P. Milan,py,1
istsos,66,tech,Danielestrigaro,py,4
istsos,66,tech,Felipe07,html,3
istsos,66,tech,Felipe07,js,20
istsos,66,tech,Luka.glusica89,js,4
istsos,66,tech,Noreply,py,3
istsos,67,tech,Antonovic P. Milan,bat,1
istsos,67,tech,Antonovic P. Milan,cpp,1
istsos,67,tech,Antonovic P. Milan,css,33
istsos,67,tech,Antonovic P. Milan,h,1
istsos,67,tech,Antonovic P. Milan,html,37
istsos,67,tech,Antonovic P. Milan,inc,1
istsos,67,tech,Antonovic P. Milan,ino,2
istsos,67,tech,Antonovic P. Milan,js,725
istsos,67,tech,Antonovic P. Milan,php,2
istsos,67,tech,Antonovic P. Milan,py,267
istsos,67,tech,Antonovic P. Milan,rb,1
istsos,67,tech,Antonovic P. Milan,sh,3
istsos,67,tech,Antonovic P. Milan,sql,2
istsos,67,tech,Danielestrigaro,py,2
istsos,67,tech,Noreply,bat,1
istsos,67,tech,Noreply,cpp,1
istsos,67,tech,Noreply,css,33
istsos,67,tech,Noreply,h,1
istsos,67,tech,Noreply,html,37
istsos,67,tech,Noreply,inc,1
istsos,67,tech,Noreply,ino,2
istsos,67,tech,Noreply,js,725
istsos,67,tech,Noreply,php,2
istsos,67,tech,Noreply,py,265
istsos,67,tech,Noreply,rb,1
istsos,67,tech,Noreply,sh,3
istsos,67,tech,Noreply,sql,2
istsos,68,tech,Antonovic P. Milan,bat,1
istsos,68,tech,Antonovic P. Milan,css,3
istsos,68,tech,Antonovic P. Milan,html,31
istsos,68,tech,Antonovic P. Milan,inc,1
istsos,68,tech,Antonovic P. Milan,js,2
istsos,68,tech,Antonovic P. Milan,py,8
istsos,68,tech,Antonovic P. Milan,sh,1
istsos,69,tech,Antonovic P. Milan,cpp,1
istsos,69,tech,Antonovic P. Milan,css,5
istsos,69,tech,Antonovic P. Milan,h,1
istsos,69,tech,Antonovic P. Milan,html,118
istsos,69,tech,Antonovic P. Milan,ino,4
istsos,69,tech,Antonovic P. Milan,js,9
istsos,69,tech,Antonovic P. Milan,py,15
istsos,69,tech,Antonovic P. Milan,sh,1
istsos,69,tech,Noreply,bat,1
istsos,69,tech,Noreply,cpp,1
istsos,69,tech,Noreply,css,5
istsos,69,tech,Noreply,h,1
istsos,69,tech,Noreply,html,119
istsos,69,tech,Noreply,inc,1
istsos,69,tech,Noreply,ino,4
istsos,69,tech,Noreply,js,9
istsos,69,tech,Noreply,py,18
istsos,69,tech,Noreply,sh,2
istsos,72,tech,Antonovic P. Milan,css,3
istsos,72,tech,Antonovic P. Milan,html,12
istsos,72,tech,Antonovic P. Milan,js,10
istsos,72,tech,Antonovic P. Milan,py,196
istsos,72,tech,Antonovic P. Milan,sql,7
istsos,72,tech,Luka.glusica89,js,60
istsos,73,tech,Antonovic P. Milan,html,3
istsos,73,tech,Antonovic P. Milan,js,1
istsos,73,tech,Antonovic P. Milan,py,23
istsos,73,tech,Luka.glusica89,css,2
istsos,73,tech,Luka.glusica89,html,2
istsos,73,tech,Luka.glusica89,js,100
istsos,74,tech,Antonovic P. Milan,css,9
istsos,74,tech,Antonovic P. Milan,html,24
istsos,74,tech,Antonovic P. Milan,js,23
istsos,74,tech,Antonovic P. Milan,py,28
istsos,74,tech,Antonovic P. Milan,sql,2
istsos,74,tech,Luka.glusica89,js,22
istsos,74,tech,Massimiliano Pepe,py,10
istsos,74,tech,Massimilianocannata,css,3
istsos,74,tech,Massimilianocannata,html,12
istsos,74,tech,Massimilianocannata,js,8
istsos,74,tech,Massimilianocannata,py,37
istsos,74,tech,Mirko Vogt,py,105
istsos,74,tech,Mirko Vogt,sql,3
istsos,74,tech,Noreply,py,1
istsos,74,tech,Ondrej Hrebicek,py,1
istsos,75,tech,Felipe07,html,4
istsos,75,tech,Felipe07,js,9
istsos,75,tech,Luka.glusica89,js,20
istsos,75,tech,Massimilianocannata,py,22
istsos,75,tech,Milan,py,22
istsos,75,tech,Mirko Vogt,py,197
istsos,75,tech,Mirko Vogt,sql,7
istsos,75,tech,Noreply,css,1
istsos,75,tech,Noreply,html,5
istsos,75,tech,Noreply,js,56
istsos,76,tech,Antonovic P. Milan,bat,1
istsos,76,tech,Antonovic P. Milan,css,2
istsos,76,tech,Antonovic P. Milan,html,1
istsos,76,tech,Antonovic P. Milan,js,55
istsos,76,tech,Antonovic P. Milan,py,186
istsos,76,tech,Antonovic P. Milan,sql,4
istsos,76,tech,Milan,py,237
istsos,76,tech,Milan,sql,5
istsos,76,tech,Mirko Vogt,py,58
istsos,76,tech,Mirko Vogt,sql,2
istsos,76,tech,Noreply,html,1
istsos,77,tech,Noreply,css,7
istsos,77,tech,Noreply,html,121
istsos,77,tech,Noreply,js,20
istsos,77,tech,Noreply,py,11
istsos,77,tech,Noreply,sh,1
istsos,78,tech,Massimiliano Pepe,sql,1
istsos,78,tech,Massimilianocannata,sql,1
istsos,78,tech,Milan,css,2
istsos,78,tech,Milan,html,1
istsos,78,tech,Milan,js,195
istsos,78,tech,Milan,py,328
istsos,78,tech,Milan,sql,7
istsos,79,tech,Milan,js,41
istsos,80,tech,Milan,js,28
istsos,80,tech,Milan,py,19
istsos,80,tech,Milan,sql,1
istsos,81,tech,Milan,js,16
istsos,82,tech,Milan,js,66
istsos,82,tech,Milan,py,27
istsos,82,tech,Noreply,py,1
istsos,83,tech,Milan,py,985
istsos,83,tech,Milan,sql,1
istsos,83,tech,Noreply,py,4
istsos,85,tech,Milan,py,4
istsos,86,tech,Milan,html,1
istsos,87,tech,Noreply,py,24
istsos,87,tech,Rahul Chauhan,py,24
istsos,89,tech,Noreply,py,3
istsos,101,tech,Milan,py,3
istsos,103,tech,Danielemetilli,py,16
istsos,103,tech,Istituto Scienze Della Terra - Supsi,py,3
istsos,103,tech,Massimiliano Pepe,ino,2
istsos,103,tech,Massimiliano Pepe,js,7
istsos,103,tech,Massimiliano Pepe,py,512
istsos,103,tech,Massimiliano Pepe,sh,2
istsos,103,tech,Milan,html,1
istsos,103,tech,Milan,py,266
istsos,103,tech,Milan,sh,5
istsos,103,tech,Milan,sql,1
istsos,103,tech,Noreply,css,3
istsos,103,tech,Noreply,html,2
istsos,103,tech,Noreply,ino,4
istsos,103,tech,Noreply,js,18
istsos,103,tech,Noreply,py,538
istsos,103,tech,Noreply,sh,6
istsos,103,tech,Noreply,sql,1
istsos,104,tech,Istituto Scienze Della Terra - Supsi,py,2
istsos,104,tech,Istituto Scienze Della Terra - Supsi,sh,1
istsos,104,tech,Milan,py,12
istsos,104,tech,Milan,sh,2
istsos,104,tech,Noreply,py,2
istsos,104,tech,Noreply,sh,1
istsos,105,tech,Milan,js,1
istsos,105,tech,Milan,py,2
istsos,105,tech,Noreply,html,1
istsos,105,tech,Noreply,py,2
istsos,107,tech,Milan,py,14
istsos,107,tech,Noreply,py,5
istsos,107,tech,Noreply,sql,1
istsos,108,tech,Milan,py,1
istsos,108,tech,Milan.antonovic,py,4
istsos,113,tech,Massimilianocannata,html,2
istsos,113,tech,Massimilianocannata,ino,4
istsos,113,tech,Massimilianocannata,ipynb,42
istsos,113,tech,Massimilianocannata,py,9
istsos,114,tech,Massimilianocannata,ipynb,11
istsos,119,tech,Milan.antonovic,py,1
istsos,122,tech,Milan.antonovic,py,8
istsos,124,tech,Milan.antonovic,js,2
istsos,124,tech,Milan.antonovic,py,1
mapserver,0,social,Ed,Ed,0
mapserver,0,social,Norman,Norman,0
mapserver,0,social,Valik,Valik,0
mapserver,0,tech,404,c,15
mapserver,0,tech,404,h,3
mapserver,0,tech,Chris Ortner,c,18
mapserver,0,tech,Chris Ortner,py,3
mapserver,0,tech,Danieleriksson,c,9
mapserver,0,tech,Danieleriksson,h,3
mapserver,0,tech,Francesco Dal Canton,c,12
mapserver,0,tech,Francesco Dal Canton,py,2
mapserver,0,tech,Hubert Studer,java,3
mapserver,0,tech,Steve Sanderson,c,57
mapserver,0,tech,Steve Sanderson,h,9
mapserver,0,tech,Steve Sanderson,l,3
mapserver,1,tech,404,c,6
mapserver,1,tech,Assefa,c,60
mapserver,1,tech,Assefa,h,9
mapserver,1,tech,Chris Ortner,c,18
mapserver,1,tech,Chris Ortner,h,3
mapserver,1,tech,Danieleriksson,c,9
mapserver,1,tech,Francesco Dal Canton,c,15
mapserver,1,tech,Jan Ingvoldstad,c,12
mapserver,1,tech,Paul Sadauskas,c,6
mapserver,1,tech,Steve Sanderson,c,120
mapserver,1,tech,Steve Sanderson,cpp,6
mapserver,1,tech,Steve Sanderson,csh,5
mapserver,1,tech,Steve Sanderson,gml,3
mapserver,1,tech,Steve Sanderson,h,36
mapserver,1,tech,Steve Sanderson,html,109
mapserver,1,tech,Steve Sanderson,java,4
mapserver,1,tech,Steve Sanderson,pl,7
mapserver,1,tech,Steve Sanderson,py,13
mapserver,1,tech,Steve Sanderson,sh,1
mapserver,1,tech,Steve Sanderson,sld,1
mapserver,1,tech,Tamas Denes,c,6
mapserver,1,tech,Tamas Denes,h,21
mapserver,2,tech,404,c,3
mapserver,2,tech,Assefa,c,30
mapserver,2,tech,Chris Ortner,c,9
mapserver,2,tech,Chris Ortner,h,3
mapserver,2,tech,Danieleriksson,c,9
mapserver,2,tech,Danieleriksson,h,3
mapserver,2,tech,Francesco Dal Canton,c,24
mapserver,2,tech,Francesco Dal Canton,cpp,3
mapserver,2,tech,Francesco Dal Canton,h,3
mapserver,2,tech,Hubert Studer,c,3
mapserver,2,tech,Hubert Studer,java,3
mapserver,2,tech,Steve Sanderson,c,96
mapserver,2,tech,Steve Sanderson,cpp,6
mapserver,2,tech,Steve Sanderson,csh,5
mapserver,2,tech,Steve Sanderson,gml,3
mapserver,2,tech,Steve Sanderson,h,18
mapserver,2,tech,Steve Sanderson,html,109
mapserver,2,tech,Steve Sanderson,java,4
mapserver,2,tech,Steve Sanderson,pl,7
mapserver,2,tech,Steve Sanderson,py,13
mapserver,2,tech,Steve Sanderson,sh,1
mapserver,2,tech,Steve Sanderson,sld,1
mapserver,2,tech,Tom Malone,gml,1
mapserver,2,tech,Tom Malone,html,2
mapserver,3,tech,Assefa,c,15
mapserver,3,tech,Assefa,h,3
mapserver,3,tech,Danieleriksson,c,27
mapserver,3,tech,Danieleriksson,cpp,3
mapserver,3,tech,Danieleriksson,h,6
mapserver,3,tech,Francesco Dal Canton,c,27
mapserver,3,tech,Francesco Dal Canton,h,3
mapserver,3,tech,Hubert Studer,java,12
mapserver,3,tech,Paul Sadauskas,c,15
mapserver,3,tech,Paul Sadauskas,l,3
mapserver,3,tech,Steve Sanderson,c,42
mapserver,3,tech,Steve Sanderson,cpp,3
mapserver,3,tech,Steve Sanderson,h,9
mapserver,3,tech,Steve Sanderson,l,3
mapserver,4,tech,404,c,6
mapserver,4,tech,Assefa,c,15
mapserver,4,tech,Assefa,h,3
mapserver,4,tech,Chris Ortner,c,9
mapserver,4,tech,Chris Ortner,h,6
mapserver,4,tech,Chris Ortner,m4,9
mapserver,4,tech,Chris Ortner,py,3
mapserver,4,tech,Danieleriksson,c,39
mapserver,4,tech,Danieleriksson,cpp,6
mapserver,4,tech,Danieleriksson,h,6
mapserver,4,tech,Francesco Dal Canton,c,9
mapserver,4,tech,Francesco Dal Canton,h,9
mapserver,4,tech,Francesco Dal Canton,java,3
mapserver,4,tech,Hubert Studer,h,3
mapserver,4,tech,Hubert Studer,java,12
mapserver,4,tech,Steve Sanderson,pl,6
mapserver,4,tech,Tamas Denes,c,9
mapserver,4,tech,Tamas Denes,h,3
mapserver,4,tech,Tom Malone,html,1
mapserver,4,tech,Tom Malone,php,1
mapserver,4,tech,Tom Malone,pl,1
mapserver,4,tech,Tom Malone,py,1
mapserver,5,tech,Assefa,c,3
mapserver,5,tech,Chris Ortner,py,15
mapserver,5,tech,Danieleriksson,h,3
mapserver,5,tech,Francesco Dal Canton,c,39
mapserver,5,tech,Francesco Dal Canton,h,9
mapserver,5,tech,Francesco Dal Canton,java,6
mapserver,5,tech,Francesco Dal Canton,py,3
mapserver,5,tech,Hubert Studer,java,9
mapserver,5,tech,Steve Sanderson,c,93
mapserver,5,tech,Steve Sanderson,cpp,9
mapserver,5,tech,Steve Sanderson,csh,5
mapserver,5,tech,Steve Sanderson,gml,3
mapserver,5,tech,Steve Sanderson,h,27
mapserver,5,tech,Steve Sanderson,html,109
mapserver,5,tech,Steve Sanderson,java,4
mapserver,5,tech,Steve Sanderson,l,3
mapserver,5,tech,Steve Sanderson,pl,7
mapserver,5,tech,Steve Sanderson,py,13
mapserver,5,tech,Steve Sanderson,sh,1
mapserver,5,tech,Steve Sanderson,sld,1
mapserver,6,tech,Danieleriksson,c,27
mapserver,6,tech,Danieleriksson,h,6
mapserver,6,tech,Francesco Dal Canton,c,3
mapserver,6,tech,Francesco Dal Canton,h,3
mapserver,6,tech,Steve Sanderson,c,81
mapserver,6,tech,Steve Sanderson,csh,5
mapserver,6,tech,Steve Sanderson,gml,6
mapserver,6,tech,Steve Sanderson,h,15
mapserver,6,tech,Steve Sanderson,html,121
mapserver,6,tech,Steve Sanderson,java,4
mapserver,6,tech,Steve Sanderson,l,3
mapserver,6,tech,Steve Sanderson,pl,7
mapserver,6,tech,Steve Sanderson,py,14
mapserver,6,tech,Steve Sanderson,sh,2
mapserver,6,tech,Steve Sanderson,sld,2
mapserver,6,tech,Tamas Denes,h,3
mapserver,6,tech,Tom Malone,html,2
mapserver,6,tech,Tom Malone,php,1
mapserver,6,tech,Tom Malone,sld,1
mapserver,7,tech,404,c,3
mapserver,7,tech,404,html,3
mapserver,7,tech,404,php,3
mapserver,7,tech,Assefa,c,39
mapserver,7,tech,Assefa,h,6
mapserver,7,tech,Chris Ortner,c,24
mapserver,7,tech,Chris Ortner,h,3
mapserver,7,tech,Chris Ortner,m4,3
mapserver,7,tech,Danieleriksson,c,33
mapserver,7,tech,Danieleriksson,cpp,3
mapserver,7,tech,Danieleriksson,h,12
mapserver,7,tech,Danieleriksson,phtml,6
mapserver,7,tech,Francesco Dal Canton,c,12
mapserver,7,tech,Francesco Dal Canton,cpp,6
mapserver,7,tech,Francesco Dal Canton,h,3
mapserver,7,tech,Francesco Dal Canton,html,6
mapserver,7,tech,Francesco Dal Canton,py,10
mapserver,7,tech,Hubert Studer,c,3
mapserver,7,tech,Hubert Studer,h,3
mapserver,7,tech,Hubert Studer,java,9
mapserver,7,tech,Hubert Studer,rb,3
mapserver,7,tech,Johnmcgrath,c,6
mapserver,7,tech,Steve Sanderson,c,51
mapserver,7,tech,Steve Sanderson,cpp,6
mapserver,7,tech,Steve Sanderson,csh,10
mapserver,7,tech,Steve Sanderson,gml,12
mapserver,7,tech,Steve Sanderson,h,18
mapserver,7,tech,Steve Sanderson,html,242
mapserver,7,tech,Steve Sanderson,java,8
mapserver,7,tech,Steve Sanderson,pl,14
mapserver,7,tech,Steve Sanderson,py,30
mapserver,7,tech,Steve Sanderson,sh,4
mapserver,7,tech,Steve Sanderson,sld,4
mapserver,7,tech,Tom Malone,html,1
mapserver,8,tech,Assefa,c,6
mapserver,8,tech,Danieleriksson,h,9
mapserver,8,tech,Francesco Dal Canton,c,9
mapserver,8,tech,Francesco Dal Canton,h,3
mapserver,8,tech,Francesco Dal Canton,py,2
mapserver,8,tech,Steve Sanderson,c,3
mapserver,8,tech,Steve Sanderson,csh,15
mapserver,8,tech,Steve Sanderson,gml,6
mapserver,8,tech,Steve Sanderson,html,315
mapserver,8,tech,Steve Sanderson,java,12
mapserver,8,tech,Steve Sanderson,pl,21
mapserver,8,tech,Steve Sanderson,py,16
mapserver,8,tech,Steve Sanderson,sh,2
mapserver,8,tech,Steve Sanderson,sld,2
mapserver,8,tech,Tamas Denes,h,3
mapserver,8,tech,Tom Malone,html,1
mapserver,8,tech,Tom Malone,php,2
mapserver,8,tech,Tom Malone,sld,4
mapserver,9,tech,Assefa,c,3
mapserver,9,tech,Chris Ortner,c,6
mapserver,9,tech,Danieleriksson,c,6
mapserver,9,tech,Francesco Dal Canton,c,21
mapserver,9,tech,Steve Sanderson,c,15
mapserver,9,tech,Tamas Denes,cpp,3
mapserver,9,tech,Tom Malone,c,15
mapserver,9,tech,Tom Malone,h,9
mapserver,9,tech,Tom Malone,pl,24
mapserver,10,tech,Assefa,c,9
mapserver,10,tech,Assefa,h,3
mapserver,10,tech,Chris Ortner,c,3
mapserver,10,tech,Danieleriksson,c,6
mapserver,10,tech,Danieleriksson,h,3
mapserver,10,tech,Francesco Dal Canton,c,15
mapserver,10,tech,Steve Sanderson,c,12
mapserver,11,tech,Assefa,c,12
mapserver,11,tech,Chris Ortner,py,6
mapserver,11,tech,Danieleriksson,c,6
mapserver,11,tech,Francesco Dal Canton,c,3
mapserver,11,tech,Steve Sanderson,c,30
mapserver,11,tech,Steve Sanderson,h,3
mapserver,11,tech,Steve Sanderson,l,12
mapserver,11,tech,Tom Malone,html,1
mapserver,12,tech,Assefa,c,3
mapserver,12,tech,Danieleriksson,c,6
mapserver,12,tech,Danieleriksson,h,3
mapserver,12,tech,Francesco Dal Canton,c,33
mapserver,12,tech,Steve Sanderson,c,60
mapserver,12,tech,Steve Sanderson,csh,5
mapserver,12,tech,Steve Sanderson,gml,6
mapserver,12,tech,Steve Sanderson,h,6
mapserver,12,tech,Steve Sanderson,html,121
mapserver,12,tech,Steve Sanderson,java,4
mapserver,12,tech,Steve Sanderson,l,9
mapserver,12,tech,Steve Sanderson,pl,7
mapserver,12,tech,Steve Sanderson,py,16
mapserver,12,tech,Steve Sanderson,sh,2
mapserver,12,tech,Steve Sanderson,sld,2
mapserver,13,tech,Assefa,c,3
mapserver,13,tech,Assefa,cpp,6
mapserver,13,tech,Chris Ortner,c,102
mapserver,13,tech,Chris Ortner,py,3
mapserver,13,tech,Johnmcgrath,c,24
mapserver,13,tech,Johnmcgrath,cpp,3
mapserver,13,tech,Johnmcgrath,h,6
mapserver,13,tech,Steve Sanderson,c,3
mapserver,13,tech,Steve Sanderson,cpp,6
mapserver,13,tech,Tamas Denes,cpp,3
mapserver,13,tech,Tom Malone,php,3
mapserver,13,tech,Tom Malone,pl,3
mapserver,14,tech,Assefa,c,30
mapserver,14,tech,Assefa,cpp,6
mapserver,14,tech,Assefa,h,3
mapserver,14,tech,Chris Ortner,c,6
mapserver,14,tech,Danieleriksson,c,21
mapserver,14,tech,Francesco Dal Canton,c,6
mapserver,14,tech,Steve Sanderson,c,42
mapserver,14,tech,Steve Sanderson,h,12
mapserver,14,tech,Tom Malone,c,48
mapserver,14,tech,Tom Malone,h,9
mapserver,15,tech,404,c,3
mapserver,15,tech,Assefa,c,48
mapserver,15,tech,Assefa,cpp,9
mapserver,15,tech,Assefa,h,3
mapserver,15,tech,Chris Ortner,c,45
mapserver,15,tech,Danieleriksson,c,561
mapserver,15,tech,Danieleriksson,cpp,9
mapserver,15,tech,Danieleriksson,cs,18
mapserver,15,tech,Danieleriksson,csh,5
mapserver,15,tech,Danieleriksson,css,12
mapserver,15,tech,Danieleriksson,gml,6
mapserver,15,tech,Danieleriksson,h,204
mapserver,15,tech,Danieleriksson,html,133
mapserver,15,tech,Danieleriksson,java,76
mapserver,15,tech,Danieleriksson,l,6
mapserver,15,tech,Danieleriksson,m4,6
mapserver,15,tech,Danieleriksson,phtml,30
mapserver,15,tech,Danieleriksson,pl,46
mapserver,15,tech,Danieleriksson,py,220
mapserver,15,tech,Danieleriksson,rb,12
mapserver,15,tech,Danieleriksson,sh,2
mapserver,15,tech,Danieleriksson,sld,2
mapserver,15,tech,Danieleriksson,tcl,24
mapserver,15,tech,Danieleriksson,y,6
mapserver,15,tech,Francesco Dal Canton,c,264
mapserver,15,tech,Francesco Dal Canton,h,66
mapserver,15,tech,Francesco Dal Canton,py,2
mapserver,15,tech,Hubert Studer,c,222
mapserver,15,tech,Hubert Studer,cpp,6
mapserver,15,tech,Hubert Studer,h,12
mapserver,15,tech,Hubert Studer,py,12
mapserver,15,tech,Sean Mountcastle,py,6
mapserver,15,tech,Steve Sanderson,c,45
mapserver,15,tech,Steve Sanderson,h,15
mapserver,15,tech,Steve Sanderson,l,3
mapserver,15,tech,Tamas Denes,h,3
mapserver,15,tech,Tom Malone,c,123
mapserver,15,tech,Tom Malone,cpp,6
mapserver,15,tech,Tom Malone,h,3
mapserver,16,tech,Assefa,c,87
mapserver,16,tech,Assefa,cpp,3
mapserver,16,tech,Assefa,h,24
mapserver,16,tech,Chris Ortner,c,33
mapserver,16,tech,Chris Ortner,py,12
mapserver,16,tech,Danieleriksson,c,9
mapserver,16,tech,Danieleriksson,h,6
mapserver,16,tech,Francesco Dal Canton,c,3
mapserver,16,tech,Francesco Dal Canton,h,3
mapserver,16,tech,Hubert Studer,c,6
mapserver,16,tech,Hubert Studer,java,3
mapserver,16,tech,Hubert Studer,py,15
mapserver,16,tech,Steve Sanderson,c,96
mapserver,16,tech,Steve Sanderson,h,15
mapserver,16,tech,Steve Sanderson,l,12
mapserver,16,tech,Tamas Denes,cs,6
mapserver,16,tech,Tom Malone,c,27
mapserver,16,tech,Tom Malone,h,12
mapserver,17,tech,Assefa,c,66
mapserver,17,tech,Assefa,h,9
mapserver,17,tech,Danieleriksson,c,171
mapserver,17,tech,Danieleriksson,cpp,3
mapserver,17,tech,Danieleriksson,h,30
mapserver,17,tech,Danieleriksson,l,9
mapserver,17,tech,Francesco Dal Canton,c,6
mapserver,17,tech,Hubert Studer,c,12
mapserver,17,tech,Hubert Studer,h,3
mapserver,17,tech,Hubert Studer,l,3
mapserver,17,tech,Hubert Studer,y,3
mapserver,17,tech,Steve Sanderson,c,42
mapserver,17,tech,Steve Sanderson,cpp,3
mapserver,17,tech,Steve Sanderson,h,6
mapserver,17,tech,Tamas Denes,cpp,3
mapserver,17,tech,Tamas Denes,cs,15
mapserver,17,tech,Tom Malone,c,12
mapserver,17,tech,Tom Malone,h,6
mapserver,18,tech,Assefa,c,63
mapserver,18,tech,Assefa,cpp,18
mapserver,18,tech,Assefa,h,18
mapserver,18,tech,Chris Ortner,c,27
mapserver,18,tech,Chris Ortner,cpp,3
mapserver,18,tech,Chris Ortner,h,9
mapserver,18,tech,Chris Ortner,py,42
mapserver,18,tech,Danieleriksson,c,1737
mapserver,18,tech,Danieleriksson,cpp,39
mapserver,18,tech,Danieleriksson,cs,56
mapserver,18,tech,Danieleriksson,css,24
mapserver,18,tech,Danieleriksson,h,503
mapserver,18,tech,Danieleriksson,html,24
mapserver,18,tech,Danieleriksson,java,144
mapserver,18,tech,Danieleriksson,l,15
mapserver,18,tech,Danieleriksson,m4,15
mapserver,18,tech,Danieleriksson,phtml,60
mapserver,18,tech,Danieleriksson,pl,120
mapserver,18,tech,Danieleriksson,py,420
mapserver,18,tech,Danieleriksson,rb,24
mapserver,18,tech,Danieleriksson,tcl,48
mapserver,18,tech,Danieleriksson,y,15
mapserver,18,tech,Fernando,c,3
mapserver,18,tech,Francesco Dal Canton,c,36
mapserver,18,tech,Francesco Dal Canton,cpp,9
mapserver,18,tech,Francesco Dal Canton,h,3
mapserver,18,tech,Francesco Dal Canton,py,6
mapserver,18,tech,Hubert Studer,c,54
mapserver,18,tech,Hubert Studer,h,6
mapserver,18,tech,Hubert Studer,py,3
mapserver,18,tech,Sean Mountcastle,c,3
mapserver,18,tech,Steve Sanderson,c,147
mapserver,18,tech,Steve Sanderson,cpp,27
mapserver,18,tech,Steve Sanderson,h,33
mapserver,18,tech,Steve Sanderson,l,15
mapserver,18,tech,Tamas Denes,cs,9
mapserver,18,tech,Thomas Meeks,c,33
mapserver,18,tech,Thomas Meeks,cpp,48
mapserver,18,tech,Thomas Meeks,h,6
mapserver,18,tech,Tom Malone,c,18
mapserver,18,tech,Tom Malone,gml,1
mapserver,18,tech,Tom Malone,sld,2
mapserver,19,tech,404,html,11
mapserver,19,tech,404,php,1
mapserver,19,tech,Assefa,c,9
mapserver,19,tech,Chris Ortner,c,36
mapserver,19,tech,Chris Ortner,h,15
mapserver,19,tech,Chris Ortner,py,5
mapserver,19,tech,Danieleriksson,c,2171
mapserver,19,tech,Danieleriksson,cpp,43
mapserver,19,tech,Danieleriksson,cs,126
mapserver,19,tech,Danieleriksson,css,44
mapserver,19,tech,Danieleriksson,gml,12
mapserver,19,tech,Danieleriksson,h,713
mapserver,19,tech,Danieleriksson,html,92
mapserver,19,tech,Danieleriksson,java,264
mapserver,19,tech,Danieleriksson,l,22
mapserver,19,tech,Danieleriksson,m4,22
mapserver,19,tech,Danieleriksson,phtml,110
mapserver,19,tech,Danieleriksson,pl,192
mapserver,19,tech,Danieleriksson,py,794
mapserver,19,tech,Danieleriksson,rb,44
mapserver,19,tech,Danieleriksson,sh,4
mapserver,19,tech,Danieleriksson,sld,4
mapserver,19,tech,Danieleriksson,tcl,88
mapserver,19,tech,Danieleriksson,y,22
mapserver,19,tech,Francesco Dal Canton,c,12
mapserver,19,tech,Francesco Dal Canton,cpp,12
mapserver,19,tech,Francesco Dal Canton,cs,3
mapserver,19,tech,Francesco Dal Canton,h,9
mapserver,19,tech,Francesco Dal Canton,py,6
mapserver,19,tech,Stephen,gml,2
mapserver,19,tech,Stephen,html,4
mapserver,19,tech,Stephen,py,6
mapserver,19,tech,Steve Sanderson,c,60
mapserver,19,tech,Steve Sanderson,cpp,6
mapserver,19,tech,Steve Sanderson,h,3
mapserver,19,tech,Steve Sanderson,l,6
mapserver,19,tech,Tamas Denes,c,15
mapserver,19,tech,Tamas Denes,cs,15
mapserver,19,tech,Tamas Denes,h,3
mapserver,19,tech,Thomas Meeks,c,18
mapserver,19,tech,Thomas Meeks,cpp,54
mapserver,19,tech,Thomas Meeks,h,3
mapserver,19,tech,Tom Malone,c,12
mapserver,19,tech,Tom Malone,gml,1
mapserver,19,tech,Tom Malone,html,2
mapserver,19,tech,Tom Malone,php,2
mapserver,20,tech,Assefa,c,3
mapserver,20,tech,Assefa,h,3
mapserver,20,tech,Chris Ortner,c,6
mapserver,20,tech,Danieleriksson,c,564
mapserver,20,tech,Danieleriksson,cpp,12
mapserver,20,tech,Danieleriksson,cs,42
mapserver,20,tech,Danieleriksson,css,12
mapserver,20,tech,Danieleriksson,gml,12
mapserver,20,tech,Danieleriksson,h,192
mapserver,20,tech,Danieleriksson,html,60
mapserver,20,tech,Danieleriksson,java,72
mapserver,20,tech,Danieleriksson,l,6
mapserver,20,tech,Danieleriksson,m4,6
mapserver,20,tech,Danieleriksson,phtml,30
mapserver,20,tech,Danieleriksson,pl,60
mapserver,20,tech,Danieleriksson,py,242
mapserver,20,tech,Danieleriksson,rb,12
mapserver,20,tech,Danieleriksson,sh,4
mapserver,20,tech,Danieleriksson,sld,4
mapserver,20,tech,Danieleriksson,tcl,24
mapserver,20,tech,Danieleriksson,y,6
mapserver,20,tech,Francesco Dal Canton,c,15
mapserver,20,tech,Hubert Studer,c,3
mapserver,20,tech,Olivierdegreef,c,42
mapserver,20,tech,Olivierdegreef,h,3
mapserver,20,tech,Olivierdegreef,sql,2
mapserver,20,tech,Steve Sanderson,c,12
mapserver,20,tech,Steve Sanderson,l,3
mapserver,20,tech,Steve Sanderson,y,6
mapserver,20,tech,Tamas Denes,c,3
mapserver,20,tech,Thomas Meeks,c,48
mapserver,20,tech,Thomas Meeks,cpp,15
mapserver,20,tech,Thomas Meeks,h,15
mapserver,20,tech,Thomas Meeks,java,6
mapserver,20,tech,Tom Malone,c,6
mapserver,21,tech,Assefa,c,18
mapserver,21,tech,Danieleriksson,c,6
mapserver,21,tech,Danieleriksson,h,6
mapserver,21,tech,Francesco Dal Canton,c,45
mapserver,21,tech,Francesco Dal Canton,h,9
mapserver,21,tech,Francesco Dal Canton,py,8
mapserver,21,tech,Steve Sanderson,c,27
mapserver,21,tech,Steve Sanderson,h,6
mapserver,21,tech,Steve Sanderson,l,3
mapserver,21,tech,Thomas Meeks,c,69
mapserver,21,tech,Thomas Meeks,cpp,27
mapserver,21,tech,Thomas Meeks,h,21
mapserver,21,tech,Tom Malone,c,63
mapserver,21,tech,Tom Malone,h,24
mapserver,21,tech,Tom Malone,pl,6
mapserver,22,tech,Assefa,c,21
mapserver,22,tech,Danieleriksson,c,24
mapserver,22,tech,Danieleriksson,h,3
mapserver,22,tech,Francesco Dal Canton,c,66
mapserver,22,tech,Francesco Dal Canton,cpp,6
mapserver,22,tech,Francesco Dal Canton,h,12
mapserver,22,tech,Steve Sanderson,c,9
mapserver,22,tech,Steve Sanderson,h,6
mapserver,22,tech,Tamas Denes,c,6
mapserver,22,tech,Tamas Denes,cs,3
mapserver,22,tech,Tamas Denes,h,6
mapserver,22,tech,Thomas Meeks,c,81
mapserver,22,tech,Thomas Meeks,cpp,39
mapserver,22,tech,Thomas Meeks,h,30
mapserver,22,tech,Thomas Meeks,l,3
mapserver,22,tech,Tom Malone,c,72
mapserver,22,tech,Tom Malone,h,33
mapserver,23,tech,Assefa,c,57
mapserver,23,tech,Assefa,h,9
mapserver,23,tech,Assefa,l,3
mapserver,23,tech,Chris Ortner,c,3
mapserver,23,tech,Danieleriksson,cpp,6
mapserver,23,tech,Francesco Dal Canton,cpp,9
mapserver,23,tech,Francesco Dal Canton,h,3
mapserver,23,tech,Hubert Studer,c,9
mapserver,23,tech,Hubert Studer,cs,3
mapserver,23,tech,Hubert Studer,h,3
mapserver,23,tech,Hubert Studer,java,6
mapserver,23,tech,Hubert Studer,pl,3
mapserver,23,tech,Hubert Studer,py,6
mapserver,23,tech,Steve Sanderson,c,24
mapserver,23,tech,Steve Sanderson,l,6
mapserver,23,tech,Tamas Denes,c,15
mapserver,23,tech,Tamas Denes,cs,42
mapserver,23,tech,Tamas Denes,h,18
mapserver,23,tech,Thomas Meeks,c,12
mapserver,23,tech,Thomas Meeks,cpp,3
mapserver,23,tech,Thomas Meeks,h,3
mapserver,23,tech,Tom Malone,c,30
mapserver,23,tech,Tom Malone,h,9
mapserver,24,tech,Assefa,c,9
mapserver,24,tech,Danieleriksson,c,573
mapserver,24,tech,Danieleriksson,cpp,12
mapserver,24,tech,Danieleriksson,cs,42
mapserver,24,tech,Danieleriksson,css,12
mapserver,24,tech,Danieleriksson,gml,12
mapserver,24,tech,Danieleriksson,h,192
mapserver,24,tech,Danieleriksson,html,60
mapserver,24,tech,Danieleriksson,java,72
mapserver,24,tech,Danieleriksson,l,6
mapserver,24,tech,Danieleriksson,m4,6
mapserver,24,tech,Danieleriksson,phtml,30
mapserver,24,tech,Danieleriksson,pl,60
mapserver,24,tech,Danieleriksson,py,242
mapserver,24,tech,Danieleriksson,rb,12
mapserver,24,tech,Danieleriksson,sh,4
mapserver,24,tech,Danieleriksson,sld,4
mapserver,24,tech,Danieleriksson,tcl,24
mapserver,24,tech,Danieleriksson,y,6
mapserver,24,tech,Francesco Dal Canton,c,51
mapserver,24,tech,Francesco Dal Canton,h,12
mapserver,24,tech,Stephen,c,24
mapserver,24,tech,Stephen,cpp,3
mapserver,24,tech,Stephen,h,3
mapserver,24,tech,Steve Sanderson,c,39
mapserver,24,tech,Steve Sanderson,h,6
mapserver,24,tech,Steve Sanderson,l,9
mapserver,24,tech,Tamas Denes,c,6
mapserver,24,tech,Tamas Denes,cs,24
mapserver,24,tech,Thomas Meeks,cpp,6
mapserver,24,tech,Tom Malone,c,126
mapserver,24,tech,Tom Malone,h,27
mapserver,24,tech,Tom Malone,html,2
mapserver,25,tech,Chris Ortner,html,30
mapserver,25,tech,Danieleriksson,c,36
mapserver,25,tech,Danieleriksson,h,3
mapserver,25,tech,Francesco Dal Canton,c,9
mapserver,25,tech,Olivierdegreef,c,5
mapserver,25,tech,Olivierdegreef,h,1
mapserver,25,tech,Stephen,c,234
mapserver,25,tech,Stephen,cpp,3
mapserver,25,tech,Stephen,cs,24
mapserver,25,tech,Stephen,h,33
mapserver,25,tech,Stephen,pl,3
mapserver,25,tech,Steve Sanderson,c,30
mapserver,25,tech,Steve Sanderson,h,9
mapserver,25,tech,Steve Sanderson,l,9
mapserver,25,tech,Tamas Denes,c,6
mapserver,25,tech,Tom Malone,c,93
mapserver,25,tech,Tom Malone,h,3
mapserver,26,tech,404,bat,3
mapserver,26,tech,404,c,18
mapserver,26,tech,404,h,6
mapserver,26,tech,404,html,12
mapserver,26,tech,404,inc,1
mapserver,26,tech,Assefa,c,42
mapserver,26,tech,Assefa,h,18
mapserver,26,tech,Danieleriksson,c,15
mapserver,26,tech,Francesco Dal Canton,c,42
mapserver,26,tech,Francesco Dal Canton,h,3
mapserver,26,tech,Olivierdegreef,c,2
mapserver,26,tech,Stephen,h,27
mapserver,26,tech,Stephen,pl,3
mapserver,26,tech,Steve Sanderson,c,3
mapserver,26,tech,Thomas Meeks,cpp,3
mapserver,26,tech,Tom Malone,c,15
mapserver,26,tech,Tom Malone,h,6
mapserver,27,tech,Assefa,c,18
mapserver,27,tech,Assefa,h,3
mapserver,27,tech,Danieleriksson,c,9
mapserver,27,tech,Danieleriksson,h,9
mapserver,27,tech,Francesco Dal Canton,java,15
mapserver,27,tech,Paul Sadauskas,c,165
mapserver,27,tech,Paul Sadauskas,h,33
mapserver,27,tech,Paul Sadauskas,l,6
mapserver,27,tech,Steve Sanderson,c,33
mapserver,27,tech,Steve Sanderson,h,6
mapserver,27,tech,Thomas Meeks,cpp,3
mapserver,27,tech,Tom Malone,c,15
mapserver,27,tech,Tom Malone,h,3
mapserver,28,tech,Assefa,c,27
mapserver,28,tech,Assefa,h,3
mapserver,28,tech,Danieleriksson,c,312
mapserver,28,tech,Danieleriksson,cpp,12
mapserver,28,tech,Danieleriksson,cs,21
mapserver,28,tech,Danieleriksson,css,6
mapserver,28,tech,Danieleriksson,gml,6
mapserver,28,tech,Danieleriksson,h,99
mapserver,28,tech,Danieleriksson,html,30
mapserver,28,tech,Danieleriksson,java,36
mapserver,28,tech,Danieleriksson,l,3
mapserver,28,tech,Danieleriksson,m4,3
mapserver,28,tech,Danieleriksson,phtml,15
mapserver,28,tech,Danieleriksson,pl,30
mapserver,28,tech,Danieleriksson,py,121
mapserver,28,tech,Danieleriksson,rb,6
mapserver,28,tech,Danieleriksson,sh,2
mapserver,28,tech,Danieleriksson,sld,2
mapserver,28,tech,Danieleriksson,tcl,12
mapserver,28,tech,Danieleriksson,y,3
mapserver,28,tech,Francesco Dal Canton,c,3
mapserver,28,tech,Paul Sadauskas,c,36
mapserver,28,tech,Steve Sanderson,c,90
mapserver,28,tech,Steve Sanderson,h,21
mapserver,28,tech,Steve Sanderson,l,6
mapserver,28,tech,Thomas Meeks,c,36
mapserver,28,tech,Thomas Meeks,cpp,15
mapserver,28,tech,Thomas Meeks,h,12
mapserver,28,tech,Tom Malone,c,24
mapserver,28,tech,Tom Malone,h,3
mapserver,28,tech,Tom Malone,js,4
mapserver,28,tech,Tom Malone,tpl,4
mapserver,29,tech,Assefa,c,72
mapserver,29,tech,Assefa,h,6
mapserver,29,tech,Chris Ortner,c,6
mapserver,29,tech,Danieleriksson,c,336
mapserver,29,tech,Danieleriksson,cpp,6
mapserver,29,tech,Danieleriksson,cs,24
mapserver,29,tech,Danieleriksson,css,6
mapserver,29,tech,Danieleriksson,h,105
mapserver,29,tech,Danieleriksson,html,6
mapserver,29,tech,Danieleriksson,java,39
mapserver,29,tech,Danieleriksson,l,3
mapserver,29,tech,Danieleriksson,m4,3
mapserver,29,tech,Danieleriksson,phtml,15
mapserver,29,tech,Danieleriksson,pl,36
mapserver,29,tech,Danieleriksson,py,108
mapserver,29,tech,Danieleriksson,rb,6
mapserver,29,tech,Danieleriksson,tcl,12
mapserver,29,tech,Danieleriksson,y,3
mapserver,29,tech,Francesco Dal Canton,c,3
mapserver,29,tech,Francesco Dal Canton,gml,2
mapserver,29,tech,Paul Sadauskas,c,12
mapserver,29,tech,Steve Sanderson,c,1560
mapserver,29,tech,Steve Sanderson,cpp,30
mapserver,29,tech,Steve Sanderson,cs,120
mapserver,29,tech,Steve Sanderson,css,30
mapserver,29,tech,Steve Sanderson,gml,24
mapserver,29,tech,Steve Sanderson,h,537
mapserver,29,tech,Steve Sanderson,html,126
mapserver,29,tech,Steve Sanderson,java,195
mapserver,29,tech,Steve Sanderson,js,8
mapserver,29,tech,Steve Sanderson,l,15
mapserver,29,tech,Steve Sanderson,m4,15
mapserver,29,tech,Steve Sanderson,phtml,75
mapserver,29,tech,Steve Sanderson,pl,180
mapserver,29,tech,Steve Sanderson,py,620
mapserver,29,tech,Steve Sanderson,rb,30
mapserver,29,tech,Steve Sanderson,sh,8
mapserver,29,tech,Steve Sanderson,sld,8
mapserver,29,tech,Steve Sanderson,tcl,60
mapserver,29,tech,Steve Sanderson,y,15
mapserver,29,tech,Tamas Denes,h,3
mapserver,29,tech,Thomas Meeks,c,6
mapserver,29,tech,Thomas Meeks,h,3
mapserver,29,tech,Tom Malone,c,99
mapserver,29,tech,Tom Malone,h,15
mapserver,29,tech,Tom Malone,py,2
mapserver,30,tech,Assefa,c,15
mapserver,30,tech,Assefa,h,6
mapserver,30,tech,Danieleriksson,c,12
mapserver,30,tech,Danieleriksson,cpp,12
mapserver,30,tech,Steve Sanderson,c,906
mapserver,30,tech,Steve Sanderson,cpp,18
mapserver,30,tech,Steve Sanderson,cs,72
mapserver,30,tech,Steve Sanderson,css,19
mapserver,30,tech,Steve Sanderson,gml,18
mapserver,30,tech,Steve Sanderson,h,321
mapserver,30,tech,Steve Sanderson,html,96
mapserver,30,tech,Steve Sanderson,java,117
mapserver,30,tech,Steve Sanderson,js,10
mapserver,30,tech,Steve Sanderson,l,9
mapserver,30,tech,Steve Sanderson,m4,9
mapserver,30,tech,Steve Sanderson,phtml,45
mapserver,30,tech,Steve Sanderson,pl,108
mapserver,30,tech,Steve Sanderson,py,384
mapserver,30,tech,Steve Sanderson,rb,18
mapserver,30,tech,Steve Sanderson,sh,6
mapserver,30,tech,Steve Sanderson,sld,6
mapserver,30,tech,Steve Sanderson,tcl,36
mapserver,30,tech,Steve Sanderson,y,9
mapserver,30,tech,Thomas Meeks,cpp,3
mapserver,30,tech,Tom Malone,h,3
mapserver,31,tech,Assefa,c,15
mapserver,31,tech,Assefa,h,3
mapserver,31,tech,Danieleriksson,c,33
mapserver,31,tech,Danieleriksson,h,6
mapserver,31,tech,Steve Sanderson,c,12
mapserver,31,tech,Steve Sanderson,h,3
mapserver,31,tech,Steve Sanderson,l,6
mapserver,31,tech,Tamas Denes,c,27
mapserver,31,tech,Tamas Denes,cpp,9
mapserver,31,tech,Tamas Denes,h,6
mapserver,31,tech,Tamas Denes,l,3
mapserver,31,tech,Thomas Meeks,cpp,12
mapserver,31,tech,Tom Malone,c,3
mapserver,32,tech,404,bat,2
mapserver,32,tech,404,html,4
mapserver,32,tech,Alan Kennedy,c,33
mapserver,32,tech,Alan Kennedy,cpp,3
mapserver,32,tech,Alan Kennedy,h,6
mapserver,32,tech,Assefa,c,21
mapserver,32,tech,Danieleriksson,c,9
mapserver,32,tech,Francesco Dal Canton,c,3
mapserver,32,tech,Paul Sadauskas,c,30
mapserver,32,tech,Stephen,py,4
mapserver,32,tech,Steve Sanderson,c,21
mapserver,32,tech,Steve Sanderson,cpp,3
mapserver,32,tech,Steve Sanderson,h,9
mapserver,32,tech,Steve Sanderson,l,3
mapserver,32,tech,Tamas Denes,c,3
mapserver,32,tech,Thomas Meeks,c,90
mapserver,32,tech,Thomas Meeks,cpp,24
mapserver,32,tech,Thomas Meeks,h,12
mapserver,32,tech,Thomas Meeks,l,3
mapserver,32,tech,Tom Malone,c,6
mapserver,32,tech,Tom Malone,html,1
mapserver,32,tech,Tom Malone,php,2
mapserver,32,tech,Tom Malone,py,6
mapserver,33,tech,Alan Kennedy,c,3
mapserver,33,tech,Alan Kennedy,cpp,3
mapserver,33,tech,Alan Kennedy,py,6
mapserver,33,tech,Olivierdegreef,c,17
mapserver,33,tech,Olivierdegreef,h,4
mapserver,33,tech,Olivierdegreef,sql,2
mapserver,33,tech,Paul Sadauskas,c,36
mapserver,33,tech,Paul Sadauskas,h,18
mapserver,33,tech,Stephen,html,2
mapserver,33,tech,Steve Sanderson,c,24
mapserver,33,tech,Steve Sanderson,h,6
mapserver,33,tech,Tamas Denes,c,18
mapserver,33,tech,Thomas Meeks,c,6
mapserver,33,tech,Thomas Meeks,cpp,9
mapserver,33,tech,Thomas Meeks,h,3
mapserver,33,tech,Tom Malone,c,6
mapserver,33,tech,Tom Malone,html,1
mapserver,34,tech,Alan Kennedy,c,6
mapserver,34,tech,Alan Kennedy,h,3
mapserver,34,tech,Assefa,c,24
mapserver,34,tech,Chris Ortner,css,2
mapserver,34,tech,Chris Ortner,html,6
mapserver,34,tech,Chris Ortner,py,12
mapserver,34,tech,Chris Ortner,vim,8
mapserver,34,tech,Danieleriksson,m4,3
mapserver,34,tech,Francesco Dal Canton,c,3
mapserver,34,tech,Olivierdegreef,c,1
mapserver,34,tech,Paul Sadauskas,c,18
mapserver,34,tech,Paul Sadauskas,h,6
mapserver,34,tech,Steve Sanderson,c,312
mapserver,34,tech,Steve Sanderson,cpp,6
mapserver,34,tech,Steve Sanderson,cs,24
mapserver,34,tech,Steve Sanderson,css,6
mapserver,34,tech,Steve Sanderson,gml,6
mapserver,34,tech,Steve Sanderson,h,108
mapserver,34,tech,Steve Sanderson,html,30
mapserver,34,tech,Steve Sanderson,java,39
mapserver,34,tech,Steve Sanderson,js,2
mapserver,34,tech,Steve Sanderson,l,9
mapserver,34,tech,Steve Sanderson,m4,3
mapserver,34,tech,Steve Sanderson,phtml,15
mapserver,34,tech,Steve Sanderson,pl,36
mapserver,34,tech,Steve Sanderson,py,128
mapserver,34,tech,Steve Sanderson,rb,6
mapserver,34,tech,Steve Sanderson,sh,2
mapserver,34,tech,Steve Sanderson,sld,2
mapserver,34,tech,Steve Sanderson,tcl,12
mapserver,34,tech,Steve Sanderson,y,3
mapserver,34,tech,Thomas Meeks,c,3
mapserver,34,tech,Thomas Meeks,cpp,6
mapserver,34,tech,Tom Malone,c,15
mapserver,35,tech,Chris Ortner,html,6
mapserver,35,tech,Chris Ortner,py,4
mapserver,35,tech,Olivierdegreef,c,6
mapserver,35,tech,Olivierdegreef,h,1
mapserver,35,tech,Paul Sadauskas,c,3
mapserver,35,tech,Steve Sanderson,c,3
mapserver,35,tech,Steve Sanderson,h,3
mapserver,35,tech,Steve Sanderson,l,3
mapserver,35,tech,Thomas Meeks,c,15
mapserver,35,tech,Thomas Meeks,h,6
mapserver,35,tech,Thomas Meeks,l,3
openlayers,0,tech,Crschmidt,html,13
openlayers,0,tech,Crschmidt,js,10
openlayers,0,tech,Crschmidt,py,2
openlayers,0,tech,Crschmidt,sh,1
openlayers,0,tech,Euzuro,html,2
openlayers,0,tech,Euzuro,js,53
openlayers,1,tech,Crschmidt,html,5
openlayers,1,tech,Crschmidt,js,69
openlayers,1,tech,Euzuro,html,6
openlayers,1,tech,Euzuro,js,11
openlayers,1,tech,Schuyler Erle,js,1
openlayers,1,tech,Schuyler Erle,py,3
openlayers,1,tech,Schuyler Erle,sh,2
openlayers,1,tech,Tim.schaub,py,1
openlayers,2,tech,Crschmidt,css,1
openlayers,2,tech,Crschmidt,html,7
openlayers,2,tech,Crschmidt,js,11
openlayers,2,tech,Crschmidt,py,1
openlayers,2,tech,Euzuro,html,1
openlayers,2,tech,Euzuro,js,3
openlayers,2,tech,Tim.schaub,css,1
openlayers,2,tech,Tim.schaub,html,1
openlayers,2,tech,Tim.schaub,js,8
openlayers,3,tech,Crschmidt,html,7
openlayers,3,tech,Crschmidt,js,62
openlayers,3,tech,Euzuro,html,1
openlayers,3,tech,Euzuro,js,9
openlayers,3,tech,Schuyler Erle,html,3
openlayers,3,tech,Schuyler Erle,js,10
openlayers,4,tech,Crschmidt,cgi,1
openlayers,4,tech,Crschmidt,css,1
openlayers,4,tech,Crschmidt,html,127
openlayers,4,tech,Crschmidt,js,144
openlayers,4,tech,Crschmidt,py,2
openlayers,4,tech,Crschmidt,sh,1
openlayers,4,tech,Euzuro,html,16
openlayers,4,tech,Euzuro,js,35
openlayers,4,tech,Euzuro,py,1
openlayers,4,tech,Schuyler Erle,html,36
openlayers,4,tech,Schuyler Erle,js,160
openlayers,4,tech,Schuyler Erle,py,1
openlayers,4,tech,Schuyler Erle,sh,1
openlayers,4,tech,Tim.schaub,html,25
openlayers,4,tech,Tim.schaub,js,26
openlayers,5,tech,Crschmidt,css,2
openlayers,5,tech,Crschmidt,html,61
openlayers,5,tech,Crschmidt,js,256
openlayers,5,tech,Crschmidt,py,2
openlayers,5,tech,Crschmidt,sh,2
openlayers,5,tech,Euzuro,html,3
openlayers,5,tech,Euzuro,js,8
openlayers,5,tech,Schuyler Erle,js,1
openlayers,5,tech,Tim.schaub,css,1
openlayers,5,tech,Tim.schaub,html,10
openlayers,5,tech,Tim.schaub,js,24
openlayers,6,tech,Crschmidt,html,32
openlayers,6,tech,Crschmidt,js,314
openlayers,6,tech,Euzuro,js,3
openlayers,6,tech,Tim.schaub,html,3
openlayers,6,tech,Tim.schaub,js,7
openlayers,7,tech,Crschmidt,css,4
openlayers,7,tech,Crschmidt,html,119
openlayers,7,tech,Crschmidt,js,114
openlayers,7,tech,Euzuro,html,31
openlayers,7,tech,Euzuro,js,80
openlayers,7,tech,Schuyler Erle,html,1
openlayers,7,tech,Schuyler Erle,js,2
openlayers,7,tech,Tim.schaub,css,9
openlayers,7,tech,Tim.schaub,html,187
openlayers,7,tech,Tim.schaub,js,16
openlayers,8,tech,Crschmidt,html,7
openlayers,8,tech,Crschmidt,js,27
openlayers,8,tech,Euzuro,html,39
openlayers,8,tech,Euzuro,js,186
openlayers,8,tech,Euzuro,py,1
openlayers,8,tech,Tim.schaub,html,28
openlayers,8,tech,Tim.schaub,js,141
openlayers,9,tech,404,html,2
openlayers,9,tech,404,js,3
openlayers,9,tech,Crschmidt,html,28
openlayers,9,tech,Crschmidt,js,128
openlayers,9,tech,Crschmidt,py,2
openlayers,9,tech,Euzuro,html,33
openlayers,9,tech,Euzuro,js,52
openlayers,9,tech,Paul Sadauskas,html,1
openlayers,9,tech,Paul Sadauskas,js,1
openlayers,9,tech,Tim.schaub,html,129
openlayers,9,tech,Tim.schaub,js,116
openlayers,10,tech,404,html,4
openlayers,10,tech,404,js,6
openlayers,10,tech,Crschmidt,cgi,4
openlayers,10,tech,Crschmidt,css,1
openlayers,10,tech,Crschmidt,html,145
openlayers,10,tech,Crschmidt,js,530
openlayers,10,tech,Euzuro,css,1
openlayers,10,tech,Euzuro,html,28
openlayers,10,tech,Euzuro,js,38
openlayers,10,tech,Paul Sadauskas,js,1
openlayers,10,tech,Schuyler Erle,html,3
openlayers,10,tech,Schuyler Erle,js,4
openlayers,10,tech,Tim.schaub,html,101
openlayers,10,tech,Tim.schaub,js,61
openlayers,11,tech,404,html,4
openlayers,11,tech,404,js,5
openlayers,11,tech,Crschmidt,html,9
openlayers,11,tech,Crschmidt,js,340
openlayers,11,tech,Crschmidt,sh,1
openlayers,11,tech,Euzuro,js,9
openlayers,11,tech,Paul Sadauskas,js,53
openlayers,11,tech,Schuyler Erle,html,1
openlayers,11,tech,Tim.schaub,html,3
openlayers,11,tech,Tim.schaub,js,5
openlayers,12,tech,404,html,1
openlayers,12,tech,404,js,2
openlayers,12,tech,Crschmidt,html,1
openlayers,12,tech,Crschmidt,js,1
openlayers,12,tech,Euzuro,html,1
openlayers,12,tech,Euzuro,js,6
openlayers,12,tech,Schuyler Erle,html,11
openlayers,12,tech,Tim.schaub,html,7
openlayers,12,tech,Tim.schaub,js,13
osgeolive,0,social,Jim Klassen,Jim Klassen,0
osgeolive,0,social,Manuel Grizonnet,Manuel Grizonnet,0
osgeolive,0,tech,Angelovandersijpt,sh,1
osgeolive,1,tech,Astrid.emde,sh,1
osgeolive,6,tech,Angelovandersijpt,py,1
osgeolive,6,tech,Angelovandersijpt,sh,123
osgeolive,6,tech,Astrid.emde,py,1
osgeolive,6,tech,Astrid.emde,sh,74
osgeolive,6,tech,Jim Benton,sh,2
osgeolive,6,tech,Luca Mearelli,py,2
osgeolive,6,tech,Luca Mearelli,sh,53
osgeolive,6,tech,Noreply,py,2
osgeolive,6,tech,Noreply,sh,29
osgeolive,7,tech,Jim Benton,sh,1
ossim,0,social,Cale Cohee,Cale Cohee,0
ossim,0,social,Dburken@comcast.net,Dburken@comcast.net,0
ossim,0,social,Deleted User,Deleted User,0
ossim,0,social,Gpotts,Gpotts,0
ossim,0,social,Mckenzie Tugui,Mckenzie Tugui,0
ossim,0,tech,Davidleal,cmake,1
ossim,0,tech,Davidleal,cpp,2
ossim,0,tech,Davidleal,h,2
ossim,0,tech,Garrett Lesage,cpp,3
ossim,0,tech,Oscarkramer,bat,2
ossim,0,tech,Oscarkramer,c,118
ossim,0,tech,Oscarkramer,cmake,101
ossim,0,tech,Oscarkramer,cpp,3824
ossim,0,tech,Oscarkramer,geom,14
ossim,0,tech,Oscarkramer,h,1920
ossim,0,tech,Oscarkramer,html,2
ossim,0,tech,Oscarkramer,inc,16
ossim,0,tech,Oscarkramer,l,4
ossim,0,tech,Oscarkramer,las,2
ossim,0,tech,Oscarkramer,mak,32
ossim,0,tech,Oscarkramer,sh,49
ossim,0,tech,Oscarkramer,sql,2
ossim,1,tech,Davidleal,cpp,31
ossim,1,tech,Davidleal,h,18
ossim,1,tech,Garrett Lesage,c,4
ossim,1,tech,Garrett Lesage,cmake,5
ossim,1,tech,Garrett Lesage,cpp,142
ossim,1,tech,Garrett Lesage,h,171
ossim,1,tech,Garrett Lesage,sh,13
ossim,1,tech,Kitplummer,sh,2
ossim,1,tech,Oscar.fonts,sh,1
ossim,1,tech,Oscarkramer,cmake,1
ossim,1,tech,Oscarkramer,cpp,264
ossim,1,tech,Oscarkramer,h,258
ossim,1,tech,Oscarkramer,sh,16
ossim,2,tech,Davidleal,cpp,8
ossim,2,tech,Davidleal,h,2
ossim,2,tech,Garrett Lesage,cpp,7
ossim,2,tech,Garrett Lesage,h,3
ossim,2,tech,Gpotts,cmake,1
ossim,2,tech,Gpotts,cpp,3
ossim,2,tech,Gpotts,h,3
ossim,2,tech,Oscar.fonts,sh,1
ossim,2,tech,Oscarkramer,cpp,229
ossim,2,tech,Oscarkramer,h,73
ossim,2,tech,Oscarkramer,sh,23
ossim,2,tech,Rashad Karanouh,cmake,1
ossim,2,tech,Rashad Karanouh,cpp,5
ossim,2,tech,Rashad Karanouh,h,5
ossim,3,tech,Bas Peters,cpp,17
ossim,3,tech,Bas Peters,h,6
ossim,3,tech,Davidleal,cmake,2
ossim,3,tech,Davidleal,cpp,33
ossim,3,tech,Davidleal,h,28
ossim,3,tech,Garrett Lesage,cmake,4
ossim,3,tech,Garrett Lesage,cpp,16
ossim,3,tech,Garrett Lesage,h,8
ossim,3,tech,Gpotts,cmake,1
ossim,3,tech,Gpotts,cpp,17
ossim,3,tech,Gpotts,h,6
ossim,3,tech,Oscarkramer,cmake,4
ossim,3,tech,Oscarkramer,cpp,52
ossim,3,tech,Oscarkramer,h,20
ossim,3,tech,Oscarkramer,sh,37
ossim,3,tech,Rashad Karanouh,cmake,1
ossim,4,tech,Davidleal,bat,1
ossim,4,tech,Davidleal,cmake,7
ossim,4,tech,Davidleal,cpp,36
ossim,4,tech,Davidleal,csh,1
ossim,4,tech,Davidleal,h,17
ossim,4,tech,Davidleal,sh,4
ossim,4,tech,Garrett Lesage,bat,2
ossim,4,tech,Garrett Lesage,cmake,10
ossim,4,tech,Garrett Lesage,cpp,29
ossim,4,tech,Garrett Lesage,h,11
ossim,4,tech,Garrett Lesage,sh,9
ossim,4,tech,Gpotts,bat,2
ossim,4,tech,Gpotts,cmake,6
ossim,4,tech,Gpotts,cpp,33
ossim,4,tech,Gpotts,h,26
ossim,4,tech,Gpotts,sh,10
ossim,4,tech,Oscarkramer,bat,2
ossim,4,tech,Oscarkramer,cmake,8
ossim,4,tech,Oscarkramer,cpp,104
ossim,4,tech,Oscarkramer,csh,1
ossim,4,tech,Oscarkramer,h,66
ossim,4,tech,Oscarkramer,sh,28
ossim,5,tech,Davidleal,cpp,21
ossim,5,tech,Davidleal,h,10
ossim,5,tech,Davidleal,sh,2
ossim,5,tech,Garrett Lesage,bat,3
ossim,5,tech,Garrett Lesage,cmake,7
ossim,5,tech,Garrett Lesage,cpp,57
ossim,5,tech,Garrett Lesage,csh,1
ossim,5,tech,Garrett Lesage,h,38
ossim,5,tech,Garrett Lesage,sh,10
ossim,5,tech,Gpotts,cmake,1
ossim,5,tech,Gpotts,cpp,15
ossim,5,tech,Gpotts,csh,1
ossim,5,tech,Gpotts,h,4
ossim,5,tech,Gpotts,sh,2
ossim,5,tech,Oscar.fonts,cpp,27
ossim,5,tech,Oscar.fonts,h,18
ossim,5,tech,Oscar.fonts,sh,2
ossim,5,tech,Oscarkramer,bat,1
ossim,5,tech,Oscarkramer,cmake,1
ossim,5,tech,Oscarkramer,cpp,90
ossim,5,tech,Oscarkramer,h,42
ossim,5,tech,Oscarkramer,sh,1
ossim,6,tech,Davidleal,cmake,4
ossim,6,tech,Davidleal,cpp,107
ossim,6,tech,Davidleal,h,54
ossim,6,tech,Davidleal,sh,3
ossim,6,tech,Dburken@comcast.net,cpp,3
ossim,6,tech,Garrett Lesage,cpp,51
ossim,6,tech,Garrett Lesage,h,29
ossim,6,tech,Garrett Lesage,sh,3
ossim,6,tech,Oscarkramer,c,10
ossim,6,tech,Oscarkramer,cmake,2
ossim,6,tech,Oscarkramer,cpp,154
ossim,6,tech,Oscarkramer,h,76
ossim,6,tech,Oscarkramer,sh,5
ossim,7,tech,Brad Pitcher,cmake,4
ossim,7,tech,Brad Pitcher,cpp,3
ossim,7,tech,Dave Brophy,cmake,4
ossim,7,tech,Dave Brophy,cpp,3
ossim,7,tech,Davidleal,cpp,35
ossim,7,tech,Davidleal,h,11
ossim,7,tech,Davidleal,sh,1
ossim,7,tech,Dburken@comcast.net,cpp,6
ossim,7,tech,Dburken@comcast.net,h,9
ossim,7,tech,Garrett Lesage,cmake,4
ossim,7,tech,Garrett Lesage,cpp,67
ossim,7,tech,Garrett Lesage,h,37
ossim,7,tech,Garrett Lesage,sh,9
ossim,7,tech,Luc Heischbourg,cpp,3
ossim,7,tech,Luc Heischbourg,h,3
ossim,7,tech,Oscarkramer,c,5
ossim,7,tech,Oscarkramer,cmake,4
ossim,7,tech,Oscarkramer,cpp,85
ossim,7,tech,Oscarkramer,h,33
ossim,7,tech,Oscarkramer,sh,3
ossim,8,tech,Davidleal,cpp,4
ossim,8,tech,Davidleal,h,2
ossim,8,tech,Garrett Lesage,cpp,8
ossim,8,tech,Garrett Lesage,h,3
ossim,8,tech,Garrett Lesage,sh,4
ossim,8,tech,Gpotts,cpp,2
ossim,8,tech,Juliencastelain,cpp,1
ossim,8,tech,Luc Heischbourg,cpp,1
ossim,8,tech,Oscarkramer,cpp,28
ossim,8,tech,Oscarkramer,h,12
ossim,8,tech,Oscarkramer,sh,1
ossim,9,tech,Davidleal,cmake,2
ossim,9,tech,Davidleal,cpp,24
ossim,9,tech,Davidleal,h,17
ossim,9,tech,Davidleal,sh,1
ossim,9,tech,Garrett Lesage,cpp,1
ossim,9,tech,Garrett Lesage,h,2
ossim,9,tech,Oscarkramer,cpp,56
ossim,9,tech,Oscarkramer,h,24
ossim,9,tech,Oscarkramer,sh,1
ossim,10,tech,Bas Peters,cpp,1
ossim,10,tech,Davidleal,cpp,15
ossim,10,tech,Davidleal,h,8
ossim,10,tech,Garrett Lesage,cmake,1
ossim,10,tech,Garrett Lesage,cpp,140
ossim,10,tech,Garrett Lesage,h,101
ossim,10,tech,Garrett Lesage,sh,4
ossim,10,tech,Noreply,cpp,1
ossim,10,tech,Oscarkramer,cpp,84
ossim,10,tech,Oscarkramer,h,47
ossim,10,tech,Oscarkramer,sh,1
ossim,11,tech,Davidleal,cpp,79
ossim,11,tech,Davidleal,h,19
ossim,11,tech,Garrett Lesage,cmake,2
ossim,11,tech,Garrett Lesage,cpp,104
ossim,11,tech,Garrett Lesage,h,17
ossim,11,tech,Garrett Lesage,sh,1
ossim,11,tech,Luc Heischbourg,cpp,2
ossim,11,tech,Luc Heischbourg,h,2
ossim,11,tech,Noreply,cmake,2
ossim,11,tech,Noreply,cpp,28
ossim,11,tech,Noreply,h,14
ossim,11,tech,Noreply,sh,1
ossim,11,tech,Oscarkramer,cmake,2
ossim,11,tech,Oscarkramer,cpp,75
ossim,11,tech,Oscarkramer,h,47
ossim,11,tech,Oscarkramer,sh,1
ossim,12,tech,Davidleal,cpp,51
ossim,12,tech,Davidleal,h,18
ossim,12,tech,Davidleal,sh,1
ossim,12,tech,Garrett Lesage,cpp,64
ossim,12,tech,Garrett Lesage,h,22
ossim,12,tech,Garrett Lesage,sh,2
ossim,12,tech,Noreply,cpp,72
ossim,12,tech,Noreply,h,40
ossim,12,tech,Noreply,sh,1
ossim,12,tech,Oscarkramer,cpp,174
ossim,12,tech,Oscarkramer,csh,1
ossim,12,tech,Oscarkramer,cw,6
ossim,12,tech,Oscarkramer,h,129
ossim,12,tech,Oscarkramer,pri,1
ossim,12,tech,Oscarkramer,pro,5
ossim,12,tech,Oscarkramer,sh,2
ossim,13,tech,Davidleal,cpp,15
ossim,13,tech,Davidleal,h,2
ossim,13,tech,Garrett Lesage,cpp,29
ossim,13,tech,Garrett Lesage,h,10
ossim,13,tech,Garrett Lesage,sh,6
ossim,13,tech,Noreply,cpp,8
ossim,13,tech,Noreply,h,2
ossim,14,tech,Aaron Drake,cpp,7
ossim,14,tech,Aaron Drake,h,2
ossim,14,tech,Aaron Drake,sh,4
ossim,14,tech,Davidleal,cmake,1
ossim,14,tech,Davidleal,cpp,114
ossim,14,tech,Davidleal,csh,2
ossim,14,tech,Davidleal,h,118
ossim,14,tech,Davidleal,sh,2
ossim,14,tech,Garrett Lesage,cmake,2
ossim,14,tech,Garrett Lesage,cpp,58
ossim,14,tech,Garrett Lesage,h,22
ossim,14,tech,Garrett Lesage,sh,4
ossim,14,tech,Noreply,cpp,7
ossim,14,tech,Noreply,h,4
ossim,15,tech,Aaron Drake,cpp,1
ossim,15,tech,Davidleal,cpp,39
ossim,15,tech,Davidleal,h,16
ossim,15,tech,Garrett Lesage,cpp,79
ossim,15,tech,Garrett Lesage,csh,1
ossim,15,tech,Garrett Lesage,h,41
ossim,15,tech,Garrett Lesage,sh,1
ossim,15,tech,Noreply,cmake,2
ossim,15,tech,Noreply,cpp,128
ossim,15,tech,Noreply,h,119
ossim,15,tech,Noreply,sh,1
ossim,16,tech,Davidleal,cpp,8
ossim,16,tech,Davidleal,h,3
ossim,16,tech,Garrett Lesage,cpp,3
ossim,16,tech,Garrett Lesage,sh,1
ossim,16,tech,Noreply,c,9
ossim,16,tech,Oscarkramer,cmake,2
ossim,16,tech,Oscarkramer,cpp,94
ossim,16,tech,Oscarkramer,csh,1
ossim,16,tech,Oscarkramer,h,95
ossim,16,tech,Oscarkramer,sh,2
ossim,16,tech,Rashad Karanouh,c,9
ossim,17,tech,Davidleal,cpp,4
ossim,17,tech,Davidleal,h,1
ossim,17,tech,Garrett Lesage,cpp,10
ossim,17,tech,Garrett Lesage,h,8
ossim,17,tech,Garrett Lesage,sh,1
ossim,17,tech,Ludovic Bouges,cpp,1
ossim,17,tech,Ludovic Bouges,h,1
ossim,17,tech,Noreply,cpp,9
ossim,17,tech,Noreply,h,9
ossim,17,tech,Noreply,sh,1
ossim,18,tech,Davidleal,cpp,18
ossim,18,tech,Davidleal,h,5
ossim,18,tech,Garrett Lesage,cmake,5
ossim,18,tech,Garrett Lesage,cpp,207
ossim,18,tech,Garrett Lesage,h,80
ossim,18,tech,Garrett Lesage,sh,3
ossim,18,tech,Manuel J. Simoni,cpp,1
ossim,18,tech,Noreply,cmake,3
ossim,18,tech,Noreply,cpp,152
ossim,18,tech,Noreply,h,63
ossim,18,tech,Noreply,sh,2
ossim,18,tech,Oscarkramer,cmake,7
ossim,18,tech,Oscarkramer,cpp,64
ossim,18,tech,Oscarkramer,h,48
ossim,18,tech,Oscarkramer,sh,5
ossim,19,tech,Aaron Drake,bat,2
ossim,19,tech,Aaron Drake,css,6
ossim,19,tech,Aaron Drake,groovy,17
ossim,19,tech,Aaron Drake,gsp,8
ossim,19,tech,Aaron Drake,js,3
ossim,19,tech,Davidleal,cpp,35
ossim,19,tech,Davidleal,h,14
ossim,19,tech,Garrett Lesage,cmake,2
ossim,19,tech,Garrett Lesage,cpp,64
ossim,19,tech,Garrett Lesage,groovy,2
ossim,19,tech,Garrett Lesage,h,58
ossim,19,tech,Garrett Lesage,pro,3
ossim,19,tech,Garrett Lesage,sh,4
ossim,19,tech,Natalie,bat,1
ossim,19,tech,Natalie,css,1
ossim,19,tech,Natalie,groovy,23
ossim,19,tech,Natalie,gsp,5
ossim,19,tech,Natalie,js,1
ossim,19,tech,Noreply,cmake,2
ossim,19,tech,Noreply,cpp,45
ossim,19,tech,Noreply,h,31
ossim,19,tech,Noreply,sh,1
ossim,19,tech,Oscarkramer,cmake,6
ossim,19,tech,Oscarkramer,cpp,77
ossim,19,tech,Oscarkramer,h,49
ossim,19,tech,Oscarkramer,sh,3
ossim,20,tech,Aaron Drake,cpp,1
ossim,20,tech,Davidleal,cmake,1
ossim,20,tech,Davidleal,cpp,24
ossim,20,tech,Davidleal,h,7
ossim,20,tech,Garrett Lesage,cmake,1
ossim,20,tech,Garrett Lesage,cpp,2
ossim,20,tech,Noreply,cpp,18
ossim,20,tech,Noreply,h,5
ossim,20,tech,Oscarkramer,cmake,4
ossim,20,tech,Oscarkramer,cpp,15
ossim,20,tech,Oscarkramer,h,7
ossim,20,tech,Oscarkramer,sh,3
ossim,20,tech,Scottmiller,groovy,1
ossim,21,tech,Davidleal,cpp,3
ossim,21,tech,Davidleal,h,4
ossim,21,tech,Garrett Lesage,bat,6
ossim,21,tech,Garrett Lesage,cpp,20
ossim,21,tech,Garrett Lesage,css,6
ossim,21,tech,Garrett Lesage,groovy,59
ossim,21,tech,Garrett Lesage,gsp,4
ossim,21,tech,Garrett Lesage,h,4
ossim,21,tech,Garrett Lesage,js,3
ossim,21,tech,Garrett Lesage,sh,2
ossim,21,tech,Noreply,cpp,4
ossim,21,tech,Noreply,groovy,9
ossim,21,tech,Noreply,h,1
ossim,21,tech,Noreply,sh,1
ossim,21,tech,Oscarkramer,cpp,27
ossim,21,tech,Oscarkramer,h,11
ossim,21,tech,Oscarkramer,sh,3
ossim,21,tech,Praveen Chekuri,cpp,1
ossim,21,tech,Praveen Chekuri,h,1
ossim,21,tech,Scottmiller,groovy,7
ossim,22,tech,Davidleal,cpp,2
ossim,22,tech,Dylan.cannisi,css,1
ossim,22,tech,Dylan.cannisi,groovy,14
ossim,22,tech,Dylan.cannisi,html,7
ossim,22,tech,Garrett Lesage,cmake,2
ossim,22,tech,Garrett Lesage,cpp,15
ossim,22,tech,Garrett Lesage,groovy,19
ossim,22,tech,Garrett Lesage,h,6
ossim,22,tech,Kevin Naquin,cmake,2
ossim,22,tech,Kevin Naquin,cpp,16
ossim,22,tech,Kevin Naquin,h,11
ossim,22,tech,Kevin Naquin,sh,1
ossim,22,tech,Noreply,cpp,5
ossim,22,tech,Noreply,groovy,6
ossim,22,tech,Noreply,h,5
ossim,22,tech,Oscarkramer,cmake,7
ossim,22,tech,Oscarkramer,cpp,22
ossim,22,tech,Oscarkramer,h,13
ossim,22,tech,Oscarkramer,sh,1
ossim,22,tech,Scottmiller,bat,2
ossim,22,tech,Scottmiller,cpp,21
ossim,22,tech,Scottmiller,css,1
ossim,22,tech,Scottmiller,groovy,5
ossim,22,tech,Scottmiller,h,7
ossim,22,tech,Scottmiller,html,7
ossim,22,tech,Scottmiller,sh,1
ossim,23,tech,Davidleal,cpp,1
ossim,23,tech,Dylan.cannisi,cpp,13
ossim,23,tech,Dylan.cannisi,h,3
ossim,23,tech,Garrett Lesage,cpp,6
ossim,23,tech,Garrett Lesage,groovy,4
ossim,23,tech,Garrett Lesage,h,2
ossim,23,tech,Garrett Lesage,sh,10
ossim,23,tech,Lbartoletti,cpp,2
ossim,23,tech,Lbartoletti At Tuxfamily.org,cpp,4
ossim,23,tech,Noreply,cmake,1
ossim,23,tech,Noreply,cpp,2
ossim,23,tech,Omar Khudeira,cmake,1
ossim,23,tech,Oscarkramer,cmake,5
ossim,23,tech,Oscarkramer,cpp,5
ossim,23,tech,Oscarkramer,h,1
ossim,23,tech,Oscarkramer,sh,1
ossim,23,tech,Pelangovan,cmake,3
ossim,23,tech,Pelangovan,cpp,10
ossim,23,tech,Pelangovan,h,3
ossim,23,tech,Scottmiller,cmake,1
ossim,24,tech,Aaron Baldwin,cmake,2
ossim,24,tech,Aaron Baldwin,cpp,13
ossim,24,tech,Aaron Baldwin,h,15
ossim,24,tech,Aaron Baldwin,sh,1
ossim,24,tech,Davidleal,cpp,1
ossim,24,tech,Garrett Lesage,cmake,8
ossim,24,tech,Garrett Lesage,cpp,181
ossim,24,tech,Garrett Lesage,h,493
ossim,24,tech,Garrett Lesage,sh,3
ossim,24,tech,Noreply,cmake,4
ossim,24,tech,Noreply,cpp,141
ossim,24,tech,Noreply,h,467
ossim,24,tech,Oscarkramer,cmake,2
ossim,24,tech,Oscarkramer,cpp,3
ossim,24,tech,Oscarkramer,h,3
ossim,24,tech,Oscarkramer,sh,1
ossim,24,tech,Pelangovan,groovy,4
ossim,24,tech,Rashad Karanouh,bat,2
ossim,24,tech,Rashad Karanouh,c,9
ossim,24,tech,Rashad Karanouh,cmake,28
ossim,24,tech,Rashad Karanouh,cpp,468
ossim,24,tech,Rashad Karanouh,csh,1
ossim,24,tech,Rashad Karanouh,h,261
ossim,24,tech,Rashad Karanouh,sh,17
ossim,24,tech,Ryan Mudryk,cpp,1
ossim,25,tech,Aaron Baldwin,groovy,3
ossim,25,tech,Aaron Drake,groovy,2
ossim,25,tech,Davidleal,cpp,12
ossim,25,tech,Davidleal,h,7
ossim,25,tech,Garrett Lesage,cpp,105
ossim,25,tech,Garrett Lesage,groovy,15
ossim,25,tech,Garrett Lesage,h,84
ossim,25,tech,Garrett Lesage,sh,1
ossim,25,tech,Natalie,cmake,3
ossim,25,tech,Natalie,cpp,91
ossim,25,tech,Natalie,h,387
ossim,25,tech,Natalie,sh,1
ossim,25,tech,Noreply,bat,2
ossim,25,tech,Noreply,cpp,90
ossim,25,tech,Noreply,groovy,34
ossim,25,tech,Noreply,h,55
ossim,25,tech,Oscarkramer,cmake,4
ossim,25,tech,Oscarkramer,cpp,197
ossim,25,tech,Oscarkramer,h,458
ossim,25,tech,Oscarkramer,sh,3
ossim,25,tech,Pelangovan,groovy,23
ossim,25,tech,Praveen Chekuri,groovy,17
ossim,25,tech,Sbortman,bat,2
ossim,25,tech,Sbortman,groovy,10
ossim,25,tech,Stephen Wan,groovy,8
ossim,25,tech,Tony Narlock,cpp,1
ossim,26,tech,Davidleal,cpp,9
ossim,26,tech,Davidleal,h,6
ossim,26,tech,Garrett Lesage,cmake,3
ossim,26,tech,Garrett Lesage,cpp,123
ossim,26,tech,Garrett Lesage,groovy,18
ossim,26,tech,Garrett Lesage,h,49
ossim,26,tech,Garrett Lesage,sh,7
ossim,26,tech,Noreply,cmake,89
ossim,26,tech,Noreply,cpp,42
ossim,26,tech,Noreply,groovy,13
ossim,26,tech,Noreply,h,37
ossim,26,tech,Noreply,sh,1
ossim,26,tech,Oscarkramer,cmake,78
ossim,26,tech,Oscarkramer,cpp,26
ossim,26,tech,Oscarkramer,h,13
ossim,26,tech,Oscarkramer,sh,10
ossim,26,tech,Pelangovan,groovy,2
ossim,26,tech,Praveen Chekuri,groovy,14
ossim,26,tech,Sbortman,cmake,30
ossim,26,tech,Sbortman,cpp,18
ossim,26,tech,Sbortman,groovy,2
ossim,26,tech,Sbortman,h,9
ossim,26,tech,Sbortman,sh,1
ossim,26,tech,Stephen Wan,groovy,58
ossim,27,tech,Davidleal,cpp,4
ossim,27,tech,Dylan.cannisi,cpp,1
ossim,27,tech,Garrett Lesage,cpp,12
ossim,27,tech,Garrett Lesage,h,7
ossim,27,tech,Noreply,cpp,17
ossim,27,tech,Noreply,groovy,3
ossim,27,tech,Noreply,h,9
ossim,27,tech,Oscarkramer,cpp,37
ossim,27,tech,Oscarkramer,h,13
ossim,27,tech,Sbortman,groovy,1
ossim,28,tech,Davidleal,cpp,1
ossim,28,tech,Dylan.cannisi,cpp,6
ossim,28,tech,Dylan.cannisi,h,5
ossim,28,tech,Garrett Lesage,sh,2
ossim,28,tech,Noreply,cpp,21
ossim,28,tech,Noreply,groovy,3
ossim,28,tech,Noreply,h,21
ossim,28,tech,Noreply,sh,5
ossim,28,tech,Oscarkramer,cmake,2
ossim,28,tech,Oscarkramer,cpp,47
ossim,28,tech,Oscarkramer,h,38
ossim,28,tech,Oscarkramer,sh,7
ossim,28,tech,Praveen Chekuri,cpp,1
ossim,28,tech,Sbortman,groovy,2
ossim,29,tech,Davidleal,cpp,1
ossim,29,tech,Dylan.cannisi,cpp,8
ossim,29,tech,Dylan.cannisi,h,5
ossim,29,tech,Garrett Lesage,cpp,13
ossim,29,tech,Garrett Lesage,h,2
ossim,29,tech,Noreply,cpp,42
ossim,29,tech,Noreply,groovy,17
ossim,29,tech,Noreply,h,27
ossim,29,tech,Noreply,sh,2
ossim,29,tech,Oscarkramer,cmake,5
ossim,29,tech,Oscarkramer,cpp,80
ossim,29,tech,Oscarkramer,h,46
ossim,29,tech,Oscarkramer,sh,10
ossim,29,tech,Sbortman,groovy,2
ossim,29,tech,Stephen Wan,groovy,2
ossim,30,tech,Dylan.cannisi,cpp,1
ossim,30,tech,Dylan.cannisi,h,1
ossim,30,tech,Garrett Lesage,cmake,2
ossim,30,tech,Garrett Lesage,cpp,25
ossim,30,tech,Garrett Lesage,groovy,18
ossim,30,tech,Garrett Lesage,h,19
ossim,30,tech,Garrett Lesage,sh,4
ossim,30,tech,Kevin Naquin,groovy,4
ossim,30,tech,Kevin Naquin,sh,1
ossim,30,tech,Noreply,cpp,11
ossim,30,tech,Noreply,groovy,21
ossim,30,tech,Noreply,h,3
ossim,30,tech,Oscarkramer,cmake,1
ossim,30,tech,Oscarkramer,cpp,68
ossim,30,tech,Oscarkramer,h,28
ossim,30,tech,Sbortman,groovy,7
ossim,30,tech,Stephen Wan,groovy,4
ossim,31,tech,Davidleal,cpp,9
ossim,31,tech,Davidleal,h,5
ossim,31,tech,Garrett Lesage,cpp,21
ossim,31,tech,Garrett Lesage,h,7
ossim,31,tech,Garrett Lesage,sh,1
ossim,31,tech,Noreply,cpp,20
ossim,31,tech,Noreply,h,12
ossim,31,tech,Oscarkramer,cmake,3
ossim,31,tech,Oscarkramer,cpp,20
ossim,31,tech,Oscarkramer,h,8
ossim,31,tech,Oscarkramer,sh,2
ossim,32,tech,Arocnies,groovy,10
ossim,32,tech,Garrett Lesage,cmake,4
ossim,32,tech,Garrett Lesage,cpp,8
ossim,32,tech,Garrett Lesage,groovy,19
ossim,32,tech,Garrett Lesage,h,1
ossim,32,tech,Kevin Naquin,groovy,11
ossim,32,tech,Nick Poulden,h,1
ossim,32,tech,Noreply,cmake,3
ossim,32,tech,Noreply,cpp,1
ossim,32,tech,Noreply,groovy,17
ossim,32,tech,Noreply,h,1
ossim,32,tech,Noreply,sh,2
ossim,32,tech,Oscarkramer,cmake,6
ossim,32,tech,Oscarkramer,cpp,4
ossim,32,tech,Oscarkramer,cw,6
ossim,32,tech,Oscarkramer,h,1
ossim,32,tech,Oscarkramer,sh,2
ossim,32,tech,Sbortman,groovy,14
ossim,32,tech,Sbortman,sh,1
ossim,32,tech,Stephen Wan,groovy,6
ossim,33,tech,Arocnies,groovy,30
ossim,33,tech,Davidleal,cpp,1
ossim,33,tech,Davidleal,h,2
ossim,33,tech,Garrett Lesage,cpp,3
ossim,33,tech,Garrett Lesage,h,3
ossim,33,tech,Kevin Naquin,cmake,2
ossim,33,tech,Kevin Naquin,cpp,5
ossim,33,tech,Kevin Naquin,groovy,5
ossim,33,tech,Kevin Naquin,h,4
ossim,33,tech,Noreply,groovy,11
ossim,33,tech,Noreply,sh,2
ossim,33,tech,Oscarkramer,cpp,4
ossim,33,tech,Oscarkramer,h,1
ossim,33,tech,Sbortman,groovy,16
ossim,34,tech,Davidleal,cpp,4
ossim,34,tech,Davidleal,h,2
ossim,34,tech,Garrett Lesage,cpp,3
ossim,34,tech,Noreply,cpp,2
ossim,34,tech,Noreply,h,1
ossim,34,tech,Oscarkramer,cmake,1
ossim,34,tech,Oscarkramer,cpp,7
ossim,34,tech,Oscarkramer,h,2
ossim,35,tech,Arocnies,cmake,1
ossim,35,tech,Arocnies,cpp,7
ossim,35,tech,Arocnies,h,1
ossim,35,tech,Davidleal,cpp,1
ossim,35,tech,Davidleal,h,1
ossim,35,tech,Garrett Lesage,cpp,7
ossim,35,tech,Garrett Lesage,h,4
ossim,35,tech,Noreply,cpp,1
ossim,35,tech,Noreply,h,1
ossim,35,tech,Scottmiller,cpp,1
ossim,36,tech,Arocnies,groovy,6
ossim,36,tech,Davidleal,cpp,2
ossim,36,tech,Davidleal,h,1
ossim,36,tech,Garrett Lesage,cpp,33
ossim,36,tech,Garrett Lesage,groovy,6
ossim,36,tech,Garrett Lesage,h,8
ossim,36,tech,Garrett Lesage,sh,1
ossim,36,tech,Noreply,cpp,1
ossim,36,tech,Noreply,h,1
ossim,36,tech,Noreply,sh,3
ossim,36,tech,Oscarkramer,cmake,1
ossim,36,tech,Oscarkramer,cpp,1
ossim,36,tech,Oscarkramer,sh,2
ossim,37,tech,404,groovy,2
ossim,37,tech,Garrett Lesage,cmake,1
ossim,37,tech,Garrett Lesage,cpp,28
ossim,37,tech,Garrett Lesage,h,10
ossim,37,tech,Garrett Lesage,sh,3
ossim,37,tech,Noreply,cpp,5
ossim,37,tech,Noreply,h,2
ossim,37,tech,Noreply,sh,1
ossim,37,tech,Oscarkramer,cpp,1
ossim,38,tech,404,groovy,1
ossim,38,tech,Garrett Lesage,cmake,1
ossim,38,tech,Garrett Lesage,cpp,16
ossim,38,tech,Garrett Lesage,h,10
ossim,38,tech,Noreply,cpp,14
ossim,38,tech,Noreply,h,6
ossim,38,tech,Oscarkramer,cmake,1
ossim,38,tech,Oscarkramer,cpp,54
ossim,38,tech,Oscarkramer,h,28
ossim,38,tech,Sbortman,groovy,2
ossim,39,tech,Garrett Lesage,sh,1
ossim,39,tech,Oscarkramer,cmake,1
ossim,39,tech,Oscarkramer,cpp,2
ossim,39,tech,Oscarkramer,h,1
ossim,39,tech,Oscarkramer,sh,1
ossim,40,tech,Calecohee,cmake,1
ossim,40,tech,Calecohee,sh,4
ossim,40,tech,Garrett Lesage,cpp,1
ossim,40,tech,Noreply,groovy,1
ossim,40,tech,Oscarkramer,cpp,10
ossim,40,tech,Oscarkramer,h,2
ossim,40,tech,Sbortman,cpp,1
ossim,41,tech,404,groovy,1
ossim,41,tech,Davidleal,cpp,2
ossim,41,tech,Noreply,groovy,1
ossim,41,tech,Sbortman,groovy,1
ossim,41,tech,Tyler Mcmullen,groovy,7
ossim,42,tech,404,groovy,1
ossim,42,tech,Aaron Baldwin,groovy,1
ossim,42,tech,Andrew Nagawiecki,groovy,4
ossim,42,tech,Davidleal,cpp,15
ossim,42,tech,Davidleal,h,7
ossim,42,tech,Garrett Lesage,cpp,6
ossim,42,tech,Garrett Lesage,h,2
ossim,42,tech,Garrett Lesage,sh,1
ossim,42,tech,Noreply,cpp,14
ossim,42,tech,Noreply,groovy,3
ossim,42,tech,Noreply,h,7
ossim,42,tech,Oscarkramer,c,4
ossim,42,tech,Oscarkramer,cpp,56
ossim,42,tech,Oscarkramer,h,25
ossim,42,tech,Oscarkramer,sh,2
ossim,42,tech,Tyler Mcmullen,groovy,1
ossim,43,tech,404,groovy,2
ossim,43,tech,Andrew Nagawiecki,groovy,10
ossim,43,tech,Bas Peters,cpp,13
ossim,43,tech,Bas Peters,h,1
ossim,43,tech,Bas Peters,inc,1
ossim,43,tech,Davidleal,cpp,10
ossim,43,tech,Davidleal,h,3
ossim,43,tech,Garrett Lesage,cmake,1
ossim,43,tech,Garrett Lesage,cpp,10
ossim,43,tech,Garrett Lesage,groovy,2
ossim,43,tech,Garrett Lesage,h,2
ossim,43,tech,Noreply,c,2
ossim,43,tech,Noreply,cpp,51
ossim,43,tech,Noreply,cw,6
ossim,43,tech,Noreply,groovy,11
ossim,43,tech,Noreply,h,19
ossim,43,tech,Noreply,inc,1
ossim,43,tech,Oscarkramer,cmake,1
ossim,43,tech,Oscarkramer,cpp,218
ossim,43,tech,Oscarkramer,h,141
ossim,43,tech,Oscarkramer,inc,1
ossim,43,tech,Sbortman,groovy,7
ossim,44,tech,404,groovy,12
ossim,44,tech,Calecohee,groovy,9
ossim,44,tech,Davidleal,cmake,1
ossim,44,tech,Davidleal,cpp,6
ossim,44,tech,Davidleal,h,4
ossim,44,tech,Garrett Lesage,c,1
ossim,44,tech,Garrett Lesage,cmake,1
ossim,44,tech,Garrett Lesage,cpp,8
ossim,44,tech,Garrett Lesage,groovy,4
ossim,44,tech,Garrett Lesage,h,5
ossim,44,tech,Matthew Stafford,groovy,1
ossim,44,tech,Mstafford2012,groovy,2
ossim,44,tech,Noreply,cmake,1
ossim,44,tech,Noreply,cpp,5
ossim,44,tech,Noreply,groovy,13
ossim,44,tech,Noreply,h,2
ossim,44,tech,Oscarkramer,cpp,3
ossim,44,tech,Tyler Mcmullen,groovy,16
ossim,45,tech,404,groovy,8
ossim,45,tech,Garrett Lesage,cpp,12
ossim,45,tech,Garrett Lesage,groovy,6
ossim,45,tech,Garrett Lesage,h,6
ossim,45,tech,Noreply,cpp,7
ossim,45,tech,Noreply,groovy,2
ossim,45,tech,Noreply,h,1
ossim,45,tech,Oscarkramer,cmake,2
ossim,45,tech,Oscarkramer,cpp,31
ossim,45,tech,Oscarkramer,h,16
ossim,45,tech,Sbortman,groovy,3
ossim,45,tech,Tyler Mcmullen,groovy,1
ossim,46,tech,404,groovy,2
ossim,46,tech,Andrew Nagawiecki,groovy,2
ossim,46,tech,Kevin Naquin,groovy,12
ossim,46,tech,Oscarkramer,cpp,1
ossim,46,tech,Oscarkramer,h,2
ossim,46,tech,Sbortman,groovy,1
ossim,46,tech,Tyler Mcmullen,groovy,3
ossim,47,tech,404,groovy,3
ossim,47,tech,Andrew Nagawiecki,h,3
ossim,47,tech,Garrett Lesage,cpp,340
ossim,47,tech,Garrett Lesage,groovy,5
ossim,47,tech,Garrett Lesage,h,150
ossim,47,tech,Matthew Stafford,c,1
ossim,47,tech,Matthew Stafford,cpp,151
ossim,47,tech,Matthew Stafford,h,18
ossim,47,tech,Noreply,c,1
ossim,47,tech,Noreply,cmake,1
ossim,47,tech,Noreply,cpp,390
ossim,47,tech,Noreply,h,169
ossim,47,tech,Oscarkramer,c,2
ossim,47,tech,Oscarkramer,cpp,349
ossim,47,tech,Oscarkramer,h,155
ossim,47,tech,Sbortman,cpp,4
ossim,47,tech,Sbortman,groovy,1
ossim,47,tech,Sbortman,h,1
ossim,47,tech,Tyler Mcmullen,cpp,26
ossim,47,tech,Tyler Mcmullen,h,21
ossim,47,tech,Tyler Mcmullen,sh,4
ossim,48,tech,404,groovy,5
ossim,48,tech,Davidleal,cpp,6
ossim,48,tech,Davidleal,h,3
ossim,48,tech,Garrett Lesage,cmake,3
ossim,48,tech,Garrett Lesage,cpp,18
ossim,48,tech,Garrett Lesage,groovy,6
ossim,48,tech,Garrett Lesage,h,6
ossim,48,tech,Garrett Lesage,sh,11
ossim,48,tech,Noreply,cpp,4
ossim,48,tech,Noreply,groovy,5
ossim,48,tech,Noreply,h,1
ossim,48,tech,Noreply,sh,1
ossim,48,tech,Oscarkramer,cpp,3
ossim,48,tech,Oscarkramer,h,1
ossim,48,tech,Oscarkramer,sh,14
ossim,48,tech,Sbortman,groovy,3
ossim,48,tech,Tyler Mcmullen,cpp,4
ossim,48,tech,Tyler Mcmullen,h,1
ossim,49,tech,Garrett Lesage,cpp,4
ossim,49,tech,Garrett Lesage,h,2
ossim,49,tech,Garrett Lesage,sh,11
ossim,49,tech,Kevin Naquin,sh,1
ossim,49,tech,Noreply,sh,1
ossim,49,tech,Oscarkramer,cmake,7
ossim,49,tech,Oscarkramer,cpp,42
ossim,49,tech,Oscarkramer,h,17
ossim,49,tech,Oscarkramer,sh,7
ossim,50,tech,404,groovy,1
ossim,50,tech,404,sh,1
ossim,50,tech,Aaron Baldwin,groovy,2
ossim,50,tech,Davidleal,cpp,17
ossim,50,tech,Davidleal,h,14
ossim,50,tech,Garrett Lesage,cmake,3
ossim,50,tech,Garrett Lesage,cpp,33
ossim,50,tech,Garrett Lesage,h,14
ossim,50,tech,Noreply,bat,2
ossim,50,tech,Noreply,css,13
ossim,50,tech,Noreply,groovy,20
ossim,50,tech,Noreply,gsp,8
ossim,50,tech,Noreply,js,15
ossim,50,tech,Noreply,sh,1
ossim,50,tech,Oscarkramer,cpp,20
ossim,50,tech,Oscarkramer,h,8
ossim,50,tech,Sbortman,bat,2
ossim,50,tech,Sbortman,css,13
ossim,50,tech,Sbortman,groovy,27
ossim,50,tech,Sbortman,gsp,8
ossim,50,tech,Sbortman,js,15
ossim,50,tech,Sbortman,sh,1
ossim,51,tech,404,bat,2
ossim,51,tech,404,css,13
ossim,51,tech,404,groovy,20
ossim,51,tech,404,gsp,8
ossim,51,tech,404,js,15
ossim,51,tech,404,sh,1
ossim,51,tech,Dylan.cannisi,rs,6
ossim,51,tech,Garrett Lesage,cpp,5
ossim,51,tech,Garrett Lesage,h,3
ossim,51,tech,Garrett Lesage,sh,2
ossim,51,tech,Oscarkramer,cmake,1
ossim,51,tech,Oscarkramer,cpp,1
ossim,51,tech,Oscarkramer,h,2
ossim,51,tech,Sbortman,groovy,8
ossim,52,tech,Ben Straub,sh,1
ossim,52,tech,Garrett Lesage,cpp,5
ossim,52,tech,Garrett Lesage,h,1
ossim,52,tech,Michael Aufreiter,sh,1
ossim,52,tech,Noreply,groovy,2
ossim,52,tech,Sbortman,sh,49
ossim,53,tech,404,groovy,2
ossim,53,tech,Davidleal,cpp,6
ossim,53,tech,Noreply,groovy,1
ossim,53,tech,Oscar.fonts,cpp,11
ossim,53,tech,Oscar.fonts,h,4
ossim,53,tech,Oscar.fonts,sh,1
ossim,53,tech,Sbortman,sh,2
ossim,54,tech,404,groovy,1
ossim,54,tech,Garrett Lesage,cpp,10
ossim,54,tech,Garrett Lesage,h,3
ossim,54,tech,Kevin Naquin,groovy,3
ossim,54,tech,Oscar.fonts,cpp,2
ossim,54,tech,Sbortman,sh,18
ossim,55,tech,404,groovy,1
ossim,55,tech,Davidleal,cpp,3
ossim,55,tech,Garrett Lesage,cpp,19
ossim,55,tech,Garrett Lesage,h,13
ossim,55,tech,Garrett Lesage,sh,1
ossim,55,tech,Noreply,cpp,6
ossim,55,tech,Noreply,groovy,2
ossim,55,tech,Noreply,h,1
ossim,55,tech,Noreply,sh,30
ossim,55,tech,Oscar.fonts,cpp,10
ossim,55,tech,Oscar.fonts,h,2
ossim,55,tech,Sbortman,groovy,2
ossim,55,tech,Tyler Mcmullen,sh,119
ossim,56,tech,Davidleal,cpp,4
ossim,56,tech,Davidleal,h,1
ossim,56,tech,Garrett Lesage,cpp,16
ossim,56,tech,Garrett Lesage,h,12
ossim,56,tech,Garrett Lesage,sh,4
ossim,56,tech,Mr.kev,groovy,3
ossim,56,tech,Noreply,cpp,4
ossim,56,tech,Noreply,h,1
ossim,57,tech,Calecohee,groovy,4
ossim,57,tech,Calecohee,sh,35
ossim,57,tech,Cory Ondrejka,sh,3
ossim,57,tech,Davidleal,cpp,1
ossim,57,tech,Ewleaver,h,1
ossim,57,tech,Ewleaver,sh,2
ossim,57,tech,Garrett Lesage,h,1
ossim,57,tech,Garrett Lesage,sh,4
ossim,57,tech,Mikefedak,sh,2
ossim,57,tech,Noreply,cpp,2
ossim,57,tech,Noreply,h,1
ossim,57,tech,Noreply,sh,11
ossim,57,tech,Oscarkramer,cpp,23
ossim,57,tech,Oscarkramer,h,16
ossim,57,tech,Oscarkramer,sh,3
ossim,57,tech,Ryan Feldbush,groovy,2
ossim,57,tech,Ryan Feldbush,sh,20
ossim,58,tech,404,groovy,1
ossim,58,tech,404,tpl,2
ossim,58,tech,Christopher Friedrich,tpl,1
ossim,58,tech,Davidleal,cpp,1
ossim,58,tech,Garrett Lesage,cpp,9
ossim,58,tech,Garrett Lesage,h,3
ossim,58,tech,Garrett Lesage,sh,11
ossim,58,tech,Noreply,groovy,2
ossim,58,tech,Noreply,sh,7
ossim,58,tech,Noreply,tpl,1
ossim,58,tech,Sbortman,sh,2
ossim,58,tech,Tyler Mcmullen,groovy,2
ossim,58,tech,Tyler Mcmullen,sh,20
ossim,58,tech,Tyler Mcmullen,tpl,2
ossim,59,tech,Aimee,1,6
ossim,59,tech,Aimee,coffee,14
ossim,59,tech,Aimee,css,2
ossim,59,tech,Aimee,el,2
ossim,59,tech,Aimee,groovy,4
ossim,59,tech,Aimee,html,12
ossim,59,tech,Aimee,js,8962
ossim,59,tech,Aimee,ts,6030
ossim,59,tech,Cory Ondrejka,1,3
ossim,59,tech,Cory Ondrejka,coffee,7
ossim,59,tech,Cory Ondrejka,css,1
ossim,59,tech,Cory Ondrejka,el,1
ossim,59,tech,Cory Ondrejka,groovy,8
ossim,59,tech,Cory Ondrejka,html,6
ossim,59,tech,Cory Ondrejka,js,4481
ossim,59,tech,Cory Ondrejka,ts,3015
ossim,59,tech,Garrett Lesage,cpp,7
ossim,59,tech,Garrett Lesage,h,1
ossim,59,tech,Mckenzie Tugui,1,3
ossim,59,tech,Mckenzie Tugui,coffee,7
ossim,59,tech,Mckenzie Tugui,css,1
ossim,59,tech,Mckenzie Tugui,el,1
ossim,59,tech,Mckenzie Tugui,groovy,4
ossim,59,tech,Mckenzie Tugui,html,6
ossim,59,tech,Mckenzie Tugui,js,4484
ossim,59,tech,Mckenzie Tugui,ts,3015
ossim,59,tech,Michael Aufreiter,sh,7
ossim,59,tech,Mstafford2012,1,9
ossim,59,tech,Mstafford2012,3,2
ossim,59,tech,Mstafford2012,asm,20
ossim,59,tech,Mstafford2012,bib,1
ossim,59,tech,Mstafford2012,c,126
ossim,59,tech,Mstafford2012,cc,9
ossim,59,tech,Mstafford2012,cl,6
ossim,59,tech,Mstafford2012,cmake,32
ossim,59,tech,Mstafford2012,cpp,222
ossim,59,tech,Mstafford2012,css,3
ossim,59,tech,Mstafford2012,h,147
ossim,59,tech,Mstafford2012,hpp,21
ossim,59,tech,Mstafford2012,html,116
ossim,59,tech,Mstafford2012,inc,10
ossim,59,tech,Mstafford2012,java,4
ossim,59,tech,Mstafford2012,m4,8
ossim,59,tech,Mstafford2012,pl,2
ossim,59,tech,Mstafford2012,py,23
ossim,59,tech,Mstafford2012,sh,52
ossim,59,tech,Mstafford2012,sql,32
ossim,59,tech,Mstafford2012,x,8
ossim,59,tech,Mstafford2012,y,2
ossim,59,tech,Noreply,cpp,2
ossim,59,tech,Noreply,groovy,9
ossim,59,tech,Noreply,h,1
ossim,59,tech,Noreply,js,8
ossim,59,tech,Peter Subacz,1,7
ossim,59,tech,Peter Subacz,3,2
ossim,59,tech,Peter Subacz,asc,9
ossim,59,tech,Peter Subacz,aux,8
ossim,59,tech,Peter Subacz,bat,5
ossim,59,tech,Peter Subacz,bib,1
ossim,59,tech,Peter Subacz,c,1064
ossim,59,tech,Peter Subacz,cc,9
ossim,59,tech,Peter Subacz,cmake,125
ossim,59,tech,Peter Subacz,cpp,2113
ossim,59,tech,Peter Subacz,cs,23
ossim,59,tech,Peter Subacz,css,2
ossim,59,tech,Peter Subacz,cxx,2
ossim,59,tech,Peter Subacz,eps,2
ossim,59,tech,Peter Subacz,f90,26
ossim,59,tech,Peter Subacz,gml,42
ossim,59,tech,Peter Subacz,h,1396
ossim,59,tech,Peter Subacz,hpp,53
ossim,59,tech,Peter Subacz,htm,1
ossim,59,tech,Peter Subacz,html,205
ossim,59,tech,Peter Subacz,inc,10
ossim,59,tech,Peter Subacz,inl,23
ossim,59,tech,Peter Subacz,java,184
ossim,59,tech,Peter Subacz,l,1
ossim,59,tech,Peter Subacz,ls,87
ossim,59,tech,Peter Subacz,m4,69
ossim,59,tech,Peter Subacz,mk,1
ossim,59,tech,Peter Subacz,nc,59
ossim,59,tech,Peter Subacz,nit,17
ossim,59,tech,Peter Subacz,pl,4
ossim,59,tech,Peter Subacz,pro,1
ossim,59,tech,Peter Subacz,py,556
ossim,59,tech,Peter Subacz,r2,1
ossim,59,tech,Peter Subacz,rb,13
ossim,59,tech,Peter Subacz,sh,149
ossim,59,tech,Peter Subacz,sql,42
ossim,59,tech,Peter Subacz,t,29
ossim,59,tech,Peter Subacz,tex,2
ossim,59,tech,Peter Subacz,tst,6
ossim,59,tech,Peter Subacz,x,4
ossim,59,tech,Peter Subacz,xslt,3
ossim,59,tech,Peter Subacz,y,5
ossim,59,tech,Ryan Feldbush,1,17
ossim,59,tech,Ryan Feldbush,asm,1694
ossim,59,tech,Ryan Feldbush,awk,1
ossim,59,tech,Ryan Feldbush,c,32148
ossim,59,tech,Ryan Feldbush,cl,130
ossim,59,tech,Ryan Feldbush,cpp,39
ossim,59,tech,Ryan Feldbush,css,39
ossim,59,tech,Ryan Feldbush,cu,39
ossim,59,tech,Ryan Feldbush,h,11734
ossim,59,tech,Ryan Feldbush,html,1
ossim,59,tech,Ryan Feldbush,inc,13
ossim,59,tech,Ryan Feldbush,m,26
ossim,59,tech,Ryan Feldbush,mak,134
ossim,59,tech,Ryan Feldbush,pl,39
ossim,59,tech,Ryan Feldbush,pm,13
ossim,59,tech,Ryan Feldbush,py,4
ossim,59,tech,Ryan Feldbush,rb,1
ossim,59,tech,Ryan Feldbush,sh,196
ossim,59,tech,Ryan Feldbush,v,81
ossim,59,tech,Sbortman,cpp,3
ossim,59,tech,Sbortman,groovy,2
ossim,59,tech,Sbortman,h,2
ossim,60,tech,Cory Ondrejka,sh,41
ossim,60,tech,Craig,sh,2
ossim,60,tech,Davidleal,cpp,1
ossim,60,tech,Davidleal,h,2
ossim,60,tech,Mckenzie Tugui,sh,20
ossim,60,tech,Michael Aufreiter,sh,6
ossim,60,tech,Noreply,cpp,1
ossim,60,tech,Noreply,groovy,10
ossim,60,tech,Noreply,h,2
ossim,60,tech,Noreply,js,3
ossim,60,tech,Noreply,sh,25
ossim,60,tech,Noreply,tpl,1
ossim,60,tech,Ryan Feldbush,sh,8
ossim,61,tech,43353330+kwright8,gsp,1
ossim,61,tech,43353330+kwright8,js,1
ossim,61,tech,Davidleal,cpp,5
ossim,61,tech,Davidleal,h,2
ossim,61,tech,Garrett Lesage,cpp,3
ossim,61,tech,Michael Aufreiter,sh,17
ossim,61,tech,Noreply,cpp,6
ossim,61,tech,Noreply,groovy,4
ossim,61,tech,Noreply,h,2
ossim,61,tech,Noreply,js,1
ossim,61,tech,Noreply,sh,13
ossim,61,tech,Oscarkramer,cpp,17
ossim,61,tech,Oscarkramer,h,6
ossim,62,tech,43353330+kwright8,groovy,21
ossim,62,tech,Benjamin Birnbaum,groovy,4
ossim,62,tech,Mckenzie Tugui,1,8
ossim,62,tech,Mckenzie Tugui,c,24
ossim,62,tech,Mckenzie Tugui,cmake,46
ossim,62,tech,Mckenzie Tugui,cpp,314
ossim,62,tech,Mckenzie Tugui,csh,3
ossim,62,tech,Mckenzie Tugui,cxx,194
ossim,62,tech,Mckenzie Tugui,h,312
ossim,62,tech,Mckenzie Tugui,pri,3
ossim,62,tech,Mckenzie Tugui,pro,15
ossim,62,tech,Mckenzie Tugui,sh,103
ossim,62,tech,Noreply,groovy,23
ossim,62,tech,Noreply,sh,1
ossim,62,tech,Sbortman,groovy,1
ossim,63,tech,Aimtrettel,groovy,2
ossim,63,tech,Cory Ondrejka,groovy,31
ossim,63,tech,Davidleal,cpp,1
ossim,63,tech,Davidleal,h,1
ossim,63,tech,Garrett Lesage,cpp,2
ossim,63,tech,Garrett Lesage,h,1
ossim,63,tech,Mckenzie Tugui,groovy,6
ossim,63,tech,Noreply,cpp,2
ossim,63,tech,Noreply,groovy,12
ossim,63,tech,Noreply,gsp,1
ossim,63,tech,Noreply,js,1
ossim,63,tech,Noreply,tpl,4
ossim,63,tech,Sbortman,cpp,3
ossim,64,tech,Davidleal,cpp,3
ossim,64,tech,Davidleal,h,2
ossim,64,tech,Noreply,sh,1
ossim,64,tech,Oscarkramer,cpp,7
ossim,64,tech,Oscarkramer,h,3
ossim,64,tech,Peter Subacz,cpp,245
ossim,64,tech,Peter Subacz,h,266
ossim,65,tech,Noreply,bat,2
ossim,65,tech,Noreply,cpp,1
ossim,65,tech,Noreply,js,3
ossim,65,tech,Oscarkramer,cpp,1
ossim,65,tech,Sbortman,bat,2
ossim,65,tech,Walley ,js,2
ossim,66,tech,Aimtrettel,groovy,20
ossim,66,tech,Davidleal,cpp,1
ossim,66,tech,Noreply,cmake,4
ossim,66,tech,Noreply,cpp,6
ossim,66,tech,Noreply,groovy,24
ossim,66,tech,Sbortman,cpp,1
ossim,66,tech,Trevor Wennblom,cmake,4
ossim,66,tech,Trevor Wennblom,cpp,4
ossim,67,tech,Aimtrettel,groovy,27
ossim,67,tech,Aimtrettel,js,2
ossim,67,tech,Davidleal,cpp,4
ossim,67,tech,Davidleal,h,2
ossim,67,tech,Noreply,bat,2
ossim,67,tech,Noreply,cpp,3
ossim,67,tech,Noreply,groovy,17
ossim,67,tech,Noreply,h,1
ossim,67,tech,Noreply,js,1
ossim,67,tech,Oscarkramer,cmake,4
ossim,67,tech,Oscarkramer,cpp,7
ossim,67,tech,Trevor Wennblom,cpp,5
ossim,67,tech,Trevor Wennblom,h,3
ossim,68,tech,Aimtrettel,groovy,6
ossim,68,tech,Noreply,groovy,10
ossim,68,tech,Noreply,js,3
ossim,69,tech,Davidleal,cmake,8
ossim,69,tech,Davidleal,cpp,4
ossim,69,tech,Davidleal,h,4
ossim,69,tech,Noreply,cmake,5
ossim,69,tech,Noreply,cpp,7
ossim,69,tech,Noreply,h,5
ossim,69,tech,Sbortman,cpp,3
ossim,69,tech,Sbortman,h,1
ossim,73,tech,Davidleal,cpp,1
pdal,0,social,Andrew Bell,Andrew Bell,0
pdal,0,social,Andrew Bell,George Sakkis,1
pdal,0,social,Andrew Bell,Pramukta Kumar,2
pdal,0,social,Chambbj,Chambbj,0
pdal,0,social,Diego Bernardi,Diego Bernardi,0
pdal,0,social,Diego Bernardi,Howard Butler,2
pdal,0,social,Emma Krantz,Emma Krantz,0
pdal,0,social,George Sakkis,Andrew Bell,1
pdal,0,social,George Sakkis,George Sakkis,0
pdal,0,social,Grigory,Grigory,0
pdal,0,social,Guilhem Villemin,Guilhem Villemin,0
pdal,0,social,Howard Butler,Diego Bernardi,2
pdal,0,social,Howard Butler,Howard Butler,0
pdal,0,social,Howard Butler,Keythread,1
pdal,0,social,Howard Butler,Seth Fitzsimmons,1
pdal,0,social,Igrcic,Igrcic,0
pdal,0,social,Keythread,Howard Butler,1
pdal,0,social,Keythread,Keythread,0
pdal,0,social,Korywka,Korywka,0
pdal,0,social,Kristian Evers,Kristian Evers,0
pdal,0,social,Mathieu,Mathieu,0
pdal,0,social,Paul,Paul,0
pdal,0,social,Pramukta Kumar,Andrew Bell,2
pdal,0,social,Pramukta Kumar,Pramukta Kumar,0
pdal,0,social,Pravin Shinde,Pravin Shinde,0
pdal,0,social,Seth Fitzsimmons,Howard Butler,1
pdal,0,social,Seth Fitzsimmons,Seth Fitzsimmons,0
pdal,0,social,Stefan,Stefan,0
pdal,0,tech,Chris Ortner,bat,1
pdal,0,tech,Chris Ortner,cpp,44
pdal,0,tech,Chris Ortner,cs,11
pdal,0,tech,Chris Ortner,fx,1
pdal,0,tech,Chris Ortner,h,1
pdal,0,tech,Chris Ortner,hpp,30
pdal,0,tech,Chris Ortner,las,1
pdal,0,tech,Michael Aufreiter,bat,10
pdal,0,tech,Michael Aufreiter,cmake,7
pdal,0,tech,Michael Aufreiter,cpp,533
pdal,0,tech,Michael Aufreiter,cs,26
pdal,0,tech,Michael Aufreiter,fx,2
pdal,0,tech,Michael Aufreiter,h,1
pdal,0,tech,Michael Aufreiter,hpp,330
pdal,0,tech,Michael Aufreiter,las,4
pdal,1,tech,Chris Ortner,bat,2
pdal,1,tech,Chris Ortner,cmake,7
pdal,1,tech,Chris Ortner,cpp,398
pdal,1,tech,Chris Ortner,h,8
pdal,1,tech,Chris Ortner,hpp,291
pdal,1,tech,Chris Ortner,py,1
pdal,1,tech,Kirk Richey,cmake,3
pdal,1,tech,Kirk Richey,cpp,25
pdal,1,tech,Kirk Richey,hpp,11
pdal,1,tech,Michael Aufreiter,bat,4
pdal,1,tech,Michael Aufreiter,cmake,6
pdal,1,tech,Michael Aufreiter,cpp,727
pdal,1,tech,Michael Aufreiter,cs,8
pdal,1,tech,Michael Aufreiter,hpp,447
pdal,1,tech,Michael Aufreiter,py,1
pdal,1,tech,Pete,cs,1
pdal,2,tech,Chris Ortner,cpp,183
pdal,2,tech,Chris Ortner,h,1
pdal,2,tech,Chris Ortner,hpp,94
pdal,2,tech,Chris Ortner,las,24
pdal,2,tech,Michael Aufreiter,bat,4
pdal,2,tech,Michael Aufreiter,cmake,1
pdal,2,tech,Michael Aufreiter,cpp,269
pdal,2,tech,Michael Aufreiter,h,3
pdal,2,tech,Michael Aufreiter,hpp,115
pdal,2,tech,Michael Aufreiter,las,28
pdal,3,tech,Chris Ortner,cpp,54
pdal,3,tech,Chris Ortner,hpp,35
pdal,3,tech,Michael Aufreiter,cpp,16
pdal,3,tech,Michael Aufreiter,hpp,4
pdal,4,tech,Chris Ortner,bat,5
pdal,4,tech,Chris Ortner,cpp,290
pdal,4,tech,Chris Ortner,cs,6
pdal,4,tech,Chris Ortner,h,5
pdal,4,tech,Chris Ortner,hpp,297
pdal,4,tech,Chris Ortner,las,2
pdal,4,tech,Chris Ortner,py,2
pdal,4,tech,Michael Aufreiter,bat,5
pdal,4,tech,Michael Aufreiter,cmake,1
pdal,4,tech,Michael Aufreiter,cpp,114
pdal,4,tech,Michael Aufreiter,hpp,54
pdal,4,tech,Pete,hpp,1
pdal,5,tech,Chris Ortner,bat,2
pdal,5,tech,Chris Ortner,cpp,299
pdal,5,tech,Chris Ortner,hpp,149
pdal,5,tech,Michael Aufreiter,bat,6
pdal,5,tech,Michael Aufreiter,cpp,454
pdal,5,tech,Michael Aufreiter,hpp,222
pdal,5,tech,Pete,cpp,1
pdal,6,tech,Chris Ortner,cpp,129
pdal,6,tech,Chris Ortner,hpp,30
pdal,6,tech,Chris Ortner,las,5
pdal,6,tech,Chris Ortner,py,4
pdal,6,tech,Howard Butler,bat,1
pdal,6,tech,Howard Butler,cpp,21
pdal,6,tech,Howard Butler,cs,1
pdal,6,tech,Howard Butler,css,3
pdal,6,tech,Howard Butler,hpp,16
pdal,6,tech,Howard Butler,html,3
pdal,6,tech,Howard Butler,py,4
pdal,6,tech,Manuel.pegourie-gonnard,cpp,22
pdal,6,tech,Manuel.pegourie-gonnard,hpp,1
pdal,6,tech,Michael Aufreiter,bat,13
pdal,6,tech,Michael Aufreiter,cpp,507
pdal,6,tech,Michael Aufreiter,cs,11
pdal,6,tech,Michael Aufreiter,css,3
pdal,6,tech,Michael Aufreiter,hpp,226
pdal,6,tech,Michael Aufreiter,html,4
pdal,6,tech,Michael Aufreiter,las,3
pdal,6,tech,Michael Aufreiter,py,3
pdal,6,tech,Mpg@lizardtech.com,cpp,44
pdal,6,tech,Mpg@lizardtech.com,hpp,2
pdal,6,tech,Pete,bat,1
pdal,6,tech,Pete,cpp,78
pdal,6,tech,Pete,cs,5
pdal,6,tech,Pete,hpp,42
pdal,6,tech,Pete,py,4
pdal,7,tech,Chris Ortner,cpp,95
pdal,7,tech,Chris Ortner,cs,2
pdal,7,tech,Chris Ortner,h,1
pdal,7,tech,Chris Ortner,hpp,25
pdal,7,tech,Howard Butler,cpp,15
pdal,7,tech,Howard Butler,hpp,33
pdal,7,tech,Michael Aufreiter,bat,1
pdal,7,tech,Michael Aufreiter,cpp,284
pdal,7,tech,Michael Aufreiter,cs,4
pdal,7,tech,Michael Aufreiter,hpp,59
pdal,7,tech,Pete,cpp,2
pdal,7,tech,Pete,hpp,1
pdal,8,tech,Chris Ortner,cpp,72
pdal,8,tech,Chris Ortner,hpp,30
pdal,8,tech,Chris Ortner,py,1
pdal,8,tech,Chris Ortner,sql,1
pdal,8,tech,Michael Aufreiter,bat,1
pdal,8,tech,Michael Aufreiter,cpp,5
pdal,8,tech,Michael Aufreiter,hpp,1
pdal,9,tech,Chris Ortner,bat,1
pdal,9,tech,Chris Ortner,cmake,2
pdal,9,tech,Chris Ortner,cpp,215
pdal,9,tech,Chris Ortner,cs,4
pdal,9,tech,Chris Ortner,hpp,195
pdal,9,tech,Chris Ortner,las,1
pdal,9,tech,Mateusz U,cpp,1
pdal,9,tech,Mateusz U,hpp,1
pdal,9,tech,Michael Aufreiter,bat,4
pdal,9,tech,Michael Aufreiter,cpp,72
pdal,9,tech,Michael Aufreiter,cs,5
pdal,9,tech,Michael Aufreiter,hpp,48
pdal,9,tech,Michael Aufreiter,las,1
pdal,10,tech,Chris Ortner,cpp,163
pdal,10,tech,Chris Ortner,hpp,88
pdal,10,tech,Michael Aufreiter,cpp,35
pdal,10,tech,Michael Aufreiter,hpp,11
pdal,10,tech,Pete,cpp,1
pdal,10,tech,Pete,hpp,1
pdal,11,tech,Chris Ortner,cpp,61
pdal,11,tech,Chris Ortner,hpp,49
pdal,12,tech,Chris Ortner,bat,10
pdal,12,tech,Chris Ortner,c,114
pdal,12,tech,Chris Ortner,cc,2
pdal,12,tech,Chris Ortner,cmake,1
pdal,12,tech,Chris Ortner,com,1
pdal,12,tech,Chris Ortner,cpp,355
pdal,12,tech,Chris Ortner,css,4
pdal,12,tech,Chris Ortner,cxx,1
pdal,12,tech,Chris Ortner,h,93
pdal,12,tech,Chris Ortner,hpp,6909
pdal,12,tech,Chris Ortner,htm,18
pdal,12,tech,Chris Ortner,html,36
pdal,12,tech,Chris Ortner,inl,4
pdal,12,tech,Chris Ortner,ipp,137
pdal,12,tech,Chris Ortner,l,1
pdal,12,tech,Chris Ortner,las,3
pdal,12,tech,Chris Ortner,m4,3
pdal,12,tech,Chris Ortner,mak,2
pdal,12,tech,Chris Ortner,man,1
pdal,12,tech,Chris Ortner,pl,2
pdal,12,tech,Chris Ortner,pro,1
pdal,12,tech,Chris Ortner,py,207
pdal,12,tech,Chris Ortner,s,7
pdal,12,tech,Chris Ortner,sh,19
pdal,12,tech,Chris Ortner,x,1
pdal,12,tech,Chris Ortner,xsl,2
pdal,12,tech,Chris Ortner,y,1
pdal,12,tech,Chris Ortner,yy,1
pdal,12,tech,Kirk Richey,bat,2
pdal,12,tech,Kirk Richey,cpp,198
pdal,12,tech,Kirk Richey,css,1
pdal,12,tech,Kirk Richey,hpp,6006
pdal,12,tech,Kirk Richey,htm,9
pdal,12,tech,Kirk Richey,html,10
pdal,12,tech,Kirk Richey,inl,4
pdal,12,tech,Kirk Richey,ipp,136
pdal,12,tech,Kirk Richey,pl,1
pdal,12,tech,Kirk Richey,sh,3
pdal,12,tech,Michael Aufreiter,bat,5
pdal,12,tech,Michael Aufreiter,cmake,1
pdal,12,tech,Michael Aufreiter,cpp,10
pdal,12,tech,Michael Aufreiter,hpp,6
pdal,12,tech,Michael Aufreiter,html,2
pdal,12,tech,Michael Aufreiter,las,1
pdal,12,tech,Michael Aufreiter,py,1
pdal,12,tech,Michael Aufreiter,sh,1
pdal,12,tech,Pete,bat,2
pdal,12,tech,Pete,cmake,1
pdal,12,tech,Pete,hpp,1
pdal,12,tech,Pete,sh,8
pdal,13,tech,Bradley Griffith,hpp,2
pdal,13,tech,Chris Ortner,bat,1
pdal,13,tech,Chris Ortner,c,3
pdal,13,tech,Chris Ortner,cmake,1
pdal,13,tech,Chris Ortner,cpp,216
pdal,13,tech,Chris Ortner,h,3
pdal,13,tech,Chris Ortner,hpp,675
pdal,13,tech,Chris Ortner,html,2
pdal,13,tech,Chris Ortner,las,1
pdal,13,tech,Chris Ortner,py,19
pdal,13,tech,Chris Ortner,sh,4
pdal,13,tech,Michael Aufreiter,bat,5
pdal,13,tech,Michael Aufreiter,c,3
pdal,13,tech,Michael Aufreiter,cmake,1
pdal,13,tech,Michael Aufreiter,cpp,197
pdal,13,tech,Michael Aufreiter,h,4
pdal,13,tech,Michael Aufreiter,hpp,621
pdal,13,tech,Michael Aufreiter,py,21
pdal,13,tech,Michael Aufreiter,sh,2
pdal,14,tech,Bradley Griffith,bat,1
pdal,14,tech,Bradley Griffith,c,3
pdal,14,tech,Bradley Griffith,cpp,22
pdal,14,tech,Bradley Griffith,h,3
pdal,14,tech,Bradley Griffith,hpp,516
pdal,14,tech,Bradley Griffith,py,18
pdal,14,tech,Bradley Griffith,sh,1
pdal,14,tech,Chris Ortner,cpp,260
pdal,14,tech,Chris Ortner,hpp,93
pdal,14,tech,Chris Ortner,las,3
pdal,14,tech,Chris Ortner,py,1
pdal,14,tech,Chris Ortner,sql,2
pdal,14,tech,Michael Aufreiter,cpp,22
pdal,14,tech,Michael Aufreiter,h,1
pdal,14,tech,Michael Aufreiter,hpp,18
pdal,15,tech,Bradley Griffith,bat,1
pdal,15,tech,Bradley Griffith,cpp,17
pdal,15,tech,Bradley Griffith,hpp,28
pdal,15,tech,Bradley Griffith,ipp,3
pdal,15,tech,Chris Ortner,bat,1
pdal,15,tech,Chris Ortner,cpp,156
pdal,15,tech,Chris Ortner,h,1
pdal,15,tech,Chris Ortner,hpp,92
pdal,15,tech,Chris Ortner,ipp,6
pdal,15,tech,Chris Ortner,las,1
pdal,15,tech,Chris Ortner,sh,1
pdal,15,tech,Michael Aufreiter,bat,1
pdal,15,tech,Michael Aufreiter,cpp,79
pdal,15,tech,Michael Aufreiter,hpp,37
pdal,16,tech,Bradley Griffith,cmake,1
pdal,16,tech,Chris Ortner,cmake,2
pdal,16,tech,Chris Ortner,cpp,83
pdal,16,tech,Chris Ortner,css,1
pdal,16,tech,Chris Ortner,hpp,31
pdal,16,tech,Chris Ortner,las,2
pdal,16,tech,Chris Ortner,sh,1
pdal,16,tech,Michael Aufreiter,cpp,9
pdal,16,tech,Michael Aufreiter,hpp,3
pdal,17,tech,Bradley Griffith,cpp,1
pdal,17,tech,Chris Ortner,cmake,2
pdal,17,tech,Chris Ortner,cpp,53
pdal,17,tech,Chris Ortner,hpp,14
pdal,17,tech,Chris Ortner,sh,1
pdal,18,tech,Bradley Griffith,cpp,2
pdal,18,tech,Bradley Griffith,hpp,1
pdal,18,tech,Chris Ortner,cpp,77
pdal,18,tech,Chris Ortner,css,7
pdal,18,tech,Chris Ortner,hpp,7
pdal,18,tech,Chris Ortner,html,1
pdal,18,tech,Chris Ortner,js,8
pdal,18,tech,Chris Ortner,las,2
pdal,18,tech,Chris Ortner,sh,8
pdal,18,tech,Michael Aufreiter,bat,1
pdal,18,tech,Michael Aufreiter,c,1
pdal,18,tech,Michael Aufreiter,cpp,20
pdal,18,tech,Michael Aufreiter,h,2
pdal,18,tech,Michael Aufreiter,hpp,4
pdal,18,tech,Michael Aufreiter,sh,1
pdal,19,tech,Chris Ortner,cmake,1
pdal,19,tech,Chris Ortner,cpp,53
pdal,19,tech,Chris Ortner,css,10
pdal,19,tech,Chris Ortner,hpp,20
pdal,19,tech,Chris Ortner,html,6
pdal,19,tech,Chris Ortner,js,4
pdal,19,tech,Chris Ortner,py,2
pdal,19,tech,Chris Ortner,sh,1
pdal,20,tech,Bradley Griffith,cpp,9
pdal,20,tech,Bradley Griffith,hpp,8
pdal,20,tech,Chris Ortner,bat,20
pdal,20,tech,Chris Ortner,c,100
pdal,20,tech,Chris Ortner,com,2
pdal,20,tech,Chris Ortner,cpp,765
pdal,20,tech,Chris Ortner,css,10
pdal,20,tech,Chris Ortner,h,62
pdal,20,tech,Chris Ortner,hpp,6984
pdal,20,tech,Chris Ortner,htm,26
pdal,20,tech,Chris Ortner,html,854
pdal,20,tech,Chris Ortner,inl,4
pdal,20,tech,Chris Ortner,ipp,138
pdal,20,tech,Chris Ortner,js,2
pdal,20,tech,Chris Ortner,py,70
pdal,20,tech,Chris Ortner,sh,13
pdal,20,tech,Chris Ortner,y,2
pdal,20,tech,Chris Ortner,yy,2
pdal,21,tech,Chris Ortner,bat,10
pdal,21,tech,Chris Ortner,c,50
pdal,21,tech,Chris Ortner,com,1
pdal,21,tech,Chris Ortner,cpp,802
pdal,21,tech,Chris Ortner,css,5
pdal,21,tech,Chris Ortner,h,31
pdal,21,tech,Chris Ortner,hpp,3878
pdal,21,tech,Chris Ortner,htm,13
pdal,21,tech,Chris Ortner,html,433
pdal,21,tech,Chris Ortner,inl,2
pdal,21,tech,Chris Ortner,ipp,109
pdal,21,tech,Chris Ortner,js,1
pdal,21,tech,Chris Ortner,las,2
pdal,21,tech,Chris Ortner,pl,2
pdal,21,tech,Chris Ortner,py,37
pdal,21,tech,Chris Ortner,sh,9
pdal,21,tech,Chris Ortner,xsl,2
pdal,21,tech,Chris Ortner,y,1
pdal,21,tech,Chris Ortner,yy,1
pdal,22,tech,Chris Ortner,cpp,18
pdal,22,tech,Chris Ortner,h,1
pdal,22,tech,Chris Ortner,hpp,13
pdal,22,tech,Chris Ortner,sql,1
pdal,23,tech,Andrewnesbitt,cpp,9
pdal,23,tech,Andrewnesbitt,hpp,12
pdal,23,tech,Chris Ortner,cpp,26
pdal,23,tech,Chris Ortner,hpp,7
pdal,23,tech,Chris Ortner,sh,1
pdal,24,tech,Andrewnesbitt,bat,2
pdal,24,tech,Andrewnesbitt,c,102
pdal,24,tech,Andrewnesbitt,cc,2
pdal,24,tech,Andrewnesbitt,cmake,1
pdal,24,tech,Andrewnesbitt,cpp,226
pdal,24,tech,Andrewnesbitt,css,4
pdal,24,tech,Andrewnesbitt,cxx,1
pdal,24,tech,Andrewnesbitt,h,88
pdal,24,tech,Andrewnesbitt,hpp,1640
pdal,24,tech,Andrewnesbitt,html,15
pdal,24,tech,Andrewnesbitt,inl,1
pdal,24,tech,Andrewnesbitt,ipp,5
pdal,24,tech,Andrewnesbitt,l,1
pdal,24,tech,Andrewnesbitt,m4,3
pdal,24,tech,Andrewnesbitt,mak,2
pdal,24,tech,Andrewnesbitt,man,1
pdal,24,tech,Andrewnesbitt,pro,1
pdal,24,tech,Andrewnesbitt,py,180
pdal,24,tech,Andrewnesbitt,s,7
pdal,24,tech,Andrewnesbitt,sh,9
pdal,24,tech,Andrewnesbitt,sql,1
pdal,24,tech,Andrewnesbitt,x,1
pdal,24,tech,Andrewnesbitt,xsl,2
pdal,24,tech,Andrewnesbitt,y,1
pdal,24,tech,Andrewnesbitt,yy,1
pdal,24,tech,Chris Ortner,bat,6
pdal,24,tech,Chris Ortner,c,306
pdal,24,tech,Chris Ortner,cc,6
pdal,24,tech,Chris Ortner,cmake,4
pdal,24,tech,Chris Ortner,cpp,546
pdal,24,tech,Chris Ortner,css,12
pdal,24,tech,Chris Ortner,cxx,3
pdal,24,tech,Chris Ortner,h,264
pdal,24,tech,Chris Ortner,hpp,4824
pdal,24,tech,Chris Ortner,html,45
pdal,24,tech,Chris Ortner,inl,3
pdal,24,tech,Chris Ortner,ipp,15
pdal,24,tech,Chris Ortner,l,3
pdal,24,tech,Chris Ortner,m4,9
pdal,24,tech,Chris Ortner,mak,6
pdal,24,tech,Chris Ortner,man,3
pdal,24,tech,Chris Ortner,pro,3
pdal,24,tech,Chris Ortner,py,540
pdal,24,tech,Chris Ortner,s,21
pdal,24,tech,Chris Ortner,sh,25
pdal,24,tech,Chris Ortner,x,3
pdal,24,tech,Chris Ortner,xsl,6
pdal,24,tech,Chris Ortner,y,3
pdal,24,tech,Chris Ortner,yy,3
pdal,25,tech,Andrewnesbitt,cpp,6
pdal,25,tech,Andrewnesbitt,hpp,6
pdal,25,tech,Chris Ortner,cmake,3
pdal,25,tech,Chris Ortner,cpp,78
pdal,25,tech,Chris Ortner,hpp,27
pdal,25,tech,Chris Ortner,sh,3
pdal,25,tech,Chris Ortner,sql,5
pdal,26,tech,Andrewnesbitt,cpp,1
pdal,26,tech,Andrewnesbitt,hpp,1
pdal,26,tech,Chris Ortner,bat,3
pdal,26,tech,Chris Ortner,cmake,5
pdal,26,tech,Chris Ortner,cpp,64
pdal,26,tech,Chris Ortner,hpp,51
pdal,26,tech,Chris Ortner,las,2
pdal,26,tech,Chris Ortner,sh,5
pdal,27,tech,Bradley Griffith,cmake,3
pdal,27,tech,Bradley Griffith,cpp,15
pdal,27,tech,Bradley Griffith,hpp,14
pdal,27,tech,Bradley Griffith,las,1
pdal,27,tech,Chris Ortner,cmake,4
pdal,27,tech,Chris Ortner,cpp,23
pdal,27,tech,Chris Ortner,hpp,9
pdal,27,tech,Chris Ortner,sh,4
pdal,27,tech,Paul Sadauskas,cmake,1
pdal,27,tech,Paul Sadauskas,cpp,33
pdal,27,tech,Paul Sadauskas,hpp,22
pdal,27,tech,Paul Sadauskas,sh,3
pdal,28,tech,Bradley Griffith,bat,1
pdal,28,tech,Bradley Griffith,cpp,11
pdal,28,tech,Bradley Griffith,hpp,7
pdal,28,tech,Chambbj,cpp,1
pdal,28,tech,Chris Ortner,bat,3
pdal,28,tech,Chris Ortner,cmake,5
pdal,28,tech,Chris Ortner,cpp,55
pdal,28,tech,Chris Ortner,h,2
pdal,28,tech,Chris Ortner,hpp,21
pdal,28,tech,Chris Ortner,las,1
pdal,28,tech,Chris Ortner,sh,1
pdal,28,tech,Paul Sadauskas,bat,1
pdal,28,tech,Paul Sadauskas,cmake,3
pdal,28,tech,Paul Sadauskas,cpp,25
pdal,28,tech,Paul Sadauskas,h,1
pdal,28,tech,Paul Sadauskas,hpp,15
pdal,28,tech,Paul Sadauskas,py,1
pdal,28,tech,Paul Sadauskas,sh,3
pdal,29,tech,Bradley Griffith,cpp,1
pdal,29,tech,Chris Bailey,cpp,181
pdal,29,tech,Chris Bailey,h,1
pdal,29,tech,Chris Bailey,hpp,1212
pdal,29,tech,Chris Bailey,html,346
pdal,29,tech,Chris Bailey,ipp,60
pdal,29,tech,Chris Bailey,sh,1
pdal,29,tech,Chris Ortner,cmake,1
pdal,29,tech,Chris Ortner,cpp,391
pdal,29,tech,Chris Ortner,h,2
pdal,29,tech,Chris Ortner,hpp,2442
pdal,29,tech,Chris Ortner,html,692
pdal,29,tech,Chris Ortner,ipp,120
pdal,29,tech,Chris Ortner,sh,7
pdal,29,tech,Mateusz U,cmake,2
pdal,29,tech,Mateusz U,sh,25
pdal,29,tech,Paul Sadauskas,cpp,7
pdal,29,tech,Paul Sadauskas,hpp,1
pdal,29,tech,Pete,cpp,1
pdal,30,tech,Chris Ortner,bat,2
pdal,30,tech,Chris Ortner,cpp,38
pdal,30,tech,Chris Ortner,h,3
pdal,30,tech,Chris Ortner,hpp,9
pdal,30,tech,Chris Ortner,sql,1
pdal,30,tech,Pete,cpp,68
pdal,31,tech,Chris Ortner,bat,1
pdal,31,tech,Chris Ortner,cmake,1
pdal,31,tech,Chris Ortner,cpp,236
pdal,31,tech,Chris Ortner,h,1
pdal,31,tech,Chris Ortner,hpp,34
pdal,31,tech,Chris Ortner,sql,1
pdal,31,tech,James Darling,cpp,1
pdal,32,tech,Chris Ortner,cmake,2
pdal,32,tech,Chris Ortner,cpp,137
pdal,32,tech,Chris Ortner,hpp,81
pdal,32,tech,Chris Ortner,sh,2
pdal,32,tech,Mateusz U,cpp,1
pdal,32,tech,Paul Sadauskas,cpp,3
pdal,33,tech,Chris Ortner,bat,2
pdal,33,tech,Chris Ortner,c,2
pdal,33,tech,Chris Ortner,cmake,2
pdal,33,tech,Chris Ortner,cpp,55
pdal,33,tech,Chris Ortner,css,2
pdal,33,tech,Chris Ortner,h,2
pdal,33,tech,Chris Ortner,hpp,37
pdal,33,tech,Chris Ortner,sh,22
pdal,33,tech,Paul Sadauskas,c,1
pdal,33,tech,Paul Sadauskas,cpp,9
pdal,33,tech,Paul Sadauskas,h,1
pdal,33,tech,Paul Sadauskas,hpp,5
pdal,33,tech,Paul Sadauskas,sh,5
pdal,33,tech,Pete,cpp,1
pdal,34,tech,Chris Ortner,cpp,62
pdal,34,tech,Chris Ortner,h,2
pdal,34,tech,Chris Ortner,hpp,19
pdal,34,tech,Chris Ortner,sh,7
pdal,34,tech,Chris Ortner,sql,1
pdal,34,tech,Paul Sadauskas,bat,1
pdal,34,tech,Paul Sadauskas,cmake,2
pdal,34,tech,Paul Sadauskas,cpp,28
pdal,34,tech,Paul Sadauskas,css,1
pdal,34,tech,Paul Sadauskas,h,1
pdal,34,tech,Paul Sadauskas,hpp,15
pdal,34,tech,Paul Sadauskas,sh,6
pdal,35,tech,Bruno Mattarollo,py,1
pdal,35,tech,Chris Ortner,bat,2
pdal,35,tech,Chris Ortner,cmake,2
pdal,35,tech,Chris Ortner,cpp,152
pdal,35,tech,Chris Ortner,h,75
pdal,35,tech,Chris Ortner,hpp,1569
pdal,35,tech,Chris Ortner,html,8
pdal,35,tech,Chris Ortner,inl,2
pdal,35,tech,Chris Ortner,ipp,40
pdal,35,tech,Chris Ortner,py,6
pdal,35,tech,Chris Ortner,sh,11
pdal,35,tech,Chris Ortner,sql,2
pdal,36,tech,Bradley Griffith,cmake,4
pdal,36,tech,Bradley Griffith,cpp,4
pdal,36,tech,Bradley Griffith,hpp,6
pdal,36,tech,Bradley Griffith,sh,2
pdal,36,tech,Chambbj,hpp,2
pdal,36,tech,Chris Ortner,cmake,9
pdal,36,tech,Chris Ortner,cpp,70
pdal,36,tech,Chris Ortner,css,13
pdal,36,tech,Chris Ortner,hpp,48
pdal,36,tech,Chris Ortner,html,2018
pdal,36,tech,Chris Ortner,js,18
pdal,36,tech,Chris Ortner,las,6
pdal,36,tech,Chris Ortner,py,1
pdal,36,tech,Chris Ortner,sh,4
pdal,36,tech,Paul Sadauskas,bat,1
pdal,36,tech,Paul Sadauskas,cmake,1
pdal,36,tech,Paul Sadauskas,cpp,54
pdal,36,tech,Paul Sadauskas,h,37
pdal,36,tech,Paul Sadauskas,hpp,732
pdal,36,tech,Paul Sadauskas,html,4
pdal,36,tech,Paul Sadauskas,inl,1
pdal,36,tech,Paul Sadauskas,ipp,20
pdal,36,tech,Paul Sadauskas,py,1
pdal,36,tech,Paul Sadauskas,sh,2
pdal,36,tech,Paul Sadauskas,sql,1
pdal,36,tech,Uday Kanth Chintala,cpp,3
pdal,37,tech,Andrewnesbitt,cpp,12
pdal,37,tech,Andrewnesbitt,hpp,10
pdal,37,tech,Andrewnesbitt,sh,1
pdal,37,tech,Bradley Griffith,cpp,15
pdal,37,tech,Bradley Griffith,hpp,6
pdal,37,tech,Bradley Griffith,las,1
pdal,37,tech,Chambbj,cpp,3
pdal,37,tech,Chambbj,hpp,1
pdal,37,tech,Chris Ortner,cpp,7
pdal,37,tech,Chris Ortner,hpp,4
pdal,37,tech,Chris Ortner,html,1751
pdal,37,tech,Chris Ortner,js,7
pdal,37,tech,Chris Ortner,sh,2
pdal,37,tech,Pdal,html,350
pdal,37,tech,Pdal,js,4
pdal,38,tech,Andrewnesbitt,cpp,136
pdal,38,tech,Andrewnesbitt,hpp,136
pdal,38,tech,Bradley Griffith,cmake,1
pdal,38,tech,Bradley Griffith,cpp,19
pdal,38,tech,Bradley Griffith,hpp,14
pdal,38,tech,Bradley Griffith,sh,2
pdal,38,tech,Chambbj,cpp,3
pdal,38,tech,Chambbj,hpp,2
pdal,38,tech,Chris Ortner,cmake,2
pdal,38,tech,Chris Ortner,cpp,58
pdal,38,tech,Chris Ortner,hpp,30
pdal,38,tech,Chris Ortner,las,1
pdal,38,tech,Chris Ortner,sh,6
pdal,38,tech,Pdal,css,1
pdal,38,tech,Pdal,html,2106
pdal,38,tech,Pdal,js,12
pdal,38,tech,Pete,cpp,9
pdal,38,tech,Pete,hpp,3
pdal,39,tech,Andrewnesbitt,cpp,250
pdal,39,tech,Andrewnesbitt,h,6
pdal,39,tech,Andrewnesbitt,hpp,146
pdal,39,tech,Bradley Griffith,cpp,6
pdal,39,tech,Bradley Griffith,hpp,8
pdal,39,tech,Chambbj,cpp,1
pdal,39,tech,Chris Ortner,bat,4
pdal,39,tech,Chris Ortner,cpp,119
pdal,39,tech,Chris Ortner,hpp,111
pdal,39,tech,Chris Ortner,sh,14
pdal,39,tech,Connor Montgomery,bat,2
pdal,39,tech,Connor Montgomery,cpp,103
pdal,39,tech,Connor Montgomery,hpp,60
pdal,39,tech,Connor Montgomery,sh,4
pdal,39,tech,James Darling,cmake,1
pdal,39,tech,James Darling,cpp,1
pdal,39,tech,James Darling,hpp,1
pdal,39,tech,Pdal,html,2059
pdal,39,tech,Pdal,js,6
pdal,39,tech,Pete,bat,4
pdal,39,tech,Pete,cpp,236
pdal,39,tech,Pete,hpp,27
pdal,39,tech,Pete,sh,8
pdal,40,tech,Andrewnesbitt,cpp,181
pdal,40,tech,Andrewnesbitt,hpp,148
pdal,40,tech,Andrewnesbitt,sh,9
pdal,40,tech,Bradley Griffith,hpp,5
pdal,40,tech,Bradley Griffith,sh,1
pdal,40,tech,Chambbj,cmake,1
pdal,40,tech,Chambbj,cpp,3
pdal,40,tech,Chambbj,hpp,4
pdal,40,tech,Chambbj,sh,1
pdal,40,tech,Chris Ortner,cpp,16
pdal,40,tech,Chris Ortner,hpp,7
pdal,40,tech,Pdal,html,2141
pdal,40,tech,Pdal,js,1
pdal,40,tech,Pete,cpp,16
pdal,40,tech,Pete,hpp,11
pdal,40,tech,Pete,sh,17
pdal,41,tech,Andrewnesbitt,cmake,1
pdal,41,tech,Andrewnesbitt,cpp,222
pdal,41,tech,Andrewnesbitt,hpp,118
pdal,41,tech,Andrewnesbitt,las,1
pdal,41,tech,Andrewnesbitt,sh,2
pdal,41,tech,Bradley Griffith,cpp,5
pdal,41,tech,Bradley Griffith,h,260
pdal,41,tech,Bradley Griffith,hpp,2
pdal,41,tech,Bradley Griffith,sh,4
pdal,41,tech,Chambbj,cpp,3
pdal,41,tech,Chambbj,hpp,1
pdal,41,tech,Chambbj,sh,3
pdal,41,tech,Chris Ortner,cpp,28
pdal,41,tech,Chris Ortner,hpp,14
pdal,41,tech,Chris Ortner,sh,2
pdal,41,tech,Connor Montgomery,bat,2
pdal,41,tech,Connor Montgomery,cmake,1
pdal,41,tech,Connor Montgomery,cpp,171
pdal,41,tech,Connor Montgomery,hpp,106
pdal,41,tech,Connor Montgomery,las,1
pdal,41,tech,Connor Montgomery,sh,9
pdal,41,tech,Pdal,html,2059
pdal,41,tech,Pdal,js,1
pdal,42,tech,Andrewnesbitt,bat,1
pdal,42,tech,Andrewnesbitt,cmake,3
pdal,42,tech,Andrewnesbitt,cpp,230
pdal,42,tech,Andrewnesbitt,hpp,172
pdal,42,tech,Andrewnesbitt,py,1
pdal,42,tech,Andrewnesbitt,sh,6
pdal,42,tech,Bradley Griffith,cpp,4
pdal,42,tech,Bradley Griffith,hpp,2
pdal,42,tech,Bradley Griffith,sh,1
pdal,42,tech,Chris Ortner,bat,3
pdal,42,tech,Chris Ortner,cmake,6
pdal,42,tech,Chris Ortner,cpp,72
pdal,42,tech,Chris Ortner,hpp,78
pdal,42,tech,Chris Ortner,las,1
pdal,42,tech,Chris Ortner,sh,26
pdal,42,tech,Connor Montgomery,cpp,2
pdal,42,tech,Connor Montgomery,hpp,2
pdal,42,tech,Cuitingting01,cpp,1
pdal,42,tech,Pdal,html,2130
pdal,42,tech,Pete,cpp,4
pdal,42,tech,Pete,hpp,3
pdal,42,tech,Pete,sh,1
pdal,43,tech,Andrewnesbitt,bat,8
pdal,43,tech,Andrewnesbitt,cmake,1
pdal,43,tech,Andrewnesbitt,cpp,729
pdal,43,tech,Andrewnesbitt,cs,12
pdal,43,tech,Andrewnesbitt,css,3
pdal,43,tech,Andrewnesbitt,fx,1
pdal,43,tech,Andrewnesbitt,h,45
pdal,43,tech,Andrewnesbitt,hpp,6317
pdal,43,tech,Andrewnesbitt,htm,4
pdal,43,tech,Andrewnesbitt,html,421
pdal,43,tech,Andrewnesbitt,inl,2
pdal,43,tech,Andrewnesbitt,ipp,155
pdal,43,tech,Andrewnesbitt,js,1
pdal,43,tech,Andrewnesbitt,las,1
pdal,43,tech,Andrewnesbitt,pl,2
pdal,43,tech,Andrewnesbitt,py,1
pdal,43,tech,Andrewnesbitt,sh,9
pdal,43,tech,Andrewnesbitt,xsl,1
pdal,43,tech,Bradley Griffith,cpp,40
pdal,43,tech,Bradley Griffith,h,4
pdal,43,tech,Bradley Griffith,hpp,22
pdal,43,tech,Bradley Griffith,sh,1
pdal,43,tech,Chambbj,cpp,1
pdal,43,tech,Chris Ortner,bat,14
pdal,43,tech,Chris Ortner,cmake,2
pdal,43,tech,Chris Ortner,cpp,1045
pdal,43,tech,Chris Ortner,cs,12
pdal,43,tech,Chris Ortner,css,6
pdal,43,tech,Chris Ortner,fx,1
pdal,43,tech,Chris Ortner,h,81
pdal,43,tech,Chris Ortner,hpp,12270
pdal,43,tech,Chris Ortner,htm,8
pdal,43,tech,Chris Ortner,html,842
pdal,43,tech,Chris Ortner,inl,4
pdal,43,tech,Chris Ortner,ipp,310
pdal,43,tech,Chris Ortner,js,2
pdal,43,tech,Chris Ortner,las,67
pdal,43,tech,Chris Ortner,pl,4
pdal,43,tech,Chris Ortner,py,2
pdal,43,tech,Chris Ortner,sh,22
pdal,43,tech,Chris Ortner,xsl,2
pdal,43,tech,Connor Montgomery,cpp,22
pdal,43,tech,Connor Montgomery,hpp,32
pdal,43,tech,Connor Montgomery,las,1
pdal,43,tech,Connor Montgomery,sh,1
pdal,43,tech,Pdal,html,2150
pdal,43,tech,Pdal,js,9
pdal,43,tech,Pete,bat,2
pdal,43,tech,Pete,cpp,10
pdal,43,tech,Pete,cs,12
pdal,43,tech,Pete,fx,1
pdal,43,tech,Pete,hpp,5
pdal,43,tech,Pete,sh,2
pdal,44,tech,Andrewnesbitt,cpp,220
pdal,44,tech,Andrewnesbitt,h,4
pdal,44,tech,Andrewnesbitt,hpp,143
pdal,44,tech,Andrewnesbitt,sh,4
pdal,44,tech,Bradley Griffith,cpp,28
pdal,44,tech,Bradley Griffith,h,5
pdal,44,tech,Bradley Griffith,hpp,10
pdal,44,tech,Chris Ortner,cpp,282
pdal,44,tech,Chris Ortner,h,6
pdal,44,tech,Chris Ortner,hpp,181
pdal,44,tech,Chris Ortner,sh,4
pdal,44,tech,Connor Montgomery,cpp,130
pdal,44,tech,Connor Montgomery,h,2
pdal,44,tech,Connor Montgomery,hpp,79
pdal,44,tech,Connor Montgomery,las,37
pdal,44,tech,Connor Montgomery,sh,2
pdal,44,tech,Michael Aufreiter,cpp,40
pdal,44,tech,Michael Aufreiter,h,3
pdal,44,tech,Michael Aufreiter,hpp,17
pdal,44,tech,Paul Sadauskas,bat,10
pdal,44,tech,Paul Sadauskas,cmake,9
pdal,44,tech,Paul Sadauskas,cpp,593
pdal,44,tech,Paul Sadauskas,cs,12
pdal,44,tech,Paul Sadauskas,css,3
pdal,44,tech,Paul Sadauskas,fx,1
pdal,44,tech,Paul Sadauskas,h,49
pdal,44,tech,Paul Sadauskas,hpp,6218
pdal,44,tech,Paul Sadauskas,htm,4
pdal,44,tech,Paul Sadauskas,html,421
pdal,44,tech,Paul Sadauskas,inl,2
pdal,44,tech,Paul Sadauskas,ipp,155
pdal,44,tech,Paul Sadauskas,js,1
pdal,44,tech,Paul Sadauskas,las,39
pdal,44,tech,Paul Sadauskas,pl,2
pdal,44,tech,Paul Sadauskas,py,3
pdal,44,tech,Paul Sadauskas,sh,15
pdal,44,tech,Paul Sadauskas,xsl,1
pdal,44,tech,Pdal,html,2123
pdal,44,tech,Pdal,js,8
pdal,44,tech,Pete,cpp,14
pdal,44,tech,Pete,hpp,10
pdal,44,tech,Pete,sh,5
pdal,45,tech,Andrewnesbitt,cmake,5
pdal,45,tech,Andrewnesbitt,cpp,354
pdal,45,tech,Andrewnesbitt,h,26
pdal,45,tech,Andrewnesbitt,hpp,190
pdal,45,tech,Andrewnesbitt,sh,9
pdal,45,tech,Bradley Griffith,cmake,6
pdal,45,tech,Bradley Griffith,cpp,134
pdal,45,tech,Bradley Griffith,h,14
pdal,45,tech,Bradley Griffith,hpp,113
pdal,45,tech,Bradley Griffith,sh,6
pdal,45,tech,Chambbj,cmake,1
pdal,45,tech,Chambbj,cpp,7
pdal,45,tech,Chambbj,hpp,6
pdal,45,tech,Chambbj,sh,1
pdal,45,tech,Chris Ortner,cmake,3
pdal,45,tech,Chris Ortner,cpp,214
pdal,45,tech,Chris Ortner,h,12
pdal,45,tech,Chris Ortner,hpp,111
pdal,45,tech,Chris Ortner,sh,5
pdal,45,tech,Connor Montgomery,cmake,1
pdal,45,tech,Connor Montgomery,cpp,1
pdal,45,tech,Connor Montgomery,hpp,1
pdal,45,tech,Michael Aufreiter,cpp,60
pdal,45,tech,Michael Aufreiter,hpp,2
pdal,45,tech,Paul Sadauskas,sh,1
pdal,45,tech,Pdal,html,2242
pdal,45,tech,Pdal,js,8
pdal,45,tech,Pete,cmake,2
pdal,46,tech,Andrewnesbitt,bat,1
pdal,46,tech,Andrewnesbitt,c,1
pdal,46,tech,Andrewnesbitt,cc,71
pdal,46,tech,Andrewnesbitt,cmake,7
pdal,46,tech,Andrewnesbitt,cpp,410
pdal,46,tech,Andrewnesbitt,h,35
pdal,46,tech,Andrewnesbitt,hpp,252
pdal,46,tech,Andrewnesbitt,m4,8
pdal,46,tech,Andrewnesbitt,py,21
pdal,46,tech,Andrewnesbitt,sh,11
pdal,46,tech,Bradley Griffith,c,2
pdal,46,tech,Bradley Griffith,cc,71
pdal,46,tech,Bradley Griffith,cmake,7
pdal,46,tech,Bradley Griffith,cpp,409
pdal,46,tech,Bradley Griffith,h,37
pdal,46,tech,Bradley Griffith,hpp,194
pdal,46,tech,Bradley Griffith,m4,8
pdal,46,tech,Bradley Griffith,py,19
pdal,46,tech,Bradley Griffith,sh,13
pdal,46,tech,Chambbj,cpp,15
pdal,46,tech,Chambbj,hpp,20
pdal,46,tech,Chambbj,py,2
pdal,46,tech,Chambbj,sh,1
pdal,46,tech,Chris Ortner,bat,1
pdal,46,tech,Chris Ortner,c,2
pdal,46,tech,Chris Ortner,cc,71
pdal,46,tech,Chris Ortner,cmake,9
pdal,46,tech,Chris Ortner,cpp,563
pdal,46,tech,Chris Ortner,h,37
pdal,46,tech,Chris Ortner,hpp,290
pdal,46,tech,Chris Ortner,m4,8
pdal,46,tech,Chris Ortner,py,19
pdal,46,tech,Chris Ortner,sh,15
pdal,46,tech,Connor Montgomery,cpp,3
pdal,46,tech,Connor Montgomery,hpp,5
pdal,46,tech,Paul Sadauskas,c,1
pdal,46,tech,Paul Sadauskas,cmake,5
pdal,46,tech,Paul Sadauskas,cpp,116
pdal,46,tech,Paul Sadauskas,h,4
pdal,46,tech,Paul Sadauskas,hpp,94
pdal,46,tech,Paul Sadauskas,py,2
pdal,46,tech,Paul Sadauskas,sh,7
pdal,46,tech,Pdal,html,2219
pdal,46,tech,Pdal,js,7
pdal,46,tech,Pete,cmake,1
pdal,46,tech,Pete,cpp,1
pdal,46,tech,Pete,hpp,3
pdal,46,tech,Pete,sh,3
pdal,47,tech,Andrewnesbitt,bat,2
pdal,47,tech,Andrewnesbitt,c,1
pdal,47,tech,Andrewnesbitt,cmake,49
pdal,47,tech,Andrewnesbitt,cpp,171
pdal,47,tech,Andrewnesbitt,h,2
pdal,47,tech,Andrewnesbitt,hpp,106
pdal,47,tech,Andrewnesbitt,sh,9
pdal,47,tech,Bradley Griffith,bat,2
pdal,47,tech,Bradley Griffith,c,1
pdal,47,tech,Bradley Griffith,cmake,17
pdal,47,tech,Bradley Griffith,cpp,142
pdal,47,tech,Bradley Griffith,h,2
pdal,47,tech,Bradley Griffith,hpp,150
pdal,47,tech,Bradley Griffith,sh,2
pdal,47,tech,Chambbj,cmake,2
pdal,47,tech,Chambbj,cpp,26
pdal,47,tech,Chambbj,hpp,3
pdal,47,tech,Chris Ortner,c,1
pdal,47,tech,Chris Ortner,cmake,68
pdal,47,tech,Chris Ortner,cpp,157
pdal,47,tech,Chris Ortner,h,2
pdal,47,tech,Chris Ortner,hpp,275
pdal,47,tech,Chris Ortner,sh,18
pdal,47,tech,Connor Montgomery,bat,2
pdal,47,tech,Connor Montgomery,cmake,17
pdal,47,tech,Connor Montgomery,cpp,109
pdal,47,tech,Connor Montgomery,h,1
pdal,47,tech,Connor Montgomery,hpp,98
pdal,47,tech,Connor Montgomery,sh,7
pdal,47,tech,Pdal,html,2238
pdal,47,tech,Pdal,js,8
pdal,47,tech,Pete,cpp,6
pdal,47,tech,Pete,hpp,2
pdal,47,tech,Stefan.hansen,cpp,1
pdal,48,tech,Andrewnesbitt,bat,1
pdal,48,tech,Andrewnesbitt,cmake,14
pdal,48,tech,Andrewnesbitt,cpp,206
pdal,48,tech,Andrewnesbitt,hpp,139
pdal,48,tech,Andrewnesbitt,py,1
pdal,48,tech,Andrewnesbitt,sh,26
pdal,48,tech,Bradley Griffith,cmake,3
pdal,48,tech,Bradley Griffith,cpp,35
pdal,48,tech,Bradley Griffith,hpp,32
pdal,48,tech,Bradley Griffith,sh,1
pdal,48,tech,Chambbj,cmake,6
pdal,48,tech,Chambbj,cpp,2
pdal,48,tech,Chambbj,hpp,1
pdal,48,tech,Chris Ortner,bat,2
pdal,48,tech,Chris Ortner,cmake,20
pdal,48,tech,Chris Ortner,cpp,113
pdal,48,tech,Chris Ortner,hpp,86
pdal,48,tech,Chris Ortner,html,1
pdal,48,tech,Chris Ortner,py,1
pdal,48,tech,Chris Ortner,sh,36
pdal,48,tech,Connor Montgomery,cpp,5
pdal,48,tech,Connor Montgomery,hpp,10
pdal,48,tech,Pdal,html,1082
pdal,48,tech,Pdal,js,3
pdal,48,tech,Pete,cpp,10
pdal,48,tech,Pete,hpp,3
pdal,48,tech,Pete,sh,4
pdal,48,tech,Sandro Turriate,cpp,1
pdal,48,tech,Sandro Turriate,html,2
pdal,48,tech,Womeara,cmake,16
pdal,48,tech,Womeara,cpp,11
pdal,48,tech,Womeara,hpp,8
pdal,49,tech,Andrewnesbitt,cmake,7
pdal,49,tech,Andrewnesbitt,cmd,2
pdal,49,tech,Andrewnesbitt,cpp,310
pdal,49,tech,Andrewnesbitt,h,2
pdal,49,tech,Andrewnesbitt,hpp,230
pdal,49,tech,Andrewnesbitt,las,1
pdal,49,tech,Andrewnesbitt,py,2
pdal,49,tech,Andrewnesbitt,sh,8
pdal,49,tech,Bradley Griffith,cmake,3
pdal,49,tech,Bradley Griffith,cmd,1
pdal,49,tech,Bradley Griffith,cpp,145
pdal,49,tech,Bradley Griffith,h,1
pdal,49,tech,Bradley Griffith,hpp,50
pdal,49,tech,Chambbj,cmd,1
pdal,49,tech,Chambbj,cpp,74
pdal,49,tech,Chambbj,hpp,6
pdal,49,tech,Chris Ortner,cmake,3
pdal,49,tech,Chris Ortner,cpp,51
pdal,49,tech,Chris Ortner,h,2
pdal,49,tech,Chris Ortner,hpp,33
pdal,49,tech,Chris Ortner,py,2
pdal,49,tech,Chris Ortner,sh,4
pdal,49,tech,Connor Montgomery,cpp,4
pdal,49,tech,Connor Montgomery,hpp,6
pdal,49,tech,Matthew O'connor,cpp,2
pdal,49,tech,Matthew O'connor,hpp,1
pdal,49,tech,Pdal,html,2424
pdal,49,tech,Pdal,js,7
pdal,49,tech,Pete,cmake,1
pdal,49,tech,Pete,cpp,16
pdal,49,tech,Pete,hpp,18
pdal,49,tech,Sandro Turriate,cpp,1
pdal,49,tech,Whitney Zoller,cpp,2
pdal,49,tech,Whitney Zoller,sh,7
pdal,50,tech,Andrewnesbitt,cmake,8
pdal,50,tech,Andrewnesbitt,cmd,1
pdal,50,tech,Andrewnesbitt,cpp,343
pdal,50,tech,Andrewnesbitt,h,2
pdal,50,tech,Andrewnesbitt,hpp,230
pdal,50,tech,Andrewnesbitt,sh,1
pdal,50,tech,Bradley Griffith,cmake,1
pdal,50,tech,Bradley Griffith,cpp,19
pdal,50,tech,Bradley Griffith,hpp,8
pdal,50,tech,Bradley Griffith,sh,1
pdal,50,tech,Chambbj,cmake,2
pdal,50,tech,Chambbj,cmd,1
pdal,50,tech,Chambbj,cpp,31
pdal,50,tech,Chambbj,hpp,11
pdal,50,tech,Chambbj,html,3
pdal,50,tech,Chambbj,sh,1
pdal,50,tech,Chris Ortner,cmake,2
pdal,50,tech,Chris Ortner,cpp,47
pdal,50,tech,Chris Ortner,h,1
pdal,50,tech,Chris Ortner,hpp,66
pdal,50,tech,Chris Ortner,html,1
pdal,50,tech,Chris Ortner,sh,6
pdal,50,tech,Connor Montgomery,cpp,36
pdal,50,tech,Connor Montgomery,hpp,36
pdal,50,tech,Pdal,html,2567
pdal,50,tech,Pdal,js,6
pdal,50,tech,Pete,cmake,5
pdal,50,tech,Pete,cpp,2
pdal,50,tech,Pete,sh,11
pdal,50,tech,Sandro Turriate,cmake,1
pdal,50,tech,Sandro Turriate,cpp,6
pdal,50,tech,Sandro Turriate,hpp,2
pdal,50,tech,Sandro Turriate,html,2
pdal,50,tech,Sandro Turriate,sh,2
pdal,50,tech,Whitney Zoller,cpp,2
pdal,50,tech,Whitney Zoller,sh,4
pdal,51,tech,Andrewnesbitt,cmake,15
pdal,51,tech,Andrewnesbitt,cmd,1
pdal,51,tech,Andrewnesbitt,cpp,270
pdal,51,tech,Andrewnesbitt,h,1
pdal,51,tech,Andrewnesbitt,hpp,177
pdal,51,tech,Andrewnesbitt,las,1
pdal,51,tech,Andrewnesbitt,py,1
pdal,51,tech,Andrewnesbitt,sh,16
pdal,51,tech,Chris Ortner,cpp,18
pdal,51,tech,Chris Ortner,hpp,7
pdal,51,tech,Connor Montgomery,cpp,7
pdal,51,tech,Connor Montgomery,hpp,7
pdal,51,tech,Michael Aufreiter,cpp,13
pdal,51,tech,Michael Aufreiter,hpp,8
pdal,51,tech,Pdal,html,2631
pdal,51,tech,Pdal,js,5
pdal,51,tech,Pete,c,8
pdal,51,tech,Pete,cpp,18
pdal,51,tech,Pete,css,2
pdal,51,tech,Pete,h,2
pdal,51,tech,Pete,hpp,4
pdal,51,tech,Pete,html,2
pdal,51,tech,Pete,sh,8
pdal,51,tech,Whitney Zoller,cpp,2
pdal,51,tech,Whitney Zoller,hpp,1
pdal,52,tech,Andrewnesbitt,cpp,38
pdal,52,tech,Andrewnesbitt,hpp,21
pdal,52,tech,Chris Ortner,cpp,44
pdal,52,tech,Chris Ortner,hpp,33
pdal,52,tech,Connor Montgomery,cpp,7
pdal,52,tech,Connor Montgomery,hpp,4
pdal,52,tech,Michael Aufreiter,cpp,7
pdal,52,tech,Michael Aufreiter,hpp,4
pdal,52,tech,Pdal,html,2759
pdal,52,tech,Pdal,js,5
pdal,52,tech,Pete,cmake,1
pdal,52,tech,Pete,cpp,4
pdal,52,tech,Pete,hpp,1
pdal,52,tech,Pete,sh,2
pdal,52,tech,Whitney Zoller,cmake,5
pdal,52,tech,Whitney Zoller,cpp,2
pdal,52,tech,Whitney Zoller,sh,5
pdal,53,tech,Andrewnesbitt,c,4
pdal,53,tech,Andrewnesbitt,cmake,7
pdal,53,tech,Andrewnesbitt,cpp,155
pdal,53,tech,Andrewnesbitt,css,4
pdal,53,tech,Andrewnesbitt,h,1
pdal,53,tech,Andrewnesbitt,hpp,98
pdal,53,tech,Andrewnesbitt,html,1
pdal,53,tech,Bradley Griffith,cpp,1
pdal,53,tech,Bradley Griffith,sh,2
pdal,53,tech,Chambbj,cpp,1
pdal,53,tech,Chris Ortner,cmake,6
pdal,53,tech,Chris Ortner,cpp,71
pdal,53,tech,Chris Ortner,css,2
pdal,53,tech,Chris Ortner,hpp,46
pdal,53,tech,Chris Ortner,sh,4
pdal,53,tech,Connor Montgomery,cpp,1
pdal,53,tech,Pdal,css,1
pdal,53,tech,Pdal,html,2774
pdal,53,tech,Pdal,js,9
pdal,53,tech,Pete,cmake,1
pdal,53,tech,Pete,cpp,4
pdal,53,tech,Pete,hpp,1
pdal,53,tech,Pete,sh,2
pdal,54,tech,404,cpp,2
pdal,54,tech,404,hpp,1
pdal,54,tech,Andrewnesbitt,c,8
pdal,54,tech,Andrewnesbitt,cmake,11
pdal,54,tech,Andrewnesbitt,cpp,360
pdal,54,tech,Andrewnesbitt,css,4
pdal,54,tech,Andrewnesbitt,h,2
pdal,54,tech,Andrewnesbitt,hpp,191
pdal,54,tech,Andrewnesbitt,html,2
pdal,54,tech,Andrewnesbitt,sh,8
pdal,54,tech,Chris Ortner,c,4
pdal,54,tech,Chris Ortner,cmake,16
pdal,54,tech,Chris Ortner,cmd,1
pdal,54,tech,Chris Ortner,cpp,242
pdal,54,tech,Chris Ortner,css,2
pdal,54,tech,Chris Ortner,h,2
pdal,54,tech,Chris Ortner,hpp,160
pdal,54,tech,Chris Ortner,html,1
pdal,54,tech,Chris Ortner,las,1
pdal,54,tech,Chris Ortner,py,1
pdal,54,tech,Chris Ortner,sh,27
pdal,54,tech,Pdal,html,2885
pdal,54,tech,Pdal,js,7
pdal,55,tech,Andrewnesbitt,cmake,9
pdal,55,tech,Andrewnesbitt,cpp,79
pdal,55,tech,Andrewnesbitt,h,522
pdal,55,tech,Andrewnesbitt,hpp,43
pdal,55,tech,Andrewnesbitt,las,2
pdal,55,tech,Andrewnesbitt,py,1
pdal,55,tech,Andrewnesbitt,sh,4
pdal,55,tech,Bradley Griffith,cpp,7
pdal,55,tech,Bradley Griffith,hpp,5
pdal,55,tech,Bradley Griffith,py,1
pdal,55,tech,Chambbj,cpp,7
pdal,55,tech,Chambbj,h,260
pdal,55,tech,Chambbj,hpp,4
pdal,55,tech,Chambbj,sh,1
pdal,55,tech,Chris Ortner,cmake,2
pdal,55,tech,Chris Ortner,cpp,36
pdal,55,tech,Chris Ortner,hpp,17
pdal,55,tech,Chris Ortner,py,9
pdal,55,tech,Chris Ortner,pyx,1
pdal,55,tech,Chris Ortner,sh,2
pdal,55,tech,Connor Montgomery,cpp,2
pdal,55,tech,Pdal,html,2980
pdal,55,tech,Pdal,js,8
pdal,56,tech,Andrewnesbitt,cmake,10
pdal,56,tech,Andrewnesbitt,cpp,120
pdal,56,tech,Andrewnesbitt,hpp,84
pdal,56,tech,Andrewnesbitt,las,3
pdal,56,tech,Andrewnesbitt,py,10
pdal,56,tech,Andrewnesbitt,pyx,1
pdal,56,tech,Andrewnesbitt,sh,17
pdal,56,tech,Bradley Griffith,cpp,6
pdal,56,tech,Bradley Griffith,hpp,4
pdal,56,tech,Chambbj,cpp,3
pdal,56,tech,Chambbj,hpp,5
pdal,56,tech,Chambbj,py,1
pdal,56,tech,Chris Ortner,cmake,10
pdal,56,tech,Chris Ortner,cpp,20
pdal,56,tech,Chris Ortner,hpp,8
pdal,56,tech,Chris Ortner,py,1
pdal,56,tech,Chris Ortner,sh,8
pdal,56,tech,Even.rouault,cpp,4
pdal,56,tech,Even.rouault,hpp,1
pdal,56,tech,Pdal,html,3353
pdal,56,tech,Pdal,js,13
pdal,56,tech,Whitney Zoller,sh,1
pdal,57,tech,Andrewnesbitt,c,8
pdal,57,tech,Andrewnesbitt,cpp,79
pdal,57,tech,Andrewnesbitt,css,18
pdal,57,tech,Andrewnesbitt,h,4
pdal,57,tech,Andrewnesbitt,hpp,40
pdal,57,tech,Andrewnesbitt,html,6
pdal,57,tech,Andrewnesbitt,js,8
pdal,57,tech,Andrewnesbitt,py,2
pdal,57,tech,Chris Ortner,cpp,11
pdal,57,tech,Chris Ortner,css,8
pdal,57,tech,Chris Ortner,hpp,6
pdal,57,tech,Chris Ortner,html,2
pdal,57,tech,Chris Ortner,js,4
pdal,57,tech,Chris Ortner,py,2
pdal,57,tech,Chris Ortner,sh,2
pdal,57,tech,Connor Montgomery,cpp,7
pdal,57,tech,Connor Montgomery,hpp,3
pdal,57,tech,Pdal,css,43
pdal,57,tech,Pdal,html,3712
pdal,57,tech,Pdal,js,36
pdal,57,tech,Scottmiller,cpp,1
pdal,58,tech,Andrewnesbitt,cmake,1
pdal,58,tech,Andrewnesbitt,cpp,134
pdal,58,tech,Andrewnesbitt,h,2
pdal,58,tech,Andrewnesbitt,hpp,100
pdal,58,tech,Andrewnesbitt,las,11
pdal,58,tech,Andrewnesbitt,sh,8
pdal,58,tech,Bradley Griffith,cpp,7
pdal,58,tech,Bradley Griffith,h,1
pdal,58,tech,Bradley Griffith,hpp,5
pdal,58,tech,Chambbj,h,1
pdal,58,tech,Chris Ortner,cpp,25
pdal,58,tech,Chris Ortner,h,1
pdal,58,tech,Chris Ortner,hpp,24
pdal,58,tech,Chris Ortner,html,1
pdal,58,tech,Chris Ortner,py,2
pdal,58,tech,Chris Ortner,pyx,1
pdal,58,tech,Chris Ortner,sh,7
pdal,58,tech,Connor Montgomery,cpp,24
pdal,58,tech,Connor Montgomery,h,1
pdal,58,tech,Connor Montgomery,hpp,15
pdal,58,tech,Connor Montgomery,sh,2
pdal,58,tech,Kevin Shannon,html,1
pdal,58,tech,Max Schoening,cpp,1
pdal,58,tech,Pdal,html,3322
pdal,58,tech,Pdal,js,15
pdal,58,tech,Pete,cpp,1
pdal,58,tech,Pete,hpp,2
pdal,58,tech,Scottmiller,cpp,5
pdal,58,tech,Scottmiller,hpp,4
pdal,59,tech,Andrewnesbitt,cmake,2
pdal,59,tech,Andrewnesbitt,cpp,130
pdal,59,tech,Andrewnesbitt,h,1
pdal,59,tech,Andrewnesbitt,hpp,79
pdal,59,tech,Andrewnesbitt,las,1
pdal,59,tech,Bradley Griffith,cmd,1
pdal,59,tech,Bradley Griffith,cpp,2
pdal,59,tech,Chambbj,cpp,2
pdal,59,tech,Chris Ortner,cmake,9
pdal,59,tech,Chris Ortner,cpp,87
pdal,59,tech,Chris Ortner,hpp,55
pdal,59,tech,Chris Ortner,las,2
pdal,59,tech,Chris Ortner,py,2
pdal,59,tech,Chris Ortner,pyx,1
pdal,59,tech,Chris Ortner,sh,3
pdal,59,tech,Connor Montgomery,cmake,1
pdal,59,tech,Connor Montgomery,cpp,17
pdal,59,tech,Connor Montgomery,hpp,13
pdal,59,tech,Connor Montgomery,las,1
pdal,59,tech,Pdal,html,2161
pdal,59,tech,Pdal,js,2
pdal,59,tech,Scottmiller,cmake,1
pdal,59,tech,Scottmiller,cpp,39
pdal,59,tech,Scottmiller,h,1
pdal,59,tech,Scottmiller,hpp,32
pdal,59,tech,Scottmiller,las,6
pdal,59,tech,Scottmiller,sh,3
pdal,60,tech,Andrewnesbitt,cmake,2
pdal,60,tech,Andrewnesbitt,cpp,79
pdal,60,tech,Andrewnesbitt,hpp,66
pdal,60,tech,Andrewnesbitt,py,2
pdal,60,tech,Andrewnesbitt,sh,1
pdal,60,tech,Bradley Griffith,cpp,2
pdal,60,tech,Chambbj,cpp,2
pdal,60,tech,Chris Ortner,cmake,1
pdal,60,tech,Chris Ortner,cmd,1
pdal,60,tech,Chris Ortner,cpp,40
pdal,60,tech,Chris Ortner,hpp,24
pdal,60,tech,Chris Ortner,html,1
pdal,60,tech,Chris Ortner,py,2
pdal,60,tech,Chris Ortner,sh,3
pdal,60,tech,Pdal,html,3415
pdal,60,tech,Pdal,js,10
pdal,61,tech,Andrewnesbitt,bat,6
pdal,61,tech,Andrewnesbitt,cmake,12
pdal,61,tech,Andrewnesbitt,cmd,4
pdal,61,tech,Andrewnesbitt,cpp,799
pdal,61,tech,Andrewnesbitt,css,5
pdal,61,tech,Andrewnesbitt,h,126
pdal,61,tech,Andrewnesbitt,hpp,2577
pdal,61,tech,Andrewnesbitt,htm,4
pdal,61,tech,Andrewnesbitt,html,133
pdal,61,tech,Andrewnesbitt,ipp,42
pdal,61,tech,Andrewnesbitt,js,1
pdal,61,tech,Andrewnesbitt,mak,3
pdal,61,tech,Andrewnesbitt,pl,1
pdal,61,tech,Andrewnesbitt,py,3
pdal,61,tech,Andrewnesbitt,sh,4
pdal,61,tech,Bradley Griffith,cmd,1
pdal,61,tech,Bradley Griffith,cpp,11
pdal,61,tech,Bradley Griffith,hpp,2
pdal,61,tech,Bradley Griffith,sh,2
pdal,61,tech,Chambbj,cmd,1
pdal,61,tech,Chambbj,cpp,5
pdal,61,tech,Chambbj,hpp,2
pdal,61,tech,Chambbj,sh,2
pdal,61,tech,Chris Ortner,bat,6
pdal,61,tech,Chris Ortner,cmake,14
pdal,61,tech,Chris Ortner,cmd,2
pdal,61,tech,Chris Ortner,cpp,516
pdal,61,tech,Chris Ortner,css,5
pdal,61,tech,Chris Ortner,h,126
pdal,61,tech,Chris Ortner,hpp,2440
pdal,61,tech,Chris Ortner,htm,4
pdal,61,tech,Chris Ortner,html,133
pdal,61,tech,Chris Ortner,ipp,42
pdal,61,tech,Chris Ortner,js,1
pdal,61,tech,Chris Ortner,mak,3
pdal,61,tech,Chris Ortner,pl,1
pdal,61,tech,Chris Ortner,py,6
pdal,61,tech,Chris Ortner,sh,4
pdal,61,tech,Connor Montgomery,cpp,2
pdal,61,tech,Logan Hanks,cpp,2
pdal,61,tech,Logan Hanks,hpp,2
pdal,61,tech,Mateusz U,cmake,3
pdal,61,tech,Mateusz U,cmd,1
pdal,61,tech,Mateusz U,cpp,133
pdal,61,tech,Mateusz U,hpp,68
pdal,61,tech,Pdal,html,3131
pdal,61,tech,Pdal,js,10
pdal,61,tech,Pete,cmake,1
pdal,61,tech,Pete,cpp,9
pdal,61,tech,Pete,hpp,1
pdal,62,tech,Andrewnesbitt,cmake,8
pdal,62,tech,Andrewnesbitt,cpp,76
pdal,62,tech,Andrewnesbitt,hpp,39
pdal,62,tech,Bas Peters,cmake,3
pdal,62,tech,Bas Peters,cpp,3
pdal,62,tech,Bas Peters,hpp,5
pdal,62,tech,Bas Peters,py,3
pdal,62,tech,Bradley Griffith,cmake,1
pdal,62,tech,Bradley Griffith,cpp,25
pdal,62,tech,Bradley Griffith,h,2
pdal,62,tech,Bradley Griffith,hpp,3
pdal,62,tech,Bradley Griffith,sh,1
pdal,62,tech,Chris Ortner,cmake,4
pdal,62,tech,Chris Ortner,cpp,127
pdal,62,tech,Chris Ortner,h,2
pdal,62,tech,Chris Ortner,hpp,44
pdal,62,tech,Chris Ortner,html,28
pdal,62,tech,Chris Ortner,py,5
pdal,62,tech,Chris Ortner,sh,7
pdal,62,tech,Connor Montgomery,cpp,2
pdal,62,tech,Logan Hanks,cpp,2
pdal,62,tech,Logan Hanks,hpp,3
pdal,62,tech,Mateusz U,cpp,2
pdal,62,tech,Mateusz U,sh,1
pdal,62,tech,Pdal,html,3407
pdal,62,tech,Pdal,js,15
pdal,62,tech,Pete,cpp,1
pdal,62,tech,Pete,sh,1
pdal,62,tech,Raphael Simon,cpp,1
pdal,62,tech,Raphael Simon,hpp,2
pdal,62,tech,Toddbealmear,cpp,3
pdal,63,tech,Andrewnesbitt,cmake,2
pdal,63,tech,Andrewnesbitt,cpp,55
pdal,63,tech,Andrewnesbitt,hpp,32
pdal,63,tech,Bas Peters,cmake,1
pdal,63,tech,Bradley Griffith,cpp,10
pdal,63,tech,Bradley Griffith,h,260
pdal,63,tech,Bradley Griffith,hpp,10
pdal,63,tech,Chris Ortner,bib,2
pdal,63,tech,Chris Ortner,cmake,20
pdal,63,tech,Chris Ortner,cpp,101
pdal,63,tech,Chris Ortner,css,6
pdal,63,tech,Chris Ortner,hpp,59
pdal,63,tech,Chris Ortner,html,16
pdal,63,tech,Chris Ortner,js,4
pdal,63,tech,Chris Ortner,py,6
pdal,63,tech,Chris Ortner,sh,15
pdal,63,tech,Pdal,css,26
pdal,63,tech,Pdal,html,1237
pdal,63,tech,Pdal,js,16
pdal,63,tech,Pete,hpp,1
pdal,64,tech,Andrewnesbitt,cpp,11
pdal,64,tech,Andrewnesbitt,hpp,6
pdal,64,tech,Bas Peters,cpp,1
pdal,64,tech,Bas Peters,hpp,1
pdal,64,tech,Bas Peters,py,1
pdal,64,tech,Bradley Griffith,cpp,5
pdal,64,tech,Bradley Griffith,hpp,2
pdal,64,tech,Chambbj,cpp,10
pdal,64,tech,Chambbj,h,260
pdal,64,tech,Chambbj,hpp,10
pdal,64,tech,Chris Ortner,cmake,4
pdal,64,tech,Chris Ortner,cpp,13
pdal,64,tech,Chris Ortner,hpp,5
pdal,64,tech,Chris Ortner,py,5
pdal,64,tech,Chris Ortner,pyx,2
pdal,64,tech,Connor Montgomery,cmake,1
pdal,64,tech,Connor Montgomery,cpp,4
pdal,64,tech,Connor Montgomery,hpp,1
pdal,64,tech,Pdal,html,170
pdal,64,tech,Pdal,js,1
pdal,64,tech,Pete,cmake,2
pdal,65,tech,Andrewnesbitt,cmake,3
pdal,65,tech,Andrewnesbitt,cpp,363
pdal,65,tech,Andrewnesbitt,h,1
pdal,65,tech,Andrewnesbitt,hpp,245
pdal,65,tech,Andrewnesbitt,sh,1
pdal,65,tech,Bradley Griffith,cpp,6
pdal,65,tech,Bradley Griffith,hpp,3
pdal,65,tech,Chris Ortner,cmake,1
pdal,65,tech,Chris Ortner,cpp,38
pdal,65,tech,Chris Ortner,h,1
pdal,65,tech,Chris Ortner,hpp,15
pdal,65,tech,Chris Ortner,sh,1
pdal,65,tech,Dewall,cpp,1
pdal,65,tech,Noreply,cpp,6
pdal,65,tech,Noreply,hpp,1
pdal,65,tech,Noreply,sh,1
pdal,65,tech,Pdal,html,169
pdal,65,tech,Pete,cpp,4
pdal,65,tech,Pete,hpp,1
pdal,66,tech,Andrewnesbitt,cmake,1
pdal,66,tech,Andrewnesbitt,cpp,22
pdal,66,tech,Andrewnesbitt,hpp,5
pdal,66,tech,Andrewnesbitt,sh,1
pdal,66,tech,Chris Ortner,cpp,13
pdal,66,tech,Chris Ortner,hpp,4
pdal,66,tech,Chris Ortner,sh,1
pdal,66,tech,Connor Montgomery,cpp,2
pdal,66,tech,Noreply,cmake,1
pdal,66,tech,Noreply,cpp,10
pdal,66,tech,Noreply,hpp,2
pdal,66,tech,Noreply,sh,1
pdal,67,tech,Andrewnesbitt,cmake,2
pdal,67,tech,Andrewnesbitt,cpp,82
pdal,67,tech,Andrewnesbitt,h,1
pdal,67,tech,Andrewnesbitt,hpp,26
pdal,67,tech,Andrewnesbitt,py,1
pdal,67,tech,Andrewnesbitt,sh,1
pdal,67,tech,Bas Peters,cmake,1
pdal,67,tech,Bas Peters,cpp,2
pdal,67,tech,Bas Peters,hpp,4
pdal,67,tech,Bradley Griffith,cpp,9
pdal,67,tech,Bradley Griffith,hpp,2
pdal,67,tech,Chris Ortner,bib,1
pdal,67,tech,Chris Ortner,cmake,17
pdal,67,tech,Chris Ortner,cmd,1
pdal,67,tech,Chris Ortner,cpp,270
pdal,67,tech,Chris Ortner,css,11
pdal,67,tech,Chris Ortner,h,435
pdal,67,tech,Chris Ortner,hpp,193
pdal,67,tech,Chris Ortner,html,28
pdal,67,tech,Chris Ortner,js,16
pdal,67,tech,Chris Ortner,py,8
pdal,67,tech,Chris Ortner,pyx,1
pdal,67,tech,Chris Ortner,sh,10
pdal,67,tech,Jason,cpp,4
pdal,67,tech,Jason,hpp,1
pdal,67,tech,Logan Hanks,cpp,2
pdal,67,tech,Logan Hanks,hpp,2
pdal,67,tech,Noreply,cmake,1
pdal,67,tech,Noreply,cpp,34
pdal,67,tech,Noreply,hpp,16
pdal,67,tech,Pdal,html,1057
pdal,67,tech,Pdal,js,8
pdal,68,tech,Andrewnesbitt,cpp,7
pdal,68,tech,Andrewnesbitt,hpp,2
pdal,68,tech,Bradley Griffith,cpp,3
pdal,68,tech,Bradley Griffith,hpp,1
pdal,68,tech,Chris Ortner,c,4
pdal,68,tech,Chris Ortner,cc,71
pdal,68,tech,Chris Ortner,cmake,4
pdal,68,tech,Chris Ortner,cpp,31
pdal,68,tech,Chris Ortner,css,1
pdal,68,tech,Chris Ortner,h,289
pdal,68,tech,Chris Ortner,hpp,8
pdal,68,tech,Chris Ortner,html,1
pdal,68,tech,Chris Ortner,las,1
pdal,68,tech,Chris Ortner,m4,8
pdal,68,tech,Chris Ortner,py,19
pdal,68,tech,Chris Ortner,sh,5
pdal,68,tech,Kristian Kraljic,cpp,2
pdal,68,tech,Logan Hanks,cpp,1
pdal,68,tech,Logan Hanks,hpp,1
pdal,68,tech,Noreply,c,4
pdal,68,tech,Noreply,cc,71
pdal,68,tech,Noreply,cmake,4
pdal,68,tech,Noreply,cpp,11
pdal,68,tech,Noreply,css,1
pdal,68,tech,Noreply,h,289
pdal,68,tech,Noreply,hpp,5
pdal,68,tech,Noreply,html,1
pdal,68,tech,Noreply,las,1
pdal,68,tech,Noreply,m4,8
pdal,68,tech,Noreply,py,19
pdal,68,tech,Noreply,sh,4
pdal,68,tech,Pdal,css,1
pdal,68,tech,Pdal,html,356
pdal,68,tech,Pdal,js,1
pdal,68,tech,Pete,cpp,2
pdal,68,tech,Pete,hpp,1
pdal,68,tech,Pete,las,1
pdal,69,tech,Andrewnesbitt,cmake,7
pdal,69,tech,Andrewnesbitt,cpp,102
pdal,69,tech,Andrewnesbitt,hpp,38
pdal,69,tech,Andrewnesbitt,las,4
pdal,69,tech,Andrewnesbitt,py,3
pdal,69,tech,Andrewnesbitt,sh,5
pdal,69,tech,Bas Peters,cpp,1
pdal,69,tech,Bradley Griffith,cpp,1
pdal,69,tech,Chris Ortner,cpp,48
pdal,69,tech,Chris Ortner,hpp,25
pdal,69,tech,Chris Ortner,py,3
pdal,69,tech,Chris Ortner,sh,8
pdal,69,tech,Connor Montgomery,cpp,18
pdal,69,tech,Connor Montgomery,hpp,4
pdal,69,tech,Connor Montgomery,las,2
pdal,69,tech,Michael Aufreiter,cmake,1
pdal,69,tech,Michael Aufreiter,cpp,3
pdal,69,tech,Michael Aufreiter,hpp,3
pdal,69,tech,Noreply,cmake,2
pdal,69,tech,Noreply,cpp,20
pdal,69,tech,Noreply,hpp,11
pdal,69,tech,Noreply,las,2
pdal,69,tech,Noreply,sh,2
pdal,69,tech,Pdal,html,535
pdal,69,tech,Pdal,js,1
pdal,69,tech,Pete,cmake,2
pdal,69,tech,Pete,cpp,7
pdal,69,tech,Pete,hpp,4
pdal,70,tech,Andrewnesbitt,bat,1
pdal,70,tech,Andrewnesbitt,cmake,6
pdal,70,tech,Andrewnesbitt,cpp,92
pdal,70,tech,Andrewnesbitt,hpp,52
pdal,70,tech,Andrewnesbitt,py,1
pdal,70,tech,Bradley Griffith,cpp,65
pdal,70,tech,Bradley Griffith,hpp,25
pdal,70,tech,Chris Ortner,cmake,2
pdal,70,tech,Chris Ortner,cpp,84
pdal,70,tech,Chris Ortner,hpp,33
pdal,70,tech,Chris Ortner,py,8
pdal,70,tech,Chris Ortner,pyx,1
pdal,70,tech,Chris Ortner,sh,1
pdal,70,tech,Connor Montgomery,bat,1
pdal,70,tech,Connor Montgomery,cmake,3
pdal,70,tech,Connor Montgomery,cpp,69
pdal,70,tech,Connor Montgomery,hpp,44
pdal,70,tech,Connor Montgomery,py,7
pdal,70,tech,Connor Montgomery,pyx,1
pdal,70,tech,Kristian Kraljic,cpp,1
pdal,70,tech,Noreply,bat,1
pdal,70,tech,Noreply,cmake,2
pdal,70,tech,Noreply,cpp,93
pdal,70,tech,Noreply,hpp,50
pdal,70,tech,Noreply,py,7
pdal,70,tech,Noreply,pyx,1
pdal,70,tech,Pdal,html,180
pdal,70,tech,Pete,cmake,1
pdal,70,tech,Pete,cpp,5
pdal,70,tech,Pete,hpp,4
pdal,71,tech,Andrewnesbitt,cmake,7
pdal,71,tech,Andrewnesbitt,cmd,1
pdal,71,tech,Andrewnesbitt,cpp,267
pdal,71,tech,Andrewnesbitt,h,1
pdal,71,tech,Andrewnesbitt,hpp,198
pdal,71,tech,Andrewnesbitt,sh,2
pdal,71,tech,Bradley Griffith,cpp,29
pdal,71,tech,Bradley Griffith,h,1
pdal,71,tech,Bradley Griffith,hpp,15
pdal,71,tech,Chris Ortner,cmake,3
pdal,71,tech,Chris Ortner,cmd,1
pdal,71,tech,Chris Ortner,cpp,22
pdal,71,tech,Chris Ortner,h,5
pdal,71,tech,Chris Ortner,hpp,10
pdal,71,tech,Chris Ortner,html,12
pdal,71,tech,Chris Ortner,py,2
pdal,71,tech,Chris Ortner,sbt,3
pdal,71,tech,Chris Ortner,scala,13
pdal,71,tech,Chris Ortner,sh,13
pdal,71,tech,Connor Montgomery,cpp,4
pdal,71,tech,Connor Montgomery,hpp,3
pdal,71,tech,Noreply,cmake,1
pdal,71,tech,Noreply,cmd,2
pdal,71,tech,Noreply,cpp,65
pdal,71,tech,Noreply,h,1
pdal,71,tech,Noreply,hpp,30
pdal,71,tech,Noreply,py,2
pdal,71,tech,Noreply,sh,3
pdal,71,tech,Pdal,html,909
pdal,71,tech,Pdal,js,4
pdal,71,tech,Pete,cpp,1
pdal,71,tech,Pete,hpp,1
pdal,72,tech,Andrewnesbitt,cmake,1
pdal,72,tech,Andrewnesbitt,cmd,1
pdal,72,tech,Andrewnesbitt,cpp,73
pdal,72,tech,Andrewnesbitt,hpp,32
pdal,72,tech,Andrewnesbitt,sbt,1
pdal,72,tech,Andrewnesbitt,scala,1
pdal,72,tech,Andrewnesbitt,sh,9
pdal,72,tech,Bradley Griffith,cpp,1
pdal,72,tech,Chris Ortner,cmake,3
pdal,72,tech,Chris Ortner,cpp,40
pdal,72,tech,Chris Ortner,hpp,15
pdal,72,tech,Chris Ortner,sh,1
pdal,72,tech,Connor Montgomery,cpp,2
pdal,72,tech,Connor Montgomery,hpp,1
pdal,72,tech,Noreply,cpp,19
pdal,72,tech,Noreply,hpp,11
pdal,72,tech,Pdal,html,368
pdal,72,tech,Pdal,js,2
pdal,72,tech,Pete,cpp,5
pdal,72,tech,Pete,hpp,1
pdal,73,tech,Andrewnesbitt,cmake,3
pdal,73,tech,Andrewnesbitt,cpp,122
pdal,73,tech,Andrewnesbitt,hpp,52
pdal,73,tech,Bradley Griffith,cpp,9
pdal,73,tech,Bradley Griffith,hpp,6
pdal,73,tech,Chris Ortner,cmake,1
pdal,73,tech,Chris Ortner,cpp,100
pdal,73,tech,Chris Ortner,hpp,37
pdal,73,tech,Connor Montgomery,cmake,1
pdal,73,tech,Connor Montgomery,cpp,6
pdal,73,tech,Connor Montgomery,hpp,5
pdal,73,tech,Grigory Yaroslavtsev,hpp,1
pdal,73,tech,Mateusz U,hpp,1
pdal,73,tech,Noreply,cpp,10
pdal,73,tech,Noreply,hpp,5
pdal,73,tech,Pete,cpp,2
pdal,74,tech,Alex Gaynor,hpp,1
pdal,74,tech,Andrewnesbitt,bat,2
pdal,74,tech,Andrewnesbitt,cmake,13
pdal,74,tech,Andrewnesbitt,cpp,80
pdal,74,tech,Andrewnesbitt,hpp,34
pdal,74,tech,Andrewnesbitt,las,1
pdal,74,tech,Andrewnesbitt,sh,3
pdal,74,tech,Bradley Griffith,cpp,18
pdal,74,tech,Bradley Griffith,hpp,9
pdal,74,tech,Chris Ortner,bat,1
pdal,74,tech,Chris Ortner,cpp,20
pdal,74,tech,Chris Ortner,hpp,7
pdal,74,tech,Chris Ortner,las,2
pdal,74,tech,Chris Ortner,sh,4
pdal,74,tech,Connor Montgomery,cpp,3
pdal,74,tech,Connor Montgomery,hpp,3
pdal,74,tech,Noreply,cpp,27
pdal,74,tech,Noreply,hpp,20
pdal,74,tech,Pdal,html,184
pdal,74,tech,Pdal,js,1
pdal,75,tech,Andrewnesbitt,bat,1
pdal,75,tech,Andrewnesbitt,cpp,46
pdal,75,tech,Andrewnesbitt,hpp,32
pdal,75,tech,Andrewnesbitt,py,1
pdal,75,tech,Andrewnesbitt,sh,1
pdal,75,tech,Bradley Griffith,cpp,6
pdal,75,tech,Bradley Griffith,hpp,4
pdal,75,tech,Chris Ortner,cmake,2
pdal,75,tech,Chris Ortner,cpp,7
pdal,75,tech,Chris Ortner,hpp,3
pdal,75,tech,Connor Montgomery,cpp,2
pdal,75,tech,Noreply,bat,1
pdal,75,tech,Noreply,cpp,6
pdal,75,tech,Noreply,hpp,3
pdal,75,tech,Noreply,html,9
pdal,75,tech,Noreply,py,1
pdal,75,tech,Noreply,sh,1
pdal,75,tech,Pdal,css,2
pdal,75,tech,Pdal,html,1121
pdal,75,tech,Pdal,js,8
pdal,75,tech,Pete,cpp,2
pdal,75,tech,Pete,hpp,1
pdal,76,tech,Andrewnesbitt,c,4
pdal,76,tech,Andrewnesbitt,cmake,1
pdal,76,tech,Andrewnesbitt,cpp,21
pdal,76,tech,Andrewnesbitt,css,1
pdal,76,tech,Andrewnesbitt,h,2
pdal,76,tech,Andrewnesbitt,hpp,20
pdal,76,tech,Andrewnesbitt,html,1
pdal,76,tech,Bradley Griffith,cpp,2
pdal,76,tech,Chris Ortner,bat,1
pdal,76,tech,Chris Ortner,cmake,1
pdal,76,tech,Chris Ortner,cmd,3
pdal,76,tech,Chris Ortner,cpp,3
pdal,76,tech,Chris Ortner,hpp,6
pdal,76,tech,Chris Ortner,py,1
pdal,76,tech,Chris Ortner,sh,1
pdal,76,tech,Pdal,html,947
pdal,76,tech,Pdal,js,3
pdal,77,tech,404,cpp,1
pdal,77,tech,404,hpp,1
pdal,77,tech,Andrewnesbitt,bat,2
pdal,77,tech,Andrewnesbitt,c,4
pdal,77,tech,Andrewnesbitt,cmake,3
pdal,77,tech,Andrewnesbitt,cmd,8
pdal,77,tech,Andrewnesbitt,cpp,28
pdal,77,tech,Andrewnesbitt,css,1
pdal,77,tech,Andrewnesbitt,h,2
pdal,77,tech,Andrewnesbitt,hpp,24
pdal,77,tech,Andrewnesbitt,html,1
pdal,77,tech,Bradley Griffith,cpp,8
pdal,77,tech,Bradley Griffith,hpp,5
pdal,77,tech,Bradley Griffith,las,1
pdal,77,tech,Chris Ortner,bib,1
pdal,77,tech,Chris Ortner,cmake,4
pdal,77,tech,Chris Ortner,cpp,10
pdal,77,tech,Chris Ortner,hpp,5
pdal,77,tech,Chris Ortner,html,9
pdal,77,tech,Chris Ortner,las,1
pdal,77,tech,Connor Montgomery,cpp,4
pdal,77,tech,Noreply,cmake,2
pdal,77,tech,Noreply,cmd,2
pdal,77,tech,Noreply,cpp,32
pdal,77,tech,Noreply,hpp,15
pdal,77,tech,Noreply,html,1
pdal,77,tech,Noreply,py,1
pdal,77,tech,Noreply,pyx,1
pdal,77,tech,Noreply,sh,1
pdal,77,tech,Pdal,html,764
pdal,77,tech,Pdal,js,1
pdal,78,tech,404,cpp,1
pdal,78,tech,404,hpp,1
pdal,78,tech,Andrewnesbitt,cmake,4
pdal,78,tech,Andrewnesbitt,cpp,64
pdal,78,tech,Andrewnesbitt,h,98
pdal,78,tech,Andrewnesbitt,hpp,70
pdal,78,tech,Andrewnesbitt,inl,34
pdal,78,tech,Andrewnesbitt,las,1
pdal,78,tech,Andrewnesbitt,py,2
pdal,78,tech,Andrewnesbitt,sh,2
pdal,78,tech,Bradley Griffith,cpp,1
pdal,78,tech,Chris Ortner,cpp,1
pdal,78,tech,Chris Ortner,css,2
pdal,78,tech,Chris Ortner,html,20
pdal,78,tech,Chris Ortner,js,6
pdal,78,tech,Chris Ortner,py,2
pdal,78,tech,Chris Ortner,sh,1
pdal,78,tech,Connor Montgomery,cpp,1
pdal,78,tech,Noreply,cmake,1
pdal,78,tech,Noreply,cpp,17
pdal,78,tech,Noreply,hpp,18
pdal,78,tech,Pdal,html,191
pdal,78,tech,Pdal,js,1
pdal,79,tech,Andrewnesbitt,cmake,11
pdal,79,tech,Andrewnesbitt,cpp,35
pdal,79,tech,Andrewnesbitt,css,2
pdal,79,tech,Andrewnesbitt,h,1
pdal,79,tech,Andrewnesbitt,hpp,12
pdal,79,tech,Andrewnesbitt,py,4
pdal,79,tech,Andrewnesbitt,sh,2
pdal,79,tech,Bradley Griffith,cpp,8
pdal,79,tech,Bradley Griffith,hpp,8
pdal,79,tech,Chris Ortner,cpp,14
pdal,79,tech,Chris Ortner,h,1
pdal,79,tech,Chris Ortner,hpp,3
pdal,79,tech,Jason,hpp,1
pdal,79,tech,Johnmcgrath,cmake,4
pdal,79,tech,Noreply,cmake,6
pdal,79,tech,Noreply,cpp,5
pdal,79,tech,Noreply,css,2
pdal,79,tech,Noreply,hpp,6
pdal,79,tech,Noreply,py,4
pdal,79,tech,Noreply,sh,2
pdal,79,tech,Pdal,html,971
pdal,79,tech,Pdal,js,3
pdal,80,tech,Andrewnesbitt,cmake,24
pdal,80,tech,Andrewnesbitt,cpp,174
pdal,80,tech,Andrewnesbitt,css,2
pdal,80,tech,Andrewnesbitt,h,269
pdal,80,tech,Andrewnesbitt,hpp,89
pdal,80,tech,Andrewnesbitt,las,11
pdal,80,tech,Andrewnesbitt,py,7
pdal,80,tech,Andrewnesbitt,sbt,6
pdal,80,tech,Andrewnesbitt,scala,39
pdal,80,tech,Andrewnesbitt,sh,24
pdal,80,tech,Bradley Griffith,cpp,14
pdal,80,tech,Bradley Griffith,hpp,4
pdal,80,tech,Chris Ortner,cmake,5
pdal,80,tech,Chris Ortner,cpp,34
pdal,80,tech,Chris Ortner,h,268
pdal,80,tech,Chris Ortner,hpp,16
pdal,80,tech,Chris Ortner,las,1
pdal,80,tech,Chris Ortner,sbt,2
pdal,80,tech,Chris Ortner,scala,13
pdal,80,tech,Chris Ortner,sh,12
pdal,80,tech,Noreply,cmake,5
pdal,80,tech,Noreply,cpp,31
pdal,80,tech,Noreply,hpp,12
pdal,80,tech,Noreply,las,1
pdal,81,tech,Andrewnesbitt,cmake,4
pdal,81,tech,Andrewnesbitt,cpp,70
pdal,81,tech,Andrewnesbitt,h,268
pdal,81,tech,Andrewnesbitt,hpp,34
pdal,81,tech,Andrewnesbitt,py,1
pdal,81,tech,Andrewnesbitt,scala,4
pdal,81,tech,Andrewnesbitt,sh,3
pdal,81,tech,Bradley Griffith,cpp,2
pdal,81,tech,Chris Ortner,cmake,3
pdal,81,tech,Chris Ortner,cpp,31
pdal,81,tech,Chris Ortner,h,268
pdal,81,tech,Chris Ortner,hpp,12
pdal,81,tech,Chris Ortner,py,1
pdal,81,tech,Chris Ortner,sbt,1
pdal,81,tech,Chris Ortner,scala,7
pdal,81,tech,Chris Ortner,sh,2
pdal,81,tech,Connor Montgomery,cpp,1
pdal,81,tech,Noreply,cmake,1
pdal,81,tech,Noreply,cpp,8
pdal,81,tech,Noreply,hpp,3
pdal,81,tech,Noreply,las,1
pdal,81,tech,Noreply,sh,1
pdal,81,tech,Pdal,css,2
pdal,81,tech,Pdal,html,192
pdal,81,tech,Pdal,js,1
pdal,81,tech,Pete,cpp,2
pdal,81,tech,Pete,las,1
pdal,82,tech,Andrewnesbitt,bat,2
pdal,82,tech,Andrewnesbitt,cmake,5
pdal,82,tech,Andrewnesbitt,cmd,6
pdal,82,tech,Andrewnesbitt,cpp,37
pdal,82,tech,Andrewnesbitt,hpp,18
pdal,82,tech,Andrewnesbitt,html,1
pdal,82,tech,Andrewnesbitt,py,1
pdal,82,tech,Andrewnesbitt,sh,3
pdal,82,tech,Chris Ortner,bat,2
pdal,82,tech,Chris Ortner,cmake,2
pdal,82,tech,Chris Ortner,cmd,6
pdal,82,tech,Chris Ortner,cpp,3
pdal,82,tech,Chris Ortner,hpp,2
pdal,82,tech,Chris Ortner,html,2
pdal,82,tech,Chris Ortner,py,3
pdal,82,tech,Chris Ortner,sh,5
pdal,82,tech,Noreply,bat,1
pdal,82,tech,Noreply,cmake,5
pdal,82,tech,Noreply,cmd,1
pdal,82,tech,Noreply,cpp,19
pdal,82,tech,Noreply,hpp,10
pdal,82,tech,Noreply,sh,2
pdal,82,tech,Pdal,css,1
pdal,82,tech,Pdal,html,1031
pdal,82,tech,Pdal,js,8
pdal,83,tech,Andrewnesbitt,bat,1
pdal,83,tech,Andrewnesbitt,cmake,3
pdal,83,tech,Andrewnesbitt,cmd,1
pdal,83,tech,Andrewnesbitt,cpp,20
pdal,83,tech,Andrewnesbitt,h,2
pdal,83,tech,Andrewnesbitt,hpp,6
pdal,83,tech,Andrewnesbitt,inl,9
pdal,83,tech,Andrewnesbitt,py,1
pdal,83,tech,Chris Ortner,cpp,4
pdal,83,tech,Chris Ortner,hpp,5
pdal,83,tech,Noreply,cmake,3
pdal,83,tech,Noreply,cpp,11
pdal,83,tech,Noreply,hpp,9
pdal,83,tech,Pdal,html,400
pdal,83,tech,Pdal,js,1
pdal,84,tech,Andrewnesbitt,cmake,4
pdal,84,tech,Andrewnesbitt,cpp,130
pdal,84,tech,Andrewnesbitt,h,2
pdal,84,tech,Andrewnesbitt,hpp,95
pdal,84,tech,Andrewnesbitt,inl,5
pdal,84,tech,Andrewnesbitt,sh,1
pdal,84,tech,Chris Ortner,cpp,12
pdal,84,tech,Chris Ortner,hpp,3
pdal,84,tech,Connor Montgomery,cpp,2
pdal,84,tech,Connor Montgomery,hpp,1
pdal,84,tech,Noreply,cmake,1
pdal,84,tech,Noreply,cpp,18
pdal,84,tech,Noreply,hpp,15
pdal,84,tech,Noreply,sh,1
pdal,85,tech,Andrewnesbitt,cmake,4
pdal,85,tech,Andrewnesbitt,cpp,356
pdal,85,tech,Andrewnesbitt,h,2
pdal,85,tech,Andrewnesbitt,hpp,264
pdal,85,tech,Andrewnesbitt,inl,1
pdal,85,tech,Andrewnesbitt,py,2
pdal,85,tech,Andrewnesbitt,pyx,2
pdal,85,tech,Andrewnesbitt,sh,4
pdal,85,tech,Chris Ortner,cpp,3
pdal,85,tech,Chris Ortner,hpp,2
pdal,85,tech,Chris Ortner,py,1
pdal,85,tech,Chris Ortner,pyx,1
pdal,85,tech,Chris Ortner,sh,6
pdal,85,tech,Connor Montgomery,cpp,2
pdal,85,tech,Connor Montgomery,hpp,2
pdal,85,tech,Noreply,cmake,1
pdal,85,tech,Noreply,cpp,177
pdal,85,tech,Noreply,h,1
pdal,85,tech,Noreply,hpp,140
pdal,85,tech,Noreply,sh,1
pdal,85,tech,Pdal,html,808
pdal,85,tech,Pdal,js,4
pdal,86,tech,Andrewnesbitt,cmake,7
pdal,86,tech,Andrewnesbitt,cpp,170
pdal,86,tech,Andrewnesbitt,h,4
pdal,86,tech,Andrewnesbitt,hpp,154
pdal,86,tech,Andrewnesbitt,las,3
pdal,86,tech,Andrewnesbitt,py,10
pdal,86,tech,Andrewnesbitt,pyx,2
pdal,86,tech,Andrewnesbitt,sh,5
pdal,86,tech,Bradley Griffith,cpp,5
pdal,86,tech,Bradley Griffith,hpp,6
pdal,86,tech,Chris Ortner,cmake,4
pdal,86,tech,Chris Ortner,cpp,13
pdal,86,tech,Chris Ortner,h,4
pdal,86,tech,Chris Ortner,hpp,8
pdal,86,tech,Chris Ortner,py,6
pdal,86,tech,Chris Ortner,pyx,1
pdal,86,tech,Chris Ortner,sbt,2
pdal,86,tech,Chris Ortner,scala,25
pdal,86,tech,Chris Ortner,sh,7
pdal,86,tech,Connor Montgomery,cpp,1
pdal,86,tech,Connor Montgomery,hpp,1
pdal,86,tech,Grigory Yaroslavtsev,cpp,7
pdal,86,tech,Grigory Yaroslavtsev,h,4
pdal,86,tech,Grigory Yaroslavtsev,hpp,4
pdal,86,tech,Grigory Yaroslavtsev,las,1
pdal,86,tech,Grigory Yaroslavtsev,sbt,2
pdal,86,tech,Grigory Yaroslavtsev,scala,26
pdal,86,tech,Grigory Yaroslavtsev,sh,6
pdal,86,tech,Michael Aufreiter,cpp,1
pdal,86,tech,Noreply,cpp,142
pdal,86,tech,Noreply,hpp,136
pdal,86,tech,Noreply,py,5
pdal,86,tech,Noreply,pyx,1
pdal,86,tech,Noreply,sh,1
pdal,86,tech,Pdal,html,406
pdal,87,tech,Andrewnesbitt,bat,1
pdal,87,tech,Andrewnesbitt,cmake,16
pdal,87,tech,Andrewnesbitt,cmd,10
pdal,87,tech,Andrewnesbitt,cpp,306
pdal,87,tech,Andrewnesbitt,h,8
pdal,87,tech,Andrewnesbitt,hpp,221
pdal,87,tech,Andrewnesbitt,inl,4
pdal,87,tech,Andrewnesbitt,las,3
pdal,87,tech,Andrewnesbitt,py,7
pdal,87,tech,Andrewnesbitt,pyx,1
pdal,87,tech,Andrewnesbitt,sbt,2
pdal,87,tech,Andrewnesbitt,scala,25
pdal,87,tech,Andrewnesbitt,sh,11
pdal,87,tech,Bradley Griffith,cpp,6
pdal,87,tech,Bradley Griffith,hpp,3
pdal,87,tech,Chris Ortner,cmake,13
pdal,87,tech,Chris Ortner,cmd,10
pdal,87,tech,Chris Ortner,cpp,100
pdal,87,tech,Chris Ortner,h,5
pdal,87,tech,Chris Ortner,hpp,47
pdal,87,tech,Chris Ortner,inl,2
pdal,87,tech,Chris Ortner,las,2
pdal,87,tech,Chris Ortner,py,3
pdal,87,tech,Chris Ortner,sh,2
pdal,87,tech,Connor Montgomery,hpp,1
pdal,87,tech,Grigory Yaroslavtsev,las,1
pdal,87,tech,Grigory Yaroslavtsev,sbt,9
pdal,87,tech,Grigory Yaroslavtsev,scala,9
pdal,87,tech,Grigory Yaroslavtsev,sh,27
pdal,87,tech,Jsoto,bat,2
pdal,87,tech,Jsoto,c,3
pdal,87,tech,Jsoto,cpp,5
pdal,87,tech,Jsoto,h,12
pdal,87,tech,Noreply,cmake,2
pdal,87,tech,Noreply,cmd,4
pdal,87,tech,Noreply,cpp,37
pdal,87,tech,Noreply,hpp,14
pdal,87,tech,Noreply,py,1
pdal,87,tech,Noreply,sh,3
pdal,87,tech,Pdal,html,2287
pdal,87,tech,Pdal,js,3
pdal,88,tech,Andrewnesbitt,bat,4
pdal,88,tech,Andrewnesbitt,cmake,13
pdal,88,tech,Andrewnesbitt,cmd,4
pdal,88,tech,Andrewnesbitt,cpp,311
pdal,88,tech,Andrewnesbitt,css,3
pdal,88,tech,Andrewnesbitt,h,9
pdal,88,tech,Andrewnesbitt,hpp,185
pdal,88,tech,Andrewnesbitt,htm,4
pdal,88,tech,Andrewnesbitt,html,14
pdal,88,tech,Andrewnesbitt,inl,7
pdal,88,tech,Andrewnesbitt,ipp,19
pdal,88,tech,Andrewnesbitt,las,1
pdal,88,tech,Andrewnesbitt,mak,3
pdal,88,tech,Andrewnesbitt,py,5
pdal,88,tech,Andrewnesbitt,sh,6
pdal,88,tech,Carl Jackson,py,1
pdal,88,tech,Carl Jackson,sh,1
pdal,88,tech,Chris Ortner,cpp,16
pdal,88,tech,Chris Ortner,css,1
pdal,88,tech,Chris Ortner,hpp,3
pdal,88,tech,Chris Ortner,html,43
pdal,88,tech,Chris Ortner,js,8
pdal,88,tech,Chris Ortner,py,6
pdal,88,tech,Chris Ortner,sh,1
pdal,88,tech,Grigory Yaroslavtsev,sbt,1
pdal,88,tech,Jsoto,bat,3
pdal,88,tech,Jsoto,c,8
pdal,88,tech,Jsoto,cmake,1
pdal,88,tech,Jsoto,cpp,6
pdal,88,tech,Jsoto,h,6
pdal,88,tech,Noreply,bat,4
pdal,88,tech,Noreply,cmake,7
pdal,88,tech,Noreply,cmd,2
pdal,88,tech,Noreply,cpp,280
pdal,88,tech,Noreply,css,3
pdal,88,tech,Noreply,h,6
pdal,88,tech,Noreply,hpp,174
pdal,88,tech,Noreply,htm,4
pdal,88,tech,Noreply,html,14
pdal,88,tech,Noreply,inl,4
pdal,88,tech,Noreply,ipp,19
pdal,88,tech,Noreply,las,1
pdal,88,tech,Noreply,mak,3
pdal,88,tech,Noreply,py,3
pdal,88,tech,Noreply,sh,3
pdal,88,tech,Pdal,html,2978
pdal,88,tech,Pdal,js,12
pdal,89,tech,Andrewnesbitt,cpp,2
pdal,89,tech,Andrewnesbitt,hpp,2
pdal,89,tech,Andrewnesbitt,sh,1
pdal,89,tech,Chris Ortner,cpp,5
pdal,89,tech,Chris Ortner,hpp,2
pdal,89,tech,Chris Ortner,las,8
pdal,89,tech,Jsoto,bat,2
pdal,89,tech,Jsoto,c,7
pdal,89,tech,Jsoto,cpp,6
pdal,89,tech,Jsoto,h,9
pdal,89,tech,Jsoto,las,3
pdal,89,tech,Noreply,cmake,4
pdal,89,tech,Noreply,cpp,7
pdal,89,tech,Noreply,h,4
pdal,89,tech,Noreply,hpp,4
pdal,89,tech,Noreply,html,1
pdal,89,tech,Noreply,inl,2
pdal,90,tech,Andrewnesbitt,cpp,7
pdal,90,tech,Andrewnesbitt,hpp,3
pdal,90,tech,Chris Ortner,hpp,2
pdal,90,tech,Jsoto,bat,2
pdal,90,tech,Jsoto,c,10
pdal,90,tech,Jsoto,cmake,2
pdal,90,tech,Jsoto,cpp,34
pdal,90,tech,Jsoto,h,70
pdal,90,tech,Noreply,bat,1
pdal,90,tech,Noreply,bib,1
pdal,90,tech,Noreply,cmake,10
pdal,90,tech,Noreply,cpp,39
pdal,90,tech,Noreply,hpp,26
pdal,90,tech,Noreply,py,1
pdal,90,tech,Noreply,sh,1
pdal,91,tech,Andrewnesbitt,cmake,3
pdal,91,tech,Andrewnesbitt,cpp,24
pdal,91,tech,Andrewnesbitt,hpp,12
pdal,91,tech,Andrewnesbitt,las,3
pdal,91,tech,Chris Ortner,cmake,2
pdal,91,tech,Chris Ortner,cpp,9
pdal,91,tech,Chris Ortner,hpp,4
pdal,91,tech,Chris Ortner,py,4
pdal,91,tech,Chris Ortner,pyx,1
pdal,91,tech,Chris Ortner,sh,1
pdal,91,tech,Jsoto,c,1
pdal,91,tech,Jsoto,cpp,1
pdal,91,tech,Noreply,cpp,45
pdal,91,tech,Noreply,hpp,11
pdal,91,tech,Noreply,las,3
pdal,91,tech,Pdal,html,413
pdal,91,tech,Pdal,js,2
pdal,92,tech,Andrewnesbitt,cpp,9
pdal,92,tech,Andrewnesbitt,hpp,8
pdal,92,tech,Chris Ortner,cpp,6
pdal,92,tech,Chris Ortner,hpp,3
pdal,92,tech,Chris Ortner,py,7
pdal,92,tech,Chris Ortner,pyx,2
pdal,92,tech,Chris Ortner,sh,2
pdal,92,tech,Connor Montgomery,cpp,2
pdal,92,tech,Connor Montgomery,hpp,2
pdal,92,tech,Noreply,cmake,1
pdal,92,tech,Noreply,cpp,12
pdal,92,tech,Noreply,hpp,7
pdal,92,tech,Noreply,sh,1
pdal,93,tech,Andrewnesbitt,bat,3
pdal,93,tech,Andrewnesbitt,cmake,3
pdal,93,tech,Andrewnesbitt,cmd,5
pdal,93,tech,Andrewnesbitt,cpp,104
pdal,93,tech,Andrewnesbitt,h,24
pdal,93,tech,Andrewnesbitt,hpp,34
pdal,93,tech,Andrewnesbitt,sh,4
pdal,93,tech,Chris Ortner,bat,8
pdal,93,tech,Chris Ortner,bib,1
pdal,93,tech,Chris Ortner,cmake,25
pdal,93,tech,Chris Ortner,cmd,9
pdal,93,tech,Chris Ortner,cpp,467
pdal,93,tech,Chris Ortner,css,3
pdal,93,tech,Chris Ortner,h,33
pdal,93,tech,Chris Ortner,hpp,283
pdal,93,tech,Chris Ortner,htm,4
pdal,93,tech,Chris Ortner,html,14
pdal,93,tech,Chris Ortner,inl,6
pdal,93,tech,Chris Ortner,ipp,19
pdal,93,tech,Chris Ortner,las,4
pdal,93,tech,Chris Ortner,mak,3
pdal,93,tech,Chris Ortner,py,5
pdal,93,tech,Chris Ortner,sh,11
pdal,93,tech,Connor Montgomery,hpp,1
pdal,93,tech,Noreply,cpp,27
pdal,93,tech,Noreply,hpp,12
pdal,94,tech,Andrewnesbitt,bat,3
pdal,94,tech,Andrewnesbitt,cmake,17
pdal,94,tech,Andrewnesbitt,cmd,6
pdal,94,tech,Andrewnesbitt,cpp,106
pdal,94,tech,Andrewnesbitt,h,9
pdal,94,tech,Andrewnesbitt,hpp,31
pdal,94,tech,Andrewnesbitt,sh,11
pdal,94,tech,Chris Ortner,bat,2
pdal,94,tech,Chris Ortner,cmake,5
pdal,94,tech,Chris Ortner,cmd,4
pdal,94,tech,Chris Ortner,cpp,7
pdal,94,tech,Chris Ortner,hpp,1
pdal,94,tech,Chris Ortner,py,24
pdal,94,tech,Chris Ortner,pyx,1
pdal,94,tech,Chris Ortner,sh,2
pdal,94,tech,Johnmcgrath,scala,1
pdal,94,tech,Noreply,bat,2
pdal,94,tech,Noreply,cmake,2
pdal,94,tech,Noreply,cmd,2
pdal,94,tech,Noreply,cpp,61
pdal,94,tech,Noreply,hpp,16
pdal,94,tech,Noreply,scala,1
pdal,94,tech,Noreply,sh,3
pdal,94,tech,Pdal,html,1371
pdal,94,tech,Pdal,js,4
pdal,95,tech,Andrewnesbitt,bat,1
pdal,95,tech,Andrewnesbitt,cmake,8
pdal,95,tech,Andrewnesbitt,cmd,4
pdal,95,tech,Andrewnesbitt,cpp,55
pdal,95,tech,Andrewnesbitt,h,3
pdal,95,tech,Andrewnesbitt,hpp,19
pdal,95,tech,Andrewnesbitt,las,1
pdal,95,tech,Andrewnesbitt,sh,26
pdal,95,tech,Chris Ortner,cpp,1
pdal,95,tech,Noreply,cpp,19
pdal,95,tech,Noreply,hpp,9
pdal,95,tech,Noreply,las,1
pdal,95,tech,Noreply,sh,5
pdal,95,tech,Pdal,html,1081
pdal,95,tech,Pdal,js,3
pdal,96,tech,Andrewnesbitt,cmake,1
pdal,96,tech,Andrewnesbitt,cpp,12
pdal,96,tech,Andrewnesbitt,hpp,5
pdal,96,tech,Chris Ortner,cmake,2
pdal,96,tech,Chris Ortner,sh,4
pdal,96,tech,Grigory Yaroslavtsev,sbt,2
pdal,96,tech,Grigory Yaroslavtsev,scala,1
pdal,96,tech,Grigory Yaroslavtsev,sh,3
pdal,96,tech,Jsoto,bat,2
pdal,96,tech,Jsoto,c,15
pdal,96,tech,Jsoto,cpp,30
pdal,96,tech,Jsoto,h,35
pdal,96,tech,Jsoto,las,2
pdal,96,tech,Jsoto,sh,7
pdal,96,tech,Noreply,cpp,3
pdal,96,tech,Noreply,hpp,1
pdal,96,tech,Noreply,scala,2
pdal,96,tech,Noreply,sh,1
pdal,96,tech,Pdal,html,648
pdal,96,tech,Pdal,js,2
pdal,97,tech,Andrewnesbitt,bat,3
pdal,97,tech,Andrewnesbitt,cmake,12
pdal,97,tech,Andrewnesbitt,cmd,6
pdal,97,tech,Andrewnesbitt,cpp,35
pdal,97,tech,Andrewnesbitt,h,2
pdal,97,tech,Andrewnesbitt,hpp,30
pdal,97,tech,Andrewnesbitt,sh,5
pdal,97,tech,Chris Ortner,bat,1
pdal,97,tech,Chris Ortner,cmd,3
pdal,97,tech,Connor Montgomery,cpp,1
pdal,97,tech,Connor Montgomery,hpp,1
pdal,97,tech,Jsoto,cpp,2
pdal,97,tech,Jsoto,sh,17
pdal,97,tech,Noreply,cmake,6
pdal,97,tech,Noreply,cmd,2
pdal,97,tech,Noreply,cpp,23
pdal,97,tech,Noreply,hpp,9
pdal,97,tech,Noreply,sh,4
pdal,97,tech,Pdal,html,216
pdal,98,tech,Andrewnesbitt,bat,6
pdal,98,tech,Andrewnesbitt,cmake,19
pdal,98,tech,Andrewnesbitt,cmd,13
pdal,98,tech,Andrewnesbitt,cpp,110
pdal,98,tech,Andrewnesbitt,hpp,55
pdal,98,tech,Andrewnesbitt,sh,15
pdal,98,tech,Chris Ortner,cmake,2
pdal,98,tech,Chris Ortner,cpp,16
pdal,98,tech,Chris Ortner,hpp,9
pdal,98,tech,Chris Ortner,sh,1
pdal,98,tech,Noreply,cmake,1
pdal,98,tech,Noreply,cmd,3
pdal,98,tech,Noreply,cpp,26
pdal,98,tech,Noreply,hpp,17
pdal,98,tech,Noreply,sh,1
pdal,98,tech,Pdal,html,648
pdal,98,tech,Pdal,js,1
pdal,98,tech,Pete,cpp,3
pdal,98,tech,Pete,hpp,3
pdal,99,tech,Andrewnesbitt,bat,1
pdal,99,tech,Andrewnesbitt,cmake,11
pdal,99,tech,Andrewnesbitt,cmd,7
pdal,99,tech,Andrewnesbitt,cpp,58
pdal,99,tech,Andrewnesbitt,hpp,40
pdal,99,tech,Andrewnesbitt,inl,3
pdal,99,tech,Andrewnesbitt,sh,8
pdal,99,tech,Bas Peters,py,1
pdal,99,tech,Chris Ortner,bat,1
pdal,99,tech,Chris Ortner,cmake,4
pdal,99,tech,Chris Ortner,cmd,1
pdal,99,tech,Chris Ortner,cpp,7
pdal,99,tech,Chris Ortner,hpp,5
pdal,99,tech,Chris Ortner,inl,1
pdal,99,tech,Chris Ortner,sh,6
pdal,99,tech,Connor Montgomery,cpp,1
pdal,99,tech,Grigory Yaroslavtsev,cpp,7
pdal,99,tech,Grigory Yaroslavtsev,h,2
pdal,99,tech,Grigory Yaroslavtsev,sbt,19
pdal,99,tech,Grigory Yaroslavtsev,scala,18
pdal,99,tech,Grigory Yaroslavtsev,sh,8
pdal,99,tech,Nicolasraspal,cpp,10
pdal,99,tech,Nicolasraspal,hpp,6
pdal,99,tech,Noreply,bat,2
pdal,99,tech,Noreply,cmake,4
pdal,99,tech,Noreply,cmd,5
pdal,99,tech,Noreply,cpp,13
pdal,99,tech,Noreply,hpp,7
pdal,99,tech,Noreply,py,1
pdal,99,tech,Noreply,sbt,7
pdal,99,tech,Noreply,scala,7
pdal,99,tech,Noreply,sh,4
pdal,99,tech,Pdal,html,1327
pdal,99,tech,Pdal,js,5
pdal,100,tech,Andrewnesbitt,bib,2
pdal,100,tech,Andrewnesbitt,cmake,1
pdal,100,tech,Andrewnesbitt,cpp,42
pdal,100,tech,Andrewnesbitt,hpp,21
pdal,100,tech,Chris Ortner,sh,3
pdal,100,tech,Grigory Yaroslavtsev,sbt,5
pdal,100,tech,Grigory Yaroslavtsev,scala,1
pdal,100,tech,Grigory Yaroslavtsev,sh,3
pdal,100,tech,Jsoto,c,4
pdal,100,tech,Jsoto,h,9
pdal,100,tech,Jsoto,sh,15
pdal,100,tech,Kirk Richey,cpp,2
pdal,100,tech,Kirk Richey,hpp,1
pdal,100,tech,Noreply,c,1
pdal,100,tech,Noreply,cmake,10
pdal,100,tech,Noreply,cpp,94
pdal,100,tech,Noreply,h,24
pdal,100,tech,Noreply,hpp,80
pdal,100,tech,Noreply,sh,5
pdal,100,tech,Pdal,html,2409
pdal,100,tech,Pdal,js,3
pdal,101,tech,Andrewnesbitt,bat,6
pdal,101,tech,Andrewnesbitt,bib,1
pdal,101,tech,Andrewnesbitt,cmake,43
pdal,101,tech,Andrewnesbitt,cmd,8
pdal,101,tech,Andrewnesbitt,cpp,310
pdal,101,tech,Andrewnesbitt,h,38
pdal,101,tech,Andrewnesbitt,hpp,169
pdal,101,tech,Andrewnesbitt,inl,4
pdal,101,tech,Andrewnesbitt,las,5
pdal,101,tech,Andrewnesbitt,py,3
pdal,101,tech,Andrewnesbitt,sh,16
pdal,101,tech,Chris Ortner,cpp,3
pdal,101,tech,Chris Ortner,hpp,1
pdal,101,tech,Noreply,cmake,1
pdal,101,tech,Noreply,cpp,41
pdal,101,tech,Noreply,hpp,14
pdal,101,tech,Noreply,py,1
pdal,101,tech,Pdal,html,1095
pdal,101,tech,Pdal,js,1
pdal,102,tech,Andrewnesbitt,cc,204
pdal,102,tech,Andrewnesbitt,cmake,3
pdal,102,tech,Andrewnesbitt,cpp,155
pdal,102,tech,Andrewnesbitt,h,114
pdal,102,tech,Andrewnesbitt,hpp,36
pdal,102,tech,Andrewnesbitt,m4,18
pdal,102,tech,Andrewnesbitt,py,66
pdal,102,tech,Andrewnesbitt,sh,5
pdal,102,tech,Bradley Griffith,cpp,7
pdal,102,tech,Bradley Griffith,hpp,8
pdal,102,tech,Chris Ortner,cpp,6
pdal,102,tech,Chris Ortner,hpp,1
pdal,102,tech,Noreply,cmake,1
pdal,102,tech,Noreply,cpp,18
pdal,102,tech,Noreply,h,1
pdal,102,tech,Noreply,hpp,11
pdal,103,tech,Andrewnesbitt,bat,2
pdal,103,tech,Andrewnesbitt,cmake,7
pdal,103,tech,Andrewnesbitt,cpp,47
pdal,103,tech,Andrewnesbitt,hpp,21
pdal,103,tech,Bradley Griffith,cpp,14
pdal,103,tech,Bradley Griffith,h,1
pdal,103,tech,Bradley Griffith,hpp,13
pdal,103,tech,Bradley Griffith,sh,1
pdal,103,tech,Chris Ortner,bat,4
pdal,103,tech,Chris Ortner,cmake,12
pdal,103,tech,Chris Ortner,cmd,5
pdal,103,tech,Chris Ortner,cpp,50
pdal,103,tech,Chris Ortner,h,2
pdal,103,tech,Chris Ortner,hpp,24
pdal,103,tech,Chris Ortner,sh,9
pdal,103,tech,Noreply,cmake,3
pdal,103,tech,Noreply,cpp,55
pdal,103,tech,Noreply,h,1
pdal,103,tech,Noreply,hpp,47
pdal,103,tech,Noreply,sh,2
pdal,104,tech,Andrewnesbitt,bat,3
pdal,104,tech,Andrewnesbitt,cmake,15
pdal,104,tech,Andrewnesbitt,cmd,3
pdal,104,tech,Andrewnesbitt,cpp,83
pdal,104,tech,Andrewnesbitt,h,11
pdal,104,tech,Andrewnesbitt,hpp,76
pdal,104,tech,Andrewnesbitt,las,1
pdal,104,tech,Andrewnesbitt,py,8
pdal,104,tech,Bradley Griffith,cpp,3
pdal,104,tech,Bradley Griffith,hpp,4
pdal,104,tech,Chris Ortner,cpp,3
pdal,104,tech,Chris Ortner,h,1
pdal,104,tech,Chris Ortner,hpp,1
pdal,104,tech,Chris Ortner,py,4
pdal,104,tech,Noreply,cmake,5
pdal,104,tech,Noreply,cpp,26
pdal,104,tech,Noreply,h,6
pdal,104,tech,Noreply,hpp,18
pdal,104,tech,Noreply,las,1
pdal,104,tech,Noreply,py,3
pdal,104,tech,Noreply,pyx,1
pdal,104,tech,Pdal,html,2427
pdal,104,tech,Pdal,js,3
pdal,105,tech,Andrewnesbitt,cmake,1
pdal,105,tech,Andrewnesbitt,cpp,34
pdal,105,tech,Andrewnesbitt,hpp,17
pdal,105,tech,Bradley Griffith,cpp,6
pdal,105,tech,Bradley Griffith,hpp,5
pdal,105,tech,Chris Ortner,cpp,7
pdal,105,tech,Chris Ortner,hpp,3
pdal,105,tech,Chris Ortner,py,3
pdal,105,tech,Chris Ortner,pyx,1
pdal,105,tech,Chris Ortner,sh,1
pdal,105,tech,Noreply,cpp,9
pdal,105,tech,Noreply,hpp,7
pdal,105,tech,Noreply,html,17
pdal,105,tech,Noreply,las,1
pdal,105,tech,Noreply,sh,1
pdal,106,tech,Grigory Yaroslavtsev,cpp,4
pdal,106,tech,Grigory Yaroslavtsev,h,4
pdal,106,tech,Grigory Yaroslavtsev,hpp,1
pdal,106,tech,Grigory Yaroslavtsev,scala,4
pdal,106,tech,Noreply,cpp,15
pdal,106,tech,Noreply,hpp,6
pdal,106,tech,Noreply,inl,1
pdal,107,tech,Andrewnesbitt,cpp,11
pdal,107,tech,Andrewnesbitt,hpp,2
pdal,107,tech,Bradley Griffith,cpp,2
pdal,107,tech,Bradley Griffith,hpp,1
pdal,107,tech,Noreply,cpp,13
pdal,107,tech,Noreply,hpp,7
pdal,107,tech,Noreply,py,2
pdal,107,tech,Pdal,html,666
pdal,107,tech,Pdal,js,3
pdal,107,tech,Pramukta Kumar,py,14
pdal,108,tech,Andrewnesbitt,cpp,46
pdal,108,tech,Andrewnesbitt,hpp,15
pdal,108,tech,Andrewnesbitt,py,1
pdal,108,tech,Chris Ortner,cpp,6
pdal,108,tech,Chris Ortner,hpp,7
pdal,108,tech,Chris Ortner,py,7
pdal,108,tech,Noreply,cmake,1
pdal,108,tech,Noreply,cpp,16
pdal,108,tech,Noreply,hpp,10
pdal,108,tech,Noreply,sbt,3
pdal,108,tech,Noreply,scala,9
pdal,108,tech,Noreply,sh,8
pdal,108,tech,Pdal,html,444
pdal,108,tech,Pdal,js,1
pdal,109,tech,Andrewnesbitt,bat,2
pdal,109,tech,Andrewnesbitt,cmake,7
pdal,109,tech,Andrewnesbitt,cpp,46
pdal,109,tech,Andrewnesbitt,css,3
pdal,109,tech,Andrewnesbitt,h,4
pdal,109,tech,Andrewnesbitt,hpp,30
pdal,109,tech,Andrewnesbitt,html,9
pdal,109,tech,Andrewnesbitt,js,2
pdal,109,tech,Andrewnesbitt,las,1
pdal,109,tech,Andrewnesbitt,py,4
pdal,109,tech,Andrewnesbitt,sh,4
pdal,109,tech,Chris Ortner,cpp,7
pdal,109,tech,Chris Ortner,hpp,7
pdal,109,tech,Chris Ortner,py,26
pdal,109,tech,Chris Ortner,pyx,3
pdal,109,tech,Chris Ortner,sh,3
pdal,109,tech,Matthewmohrman,cpp,2
pdal,109,tech,Matthewmohrman,hpp,1
pdal,109,tech,Noreply,bat,2
pdal,109,tech,Noreply,cmake,6
pdal,109,tech,Noreply,cpp,55
pdal,109,tech,Noreply,css,3
pdal,109,tech,Noreply,h,4
pdal,109,tech,Noreply,hpp,27
pdal,109,tech,Noreply,html,9
pdal,109,tech,Noreply,js,2
pdal,109,tech,Noreply,las,1
pdal,109,tech,Noreply,py,4
pdal,109,tech,Noreply,sh,4
pdal,109,tech,Pdal,html,222
pdal,109,tech,Pdal,js,1
pdal,110,tech,Andrewnesbitt,bat,1
pdal,110,tech,Andrewnesbitt,cmake,1
pdal,110,tech,Andrewnesbitt,cpp,22
pdal,110,tech,Andrewnesbitt,h,2
pdal,110,tech,Andrewnesbitt,hpp,9
pdal,110,tech,Bradley Griffith,cpp,1
pdal,110,tech,Bradley Griffith,hpp,1
pdal,110,tech,Chris Ortner,cpp,3
pdal,110,tech,Chris Ortner,hpp,3
pdal,110,tech,Chris Ortner,py,1
pdal,110,tech,Grigory Yaroslavtsev,cpp,1
pdal,110,tech,Grigory Yaroslavtsev,sbt,3
pdal,110,tech,Grigory Yaroslavtsev,scala,1
pdal,110,tech,Grigory Yaroslavtsev,sh,2
pdal,110,tech,Noreply,bat,1
pdal,110,tech,Noreply,cc,55
pdal,110,tech,Noreply,cmake,4
pdal,110,tech,Noreply,cpp,70
pdal,110,tech,Noreply,h,40
pdal,110,tech,Noreply,hpp,30
pdal,110,tech,Noreply,las,1
pdal,110,tech,Noreply,py,12
pdal,110,tech,Noreply,sbt,7
pdal,110,tech,Noreply,scala,28
pdal,110,tech,Noreply,sh,7
pdal,111,tech,Andrewnesbitt,cpp,24
pdal,111,tech,Andrewnesbitt,h,2
pdal,111,tech,Andrewnesbitt,hpp,5
pdal,111,tech,Andrewnesbitt,las,5
pdal,111,tech,Andrewnesbitt,sh,1
pdal,111,tech,Chris Ortner,cmake,8
pdal,111,tech,Chris Ortner,cpp,6
pdal,111,tech,Chris Ortner,hpp,4
pdal,111,tech,Chris Ortner,las,1
pdal,111,tech,Chris Ortner,py,4
pdal,111,tech,Chris Ortner,sh,1
pdal,111,tech,Noreply,cc,1
pdal,111,tech,Noreply,cmake,7
pdal,111,tech,Noreply,cpp,58
pdal,111,tech,Noreply,h,2
pdal,111,tech,Noreply,hpp,19
pdal,111,tech,Noreply,las,8
pdal,111,tech,Noreply,py,7
pdal,111,tech,Noreply,pyx,1
pdal,111,tech,Noreply,scala,1
pdal,111,tech,Noreply,sh,7
pdal,111,tech,Pdal,css,4
pdal,111,tech,Pdal,html,1450
pdal,111,tech,Pdal,js,10
pdal,112,tech,Andrewnesbitt,cmake,1
pdal,112,tech,Andrewnesbitt,cpp,29
pdal,112,tech,Andrewnesbitt,hpp,9
pdal,112,tech,Chris Ortner,cc,73
pdal,112,tech,Chris Ortner,cmake,1
pdal,112,tech,Chris Ortner,h,31
pdal,112,tech,Chris Ortner,py,34
pdal,112,tech,Matthewmohrman,cpp,1
pdal,112,tech,Noreply,cc,73
pdal,112,tech,Noreply,cmake,2
pdal,112,tech,Noreply,cpp,38
pdal,112,tech,Noreply,h,31
pdal,112,tech,Noreply,hpp,12
pdal,112,tech,Noreply,py,31
pdal,112,tech,Pdal,html,1867
pdal,112,tech,Pdal,js,3
pdal,113,tech,Andrewnesbitt,bat,1
pdal,113,tech,Andrewnesbitt,bib,2
pdal,113,tech,Andrewnesbitt,cpp,27
pdal,113,tech,Andrewnesbitt,css,12
pdal,113,tech,Andrewnesbitt,hpp,10
pdal,113,tech,Andrewnesbitt,html,6
pdal,113,tech,Andrewnesbitt,js,8
pdal,113,tech,Andrewnesbitt,py,5
pdal,113,tech,Chris Ortner,bat,1
pdal,113,tech,Chris Ortner,bib,2
pdal,113,tech,Chris Ortner,cpp,9
pdal,113,tech,Chris Ortner,css,12
pdal,113,tech,Chris Ortner,hpp,2
pdal,113,tech,Chris Ortner,html,6
pdal,113,tech,Chris Ortner,js,8
pdal,113,tech,Chris Ortner,py,8
pdal,113,tech,Connor Montgomery,cpp,2
pdal,113,tech,Grigory Yaroslavtsev,sbt,2
pdal,113,tech,Grigory Yaroslavtsev,sh,2
pdal,113,tech,Noreply,bat,1
pdal,113,tech,Noreply,bib,2
pdal,113,tech,Noreply,cmake,1
pdal,113,tech,Noreply,cpp,72
pdal,113,tech,Noreply,css,12
pdal,113,tech,Noreply,h,8
pdal,113,tech,Noreply,hpp,44
pdal,113,tech,Noreply,html,6
pdal,113,tech,Noreply,inl,11
pdal,113,tech,Noreply,js,8
pdal,113,tech,Noreply,py,7
pdal,113,tech,Noreply,sbt,3
pdal,113,tech,Noreply,sh,8
pdal,113,tech,Pdal,html,702
pdal,113,tech,Pdal,js,1
pdal,114,tech,Andrewnesbitt,cpp,1
pdal,114,tech,Chris Ortner,py,1
pdal,114,tech,Noreply,cpp,87
pdal,114,tech,Noreply,hpp,24
pdal,114,tech,Noreply,py,1
pdal,114,tech,Pdal,html,705
pdal,114,tech,Pdal,js,2
pdal,115,tech,Andrewnesbitt,cmake,1
pdal,115,tech,Andrewnesbitt,cpp,9
pdal,115,tech,Andrewnesbitt,hpp,6
pdal,115,tech,Chris Ortner,py,1
pdal,115,tech,Noreply,cmake,1
pdal,115,tech,Noreply,cmd,3
pdal,115,tech,Noreply,cpp,73
pdal,115,tech,Noreply,h,1
pdal,115,tech,Noreply,hpp,52
pdal,115,tech,Noreply,py,2
pdal,115,tech,Noreply,sh,3
pdal,116,tech,Andrewnesbitt,cc,1
pdal,116,tech,Andrewnesbitt,cpp,68
pdal,116,tech,Andrewnesbitt,css,7
pdal,116,tech,Andrewnesbitt,h,12
pdal,116,tech,Andrewnesbitt,hpp,33
pdal,116,tech,Andrewnesbitt,html,1
pdal,116,tech,Andrewnesbitt,js,8
pdal,116,tech,Andrewnesbitt,sh,2
pdal,116,tech,Bradley Griffith,cmake,2
pdal,116,tech,Bradley Griffith,cpp,2
pdal,116,tech,Bradley Griffith,hpp,1
pdal,116,tech,Noreply,cc,1
pdal,116,tech,Noreply,cpp,24
pdal,116,tech,Noreply,h,148
pdal,116,tech,Noreply,hpp,14
pdal,116,tech,Pdal,css,3
pdal,116,tech,Pdal,html,752
pdal,116,tech,Pdal,js,12
pdal,116,tech,Pierre-alexandre Meyer,las,1
pdal,117,tech,Andrewnesbitt,bat,3
pdal,117,tech,Andrewnesbitt,cmake,1
pdal,117,tech,Andrewnesbitt,cmd,5
pdal,117,tech,Andrewnesbitt,cpp,7
pdal,117,tech,Andrewnesbitt,hpp,1
pdal,117,tech,Andrewnesbitt,sh,27
pdal,117,tech,Noreply,bat,3
pdal,117,tech,Noreply,cmd,5
pdal,117,tech,Noreply,cpp,13
pdal,117,tech,Noreply,hpp,5
pdal,117,tech,Noreply,py,1
pdal,117,tech,Noreply,sbt,4
pdal,117,tech,Noreply,scala,2
pdal,117,tech,Noreply,sh,36
pdal,117,tech,Pdal,html,490
pdal,117,tech,Pdal,js,1
pdal,118,tech,Andrewnesbitt,cpp,5
pdal,118,tech,Andrewnesbitt,pyx,1
pdal,118,tech,Bradley Griffith,cmake,6
pdal,118,tech,Bradley Griffith,cpp,12
pdal,118,tech,Bradley Griffith,hpp,14
pdal,118,tech,Bradley Griffith,sh,1
pdal,118,tech,Chris Ortner,cmake,7
pdal,118,tech,Chris Ortner,cpp,14
pdal,118,tech,Chris Ortner,hpp,4
pdal,118,tech,Chris Ortner,py,1
pdal,118,tech,Chris Ortner,sh,5
pdal,118,tech,Noreply,bash,2
pdal,118,tech,Noreply,c,4
pdal,118,tech,Noreply,cmake,5
pdal,118,tech,Noreply,cpp,17
pdal,118,tech,Noreply,cs,7
pdal,118,tech,Noreply,css,4
pdal,118,tech,Noreply,h,2
pdal,118,tech,Noreply,hpp,4
pdal,118,tech,Noreply,html,77
pdal,118,tech,Noreply,js,37
pdal,118,tech,Noreply,pyx,1
pdal,118,tech,Noreply,sh,2
pdal,118,tech,Paul Sadauskas,bash,2
pdal,118,tech,Paul Sadauskas,c,4
pdal,118,tech,Paul Sadauskas,cpp,4
pdal,118,tech,Paul Sadauskas,cs,12
pdal,118,tech,Paul Sadauskas,css,8
pdal,118,tech,Paul Sadauskas,h,2
pdal,118,tech,Paul Sadauskas,html,154
pdal,118,tech,Paul Sadauskas,js,74
pdal,118,tech,Pdal,html,490
pdal,119,tech,Bradley Griffith,cpp,1
pdal,119,tech,Chris Ortner,cmake,3
pdal,119,tech,Chris Ortner,cpp,41
pdal,119,tech,Chris Ortner,h,1
pdal,119,tech,Chris Ortner,hpp,19
pdal,119,tech,Chris Ortner,py,1
pdal,119,tech,Chris Ortner,sh,13
pdal,119,tech,Connor Montgomery,cpp,1
pdal,119,tech,Kylemann,cpp,6
pdal,119,tech,Kylemann,hpp,2
pdal,119,tech,Noreply,cmake,2
pdal,119,tech,Noreply,cpp,44
pdal,119,tech,Noreply,h,1
pdal,119,tech,Noreply,hpp,23
pdal,119,tech,Noreply,py,2
pdal,119,tech,Noreply,sh,3
pdal,120,tech,Andrewnesbitt,cpp,2
pdal,120,tech,Andrewnesbitt,h,241
pdal,120,tech,Chris Ortner,cpp,9
pdal,120,tech,Chris Ortner,h,241
pdal,120,tech,Chris Ortner,hpp,5
pdal,120,tech,Chris Ortner,sh,3
pdal,120,tech,Kylemann,cpp,13
pdal,120,tech,Kylemann,hpp,14
pdal,120,tech,Kylemann,sh,1
pdal,120,tech,Noreply,cpp,6
pdal,120,tech,Noreply,h,241
pdal,120,tech,Noreply,hpp,3
pdal,120,tech,Noreply,sbt,3
pdal,120,tech,Noreply,scala,3
pdal,120,tech,Noreply,sh,4
pdal,120,tech,Pdal,html,981
pdal,120,tech,Pdal,js,4
pdal,121,tech,Andrewnesbitt,cpp,4
pdal,121,tech,Andrewnesbitt,hpp,1
pdal,121,tech,Chris Ortner,cpp,2
pdal,121,tech,Chris Ortner,hpp,1
pdal,121,tech,Chris Ortner,py,1
pdal,121,tech,Chris Ortner,sh,1
pdal,121,tech,Kylemann,cmake,3
pdal,121,tech,Kylemann,cpp,81
pdal,121,tech,Kylemann,h,242
pdal,121,tech,Kylemann,hpp,34
pdal,121,tech,Kylemann,sh,9
pdal,121,tech,Noreply,cpp,11
pdal,121,tech,Noreply,hpp,3
pdal,121,tech,Pdal,html,245
pdal,122,tech,Andrewnesbitt,cpp,9
pdal,122,tech,Andrewnesbitt,hpp,2
pdal,122,tech,Bradley Griffith,cpp,4
pdal,122,tech,Bradley Griffith,hpp,2
pdal,122,tech,Kylemann,cpp,6
pdal,122,tech,Kylemann,hpp,2
pdal,122,tech,Noreply,cpp,31
pdal,122,tech,Noreply,h,2
pdal,122,tech,Noreply,hpp,9
pdal,122,tech,Pdal,html,245
pdal,123,tech,Andrewnesbitt,cpp,2
pdal,123,tech,Bradley Griffith,bib,2
pdal,123,tech,Bradley Griffith,cmake,2
pdal,123,tech,Bradley Griffith,cpp,8
pdal,123,tech,Bradley Griffith,hpp,7
pdal,123,tech,Bradley Griffith,m,3
pdal,123,tech,Bradley Griffith,py,2
pdal,123,tech,Bradley Griffith,sh,14
pdal,123,tech,Bradley Griffith,tex,1
pdal,123,tech,Chris Ortner,py,2
pdal,123,tech,Chris Ortner,sh,7
pdal,123,tech,Grigory Yaroslavtsev,sbt,2
pdal,123,tech,Grigory Yaroslavtsev,scala,1
pdal,123,tech,Noreply,cmake,5
pdal,123,tech,Noreply,cpp,19
pdal,123,tech,Noreply,hpp,8
pdal,123,tech,Noreply,sh,8
pdal,123,tech,Pdal,css,2
pdal,123,tech,Pdal,html,245
pdal,123,tech,Pdal,js,6
pdal,124,tech,Andrewnesbitt,cpp,25
pdal,124,tech,Andrewnesbitt,hpp,10
pdal,124,tech,Andrewnesbitt,py,1
pdal,124,tech,Andrewnesbitt,sh,1
pdal,124,tech,Bradley Griffith,cpp,2
pdal,124,tech,Bradley Griffith,hpp,2
pdal,124,tech,Chris Ortner,py,1
pdal,124,tech,Chris Ortner,sh,1
pdal,124,tech,Connor Montgomery,cpp,1
pdal,124,tech,Connor Montgomery,hpp,1
pdal,124,tech,Noreply,cmake,2
pdal,124,tech,Noreply,cpp,56
pdal,124,tech,Noreply,cs,2
pdal,124,tech,Noreply,css,6
pdal,124,tech,Noreply,h,3
pdal,124,tech,Noreply,hpp,22
pdal,124,tech,Noreply,html,171
pdal,124,tech,Noreply,js,25
pdal,124,tech,Noreply,py,2
pdal,124,tech,Noreply,pyx,1
pdal,124,tech,Noreply,sh,7
pdal,124,tech,Paul,cpp,35
pdal,124,tech,Paul,cs,9
pdal,124,tech,Paul,css,4
pdal,124,tech,Paul,h,12
pdal,124,tech,Paul,html,124
pdal,124,tech,Paul,js,6
pdal,124,tech,Paul Sadauskas,cpp,6
pdal,124,tech,Paul Sadauskas,h,2
pdal,124,tech,Pdal,css,1
pdal,124,tech,Pdal,html,245
pdal,124,tech,Pdal,js,1
pdal,125,tech,Andrewnesbitt,bat,4
pdal,125,tech,Andrewnesbitt,bib,2
pdal,125,tech,Andrewnesbitt,cc,102
pdal,125,tech,Andrewnesbitt,cmake,42
pdal,125,tech,Andrewnesbitt,cmd,5
pdal,125,tech,Andrewnesbitt,cpp,458
pdal,125,tech,Andrewnesbitt,css,14
pdal,125,tech,Andrewnesbitt,h,393
pdal,125,tech,Andrewnesbitt,hpp,326
pdal,125,tech,Andrewnesbitt,html,13
pdal,125,tech,Andrewnesbitt,inl,11
pdal,125,tech,Andrewnesbitt,js,10
pdal,125,tech,Andrewnesbitt,las,8
pdal,125,tech,Andrewnesbitt,m4,6
pdal,125,tech,Andrewnesbitt,py,49
pdal,125,tech,Andrewnesbitt,sh,47
pdal,125,tech,Bradley Griffith,cpp,2
pdal,125,tech,Bradley Griffith,h,1
pdal,125,tech,Bradley Griffith,hpp,1
pdal,125,tech,Noreply,cmake,1
pdal,125,tech,Noreply,cpp,18
pdal,125,tech,Noreply,h,1
pdal,125,tech,Noreply,hpp,13
pdal,125,tech,Noreply,sh,5
pdal,126,tech,Andrewnesbitt,cc,1
pdal,126,tech,Andrewnesbitt,cpp,51
pdal,126,tech,Andrewnesbitt,h,1
pdal,126,tech,Andrewnesbitt,hpp,37
pdal,126,tech,Andrewnesbitt,las,2
pdal,126,tech,Andrewnesbitt,py,1
pdal,126,tech,Chris Ortner,py,1
pdal,126,tech,Chris Ortner,sh,2
pdal,126,tech,Noreply,cpp,15
pdal,126,tech,Noreply,hpp,4
pdal,126,tech,Noreply,py,1
pdal,126,tech,Pdal,css,1
pdal,126,tech,Pdal,html,240
pdal,126,tech,Pdal,js,5
pdal,126,tech,Ryan Mudryk,cpp,1
pdal,126,tech,Ryan Mudryk,hpp,1
pdal,127,tech,Andrewnesbitt,cpp,12
pdal,127,tech,Andrewnesbitt,hpp,7
pdal,127,tech,Chris Ortner,py,1
pdal,127,tech,Chris Ortner,sh,1
pdal,127,tech,Connor Montgomery,cpp,6
pdal,127,tech,Connor Montgomery,hpp,3
pdal,127,tech,Grigory Yaroslavtsev,sbt,1
pdal,127,tech,Grigory Yaroslavtsev,sh,15
pdal,127,tech,Noreply,cpp,6
pdal,127,tech,Noreply,hpp,4
pdal,127,tech,Noreply,sbt,5
pdal,127,tech,Noreply,scala,27
pdal,127,tech,Noreply,sh,6
pdal,127,tech,Pdal,css,1
pdal,127,tech,Pdal,html,499
pdal,127,tech,Pdal,js,4
pdal,128,tech,Andrewnesbitt,cmake,2
pdal,128,tech,Andrewnesbitt,cpp,12
pdal,128,tech,Andrewnesbitt,h,1
pdal,128,tech,Andrewnesbitt,hpp,6
pdal,128,tech,Andrewnesbitt,inl,2
pdal,128,tech,Bradley Griffith,cpp,2
pdal,128,tech,Bradley Griffith,hpp,1
pdal,128,tech,Chris Ortner,cpp,1
pdal,128,tech,Kylemann,cpp,6
pdal,128,tech,Kylemann,hpp,3
pdal,128,tech,Noreply,cmake,2
pdal,128,tech,Noreply,cpp,12
pdal,128,tech,Noreply,h,1
pdal,128,tech,Noreply,hpp,6
pdal,128,tech,Noreply,inl,2
pdal,129,tech,Andrewnesbitt,cpp,27
pdal,129,tech,Andrewnesbitt,hpp,36
pdal,129,tech,Noreply,cpp,7
pdal,129,tech,Noreply,hpp,9
pdal,129,tech,Pdal,css,1
pdal,129,tech,Pdal,html,498
pdal,129,tech,Pdal,js,3
pgrouting,0,tech,Anton Haglund,sql,4
pgrouting,0,tech,Daniel,c,12
pgrouting,0,tech,Daniel,cpp,12
pgrouting,0,tech,Daniel,h,12
pgrouting,0,tech,Daniel,hpp,6
pgrouting,0,tech,Daniel,sql,4
pgrouting,1,tech,Anton Haglund,cpp,2
pgrouting,2,tech,Anton Haglund,c,2
pgrouting,2,tech,Anton Haglund,cpp,4
pgrouting,2,tech,Anton Haglund,sql,2
pgrouting,3,tech,Anton Haglund,sql,2
pgrouting,4,tech,Anton Haglund,c,26
pgrouting,4,tech,Anton Haglund,cmake,20
pgrouting,4,tech,Anton Haglund,cpp,24
pgrouting,4,tech,Anton Haglund,h,24
pgrouting,4,tech,Anton Haglund,hpp,12
pgrouting,4,tech,Anton Haglund,sql,26
pgrouting,4,tech,Daniel,c,24
pgrouting,4,tech,Daniel,cmake,36
pgrouting,4,tech,Daniel,cpp,24
pgrouting,4,tech,Daniel,h,24
pgrouting,4,tech,Daniel,hpp,12
pgrouting,4,tech,Daniel,sql,24
pgrouting,5,tech,Anton Haglund,c,6
pgrouting,6,tech,Anton Haglund,cpp,2
pgrouting,6,tech,Anton Haglund,h,2
pgrouting,6,tech,Anton Haglund,hpp,4
pgrouting,7,tech,Anton Haglund,cpp,2
pgrouting,7,tech,Anton Haglund,hpp,2
pgrouting,8,tech,Anton Haglund,c,4
pgrouting,8,tech,Anton Haglund,cmake,2
pgrouting,8,tech,Anton Haglund,cpp,12
pgrouting,8,tech,Anton Haglund,h,4
pgrouting,8,tech,Anton Haglund,hpp,4
pgrouting,8,tech,Anton Haglund,sql,18
pgrouting,8,tech,Takubo.morio,cmake,4
pgrouting,9,tech,Anton Haglund,c,28
pgrouting,9,tech,Anton Haglund,cpp,18
pgrouting,9,tech,Anton Haglund,hpp,4
pgrouting,9,tech,Anton Haglund,sql,6
pgrouting,10,tech,Anton Haglund,c,8
pgrouting,10,tech,Anton Haglund,cpp,26
pgrouting,10,tech,Anton Haglund,hpp,2
pgrouting,11,tech,Anton Haglund,sql,4
pgrouting,12,tech,Anton Haglund,cpp,2
pgrouting,13,tech,Anton Haglund,cmake,4
pgrouting,13,tech,Anton Haglund,cpp,6
pgrouting,13,tech,Anton Haglund,sql,2
pgrouting,14,tech,Anton Haglund,cpp,8
pgrouting,14,tech,Anton Haglund,h,5
pgrouting,14,tech,Daniel,cpp,8
pgrouting,14,tech,Daniel,h,8
pgrouting,15,tech,Anton Haglund,cpp,12
pgrouting,15,tech,Anton Haglund,h,3
pgrouting,15,tech,Anton Haglund,sql,2
pgrouting,18,tech,Anton Haglund,sql,6
pgrouting,21,tech,Anton Haglund,h,2
pgrouting,23,tech,Anton Haglund,sql,2
postgis,0,tech,Mark Josef,c,2
postgis,0,tech,Mark Josef,sql,2
postgis,1,tech,Mr.kev,c,1
postgis,1,tech,Paul Sadauskas,c,5
postgis,1,tech,Veronika,c,1
postgis,1,tech,Veronika,xsl,6
postgis,2,tech,Mark Josef,c,46
postgis,2,tech,Mark Josef,h,5
postgis,2,tech,Mr.kev,c,3
postgis,2,tech,Olivierdegreef,c,8
postgis,2,tech,Olivierdegreef,h,1
postgis,2,tech,Paul Sadauskas,c,121
postgis,2,tech,Paul Sadauskas,h,62
postgis,2,tech,Sandro Turriate,c,3
postgis,2,tech,Sandro Turriate,sh,1
postgis,2,tech,Sandro Turriate,sql,1
postgis,2,tech,Veronika,c,3
postgis,2,tech,Veronika,h,1
postgis,2,tech,Veronika,xsl,19
postgis,3,tech,Mark Josef,c,15
postgis,3,tech,Mark Josef,h,2
postgis,3,tech,Mark Josef,pl,4
postgis,3,tech,Olivierdegreef,c,26
postgis,3,tech,Olivierdegreef,h,4
postgis,3,tech,Olivierdegreef,lex,2
postgis,3,tech,Olivierdegreef,sql,11
postgis,3,tech,Paul Sadauskas,c,94
postgis,3,tech,Paul Sadauskas,h,26
postgis,3,tech,Paul Sadauskas,lex,2
postgis,3,tech,Paul Sadauskas,pl,3
postgis,3,tech,Paul Sadauskas,sql,2
postgis,3,tech,Sandro Turriate,c,1
postgis,3,tech,Veronika,c,1
postgis,3,tech,Veronika,xsl,5
postgis,4,tech,Mark Josef,c,9
postgis,4,tech,Mr.kev,c,2
postgis,4,tech,Mr.kev,css,1
postgis,4,tech,Mr.kev,sql,3
postgis,4,tech,Olivierdegreef,c,6
postgis,4,tech,Olivierdegreef,sql,1
postgis,4,tech,Olivierdegreef,xsl,4
postgis,4,tech,Paul Sadauskas,c,84
postgis,4,tech,Paul Sadauskas,h,24
postgis,4,tech,Paul Sadauskas,pl,5
postgis,4,tech,Paul Sadauskas,sh,1
postgis,4,tech,Paul Sadauskas,sql,12
postgis,4,tech,Veronika,c,2
postgis,4,tech,Veronika,css,6
postgis,4,tech,Veronika,xsl,34
postgis,5,tech,Mark Josef,c,24
postgis,5,tech,Mark Josef,h,3
postgis,5,tech,Olivierdegreef,c,6
postgis,5,tech,Olivierdegreef,sql,2
postgis,5,tech,Paul Sadauskas,c,74
postgis,5,tech,Paul Sadauskas,h,12
postgis,5,tech,Paul Sadauskas,pl,1
postgis,5,tech,Veronika,xsl,1
postgis,6,tech,Mark Josef,c,2
postgis,6,tech,Mark Josef,h,1
postgis,6,tech,Mark Josef,sh,2
postgis,6,tech,Olivierdegreef,c,1
postgis,6,tech,Olivierdegreef,sql,2
postgis,6,tech,Paul Sadauskas,c,96
postgis,6,tech,Paul Sadauskas,h,3
postgis,6,tech,Paul Sadauskas,pl,6
postgis,6,tech,Paul Sadauskas,sh,2
postgis,6,tech,Paul Sadauskas,sql,2
postgis,6,tech,Sandro Turriate,c,1
postgis,7,tech,Olivierdegreef,c,82
postgis,7,tech,Olivierdegreef,h,23
postgis,7,tech,Olivierdegreef,sh,1
postgis,7,tech,Olivierdegreef,sql,14
postgis,7,tech,Paul Sadauskas,c,84
postgis,7,tech,Paul Sadauskas,h,36
postgis,7,tech,Sandro Turriate,c,74
postgis,7,tech,Sandro Turriate,h,7
postgis,7,tech,Sandro Turriate,sql,14
postgis,7,tech,Veronika,xsl,1
postgis,8,tech,Olivierdegreef,c,2
postgis,8,tech,Olivierdegreef,sql,2
postgis,8,tech,Olivierdegreef,xsl,1
postgis,8,tech,Paul Sadauskas,c,74
postgis,8,tech,Paul Sadauskas,h,10
postgis,8,tech,Paul Sadauskas,pl,2
postgis,8,tech,Sandro Turriate,c,34
postgis,8,tech,Sandro Turriate,h,5
postgis,8,tech,Sandro Turriate,sql,14
postgis,8,tech,Veronika,xsl,2
postgis,9,tech,Olivierdegreef,c,15
postgis,9,tech,Olivierdegreef,h,2
postgis,9,tech,Olivierdegreef,sql,4
postgis,9,tech,Paul Sadauskas,c,3
postgis,9,tech,Paul Sadauskas,m4,2
postgis,9,tech,Sandro Turriate,c,8
postgis,9,tech,Sandro Turriate,sql,4
postgis,9,tech,Veronika,xsl,1
postgis,10,tech,Olivierdegreef,c,1
postgis,10,tech,Paul Sadauskas,c,29
postgis,10,tech,Paul Sadauskas,h,10
postgis,10,tech,Sandro Turriate,c,1
postgis,11,tech,Paul Sadauskas,c,1
postgis,11,tech,Sandro Turriate,c,6
postgis,11,tech,Sandro Turriate,sql,2
postgis,11,tech,Veronika,c,3
postgis,12,tech,Mark Josef,c,7
postgis,12,tech,Mark Josef,h,3
postgis,12,tech,Nicklas.aven,c,2
postgis,12,tech,Olivierdegreef,c,20
postgis,12,tech,Olivierdegreef,h,9
postgis,12,tech,Olivierdegreef,lex,2
postgis,12,tech,Olivierdegreef,sql,2
postgis,12,tech,Olivierdegreef,y,2
postgis,12,tech,Sandro Turriate,c,1
postgis,12,tech,Veronika,xsl,3
postgis,13,tech,Mark Josef,c,22
postgis,13,tech,Mark Josef,h,12
postgis,13,tech,Nicklas.aven,c,10
postgis,13,tech,Nicklas.aven,h,4
postgis,13,tech,Nicklas.aven,sql,1
postgis,13,tech,Olivierdegreef,c,127
postgis,13,tech,Olivierdegreef,h,9
postgis,13,tech,Olivierdegreef,lex,1
postgis,13,tech,Olivierdegreef,sql,4
postgis,13,tech,Olivierdegreef,y,2
postgis,13,tech,Paul Sadauskas,c,13
postgis,13,tech,Paul Sadauskas,h,3
postgis,13,tech,Paul Sadauskas,sql,2
postgis,13,tech,Sandro Turriate,pl,1
postgis,13,tech,Veronika,xsl,9
postgis,14,tech,Jorge L Chao,c,9
postgis,14,tech,Jorge L Chao,h,6
postgis,14,tech,Jorge L Chao,m4,1
postgis,14,tech,Jorge L Chao,py,8
postgis,14,tech,Jorge L Chao,sql,46
postgis,14,tech,Mark Josef,c,20
postgis,14,tech,Mark Josef,h,7
postgis,14,tech,Nicklas.aven,c,2
postgis,14,tech,Olivierdegreef,c,14
postgis,14,tech,Olivierdegreef,h,6
postgis,14,tech,Paul Sadauskas,c,16
postgis,14,tech,Paul Sadauskas,h,3
postgis,14,tech,Paul Sadauskas,sql,4
postgis,14,tech,Sandro Turriate,c,2
postgis,14,tech,Veronika,c,11
postgis,14,tech,Veronika,xsl,4
postgis,15,tech,Jorge L Chao,c,9
postgis,15,tech,Jorge L Chao,h,4
postgis,15,tech,Jorge L Chao,py,1
postgis,15,tech,Jorge L Chao,sql,9
postgis,15,tech,Paul Sadauskas,c,176
postgis,15,tech,Paul Sadauskas,h,42
postgis,15,tech,Paul Sadauskas,l,8
postgis,15,tech,Paul Sadauskas,y,12
postgis,15,tech,Pierre-alexandre Meyer,c,3
postgis,15,tech,Pierre-alexandre Meyer,py,1
postgis,15,tech,Pierre-alexandre Meyer,sql,12
postgis,15,tech,Sandro Turriate,c,2
postgis,15,tech,Sandro Turriate,sql,1
postgis,15,tech,Veronika,sql,1
postgis,15,tech,Veronika,xsl,31
postgis,16,tech,Jorge L Chao,c,1
postgis,16,tech,Jorge L Chao,h,1
postgis,16,tech,Olivierdegreef,c,125
postgis,16,tech,Olivierdegreef,h,8
postgis,16,tech,Paul Sadauskas,c,175
postgis,16,tech,Paul Sadauskas,h,31
postgis,16,tech,Paul Sadauskas,sql,1
postgis,16,tech,Sandro Turriate,c,6
postgis,16,tech,Sandro Turriate,pl,1
postgis,16,tech,Sandro Turriate,sql,4
postgis,16,tech,Veronika,xsl,16
postgis,17,tech,Jorge L Chao,c,3
postgis,17,tech,Jorge L Chao,l,3
postgis,17,tech,Jorge L Chao,y,1
postgis,17,tech,Mark Josef,c,1
postgis,17,tech,Mark Josef,sql,1
postgis,17,tech,Mateusz U,c,1
postgis,17,tech,Mateusz U,py,1
postgis,17,tech,Nicklas.aven,c,3
postgis,17,tech,Nicklas.aven,h,3
postgis,17,tech,Nicklas.aven,sql,3
postgis,17,tech,Paul Sadauskas,c,402
postgis,17,tech,Paul Sadauskas,h,60
postgis,17,tech,Paul Sadauskas,l,2
postgis,17,tech,Paul Sadauskas,m4,13
postgis,17,tech,Paul Sadauskas,sql,29
postgis,17,tech,Paul Sadauskas,y,6
postgis,17,tech,Sandro Turriate,c,16
postgis,17,tech,Sandro Turriate,sql,40
postgis,17,tech,Veronika,c,20
postgis,17,tech,Veronika,sql,43
postgis,17,tech,Veronika,xsl,30
postgis,18,tech,Jorge L Chao,c,24
postgis,18,tech,Jorge L Chao,h,2
postgis,18,tech,Jorge L Chao,l,4
postgis,18,tech,Jorge L Chao,py,3
postgis,18,tech,Jorge L Chao,sql,20
postgis,18,tech,Jorge L Chao,y,3
postgis,18,tech,Mateusz U,c,2
postgis,18,tech,Mateusz U,h,2
postgis,18,tech,Nicklas.aven,c,2
postgis,18,tech,Pierre-alexandre Meyer,c,2
postgis,18,tech,Pierre-alexandre Meyer,py,2
postgis,18,tech,Pierre-alexandre Meyer,sql,2
postgis,18,tech,Sandro Turriate,c,18
postgis,18,tech,Sandro Turriate,sql,59
postgis,18,tech,Veronika,bat,2
postgis,18,tech,Veronika,c,40
postgis,18,tech,Veronika,py,4
postgis,18,tech,Veronika,sh,16
postgis,18,tech,Veronika,sql,147
postgis,18,tech,Veronika,xsl,5
postgis,19,tech,Jorge L Chao,c,5
postgis,19,tech,Jorge L Chao,h,1
postgis,19,tech,Jorge L Chao,l,1
postgis,19,tech,Jorge L Chao,py,2
postgis,19,tech,Jorge L Chao,sql,3
postgis,19,tech,Jorge L Chao,y,1
postgis,19,tech,Nicklas.aven,c,2
postgis,19,tech,Nicklas.aven,h,2
postgis,19,tech,Sandro Turriate,c,22
postgis,19,tech,Sandro Turriate,h,2
postgis,19,tech,Sandro Turriate,sql,27
postgis,19,tech,Veronika,bat,1
postgis,19,tech,Veronika,c,2
postgis,19,tech,Veronika,sh,2
postgis,19,tech,Veronika,sql,10
postgis,19,tech,Veronika,xsl,7
postgis,20,tech,Jorge L Chao,c,11
postgis,20,tech,Jorge L Chao,h,1
postgis,20,tech,Jorge L Chao,py,1
postgis,20,tech,Jorge L Chao,sql,1
postgis,20,tech,Nicklas.aven,c,4
postgis,20,tech,Nicklas.aven,pl,1
postgis,20,tech,Nicklas.aven,sql,3
postgis,20,tech,Paul Sadauskas,1,2
postgis,20,tech,Paul Sadauskas,c,28
postgis,20,tech,Paul Sadauskas,h,8
postgis,20,tech,Paul Sadauskas,sql,58
postgis,20,tech,Pierre-alexandre Meyer,c,15
postgis,20,tech,Pierre-alexandre Meyer,h,2
postgis,20,tech,Pierre-alexandre Meyer,py,1
postgis,20,tech,Pierre-alexandre Meyer,sql,5
postgis,20,tech,Sandro Turriate,c,8
postgis,20,tech,Sandro Turriate,sql,24
postgis,20,tech,Veronika,c,10
postgis,20,tech,Veronika,sh,2
postgis,20,tech,Veronika,sql,8
postgis,20,tech,Veronika,xsl,2
postgis,21,tech,Jorge L Chao,c,6
postgis,21,tech,Jorge L Chao,py,1
postgis,21,tech,Mark Josef,c,1
postgis,21,tech,Nicklas.aven,c,3
postgis,21,tech,Olivierdegreef,c,6
postgis,21,tech,Olivierdegreef,h,1
postgis,21,tech,Olivierdegreef,sql,4
postgis,21,tech,Pierre-alexandre Meyer,c,2
postgis,21,tech,Pierre-alexandre Meyer,sql,3
postgis,21,tech,Sandro Turriate,1,1
postgis,21,tech,Sandro Turriate,c,9
postgis,21,tech,Sandro Turriate,h,3
postgis,21,tech,Sandro Turriate,sh,2
postgis,21,tech,Sandro Turriate,sql,7
postgis,21,tech,Veronika,c,12
postgis,21,tech,Veronika,h,1
postgis,21,tech,Veronika,sh,2
postgis,21,tech,Veronika,sql,32
postgis,21,tech,Veronika,xsl,3
postgis,22,tech,Chris Bailey,c,10
postgis,22,tech,Chris Bailey,h,4
postgis,22,tech,Chris Bailey,sql,4
postgis,22,tech,Jorge L Chao,c,9
postgis,22,tech,Jorge L Chao,h,3
postgis,22,tech,Paul Sadauskas,c,4
postgis,22,tech,Sandro Turriate,c,12
postgis,22,tech,Sandro Turriate,sql,92
postgis,22,tech,Ucdavis.edu,c,74
postgis,22,tech,Ucdavis.edu,h,9
postgis,22,tech,Ucdavis.edu,py,2
postgis,22,tech,Ucdavis.edu,sql,43
postgis,22,tech,Veronika,bat,5
postgis,22,tech,Veronika,c,26
postgis,22,tech,Veronika,sh,5
postgis,22,tech,Veronika,sql,54
postgis,22,tech,Veronika,xsl,7
postgis,23,tech,Chris Bailey,c,2
postgis,23,tech,Jorge L Chao,c,4
postgis,23,tech,Mark Josef,1,1
postgis,23,tech,Mark Josef,c,4
postgis,23,tech,Mark Josef,h,1
postgis,23,tech,Paul Sadauskas,c,61
postgis,23,tech,Paul Sadauskas,h,12
postgis,23,tech,Paul Sadauskas,sql,9
postgis,23,tech,Pierre-alexandre Meyer,c,1
postgis,23,tech,Pierre-alexandre Meyer,sql,1
postgis,23,tech,Sandro Turriate,c,5
postgis,23,tech,Sandro Turriate,sql,3
postgis,23,tech,Ucdavis.edu,c,64
postgis,23,tech,Ucdavis.edu,h,11
postgis,23,tech,Ucdavis.edu,py,1
postgis,23,tech,Ucdavis.edu,sql,16
postgis,23,tech,Veronika,1,1
postgis,23,tech,Veronika,bat,1
postgis,23,tech,Veronika,c,18
postgis,23,tech,Veronika,sql,46
postgis,23,tech,Veronika,xsl,9
postgis,24,tech,Mark Josef,c,15
postgis,24,tech,Mark Josef,h,5
postgis,24,tech,Paul Sadauskas,c,7
postgis,24,tech,Paul Sadauskas,l,1
postgis,24,tech,Pierre-alexandre Meyer,c,1
postgis,24,tech,Pierre-alexandre Meyer,sql,6
postgis,24,tech,Sandro Turriate,c,64
postgis,24,tech,Sandro Turriate,h,4
postgis,24,tech,Sandro Turriate,sql,23
postgis,24,tech,Ucdavis.edu,c,30
postgis,24,tech,Ucdavis.edu,h,4
postgis,24,tech,Ucdavis.edu,sql,7
postgis,24,tech,Veronika,c,12
postgis,24,tech,Veronika,sql,79
postgis,24,tech,Veronika,xsl,1
postgis,25,tech,Paul Sadauskas,c,31
postgis,25,tech,Paul Sadauskas,h,4
postgis,25,tech,Paul Sadauskas,lex,1
postgis,25,tech,Paul Sadauskas,y,1
postgis,25,tech,Sandro Turriate,c,164
postgis,25,tech,Sandro Turriate,h,57
postgis,25,tech,Ucdavis.edu,c,35
postgis,25,tech,Ucdavis.edu,h,8
postgis,25,tech,Ucdavis.edu,sql,7
postgis,25,tech,Veronika,bat,1
postgis,25,tech,Veronika,c,3
postgis,25,tech,Veronika,sql,14
postgis,25,tech,Veronika,xsl,1
postgis,26,tech,Paul Sadauskas,c,5
postgis,26,tech,Pierre-alexandre Meyer,sql,1
postgis,26,tech,Sandro Turriate,c,7
postgis,26,tech,Sandro Turriate,h,3
postgis,26,tech,Sandro Turriate,sql,18
postgis,26,tech,Ucdavis.edu,c,10
postgis,26,tech,Ucdavis.edu,h,4
postgis,26,tech,Ucdavis.edu,sql,2
postgis,26,tech,Veronika,c,8
postgis,26,tech,Veronika,sql,32
postgis,27,tech,Davidleal,c,8
postgis,27,tech,Davidleal,sql,4
postgis,27,tech,Paul Sadauskas,c,81
postgis,27,tech,Paul Sadauskas,h,8
postgis,27,tech,Paul Sadauskas,sql,2
postgis,27,tech,Sandro Turriate,c,65
postgis,27,tech,Sandro Turriate,h,5
postgis,27,tech,Sandro Turriate,l,1
postgis,27,tech,Sandro Turriate,sql,18
postgis,27,tech,Sandro Turriate,y,1
postgis,27,tech,Ucdavis.edu,c,41
postgis,27,tech,Ucdavis.edu,h,7
postgis,27,tech,Ucdavis.edu,sql,8
postgis,27,tech,Veronika,c,5
postgis,27,tech,Veronika,sql,3
postgis,28,tech,Davidleal,c,8
postgis,28,tech,Davidleal,h,2
postgis,28,tech,Davidleal,sql,16
postgis,28,tech,Paul Sadauskas,c,191
postgis,28,tech,Paul Sadauskas,h,30
postgis,28,tech,Paul Sadauskas,sql,9
postgis,28,tech,Pierre-alexandre Meyer,sql,2
postgis,28,tech,Sandro Turriate,c,39
postgis,28,tech,Sandro Turriate,h,2
postgis,28,tech,Sandro Turriate,sql,20
postgis,28,tech,Ucdavis.edu,c,53
postgis,28,tech,Ucdavis.edu,h,7
postgis,28,tech,Ucdavis.edu,sql,14
postgis,28,tech,Veronika,c,6
postgis,28,tech,Veronika,sql,4
postgis,28,tech,Veronika,xsl,27
postgis,29,tech,Davidleal,c,6
postgis,29,tech,Davidleal,sql,8
postgis,29,tech,Paul Sadauskas,c,22
postgis,29,tech,Paul Sadauskas,xsl,1
postgis,29,tech,Pierre-alexandre Meyer,c,3
postgis,29,tech,Pierre-alexandre Meyer,sql,23
postgis,29,tech,Sandro Turriate,1,1
postgis,29,tech,Sandro Turriate,c,47
postgis,29,tech,Sandro Turriate,h,1
postgis,29,tech,Sandro Turriate,java,12
postgis,29,tech,Sandro Turriate,pl,40
postgis,29,tech,Sandro Turriate,sql,40
postgis,29,tech,Ucdavis.edu,c,62
postgis,29,tech,Ucdavis.edu,h,8
postgis,29,tech,Ucdavis.edu,sql,35
postgis,29,tech,Veronika,c,13
postgis,29,tech,Veronika,sql,17
postgis,29,tech,Veronika,xsl,3
postgis,30,tech,Chris Bailey,sql,1
postgis,30,tech,Mark Josef,c,18
postgis,30,tech,Mark Josef,h,9
postgis,30,tech,Paul Sadauskas,c,78
postgis,30,tech,Paul Sadauskas,h,8
postgis,30,tech,Paul Sadauskas,pl,1
postgis,30,tech,Paul Sadauskas,sql,8
postgis,30,tech,Sandro Turriate,c,106
postgis,30,tech,Sandro Turriate,h,5
postgis,30,tech,Sandro Turriate,java,7
postgis,30,tech,Sandro Turriate,m4,1
postgis,30,tech,Sandro Turriate,pl,4
postgis,30,tech,Sandro Turriate,sh,1
postgis,30,tech,Sandro Turriate,sql,94
postgis,30,tech,Ucdavis.edu,c,35
postgis,30,tech,Ucdavis.edu,h,5
postgis,30,tech,Ucdavis.edu,sql,9
postgis,30,tech,Veronika,c,47
postgis,30,tech,Veronika,sql,7
postgis,30,tech,Veronika,xsl,4
postgis,31,tech,Davidleal,c,16
postgis,31,tech,Davidleal,h,1
postgis,31,tech,Davidleal,sql,8
postgis,31,tech,Mark Josef,c,13
postgis,31,tech,Nicklas.aven,c,1
postgis,31,tech,Nicklas.aven,sql,1
postgis,31,tech,Olivierdegreef,c,12
postgis,31,tech,Olivierdegreef,h,1
postgis,31,tech,Paul Sadauskas,c,117
postgis,31,tech,Paul Sadauskas,h,21
postgis,31,tech,Paul Sadauskas,java,6
postgis,31,tech,Paul Sadauskas,mk,6
postgis,31,tech,Paul Sadauskas,pl,8
postgis,31,tech,Paul Sadauskas,sh,3
postgis,31,tech,Paul Sadauskas,sql,15
postgis,31,tech,Paul Sadauskas,xsl,1
postgis,31,tech,Pierre-alexandre Meyer,c,5
postgis,31,tech,Pierre-alexandre Meyer,sql,7
postgis,31,tech,Sandro Turriate,c,95
postgis,31,tech,Sandro Turriate,h,6
postgis,31,tech,Sandro Turriate,pl,8
postgis,31,tech,Sandro Turriate,sql,36
postgis,31,tech,Sandro Turriate,xsl,1
postgis,31,tech,Ucdavis.edu,c,44
postgis,31,tech,Ucdavis.edu,h,3
postgis,31,tech,Ucdavis.edu,sh,8
postgis,31,tech,Ucdavis.edu,sql,43
postgis,31,tech,Veronika,bat,1
postgis,31,tech,Veronika,sh,1
postgis,31,tech,Veronika,sql,9
postgis,32,tech,Davidleal,sql,1
postgis,32,tech,Paul Sadauskas,bat,2
postgis,32,tech,Paul Sadauskas,c,34
postgis,32,tech,Paul Sadauskas,h,4
postgis,32,tech,Paul Sadauskas,java,4
postgis,32,tech,Paul Sadauskas,m4,2
postgis,32,tech,Paul Sadauskas,mk,7
postgis,32,tech,Paul Sadauskas,pl,1
postgis,32,tech,Paul Sadauskas,py,3
postgis,32,tech,Paul Sadauskas,sh,8
postgis,32,tech,Paul Sadauskas,sql,24
postgis,32,tech,Paul Sadauskas,y,1
postgis,32,tech,Pierre-alexandre Meyer,c,3
postgis,32,tech,Pierre-alexandre Meyer,css,1
postgis,32,tech,Pierre-alexandre Meyer,sql,4
postgis,32,tech,Sandro Turriate,c,53
postgis,32,tech,Sandro Turriate,h,1
postgis,32,tech,Sandro Turriate,pl,1
postgis,32,tech,Sandro Turriate,sh,2
postgis,32,tech,Sandro Turriate,sql,29
postgis,32,tech,Sandro Turriate,xsl,2
postgis,32,tech,Ucdavis.edu,c,15
postgis,32,tech,Ucdavis.edu,h,3
postgis,32,tech,Ucdavis.edu,sql,7
postgis,32,tech,Veronika,c,4
postgis,32,tech,Veronika,css,1
postgis,33,tech,Mark Josef,c,8
postgis,33,tech,Mark Josef,h,3
postgis,33,tech,Nicklas.aven,c,1
postgis,33,tech,Paul Sadauskas,c,6
postgis,33,tech,Paul Sadauskas,h,1
postgis,33,tech,Paul Sadauskas,mk,6
postgis,33,tech,Paul Sadauskas,sql,4
postgis,33,tech,Sandro Turriate,c,23
postgis,33,tech,Sandro Turriate,java,5
postgis,33,tech,Sandro Turriate,pl,2
postgis,33,tech,Sandro Turriate,sh,2
postgis,33,tech,Sandro Turriate,sql,17
postgis,33,tech,Sandro Turriate,xsl,1
postgis,33,tech,Ucdavis.edu,c,12
postgis,33,tech,Ucdavis.edu,h,2
postgis,33,tech,Veronika,c,1
postgis,33,tech,Veronika,pl,1
postgis,33,tech,Veronika,sql,1
postgis,33,tech,Veronika,xsl,7
postgis,34,tech,Olivierdegreef,c,13
postgis,34,tech,Paul Sadauskas,c,24
postgis,34,tech,Paul Sadauskas,h,1
postgis,34,tech,Paul Sadauskas,mk,1
postgis,34,tech,Paul Sadauskas,pl,2
postgis,34,tech,Paul Sadauskas,sql,10
postgis,34,tech,Sandro Turriate,c,23
postgis,34,tech,Sandro Turriate,sql,6
postgis,34,tech,Ucdavis.edu,c,38
postgis,34,tech,Ucdavis.edu,h,3
postgis,34,tech,Ucdavis.edu,sql,10
postgis,34,tech,Veronika,bat,2
postgis,34,tech,Veronika,c,14
postgis,34,tech,Veronika,py,1
postgis,34,tech,Veronika,sh,6
postgis,34,tech,Veronika,sql,72
postgis,34,tech,Veronika,xsl,4
postgis,35,tech,Paul Sadauskas,pl,11
postgis,35,tech,Paul Sadauskas,sql,2
postgis,35,tech,Pierre-alexandre Meyer,sql,1
postgis,35,tech,Sandro Turriate,c,4
postgis,35,tech,Sandro Turriate,pl,2
postgis,35,tech,Ucdavis.edu,c,4
postgis,35,tech,Ucdavis.edu,h,2
postgis,35,tech,Veronika,sql,11
proj,0,social,404,404,0
proj,0,social,Alan D. Snow,Alan D. Snow,0
proj,0,social,Alan D. Snow,Even Rouault,3
proj,0,social,Andrea Giudiceandrea,Andrea Giudiceandrea,0
proj,0,social,Andrew Bell,Andrew Bell,0
proj,0,social,Bas Couwenberg,Bas Couwenberg,0
proj,0,social,Bas Couwenberg,Elmarbrockmann,1
proj,0,social,Bas Couwenberg,Kristian Evers,1
proj,0,social,Charles Karney,Charles Karney,0
proj,0,social,Charles Karney,Even Rouault,1
proj,0,social,Charles Karney,Kristian Evers,1
proj,0,social,Devrim,Devrim,0
proj,0,social,Devrim,Kristian Evers,1
proj,0,social,Elmarbrockmann,Bas Couwenberg,1
proj,0,social,Elmarbrockmann,Elmarbrockmann,0
proj,0,social,Even Rouault,Alan D. Snow,3
proj,0,social,Even Rouault,Charles Karney,1
proj,0,social,Even Rouault,Even Rouault,0
proj,0,social,Even Rouault,Kai Pastor,1
proj,0,social,Even Rouault,Kristian Evers,12
proj,0,social,Even Rouault,Martin Desruisseaux,1
proj,0,social,Even Rouault,Pedro Venancio,2
proj,0,social,Fabrice Fontaine,Fabrice Fontaine,0
proj,0,social,Howard Butler,Howard Butler,0
proj,0,social,Howard Butler,Martin Desruisseaux,2
proj,0,social,Jeroen Ooms,Jeroen Ooms,0
proj,0,social,Kai Pastor,Even Rouault,1
proj,0,social,Kai Pastor,Kai Pastor,0
proj,0,social,Kristian Evers,Bas Couwenberg,1
proj,0,social,Kristian Evers,Charles Karney,1
proj,0,social,Kristian Evers,Devrim,1
proj,0,social,Kristian Evers,Even Rouault,12
proj,0,social,Kristian Evers,Kristian Evers,0
proj,0,social,Kristian Evers,Martin Desruisseaux,2
proj,0,social,Kristian Evers,Pedro Venancio,2
proj,0,social,Kristian Evers,Simon Schneegans,1
proj,0,social,Martin Desruisseaux,Even Rouault,1
proj,0,social,Martin Desruisseaux,Howard Butler,2
proj,0,social,Martin Desruisseaux,Kristian Evers,2
proj,0,social,Martin Desruisseaux,Martin Desruisseaux,0
proj,0,social,Mike Taves,Mike Taves,0
proj,0,social,Nyall Dawson,Nyall Dawson,0
proj,0,social,Pedro Venancio,Even Rouault,2
proj,0,social,Pedro Venancio,Kristian Evers,2
proj,0,social,Pedro Venancio,Pedro Venancio,0
proj,0,social,Simon Schneegans,Kristian Evers,1
proj,0,social,Simon Schneegans,Simon Schneegans,0
proj,0,tech,Andrewnesbitt,1,6
proj,0,tech,Andrewnesbitt,3,2
proj,0,tech,Andrewnesbitt,bib,1
proj,0,tech,Andrewnesbitt,c,2
proj,0,tech,Andrewnesbitt,cc,9
proj,0,tech,Andrewnesbitt,cmake,18
proj,0,tech,Andrewnesbitt,cpp,170
proj,0,tech,Andrewnesbitt,h,29
proj,0,tech,Andrewnesbitt,hpp,13
proj,0,tech,Andrewnesbitt,py,5
proj,0,tech,Andrewnesbitt,sh,15
proj,0,tech,Andrewnesbitt,sql,23
proj,0,tech,Andrewnesbitt,y,1
proj,0,tech,Bas Peters,cpp,2
proj,0,tech,Chris Ortner,html,2
proj,0,tech,Chris Ortner,py,2
proj,0,tech,Even.rouault,cpp,47
proj,0,tech,Even.rouault,h,1
proj,0,tech,Even.rouault,hpp,6
proj,0,tech,Even.rouault,py,2
proj,0,tech,Even.rouault,sh,2
proj,0,tech,Even.rouault,sql,27
proj,0,tech,Kristian Kraljic,1,6
proj,0,tech,Kristian Kraljic,3,2
proj,0,tech,Kristian Kraljic,cpp,2
proj,0,tech,Kristian Kraljic,sh,2
proj,0,tech,Mateusz U,cmake,1
proj,0,tech,Noreply,cmake,1
proj,0,tech,Noreply,cpp,34
proj,0,tech,Noreply,h,1
proj,0,tech,Noreply,hpp,6
proj,0,tech,Noreply,py,4
proj,0,tech,Noreply,sh,2
proj,0,tech,Noreply,sql,24
proj,0,tech,Nyall.dawson,cpp,2
proj,0,tech,Nyall.dawson,h,1
proj,0,tech,Nyall.dawson,hpp,1
proj,1,tech,Even.rouault,cmake,1
proj,1,tech,Even.rouault,cpp,22
proj,1,tech,Even.rouault,h,1
proj,1,tech,Even.rouault,java,2
proj,1,tech,Even.rouault,py,3
proj,1,tech,Even.rouault,sh,1
proj,1,tech,Even.rouault,sql,6
proj,1,tech,Jeroen Ooms,html,1
proj,1,tech,Kristian Kraljic,1,6
proj,1,tech,Kristian Kraljic,3,2
proj,1,tech,Kristian Kraljic,cpp,1
proj,1,tech,Kristian Kraljic,h,2
proj,1,tech,Kurt,cpp,2
proj,1,tech,Mikefedak,bib,2
proj,1,tech,Mikefedak,cmake,3
proj,1,tech,Mikefedak,cpp,1
proj,1,tech,Mikefedak,java,2
proj,1,tech,Mikefedak,sh,3
proj,1,tech,Noreply,bib,2
proj,1,tech,Noreply,cmake,3
proj,1,tech,Noreply,cpp,23
proj,1,tech,Noreply,h,3
proj,1,tech,Noreply,hpp,1
proj,1,tech,Noreply,html,1
proj,1,tech,Noreply,java,2
proj,1,tech,Noreply,sh,5
proj,1,tech,Noreply,sql,2
proj,1,tech,Nyall.dawson,cpp,4
proj,1,tech,Nyall.dawson,h,2
proj,1,tech,Paul Sadauskas,sh,2
proj,2,tech,Even.rouault,cmake,1
proj,2,tech,Even.rouault,cpp,20
proj,2,tech,Even.rouault,h,1
proj,2,tech,Even.rouault,hpp,12
proj,2,tech,Even.rouault,sh,9
proj,2,tech,Even.rouault,sql,11
proj,2,tech,Kristian Kraljic,cpp,3
proj,2,tech,Kristian Kraljic,h,1
proj,2,tech,Kristian Kraljic,py,1
proj,2,tech,Noreply,cpp,7
proj,2,tech,Noreply,h,3
proj,2,tech,Noreply,py,1
proj,2,tech,Noreply,sql,15
proj,3,tech,Even.rouault,cpp,55
proj,3,tech,Even.rouault,h,5
proj,3,tech,Even.rouault,hpp,12
proj,3,tech,Even.rouault,sh,6
proj,3,tech,Kristian Kraljic,1,6
proj,3,tech,Kristian Kraljic,3,2
proj,3,tech,Kristian Kraljic,cpp,8
proj,3,tech,Kristian Kraljic,h,3
proj,3,tech,Kristian Kraljic,hpp,1
proj,3,tech,Kristian Kraljic,py,1
proj,3,tech,Noreply,cmake,1
proj,3,tech,Noreply,cpp,23
proj,3,tech,Noreply,h,5
proj,3,tech,Noreply,hpp,12
proj,3,tech,Noreply,sh,11
proj,4,tech,Alan D. Snow,cpp,2
proj,4,tech,Alan D. Snow,h,2
proj,4,tech,Charles Musskopf,3,1
proj,4,tech,Charles Musskopf,c,6
proj,4,tech,Charles Musskopf,cmake,2
proj,4,tech,Charles Musskopf,cpp,42
proj,4,tech,Charles Musskopf,h,7
proj,4,tech,Charles Musskopf,sh,7
proj,4,tech,Chris Ortner,cmake,1
proj,4,tech,Chris Ortner,sh,2
proj,4,tech,Even.rouault,cpp,123
proj,4,tech,Even.rouault,h,11
proj,4,tech,Even.rouault,hpp,11
proj,4,tech,Even.rouault,py,3
proj,4,tech,Even.rouault,sh,4
proj,4,tech,Even.rouault,sql,22
proj,4,tech,Juergen,cmake,3
proj,4,tech,Kristian Kraljic,cpp,1
proj,4,tech,Kristian Kraljic,h,2
proj,4,tech,Kristian Kraljic,py,1
proj,4,tech,Kristian Kraljic,sh,3
proj,4,tech,Kristian Kraljic,sql,1
proj,4,tech,Mikefedak,sh,17
proj,4,tech,Noreply,3,1
proj,4,tech,Noreply,c,3
proj,4,tech,Noreply,cmake,5
proj,4,tech,Noreply,cpp,149
proj,4,tech,Noreply,h,15
proj,4,tech,Noreply,hpp,8
proj,4,tech,Noreply,py,2
proj,4,tech,Noreply,sh,19
proj,4,tech,Noreply,sql,22
proj,5,tech,Asa,cmake,1
proj,5,tech,Charles Musskopf,c,1
proj,5,tech,Charles Musskopf,cpp,1
proj,5,tech,Even.rouault,cmake,1
proj,5,tech,Even.rouault,cpp,63
proj,5,tech,Even.rouault,h,5
proj,5,tech,Even.rouault,hpp,5
proj,5,tech,Even.rouault,py,3
proj,5,tech,Even.rouault,sh,3
proj,5,tech,Even.rouault,sql,12
proj,5,tech,Kristian Kraljic,1,6
proj,5,tech,Kristian Kraljic,3,1
proj,5,tech,Kristian Kraljic,cpp,2
proj,5,tech,Kristian Kraljic,h,2
proj,5,tech,Kristian Kraljic,py,4
proj,5,tech,Kristian Kraljic,sh,1
proj,5,tech,Martin Baum,cpp,2
proj,5,tech,Martin Baum,hpp,1
proj,5,tech,Noreply,c,1
proj,5,tech,Noreply,cmake,1
proj,5,tech,Noreply,cpp,53
proj,5,tech,Noreply,h,5
proj,5,tech,Noreply,hpp,6
proj,5,tech,Noreply,py,7
proj,5,tech,Noreply,sh,4
proj,5,tech,Noreply,sql,12
proj,6,tech,Even.rouault,cmake,3
proj,6,tech,Even.rouault,cpp,122
proj,6,tech,Even.rouault,h,9
proj,6,tech,Even.rouault,hpp,16
proj,6,tech,Even.rouault,py,15
proj,6,tech,Even.rouault,sh,9
proj,6,tech,Even.rouault,sql,24
proj,6,tech,Kristian Kraljic,cpp,9
proj,6,tech,Kristian Kraljic,h,1
proj,6,tech,Kristian Kraljic,hpp,3
proj,6,tech,Kristian Kraljic,py,4
proj,6,tech,Kristian Kraljic,sql,2
proj,6,tech,Noreply,cmake,3
proj,6,tech,Noreply,cpp,66
proj,6,tech,Noreply,h,8
proj,6,tech,Noreply,hpp,12
proj,6,tech,Noreply,py,8
proj,6,tech,Noreply,sh,6
proj,6,tech,Noreply,sql,16
pycsw,0,social,Adam Hinz,Adam Hinz,0
pycsw,0,social,Adam Hinz,Angelos Tzotsos,1
pycsw,0,social,Adam Hinz,Axel Schaefer,1
pycsw,0,social,Adrian Sonnenschein,Adrian Sonnenschein,0
pycsw,0,social,Adrian Sonnenschein,Tomkralidis,4
pycsw,0,social,Alejandro,Alejandro,0
pycsw,0,social,Alejandro,Tomkralidis,3
pycsw,0,social,Amercader,Amercader,0
pycsw,0,social,Amercader,Tomkralidis,1
pycsw,0,social,Angelos Tzotsos,Adam Hinz,1
pycsw,0,social,Angelos Tzotsos,Angelos Tzotsos,0
pycsw,0,social,Angelos Tzotsos,Freee-zz,1
pycsw,0,social,Angelos Tzotsos,Fuhu Xia,1
pycsw,0,social,Angelos Tzotsos,Ianward,3
pycsw,0,social,Angelos Tzotsos,Ingenieroariel,1
pycsw,0,social,Angelos Tzotsos,Johan Van De Wauw,3
pycsw,0,social,Angelos Tzotsos,Mandsch,1
pycsw,0,social,Angelos Tzotsos,Marten,2
pycsw,0,social,Angelos Tzotsos,Michailalexakis,1
pycsw,0,social,Angelos Tzotsos,Rich Signell,8
pycsw,0,social,Angelos Tzotsos,Ryan Clark,5
pycsw,0,social,Angelos Tzotsos,Simone Dalmasso,1
pycsw,0,social,Angelos Tzotsos,Tomkralidis,30
pycsw,0,social,Anna Milan,Anna Milan,0
pycsw,0,social,Anna Milan,Tomkralidis,3
pycsw,0,social,Axel Schaefer,Adam Hinz,1
pycsw,0,social,Axel Schaefer,Axel Schaefer,0
pycsw,0,social,Axel Schaefer,Marc Pfister,1
pycsw,0,social,Batje,Batje,0
pycsw,0,social,Batje,Tomkralidis,1
pycsw,0,social,Beto Dealmeida,Beto Dealmeida,0
pycsw,0,social,Beto Dealmeida,Tomkralidis,1
pycsw,0,social,Claudio Rocchini,Claudio Rocchini,0
pycsw,0,social,Claudio Rocchini,Tomkralidis,1
pycsw,0,social,Danramage,Danramage,0
pycsw,0,social,Danramage,Marc Pfister,1
pycsw,0,social,Danramage,Tomkralidis,5
pycsw,0,social,Dneufeld-ngdc,Dneufeld-ngdc,0
pycsw,0,social,Dneufeld-ngdc,Rich Signell,1
pycsw,0,social,Dneufeld-ngdc,Tomkralidis,1
pycsw,0,social,Epifanio,Epifanio,0
pycsw,0,social,Epifanio,Tomkralidis,1
pycsw,0,social,Freee-zz,Angelos Tzotsos,1
pycsw,0,social,Freee-zz,Freee-zz,0
pycsw,0,social,Freee-zz,Tomkralidis,4
pycsw,0,social,Fuhu Xia,Angelos Tzotsos,1
pycsw,0,social,Fuhu Xia,Fuhu Xia,0
pycsw,0,social,Fuhu Xia,Tomkralidis,1
pycsw,0,social,Greg Miller,Greg Miller,0
pycsw,0,social,Greg Miller,Rich Signell,1
pycsw,0,social,Greg Miller,Stephen Richard,1
pycsw,0,social,Ian Edwards,Ian Edwards,0
pycsw,0,social,Ian Edwards,Ryan Clark,1
pycsw,0,social,Ianward,Angelos Tzotsos,3
pycsw,0,social,Ianward,Ianward,0
pycsw,0,social,Ianward,Michailalexakis,1
pycsw,0,social,Ingenieroariel,Angelos Tzotsos,1
pycsw,0,social,Ingenieroariel,Ingenieroariel,0
pycsw,0,social,Ingenieroariel,Sara Metz,1
pycsw,0,social,Ingenieroariel,Tomkralidis,2
pycsw,0,social,Jachym,Jachym,0
pycsw,0,social,Jachym,Mandsch,1
pycsw,0,social,Jessicagood,Jessicagood,0
pycsw,0,social,Jessicagood,Tomkralidis,1
pycsw,0,social,Jmckenna,Jmckenna,0
pycsw,0,social,Jmckenna,Tomkralidis,2
pycsw,0,social,Johan Van De Wauw,Angelos Tzotsos,3
pycsw,0,social,Johan Van De Wauw,Johan Van De Wauw,0
pycsw,0,social,Johan Van De Wauw,Tomkralidis,3
pycsw,0,social,Kindly,Kindly,0
pycsw,0,social,Kindly,Tomkralidis,5
pycsw,0,social,Kyle Wilcox,Kyle Wilcox,0
pycsw,0,social,Kyle Wilcox,Tomkralidis,4
pycsw,0,social,Mandsch,Angelos Tzotsos,1
pycsw,0,social,Mandsch,Jachym,1
pycsw,0,social,Mandsch,Mandsch,0
pycsw,0,social,Mandsch,Stephen Richard,1
pycsw,0,social,Mandsch,Tomkralidis,3
pycsw,0,social,Marc Pfister,Axel Schaefer,1
pycsw,0,social,Marc Pfister,Danramage,1
pycsw,0,social,Marc Pfister,Marc Pfister,0
pycsw,0,social,Marten,Angelos Tzotsos,2
pycsw,0,social,Marten,Marten,0
pycsw,0,social,Marten,Tomkralidis,4
pycsw,0,social,Micah Wengren,Micah Wengren,0
pycsw,0,social,Micah Wengren,Tomkralidis,5
pycsw,0,social,Michailalexakis,Angelos Tzotsos,1
pycsw,0,social,Michailalexakis,Ianward,1
pycsw,0,social,Michailalexakis,Michailalexakis,0
pycsw,0,social,Milo Kmet,Milo Kmet,0
pycsw,0,social,Milo Kmet,Tomkralidis,3
pycsw,0,social,Pacific Islands Ocean Observing System (pacioos),Pacific Islands Ocean Observing System (pacioos),0
pycsw,0,social,Pacific Islands Ocean Observing System (pacioos),Rich Signell,1
pycsw,0,social,Pacific Islands Ocean Observing System (pacioos),Tomkralidis,4
pycsw,0,social,Rich Signell,Angelos Tzotsos,8
pycsw,0,social,Rich Signell,Dneufeld-ngdc,1
pycsw,0,social,Rich Signell,Greg Miller,1
pycsw,0,social,Rich Signell,Pacific Islands Ocean Observing System (pacioos),1
pycsw,0,social,Rich Signell,Rich Signell,0
pycsw,0,social,Rich Signell,Stephen Richard,1
pycsw,0,social,Rich Signell,Tomkralidis,25
pycsw,0,social,Robert Coup,Robert Coup,0
pycsw,0,social,Ryan Clark,Angelos Tzotsos,5
pycsw,0,social,Ryan Clark,Ian Edwards,1
pycsw,0,social,Ryan Clark,Ryan Clark,0
pycsw,0,social,Ryan Clark,Tomkralidis,5
pycsw,0,social,Sara Metz,Ingenieroariel,1
pycsw,0,social,Sara Metz,Sara Metz,0
pycsw,0,social,Sara Metz,Simone Dalmasso,1
pycsw,0,social,Sara Metz,Tomkralidis,2
pycsw,0,social,Simone Dalmasso,Angelos Tzotsos,1
pycsw,0,social,Simone Dalmasso,Sara Metz,1
pycsw,0,social,Simone Dalmasso,Simone Dalmasso,0
pycsw,0,social,Stephen Richard,Greg Miller,1
pycsw,0,social,Stephen Richard,Mandsch,1
pycsw,0,social,Stephen Richard,Rich Signell,1
pycsw,0,social,Stephen Richard,Stephen Richard,0
pycsw,0,social,Stephen Richard,Tomkralidis,6
pycsw,0,social,Tolster710,Tolster710,0
pycsw,0,social,Tolster710,Tomkralidis,1
pycsw,0,social,Tomkralidis,Adrian Sonnenschein,4
pycsw,0,social,Tomkralidis,Alejandro,3
pycsw,0,social,Tomkralidis,Amercader,1
pycsw,0,social,Tomkralidis,Angelos Tzotsos,30
pycsw,0,social,Tomkralidis,Anna Milan,3
pycsw,0,social,Tomkralidis,Batje,1
pycsw,0,social,Tomkralidis,Beto Dealmeida,1
pycsw,0,social,Tomkralidis,Claudio Rocchini,1
pycsw,0,social,Tomkralidis,Danramage,5
pycsw,0,social,Tomkralidis,Dneufeld-ngdc,1
pycsw,0,social,Tomkralidis,Epifanio,1
pycsw,0,social,Tomkralidis,Freee-zz,4
pycsw,0,social,Tomkralidis,Fuhu Xia,1
pycsw,0,social,Tomkralidis,Ingenieroariel,2
pycsw,0,social,Tomkralidis,Jessicagood,1
pycsw,0,social,Tomkralidis,Jmckenna,2
pycsw,0,social,Tomkralidis,Johan Van De Wauw,3
pycsw,0,social,Tomkralidis,Kindly,5
pycsw,0,social,Tomkralidis,Kyle Wilcox,4
pycsw,0,social,Tomkralidis,Mandsch,3
pycsw,0,social,Tomkralidis,Marten,4
pycsw,0,social,Tomkralidis,Micah Wengren,5
pycsw,0,social,Tomkralidis,Milo Kmet,3
pycsw,0,social,Tomkralidis,Pacific Islands Ocean Observing System (pacioos),4
pycsw,0,social,Tomkralidis,Rich Signell,25
pycsw,0,social,Tomkralidis,Ryan Clark,5
pycsw,0,social,Tomkralidis,Sara Metz,2
pycsw,0,social,Tomkralidis,Stephen Richard,6
pycsw,0,social,Tomkralidis,Tolster710,1
pycsw,0,social,Tomkralidis,Tomkralidis,0
pycsw,0,tech,Angelovandersijpt,inc,2
pycsw,0,tech,Angelovandersijpt,py,27
pycsw,0,tech,Kindly,py,4
pycsw,0,tech,Tom Malone,html,2
pycsw,0,tech,Tom Malone,py,83
pycsw,1,tech,Angelovandersijpt,py,27
pycsw,1,tech,Tom Malone,html,1
pycsw,1,tech,Tom Malone,py,39
pycsw,2,tech,Angelovandersijpt,inc,1
pycsw,2,tech,Angelovandersijpt,py,2
pycsw,2,tech,Tom Malone,inc,1
pycsw,2,tech,Tom Malone,py,9
pycsw,3,tech,Angelovandersijpt,inc,1
pycsw,3,tech,Angelovandersijpt,py,3
pycsw,3,tech,Angelovandersijpt,sh,2
pycsw,3,tech,Tom Malone,html,1
pycsw,3,tech,Tom Malone,inc,1
pycsw,3,tech,Tom Malone,py,5
pycsw,4,tech,Angelovandersijpt,css,20
pycsw,4,tech,Angelovandersijpt,html,4
pycsw,4,tech,Angelovandersijpt,js,18
pycsw,4,tech,Angelovandersijpt,scss,22
pycsw,4,tech,Tom Malone,inc,1
pycsw,4,tech,Tom Malone,py,15
pycsw,5,tech,Amercader,py,2
pycsw,5,tech,Angelovandersijpt,css,2
pycsw,5,tech,Angelovandersijpt,html,7
pycsw,5,tech,Angelovandersijpt,py,4
pycsw,5,tech,Tom Malone,css,11
pycsw,5,tech,Tom Malone,html,5
pycsw,5,tech,Tom Malone,inc,2
pycsw,5,tech,Tom Malone,js,9
pycsw,5,tech,Tom Malone,py,28
pycsw,5,tech,Tom Malone,scss,11
pycsw,5,tech,Tom Malone,tex,1
pycsw,6,tech,Tom Malone,py,75
pycsw,6,tech,Tom Malone,sh,2
pycsw,7,tech,Tom Malone,py,14
pycsw,8,tech,Angelovandersijpt,py,4
pycsw,8,tech,Tom Malone,py,23
pycsw,9,tech,Adam French,py,1
pycsw,9,tech,Angelovandersijpt,py,13
pycsw,9,tech,Tom Malone,py,11
pycsw,9,tech,Tom Malone,sh,2
pycsw,10,tech,Angelovandersijpt,py,7
pycsw,10,tech,Tom Malone,py,5
pycsw,11,tech,Angelovandersijpt,py,5
pycsw,11,tech,Tom Malone,py,22
pycsw,12,tech,Angelovandersijpt,py,1
pycsw,12,tech,Tom Malone,py,10
pycsw,13,tech,Angelovandersijpt,py,21
pycsw,13,tech,Tom Malone,py,31
pycsw,14,tech,Angelovandersijpt,py,4
pycsw,14,tech,Tom Malone,html,2
pycsw,14,tech,Tom Malone,py,4
pycsw,15,tech,Angelovandersijpt,py,3
pycsw,15,tech,Miloslav.kmet,py,2
pycsw,15,tech,Tom Malone,py,7
pycsw,16,tech,Miloslav.kmet,py,2
pycsw,16,tech,Tom Malone,html,2
pycsw,16,tech,Tom Malone,py,14
pycsw,17,tech,Angelovandersijpt,py,1
pycsw,17,tech,Tom Malone,py,13
pycsw,18,tech,Angelovandersijpt,py,2
pycsw,18,tech,Angelovandersijpt,sh,1
pycsw,18,tech,Axel,py,1
pycsw,18,tech,Tom Malone,html,1
pycsw,18,tech,Tom Malone,py,12
pycsw,19,tech,Danramage,py,3
pycsw,19,tech,Tom Malone,py,3
pycsw,20,tech,Danramage,py,4
pycsw,20,tech,Tom Malone,py,35
pycsw,21,tech,Angelovandersijpt,py,1
pycsw,21,tech,Saraann Stanway,py,1
pycsw,21,tech,Tom Malone,py,39
pycsw,22,tech,Angelovandersijpt,py,51
pycsw,22,tech,Angelovandersijpt,sh,2
pycsw,22,tech,Angelovandersijpt,wsgi,2
pycsw,22,tech,Tom Malone,py,48
pycsw,23,tech,Angelovandersijpt,py,16
pycsw,23,tech,Angelovandersijpt,sh,6
pycsw,23,tech,Tom Malone,py,3
pywps,0,tech,Jachym Cepicky,html,1
pywps,0,tech,Jachym Cepicky,py,19
pywps,1,tech,Jachym Cepicky,py,58
pywps,2,tech,Jachym Cepicky,py,59
pywps,2,tech,Tom Malone,html,1
pywps,3,tech,Alex Gaynor,py,84
pywps,3,tech,Jachym Cepicky,py,23
pywps,4,tech,Alex Gaynor,py,34
pywps,4,tech,Carsten De Vries,py,2
pywps,5,tech,Carsten De Vries,py,6
pywps,6,tech,Carsten De Vries,py,4
pywps,6,tech,Jachym Cepicky,py,2
pywps,6,tech,Ricardo Garcia Silva,py,3
pywps,6,tech,Ricardo Metring,py,1
pywps,7,tech,Alex Gaynor,html,1
pywps,7,tech,Alex Gaynor,py,19
pywps,7,tech,Jachym Cepicky,py,21
pywps,7,tech,Ricardo Garcia Silva,py,1
pywps,8,tech,Jachym Cepicky,py,2
pywps,10,tech,404,py,2
pywps,10,tech,Jachym Cepicky,py,40
pywps,11,tech,Carsten De Vries,py,2
pywps,11,tech,Jachym Cepicky,gml,2
pywps,11,tech,Jachym Cepicky,py,53
pywps,12,tech,Alex Gaynor,py,3
pywps,12,tech,Jachym Cepicky,py,27
pywps,12,tech,Jorge Samuel Mendes De Jesus,py,1
pywps,13,tech,Carsten De Vries,py,5
pywps,13,tech,Jachym Cepicky,py,11
pywps,14,tech,Jachym Cepicky,py,2
pywps,14,tech,Jewie,py,1
pywps,14,tech,Lrssvtml,py,1
pywps,15,tech,Carsten De Vries,py,3
pywps,15,tech,Jachym Cepicky,py,2
pywps,15,tech,Tobycrawley,py,1
pywps,16,tech,Carsten De Vries,py,1
pywps,16,tech,Jachym Cepicky,py,2
pywps,16,tech,Tobycrawley,py,1
pywps,16,tech,Tom Malone,py,1
pywps,17,tech,Carsten De Vries,py,4
pywps,17,tech,Jachym Cepicky,py,2
pywps,17,tech,Ricardo Metring,py,2
pywps,18,tech,Jachym Cepicky,py,2
pywps,19,tech,Carsten De Vries,py,1
pywps,21,tech,Jachym Cepicky,py,1
pywps,22,tech,Benoit Cazenave,py,1
pywps,22,tech,Carsten De Vries,py,2
pywps,22,tech,Jachym Cepicky,py,1
pywps,23,tech,Benoit Cazenave,py,2
pywps,23,tech,Calin Dumitrescu,py,10
pywps,23,tech,Jachym Cepicky,py,3
qgis,0,tech,G_j_m,cpp,14
qgis,0,tech,G_j_m,h,6
qgis,0,tech,Gsherman,cpp,20
qgis,0,tech,Gsherman,h,9
qgis,0,tech,Homann,cpp,46
qgis,0,tech,Homann,cxx,4
qgis,0,tech,Homann,h,6
qgis,0,tech,Homann,py,3
qgis,0,tech,Homann,ts,35
qgis,0,tech,Mhugent,cpp,12
qgis,0,tech,Mhugent,h,2
qgis,0,tech,Timlinux,cpp,5
qgis,0,tech,Timlinux,pro,2
qgis,0,tech,Timlinux,sh,3
qgis,0,tech,Wonder,cpp,22
qgis,0,tech,Wonder,h,16
qgis,1,tech,Gsherman,cpp,6
qgis,1,tech,Gsherman,h,2
qgis,1,tech,Homann,cpp,39
qgis,1,tech,Homann,ts,1
qgis,1,tech,Mhugent,cpp,33
qgis,1,tech,Mhugent,h,14
qgis,1,tech,Mhugent,ts,2
qgis,1,tech,Telwertowski,cpp,2
qgis,1,tech,Telwertowski,cxx,1
qgis,1,tech,Timlinux,cpp,4
qgis,1,tech,Wonder,cmake,2
qgis,1,tech,Wonder,cpp,212
qgis,1,tech,Wonder,h,96
qgis,2,tech,Gsherman,cpp,33
qgis,2,tech,Mhugent,cpp,39
qgis,2,tech,Mhugent,h,24
qgis,2,tech,Timlinux,cpp,2
qgis,2,tech,Wonder,cpp,43
qgis,2,tech,Wonder,h,26
qgis,2,tech,Wonder,pl,2
qgis,2,tech,Wonder,py,2
qgis,3,tech,Gsherman,cpp,4
qgis,3,tech,Gsherman,h,3
qgis,3,tech,Gsherman,html,3
qgis,3,tech,Gsherman,py,1
qgis,3,tech,Mhugent,cpp,44
qgis,3,tech,Mhugent,h,18
qgis,3,tech,Telwertowski,cpp,2
qgis,3,tech,Telwertowski,h,2
qgis,3,tech,Telwertowski,m4,1
qgis,3,tech,Telwertowski,sh,5
qgis,3,tech,Timlinux,cmake,2
qgis,3,tech,Timlinux,cpp,29
qgis,3,tech,Timlinux,h,8
qgis,3,tech,Timlinux,html,2
qgis,3,tech,Timlinux,nsh,1
qgis,3,tech,Timlinux,nsi,7
qgis,3,tech,Timlinux,ts,22
qgis,3,tech,Wonder,cpp,18
qgis,3,tech,Wonder,h,14
qgis,4,tech,Gsherman,py,3
qgis,4,tech,Mhugent,cpp,22
qgis,4,tech,Mhugent,h,14
qgis,4,tech,Stevenb,cpp,6
qgis,4,tech,Timlinux,c,4
qgis,4,tech,Timlinux,cpp,52
qgis,4,tech,Timlinux,h,20
qgis,4,tech,Wonder,cpp,5
qgis,4,tech,Wonder,h,4
qgis,4,tech,Wonder,ts,4
qgis,5,tech,G_j_m,cpp,4
qgis,5,tech,Gsherman,cpp,4
qgis,5,tech,Mhugent,cpp,33
qgis,5,tech,Mhugent,h,13
qgis,5,tech,Mhugent,ts,4
qgis,5,tech,Timlinux,bat,2
qgis,5,tech,Timlinux,cpp,8
qgis,5,tech,Timlinux,h,4
qgis,5,tech,Timlinux,m4,2
qgis,5,tech,Timlinux,nsh,2
qgis,5,tech,Timlinux,nsi,2
qgis,5,tech,Timlinux,pro,74
qgis,5,tech,Timlinux,sh,14
qgis,5,tech,What_nick,h,1
qgis,5,tech,What_nick,nsh,5
qgis,5,tech,What_nick,nsi,4
qgis,5,tech,Wonder,cpp,13
qgis,5,tech,Wonder,h,5
qgis,6,tech,Gsherman,c,2
qgis,6,tech,Gsherman,cpp,214
qgis,6,tech,Gsherman,h,40
qgis,6,tech,Gsherman,pl,8
qgis,6,tech,Gsherman,py,6
qgis,6,tech,Gsherman,sh,18
qgis,6,tech,Mhugent,cpp,14
qgis,6,tech,Mhugent,h,4
qgis,6,tech,Mhugent,ts,38
qgis,6,tech,Timlinux,1,6
qgis,6,tech,Timlinux,cmake,2
qgis,6,tech,Timlinux,cpp,88
qgis,6,tech,Timlinux,h,10
qgis,6,tech,Timlinux,html,2
qgis,6,tech,Timlinux,nsi,2
qgis,6,tech,Timlinux,sh,2
qgis,6,tech,Timlinux,ts,52
qgis,7,tech,Godofredo,cpp,2
qgis,7,tech,Mhugent,cpp,14
qgis,7,tech,Mhugent,h,6
qgis,7,tech,Stevenb,cpp,8
qgis,7,tech,Telwertowski,cpp,2
qgis,7,tech,Timlinux,c,1
qgis,7,tech,Timlinux,cc,14
qgis,7,tech,Timlinux,cmake,32
qgis,7,tech,Timlinux,cpp,312
qgis,7,tech,Timlinux,h,34
qgis,7,tech,Timlinux,pl,4
qgis,7,tech,Timlinux,py,3
qgis,7,tech,Timlinux,sh,9
qgis,7,tech,What_nick,nsh,2
qgis,7,tech,Wonder,cmake,3
qgis,7,tech,Wonder,cpp,5
qgis,7,tech,Wonder,h,4
qgis,8,tech,Dassau,ts,60
qgis,8,tech,G_j_m,cpp,12
qgis,8,tech,G_j_m,h,4
qgis,8,tech,Gsherman,cpp,12
qgis,8,tech,Gsherman,h,2
qgis,8,tech,Gsherman,py,22
qgis,8,tech,Jef,c,16
qgis,8,tech,Jef,cmake,4
qgis,8,tech,Jef,cpp,46
qgis,8,tech,Jef,h,68
qgis,8,tech,Jef,html,4
qgis,8,tech,Jef,ts,10
qgis,8,tech,Mhugent,cpp,38
qgis,8,tech,Mhugent,h,22
qgis,8,tech,Mhugent,ts,54
qgis,8,tech,Stevenb,cpp,4
qgis,8,tech,Stevenb,h,2
qgis,8,tech,Telwertowski,cpp,2
qgis,8,tech,Telwertowski,sh,14
qgis,8,tech,Timlinux,cc,8
qgis,8,tech,Timlinux,cpp,98
qgis,8,tech,Timlinux,h,20
qgis,8,tech,Timlinux,sh,2
qgis,8,tech,Timlinux,ts,56
qgis,8,tech,Wonder,cpp,22
qgis,8,tech,Wonder,h,4
qgis,9,tech,Dassau,html,2
qgis,9,tech,Dassau,ts,14
qgis,9,tech,G_j_m,cpp,24
qgis,9,tech,G_j_m,h,8
qgis,9,tech,Gsherman,py,4
qgis,9,tech,Homann,cpp,22
qgis,9,tech,Homann,h,12
qgis,9,tech,Homann,ts,3
qgis,9,tech,Jef,cpp,110
qgis,9,tech,Jef,h,34
qgis,9,tech,Jef,py,2
qgis,9,tech,Jef,ts,2
qgis,9,tech,Mhugent,cpp,17
qgis,9,tech,Mhugent,h,9
qgis,9,tech,Mhugent,sh,2
qgis,9,tech,Mhugent,ts,51
qgis,9,tech,Stevenb,cpp,18
qgis,9,tech,Stevenb,h,10
qgis,9,tech,Telwertowski,cpp,40
qgis,9,tech,Telwertowski,h,8
qgis,9,tech,Telwertowski,sh,14
qgis,9,tech,Telwertowski,ts,20
qgis,9,tech,Timlinux,asc,2
qgis,9,tech,Timlinux,cmake,6
qgis,9,tech,Timlinux,cpp,47
qgis,9,tech,Timlinux,h,10
qgis,9,tech,Timlinux,html,4
qgis,9,tech,Timlinux,nsi,4
qgis,9,tech,Timlinux,ts,62
qgis,9,tech,What_nick,nsh,1
qgis,9,tech,What_nick,nsi,1
qgis,9,tech,Wonder,cpp,8
qgis,9,tech,Wonder,h,2
qgis,10,tech,Dassau,ts,6
qgis,10,tech,Ersts,cpp,18
qgis,10,tech,G_j_m,cpp,4
qgis,10,tech,Gsherman,cpp,38
qgis,10,tech,Gsherman,h,38
qgis,10,tech,Gsherman,py,22
qgis,10,tech,Homann,cpp,58
qgis,10,tech,Homann,h,16
qgis,10,tech,Jef,cpp,2
qgis,10,tech,Mhugent,cpp,142
qgis,10,tech,Mhugent,h,94
qgis,10,tech,Mhugent,ts,2
qgis,10,tech,Timlinux,cpp,64
qgis,10,tech,Timlinux,h,50
qgis,10,tech,Timlinux,py,4
qgis,10,tech,Timlinux,qml,32
qgis,10,tech,Timlinux,sh,2
qgis,10,tech,Timlinux,ts,42
qgis,10,tech,Wonder,cpp,20
qgis,10,tech,Wonder,h,4
qgis,10,tech,Wonder,py,16
qgis,11,tech,Dassau,tex,1
qgis,11,tech,Dassau,ts,16
qgis,11,tech,Ersts,cpp,12
qgis,11,tech,Ersts,h,26
qgis,11,tech,Gsherman,bib,2
qgis,11,tech,Gsherman,cls,1
qgis,11,tech,Gsherman,nsh,2
qgis,11,tech,Gsherman,nsi,2
qgis,11,tech,Gsherman,py,16
qgis,11,tech,Gsherman,sh,1
qgis,11,tech,Gsherman,sty,5
qgis,11,tech,Gsherman,tex,30
qgis,11,tech,Homann,cpp,16
qgis,11,tech,Homann,h,2
qgis,11,tech,Homann,ts,2
qgis,11,tech,Mhugent,cpp,54
qgis,11,tech,Mhugent,h,8
qgis,11,tech,Telwertowski,cpp,2
qgis,11,tech,Telwertowski,h,6
qgis,11,tech,Telwertowski,sh,14
qgis,11,tech,Telwertowski,ts,2
qgis,11,tech,Timlinux,c,6
qgis,11,tech,Timlinux,cpp,102
qgis,11,tech,Timlinux,h,42
qgis,11,tech,Timlinux,html,2
qgis,11,tech,Timlinux,nsi,2
qgis,11,tech,Timlinux,qml,22
qgis,11,tech,Timlinux,sh,2
qgis,11,tech,Timlinux,ts,44
qgis,11,tech,What_nick,nsh,1
qgis,11,tech,What_nick,nsi,1
qgis,11,tech,Wonder,cpp,18
qgis,11,tech,Wonder,h,10
qgis,11,tech,Wonder,ts,2
qgis,12,tech,Dassau,sty,1
qgis,12,tech,Dassau,tex,3
qgis,12,tech,Dassau,ts,6
qgis,12,tech,Gsherman,cpp,4
qgis,12,tech,Gsherman,h,4
qgis,12,tech,Jef,cpp,44
qgis,12,tech,Jef,h,12
qgis,12,tech,Mhugent,cpp,16
qgis,12,tech,Mhugent,h,2
qgis,12,tech,Mhugent,ts,2
qgis,12,tech,Timlinux,cmake,6
qgis,12,tech,Timlinux,cpp,8
qgis,12,tech,Wonder,py,2
