{
    "0": {
        "NEUTRAL": [
            0.9999803304672241,
            0.9999803304672248,
            0.9999803304672248,
            0.9999803304672248
        ],
        "NEGATIVE": [
            0.9999803304672241,
            0.9999504237902146,
            0.9999318194252724,
            0.9999185871837618
        ],
        "POSITIVE": [
            0.9999803304672241,
            1.000010237144235,
            1.0000288415091771,
            1.0000420737506879
        ]
    },
    "1": {
        "NEUTRAL": [
            0.9999797344207764,
            0.9999797344207766,
            0.9999797344207766,
            0.9999797344207766
        ],
        "NEGATIVE": [
            0.9999797344207764,
            0.9999498277437664,
            0.9999364046545385,
            0.9999262505170793
        ],
        "POSITIVE": [
            0.9999797344207764,
            1.0000096410977868,
            1.0000230641870147,
            1.000033218324474
        ]
    },
    "2": {
        "NEUTRAL": [
            0.9999788999557495,
            0.9999788999557498,
            0.9999788999557498,
            0.9999788999557498
        ],
        "NEGATIVE": [
            0.9999788999557495,
            0.9999489932787397,
            0.9999343008576722,
            0.9999233684352513
        ],
        "POSITIVE": [
            0.9999788999557495,
            1.00000880663276,
            1.0000234990538275,
            1.0000344314762484
        ]
    },
    "3": {
        "NEUTRAL": [
            0.9999783039093018,
            0.999978303909302,
            0.999978303909302,
            0.999978303909302
        ],
        "NEGATIVE": [
            0.9999783039093018,
            0.9999483972322918,
            0.9999377235500496,
            0.9999293230785178
        ],
        "POSITIVE": [
            0.9999783039093018,
            1.0000082105863122,
            1.0000188842685545,
            1.0000272847400862
        ]
    },
    "4": {
        "NEUTRAL": [
            0.9999797344207764,
            0.9999797344207761,
            0.9999797344207761,
            0.9999797344207761
        ],
        "NEGATIVE": [
            0.9999797344207764,
            0.999949827743766,
            0.9999377176808861,
            0.9999283885004691
        ],
        "POSITIVE": [
            0.9999797344207764,
            1.0000096410977863,
            1.0000217511606662,
            1.0000310803410832
        ]
    },
    "5": {
        "NEUTRAL": [
            0.9999786615371704,
            0.9999786615371704,
            0.9999786615371704,
            0.9999786615371704
        ],
        "NEGATIVE": [
            0.9999786615371704,
            0.9999487548601602,
            0.9999377736395355,
            0.9999291718310063
        ],
        "POSITIVE": [
            0.9999786615371704,
            1.0000085682141806,
            1.0000195494348054,
            1.0000281512433347
        ]
    },
    "6": {
        "NEUTRAL": [
            0.9999791383743286,
            0.9999791383743285,
            0.9999791383743285,
            0.9999791383743285
        ],
        "NEGATIVE": [
            0.9999791383743286,
            0.9999492316973183,
            0.9999370277311469,
            0.9999276388286165
        ],
        "POSITIVE": [
            0.9999791383743286,
            1.0000090450513386,
            1.0000212490175102,
            1.0000306379200405
        ]
    },
    "7": {
        "NEUTRAL": [
            0.9999614953994751,
            0.9999614953994799,
            0.9999614953994799,
            0.99996149539948
        ],
        "NEGATIVE": [
            0.9999614953994751,
            0.9999315887224697,
            0.9999124017126709,
            0.9998988378313881
        ],
        "POSITIVE": [
            0.9999614953994751,
            0.9999914020764901,
            1.0000105890862887,
            1.000024152967572
        ]
    },
    "8": {
        "NEUTRAL": [
            0.9999309778213501,
            0.9999309778213347,
            0.9999309778213276,
            0.9999309778213274
        ],
        "NEGATIVE": [
            0.9999309778213501,
            0.9999010711443245,
            0.9998823369311243,
            0.9998690305609348
        ],
        "POSITIVE": [
            0.9999309778213501,
            0.9999608844983449,
            0.9999796187115308,
            0.9999929250817201
        ]
    },
    "9": {
        "NEUTRAL": [
            8.2702114013955e-05,
            2.1562925562670853e-05,
            0.0,
            0.0
        ],
        "NEGATIVE": [
            8.2702114013955e-05,
            -0.5656766012383742,
            -0.8000557221256912,
            -0.979874717806946
        ],
        "POSITIVE": [
            8.2702114013955e-05,
            0.5657197270894995,
            0.8000292292125935,
            0.9798638333853182
        ]
    },
    "10": {
        "NEUTRAL": [
            5.153049642103724e-05,
            0.0,
            0.0,
            0.0
        ],
        "NEGATIVE": [
            5.153049642103724e-05,
            -0.5435701742263208,
            -0.7686851877137458,
            -0.9415092924120897
        ],
        "POSITIVE": [
            5.153049642103724e-05,
            0.5434444217230356,
            0.7686523441886338,
            0.9414360344623088
        ]
    },
    "11": {
        "NEUTRAL": [
            2.9937480576336384e-05,
            0.00013569449058652264,
            2.8314836684486437e-05,
            8.608933615648654e-05
        ],
        "NEGATIVE": [
            2.9937480576336384e-05,
            -0.007910239829884572,
            -0.008099551583920192,
            -0.009163601800497719
        ],
        "POSITIVE": [
            2.9937480576336384e-05,
            0.008181628811057618,
            0.008156181257289166,
            0.009335780472810693
        ]
    },
    "12": {
        "NEUTRAL": [
            2.7387228328734636e-05,
            2.200051453003187e-05,
            1.9681728461912187e-05,
            9.572360010866354e-06
        ],
        "NEGATIVE": [
            2.7387228328734636e-05,
            -0.5059545282264051,
            -0.7155627874965693,
            -0.876403394889603
        ],
        "POSITIVE": [
            2.7387228328734636e-05,
            0.5059985292554652,
            0.7156021509534931,
            0.8764225396096247
        ]
    },
    "13": {
        "NEUTRAL": [
            2.6998459361493587e-05,
            2.699838340695666e-05,
            2.6998374393227735e-05,
            2.6998374065845215e-05
        ],
        "NEGATIVE": [
            2.6998459361493587e-05,
            -0.4898798622697434,
            -0.6928145768896662,
            -0.8485351901825519
        ],
        "POSITIVE": [
            2.6998459361493587e-05,
            0.48993385903655734,
            0.6928685736384527,
            0.8485891869306835
        ]
    },
    "14": {
        "NEUTRAL": [
            2.6612944566295482e-05,
            2.6612944563866944e-05,
            2.6612944562994036e-05,
            2.6612944562950217e-05
        ],
        "NEGATIVE": [
            2.6612944566295482e-05,
            -0.2177713965868284,
            -0.30798628610832485,
            -0.37721060581047106
        ],
        "POSITIVE": [
            2.6612944566295482e-05,
            0.21782462247595616,
            0.3080395119974509,
            0.377263831699597
        ]
    },
    "15": {
        "NEUTRAL": [
            2.624577609822154e-05,
            2.6418993498706687e-05,
            2.6338211093139426e-05,
            2.6375238475913195e-05
        ],
        "NEGATIVE": [
            2.624577609822154e-05,
            -0.024083139481495458,
            -0.03407077307718276,
            -0.041734860472824875
        ],