{
    "0": {
        "NEUTRAL": [
            0.9999840259552002,
            0.999984025955186,
            0.9999840259551859,
            0.9999840259551859
        ],
        "NEGATIVE": [
            0.9999840259552002,
            0.9999187199368501,
            0.9998909290827985,
            0.9998697054440656
        ],
        "POSITIVE": [
            0.9999840259552002,
            1.0000493319735217,
            1.0000771228275733,
            1.0000983464663062
        ]
    },
    "1": {
        "NEUTRAL": [
            0.999983549118042,
            0.9999835491180438,
            0.9999835491180438,
            0.9999835491180438
        ],
        "NEGATIVE": [
            0.999983549118042,
            0.9999251376395082,
            0.9999001503136432,
            0.9998810853667639
        ],
        "POSITIVE": [
            0.999983549118042,
            1.0000419605965793,
            1.0000669479224442,
            1.0000860128693236
        ]
    },
    "2": {
        "NEUTRAL": [
            0.9999828338623047,
            0.9999828338623227,
            0.9999828338623231,
            0.9999828338623232
        ],
        "NEGATIVE": [
            0.9999828338623047,
            0.999979731012676,
            0.9999784457702717,
            0.9999774595690887
        ],
        "POSITIVE": [
            0.9999828338623047,
            0.9999859367119693,
            0.9999872219543745,
            0.9999882081555578
        ]
    },
    "3": {
        "NEUTRAL": [
            0.9999825954437256,
            0.9999825954437263,
            0.9999825954437261,
            0.9999825954437261
        ],
        "NEGATIVE": [
            0.9999825954437256,
            0.9999793454962338,
            0.9999779993239042,
            0.9999769663695454
        ],
        "POSITIVE": [
            0.9999825954437256,
            0.9999858453912187,
            0.9999871915635481,
            0.9999882245179069
        ]
    },
    "4": {
        "NEUTRAL": [
            0.9999819993972778,
            0.9999819993972807,
            0.9999819993972803,
            0.9999819993972803
        ],
        "NEGATIVE": [
            0.9999819993972778,
            0.9999800134646057,
            0.9999791908643564,
            0.9999785596609853
        ],
        "POSITIVE": [
            0.9999819993972778,
            0.9999839853299557,
            0.9999848079302042,
            0.9999854391335753
        ]
    }
}