{
    "0": 0.9999778270721436,
    "1": 0.9999796152114868,
    "2": 0.9997221827507019,
    "3": 0.9986591339111328,
    "4": 0.3734759986400604,
    "5": 0.22075575590133667,
    "6": 0.999818742275238,
    "7": 0.9999680519104004,
    "8": 0.9999680519104004,
    "9": 0.9999650716781616,
    "10": 0.9999712705612183,
    "11": 0.999976634979248,
    "12": 0.9999794960021973,
    "13": 0.9999803304672241,
    "14": 0.9999804496765137,
    "15": 0.9999803304672241,
    "16": 0.9999736547470093,
    "17": 0.9978856444358826,
    "18": 0.9999701976776123,
    "19": 0.9999786615371704,
    "20": 0.9999790191650391,
    "21": 0.9999786615371704,
    "22": 0.9999803304672241,
    "23": 0.999974250793457,
    "24": 0.9999786615371704,
    "25": 0.9999775886535645,
    "26": 0.9999539852142334,
    "27": 0.9999374151229858,
    "28": 0.9999663829803467,
    "29": 3.373024446773343e-05,
    "30": 2.932859570137225e-05,
    "31": 2.794453757815063e-05,
    "32": 2.7063442757935263e-05,
    "33": 2.6412772058392875e-05,
    "34": 2.5920968255377375e-05,
    "35": 2.5554643798386678e-05,
    "36": 2.5246212317142636e-05,
    "37": 2.5011915568029508e-05,
    "38": 2.47853240580298e-05,
    "39": 2.4603143174317665e-05,
    "40": 2.4461322027491406e-05,
    "41": 2.4350209059775807e-05,
    "42": 2.4262542865471914e-05,
    "43": 2.4192811906686984e-05,
    "44": 2.4137092623277567e-05,
    "45": 2.40922236116603e-05,
    "46": 2.4055927497101948e-05,
    "47": 2.402644167887047e-05,
    "48": 2.4002374630072154e-05,
    "49": 2.398267315584235e-05,
    "50": 2.3966440494405106e-05,
    "51": 2.395302726654336e-05,
    "52": 2.394190596533008e-05,
    "53": 2.393263639532961e-05,
    "54": 2.392494752712082e-05,
    "55": 2.391851376160048e-05,
    "56": 2.391315319982823e-05,
    "57": 2.3908591174404137e-05,
    "58": 2.3904829504317604e-05,
    "59": 2.3901684471638873e-05,
    "60": 2.389911242062226e-05,
    "61": 2.3896969651104882e-05,
    "62": 2.3895192498457618e-05,
    "63": 2.3893779143691063e-05,
    "64": 2.389263863733504e-05,
    "65": 2.3891820092103444e-05,
    "66": 2.38911816268228e-05,
    "67": 2.3890772354207e-05,
    "68": 2.3890521333669312e-05,
    "69": 2.3890452212071978e-05,
    "70": 2.3890543161542155e-05,
    "71": 2.3890748707344756e-05,
    "72": 2.389104338362813e-05,
    "73": 2.3891409000498243e-05,
    "74": 2.389195651630871e-05,
    "75": 2.3892547687864862e-05,
    "76": 2.3893231627880596e-05,
    "77": 2.389396286162082e-05
}