{
    "0": 0.9999779462814331,
    "1": 0.9999775886535645,
    "2": 0.9999779462814331,
    "3": 0.9999792575836182,
    "4": 0.9999794960021973,
    "5": 0.9999798536300659,
    "6": 0.9999802112579346,
    "7": 0.9999805688858032,
    "8": 0.9999814033508301,
    "9": 0.9999816417694092,
    "10": 0.9999818801879883,
    "11": 0.999982476234436,
    "12": 0.9999831914901733,
    "13": 0.9999833106994629,
    "14": 0.9999828338623047,
    "15": 0.9999833106994629,
    "16": 0.9999817609786987,
    "17": 0.9999796152114868,
    "18": 0.9999790191650391,
    "19": 0.9999790191650391,
    "20": 0.9999797344207764,
    "21": 0.9999792575836182,
    "22": 0.9999791383743286,
    "23": 0.9999786615371704,
    "24": 0.9999783039093018,
    "25": 0.9999781847000122,
    "26": 0.9999780654907227,
    "27": 0.9999783039093018,
    "28": 0.99997878074646,
    "29": 0.9999786615371704,
    "30": 0.9999791383743286,
    "31": 0.9999790191650391,
    "32": 0.9999790191650391,
    "33": 0.9999792575836182,
    "34": 0.9999792575836182,
    "35": 0.9999797344207764,
    "36": 0.999980092048645,
    "37": 0.9999805688858032,
    "38": 0.9999808073043823,
    "39": 0.999981164932251,
    "40": 0.9999815225601196,
    "41": 0.9999816417694092,
    "42": 0.9999818801879883,
    "43": 0.9999821186065674,
    "44": 0.9999823570251465,
    "45": 0.999982476234436,
    "46": 0.9999827146530151,
    "47": 0.9999829530715942,
    "48": 0.9999830722808838,
    "49": 0.9999833106994629,
    "50": 0.9999834299087524,
    "51": 0.9999836683273315,
    "52": 0.9999837875366211,
    "53": 0.9999839067459106,
    "54": 0.9999840259552002,
    "55": 0.9999841451644897,
    "56": 0.9999841451644897,
    "57": 0.9999842643737793,
    "58": 0.9999843835830688,
    "59": 0.9999845027923584,
    "60": 0.9999845027923584,
    "61": 0.999984622001648,
    "62": 0.999984622001648,
    "63": 0.9999847412109375,
    "64": 0.9999847412109375,
    "65": 0.9999842643737793,
    "66": 0.9999830722808838,
    "67": 0.9999816417694092,
    "68": 0.9999794960021973,
    "69": 0.999976634979248,
    "70": 0.9999734163284302,
    "71": 0.999969482421875,
    "72": 0.9999645948410034,
    "73": 0.9999585151672363,
    "74": 0.9999518394470215,
    "75": 0.9999432563781738,
    "76": 0.9999368190765381,
    "77": 0.9999287128448486,
    "78": 0.9999175071716309,
    "79": 0.9999043941497803,
    "80": 0.9998915195465088,
    "81": 0.9998823404312134,
    "82": 0.9998950958251953,
    "83": 0.9998706579208374,
    "84": 0.9998493194580078,
    "85": 0.9998304843902588,
    "86": 0.9998120665550232,
    "87": 0.999795138835907,
    "88": 0.9997773766517639,
    "89": 0.9997538924217224,
    "90": 0.9997789263725281,
    "91": 0.999734103679657,
    "92": 0.9996894598007202,
    "93": 0.9996587038040161,
    "94": 0.9996243715286255,
    "95": 0.999591052532196,
    "96": 0.9995580315589905,
    "97": 0.999526858329773,
    "98": 0.9995030164718628,
    "99": 0.9994844198226929,
    "100": 0.999455988407135,
    "101": 0.9994521737098694
}