{
    "0": 0.999976396560669,
    "1": 0.9999768733978271,
    "2": 0.999977707862854,
    "3": 0.9999779462814331,
    "4": 0.9999797344207764,
    "5": 0.9999803304672241,
    "6": 0.9999796152114868,
    "7": 0.9999786615371704,
    "8": 0.9999780654907227,
    "9": 0.999977707862854,
    "10": 0.9999781847000122,
    "11": 0.9999780654907227,
    "12": 0.9999775886535645,
    "13": 0.9999768733978271,
    "14": 0.9999774694442749,
    "15": 0.9999778270721436,
    "16": 0.9999765157699585,
    "17": 0.9999759197235107,
    "18": 0.9999743700027466,
    "19": 0.9999629259109497,
    "20": 0.999974250793457,
    "21": 0.9998766183853149,
    "22": 0.9888894557952881,
    "23": 0.9999510049819946,
    "24": 0.9999734163284302,
    "25": 0.9999748468399048,
    "26": 0.999975323677063,
    "27": 0.9999755620956421,
    "28": 0.9999772310256958,
    "29": 0.9999760389328003,
    "30": 0.9999760389328003,
    "31": 0.9999760389328003,
    "32": 0.999976396560669,
    "33": 0.9999774694442749,
    "34": 0.9999779462814331,
    "35": 0.9999784231185913,
    "36": 0.9999773502349854,
    "37": 0.9999768733978271,
    "38": 0.9999765157699585,
    "39": 0.9999760389328003,
    "40": 3.469352668616921e-05,
    "41": 3.0187096854206175e-05,
    "42": 2.8489317628555e-05,
    "43": 2.745252277236432e-05,
    "44": 2.6737085136119276e-05,
    "45": 2.6212181182927452e-05,
    "46": 2.5176634153467603e-05,
    "47": 2.503403629816603e-05,
    "48": 2.4902743462007493e-05,
    "49": 2.4781873435131274e-05,
    "50": 2.46740564762149e-05,
    "51": 2.4579972887295298e-05,
    "52": 2.449890598654747e-05,
    "53": 2.4429407858406194e-05,
    "54": 2.437009425193537e-05,
    "55": 2.4319437216036022e-05,
    "56": 2.4276241674670018e-05,
    "57": 2.4239279809989966e-05,
    "58": 2.420758391963318e-05,
    "59": 2.418033363937866e-05,
    "60": 2.4156801373464987e-05,
    "61": 2.4136354113579728e-05,
    "62": 2.4118500732583925e-05,
    "63": 2.4102864699671045e-05,
    "64": 2.4089076759992167e-05,
    "65": 2.4076811314444058e-05,
    "66": 2.406586099823471e-05,
    "67": 2.4056018446572125e-05,
    "68": 2.404711995040998e-05,
    "69": 2.403909275017213e-05,
    "70": 2.4031758584897034e-05,
    "71": 2.4024997401284054e-05,
    "72": 2.4018816475290805e-05,
    "73": 2.4013112124521285e-05,
    "74": 2.400784615019802e-05,
    "75": 2.400294761173427e-05,
    "76": 2.3998369215405546e-05,
    "77": 2.399418008280918e-05,
    "78": 2.3990269255591556e-05,
    "79": 2.398660762992222e-05,
    "80": 2.398317701590713e-05,
    "81": 2.3980019250302576e-05,
    "82": 2.397704702161718e-05,
    "83": 2.3974303985596634e-05,
    "84": 2.3971697373781353e-05,
    "85": 2.3969296307768673e-05,
    "86": 2.3967080778675154e-05,
    "87": 2.3964952561073005e-05
}