{
    "0": 0.6487755179405212,
    "1": 0.671921968460083,
    "2": 0.9981232285499573,
    "3": 0.9997486472129822,
    "4": 0.9998890161514282,
    "5": 0.9999258518218994,
    "6": 0.9999175071716309,
    "7": 0.9999262094497681,
    "8": 0.9999521970748901,
    "9": 0.9999508857727051,
    "10": 0.9999716281890869,
    "11": 0.9999755620956421,
    "12": 0.9999792575836182,
    "13": 0.9999799728393555,
    "14": 0.9999799728393555,
    "15": 0.9999793767929077,
    "16": 0.9999809265136719,
    "17": 0.9999817609786987,
    "18": 0.9999816417694092,
    "19": 0.9999816417694092,
    "20": 0.9999822378158569,
    "21": 0.9999823570251465,
    "22": 0.9999823570251465,
    "23": 0.9999822378158569,
    "24": 0.9999828338623047,
    "25": 0.999982476234436,
    "26": 0.9999825954437256,
    "27": 0.9999823570251465,
    "28": 0.9999812841415405,
    "29": 0.9999816417694092,
    "30": 0.9999819993972778,
    "31": 0.9999817609786987,
    "32": 0.9999819993972778,
    "33": 0.9999812841415405,
    "34": 0.9999818801879883,
    "35": 0.9999819993972778,
    "36": 0.9999822378158569,
    "37": 0.999982476234436,
    "38": 0.9999828338623047,
    "39": 0.9999825954437256,
    "40": 0.9999822378158569,
    "41": 0.9999823570251465,
    "42": 0.9999821186065674,
    "43": 0.9999819993972778,
    "44": 0.9999817609786987,
    "45": 0.9999819993972778,
    "46": 0.9999821186065674,
    "47": 0.9999818801879883,
    "48": 0.9999819993972778,
    "49": 0.9999821186065674,
    "50": 0.9999823570251465,
    "51": 0.999982476234436,
    "52": 0.999982476234436,
    "53": 0.9999825954437256,
    "54": 0.9999825954437256,
    "55": 0.9999823570251465,
    "56": 0.9999821186065674,
    "57": 0.9999822378158569,
    "58": 0.9999819993972778,
    "59": 0.9999817609786987,
    "60": 0.9999818801879883,
    "61": 0.9999741315841675,
    "62": 0.9999808073043823,
    "63": 0.9999803304672241,
    "64": 0.999981164932251,
    "65": 0.9999805688858032,
    "66": 0.9999815225601196,
    "67": 0.9999816417694092,
    "68": 0.9999816417694092,
    "69": 0.9999817609786987,
    "70": 0.9999816417694092,
    "71": 0.9999818801879883,
    "72": 0.9999821186065674,
    "73": 0.9999818801879883,
    "74": 0.9999817609786987,
    "75": 0.9999819993972778,
    "76": 0.9999821186065674,
    "77": 0.9999823570251465,
    "78": 0.9999825954437256,
    "79": 0.9999827146530151,
    "80": 0.9999828338623047,
    "81": 0.9999829530715942,
    "82": 0.9999830722808838,
    "83": 0.9999830722808838,
    "84": 0.9999831914901733,
    "85": 0.9999831914901733,
    "86": 0.9999831914901733,
    "87": 0.9999833106994629,
    "88": 0.9999833106994629,
    "89": 0.9999833106994629,
    "90": 0.9999831914901733,
    "91": 0.9999822378158569,
    "92": 0.9999828338623047,
    "93": 0.9999829530715942,
    "94": 0.9999827146530151,
    "95": 0.9999827146530151,
    "96": 0.9999825954437256,
    "97": 0.9999828338623047,
    "98": 0.9999828338623047,
    "99": 0.9999831914901733,
    "100": 0.9999833106994629,
    "101": 0.9999831914901733,
    "102": 0.9999831914901733,
    "103": 0.9999831914901733,
    "104": 0.9999830722808838,
    "105": 0.9999830722808838,
    "106": 0.9999828338623047,
    "107": 0.9999830722808838,
    "108": 0.9999831914901733,
    "109": 0.9999833106994629,
    "110": 0.9999831914901733,
    "111": 0.9999831914901733,
    "112": 0.9999831914901733,
    "113": 0.9999830722808838,
    "114": 0.9999829530715942,
    "115": 0.9999829530715942,
    "116": 0.9999829530715942,
    "117": 0.9999828338623047,
    "118": 0.9999828338623047,
    "119": 0.9999819993972778,
    "120": 0.9999827146530151,
    "121": 0.9999828338623047,
    "122": 0.9999823570251465,
    "123": 0.9999827146530151,
    "124": 0.9999825954437256,
    "125": 0.9999825954437256,
    "126": 0.9999817609786987,
    "127": 0.9999821186065674,
    "128": 0.999982476234436,
    "129": 0.999982476234436,
    "130": 0.9999814033508301,
    "131": 0.9999798536300659,
    "132": 0.9999761581420898,
    "133": 0.9999788999557495,
    "134": 0.9999747276306152,
    "135": 0.9999698400497437,
    "136": 0.9999655485153198,
    "137": 0.9999614953994751,
    "138": 0.9999572038650513,
    "139": 0.9999629259109497,
    "140": 0.9999673366546631,
    "141": 0.9999678134918213,
    "142": 0.999970555305481,
    "143": 0.9999686479568481,
    "144": 0.9999699592590332,
    "145": 0.9999727010726929,
    "146": 0.9999754428863525,
    "147": 0.9999767541885376,
    "148": 0.9999785423278809,
    "149": 0.9999775886535645,
    "150": 0.999976634979248,
    "151": 0.999980092048645,
    "152": 0.9999790191650391,
    "153": 0.9999803304672241,
    "154": 0.9999803304672241,
    "155": 0.9999793767929077,
    "156": 0.999980092048645,
    "157": 0.9999792575836182,
    "158": 0.9999804496765137,
    "159": 0.9999810457229614,
    "160": 0.999981164932251,
    "161": 0.9999814033508301,
    "162": 0.9999810457229614,
    "163": 0.9999806880950928,
    "164": 0.9999810457229614,
    "165": 0.999981164932251,
    "166": 0.9999812841415405,
    "167": 0.9999809265136719,
    "168": 0.9999804496765137,
    "169": 0.9999809265136719,
    "170": 0.9999808073043823,
    "171": 0.9999810457229614,
    "172": 0.9999803304672241,
    "173": 0.9999802112579346,
    "174": 0.9999799728393555,
    "175": 0.9999797344207764,
    "176": 0.9999793767929077,
    "177": 0.9999797344207764,
    "178": 0.9999798536300659,
    "179": 0.9999796152114868,
    "180": 0.9999797344207764,
    "181": 0.9999796152114868,
    "182": 0.9999791383743286,
    "183": 0.9999784231185913,
    "184": 0.9999781847000122,
    "185": 0.9999772310256958,
    "186": 0.9999788999557495,
    "187": 0.9999785423278809,
    "188": 0.9999791383743286,
    "189": 0.9999783039093018,
    "190": 0.9999779462814331,
    "191": 0.9999786615371704,
    "192": 0.9999779462814331,
    "193": 0.9999784231185913,
    "194": 0.9999790191650391,
    "195": 0.9999792575836182,
    "196": 0.9999793767929077,
    "197": 0.9999796152114868,
    "198": 0.9999798536300659,
    "199": 0.9999796152114868,
    "200": 0.9999790191650391,
    "201": 0.9999781847000122,
    "202": 0.999977707862854,
    "203": 0.9999773502349854,
    "204": 0.9999773502349854,
    "205": 0.9999765157699585,
    "206": 0.9999775886535645,
    "207": 0.999976634979248,
    "208": 0.9999765157699585,
    "209": 0.9999773502349854,
    "210": 0.999976634979248,
    "211": 0.999977707862854,
    "212": 0.9999775886535645,
    "213": 0.9999767541885376,
    "214": 0.9999756813049316,
    "215": 0.9999743700027466,
    "216": 0.999972939491272,
    "217": 0.999976634979248,
    "218": 0.9999771118164062,
    "219": 0.9999762773513794,
    "220": 0.999975323677063,
    "221": 0.999974250793457,
    "222": 0.999972939491272,
    "223": 0.9999738931655884,
    "224": 0.9999755620956421,
    "225": 0.999975323677063,
    "226": 0.9999758005142212,
    "227": 0.9999759197235107,
    "228": 0.9999772310256958,
    "229": 0.9999762773513794,
    "230": 0.9999754428863525,
    "231": 0.999976396560669,
    "232": 0.9999767541885376,
    "233": 0.999976634979248,
    "234": 0.9999773502349854,
    "235": 0.999976396560669,
    "236": 0.9999761581420898,
    "237": 0.9999754428863525,
    "238": 0.9999765157699585,
    "239": 0.999976634979248,
    "240": 0.9999758005142212,
    "241": 0.9999765157699585,
    "242": 0.9999328851699829,
    "243": 0.9999731779098511,
    "244": 0.999972939491272,
    "245": 3.1987055990612134e-05,
    "246": 0.0005558016709983349,
    "247": 0.0007616727380082011,
    "248": 0.996703565120697,
    "249": 0.9999617338180542,
    "250": 0.9999678134918213,
    "251": 0.9999741315841675,
    "252": 0.9999734163284302,
    "253": 0.9999724626541138,
    "254": 0.9999711513519287,
    "255": 0.9999728202819824,
    "256": 0.9999721050262451,
    "257": 0.9999740123748779,
    "258": 0.9999734163284302,
    "259": 0.9999747276306152,
    "260": 0.9999741315841675,
    "261": 0.999975323677063,