{
    "0": 0.13781310617923737,
    "1": 0.9984927177429199,
    "2": 0.9999418258666992,
    "3": 0.999969482421875,
    "4": 0.999976396560669,
    "5": 0.9999796152114868,
    "6": 0.9999788999557495,
    "7": 0.9999799728393555,
    "8": 3.6380431993165985e-05,
    "9": 7.653937791474164e-05,
    "10": 0.0004587565781548619,
    "11": 3.028831270057708e-05,
    "12": 0.016913246363401413,
    "13": 0.9099823832511902,
    "14": 0.9999285936355591,
    "15": 0.9999656677246094,
    "16": 0.9999637603759766,
    "17": 0.9999663829803467,
    "18": 0.9999634027481079,
    "19": 0.9999676942825317,
    "20": 0.9999603033065796,
    "21": 0.9999631643295288,
    "22": 0.04531528800725937,
    "23": 6.462498276960105e-05,
    "24": 0.0001562681864015758,
    "25": 3.345754885231145e-05,
    "26": 9.237918857252225e-05,
    "27": 0.8659898638725281,
    "28": 0.9938703775405884,
    "29": 0.9999593496322632,
    "30": 0.9999628067016602,
    "31": 0.031370632350444794,
    "32": 0.0002253110724268481,
    "33": 3.086865763179958e-05,
    "34": 4.9825550377136096e-05,
    "35": 3.191052019246854e-05,
    "36": 2.8897271477035247e-05,
    "37": 3.3000571420416236e-05,
    "38": 0.0018658974440768361,
    "39": 0.00015795593208167702,
    "40": 4.570006058202125e-05,
    "41": 3.373210711288266e-05,
    "42": 2.7564487027120776e-05,
    "43": 2.702707570279017e-05,
    "44": 3.157984610879794e-05,
    "45": 9.449054050492123e-05,
    "46": 3.501911123748869e-05,
    "47": 2.9348881071200594e-05,
    "48": 2.7703634259523824e-05,
    "49": 2.6935371352010407e-05,
    "50": 2.6485315174795687e-05,
    "51": 2.6160663765040226e-05,
    "52": 2.5861732865450904e-05,
    "53": 2.562863846833352e-05,
    "54": 2.544421840866562e-05,
    "55": 2.5294750230386853e-05,
    "56": 2.5171520974254236e-05,
    "57": 2.5068393370020203e-05,
    "58": 2.498104549886193e-05,
    "59": 2.4906352336984128e-05,
    "60": 2.4841830963850953e-05,
    "61": 2.478560600138735e-05,
    "62": 2.47362313530175e-05,
    "63": 2.4692557417438366e-05,
    "64": 2.4653687432873994e-05,
    "65": 2.4618819224997424e-05,
    "66": 2.458742710587103e-05,
    "67": 2.4558978111599572e-05,
    "68": 2.4533090254408307e-05,
    "69": 2.4509399736416526e-05,
    "70": 2.448769737384282e-05,
    "71": 2.446767030050978e-05,
    "72": 2.444924393785186e-05,
    "73": 2.4432132704532705e-05,
    "74": 2.4416271116933785e-05,
    "75": 2.4401490009040572e-05,
    "76": 2.4387716621276923e-05,
    "77": 2.4374838176299818e-05,
    "78": 2.4362798285437748e-05,
    "79": 2.435155511193443e-05,
    "80": 2.4340923118870705e-05,
    "81": 2.433098961773794e-05,
    "82": 2.4321640012203716e-05,
    "83": 2.4312805180670694e-05,
    "84": 2.4304505132022314e-05,
    "85": 2.4296672563650645e-05,
    "86": 2.4289234715979546e-05,
    "87": 2.4282262529595755e-05
}