{
    "0": 0.9999772310256958,
    "1": 0.9999775886535645,
    "2": 0.9999773502349854,
    "3": 0.9999748468399048,
    "4": 0.9999749660491943,
    "5": 0.9999749660491943,
    "6": 0.9999735355377197,
    "7": 0.9999520778656006,
    "8": 0.9999688863754272,
    "9": 0.9999701976776123,
    "10": 0.9999376535415649,
    "11": 0.0007171080214902759,
    "12": 0.998336672782898,
    "13": 0.9917460680007935,
    "14": 5.0106729759136215e-05,
    "15": 0.11700300127267838,
    "16": 0.000266780611127615,
    "17": 6.648679845966399e-05,
    "18": 3.066032877541147e-05,
    "19": 0.0004971369635313749,
    "20": 0.9986843466758728,
    "21": 3.2117150112753734e-05,
    "22": 2.9312488550203852e-05,
    "23": 2.7998205041512847e-05,
    "24": 2.7073949240730144e-05,
    "25": 2.6393236112198792e-05,
    "26": 2.7120333470520563e-05,
    "27": 2.6235615223413333e-05,
    "28": 2.5745710445335135e-05,
    "29": 2.5445626306463964e-05,
    "30": 2.5236726287403144e-05,
    "31": 2.5065141016966663e-05,
    "32": 2.4888639018172398e-05,
    "33": 2.4541326638427563e-05,
    "34": 2.452742774039507e-05,
    "35": 2.4513725293218158e-05,
    "36": 2.4492321244906634e-05,
    "37": 2.4465241949656047e-05,
    "38": 2.4435325030935928e-05,
    "39": 2.4404816940659657e-05,
    "40": 2.4375140128540806e-05,
    "41": 2.4347284124814905e-05,
    "42": 2.4321618184330873e-05,
    "43": 2.4298433345393278e-05,
    "44": 2.4277655029436573e-05,
    "45": 2.425916500214953e-05,
    "46": 2.4242837753263302e-05,
    "47": 2.422841680527199e-05,
    "48": 2.4215665689553134e-05,
    "49": 2.4204422516049817e-05,
    "50": 2.4194474463001825e-05,
    "51": 2.4185614165617153e-05,
    "52": 2.417777432128787e-05,
    "53": 2.4170718461391516e-05,
    "54": 2.4164406568161212e-05,
    "55": 2.4158713131328113e-05,
    "56": 2.415353083051741e-05,
    "57": 2.4148832380888052e-05,
    "58": 2.4144548660842702e-05,
    "59": 2.414063419564627e-05,
    "60": 2.4137092623277567e-05,
    "61": 2.413375477772206e-05,
    "62": 2.4130693418555893e-05,
    "63": 2.4127841243171133e-05
}