{
    "0": 0.9999781847000122,
    "1": 0.9999791383743286,
    "2": 0.9999812841415405,
    "3": 0.9999784231185913,
    "4": 0.9999790191650391,
    "5": 0.9999785423278809,
    "6": 0.9999775886535645,
    "7": 0.9999773502349854,
    "8": 0.9999765157699585,
    "9": 0.999975323677063,
    "10": 0.9999754428863525,
    "11": 0.9999760389328003,
    "12": 0.9999755620956421,
    "13": 0.9999755620956421,
    "14": 0.9999756813049316,
    "15": 0.9999759197235107,
    "16": 0.9999762773513794,
    "17": 0.9999758005142212,
    "18": 0.9999760389328003,
    "19": 0.9999758005142212,
    "20": 0.9999762773513794,
    "21": 0.9999758005142212,
    "22": 0.9999749660491943,
    "23": 0.9999749660491943,
    "24": 0.9999761581420898,
    "25": 0.9999767541885376,
    "26": 0.999977707862854,
    "27": 0.9999781847000122,
    "28": 0.9999768733978271,
    "29": 0.999976396560669,
    "30": 0.9999762773513794,
    "31": 0.9999758005142212,
    "32": 0.9999756813049316,
    "33": 0.9999771118164062,
    "34": 0.9999779462814331,
    "35": 0.9987071752548218,
    "36": 3.2491007004864514e-05,
    "37": 5.806047556689009e-05,
    "38": 0.00019768746278714389,
    "39": 3.162034772685729e-05,
    "40": 2.8619346267078072e-05,
    "41": 2.7305317416903563e-05,
    "42": 2.646955726959277e-05,
    "43": 2.5895298676914535e-05,
    "44": 2.5493982320767827e-05,
    "45": 2.5170631488435902e-05,
    "46": 2.46663621510379e-05,
    "47": 2.4654180379002355e-05,
    "48": 2.4632605345686898e-05,
    "49": 2.4596387447672896e-05,
    "50": 2.4552142349421047e-05,
    "51": 2.450516876706388e-05,
    "52": 2.4458942789351568e-05,
    "53": 2.4415316147496924e-05,
    "54": 2.4375349312322214e-05,
    "55": 2.4339344236068428e-05,
    "56": 2.4307286366820335e-05,
    "57": 2.4278835553559475e-05,
    "58": 2.4253869923995808e-05,
    "59": 2.423190562694799e-05,
    "60": 2.4212593416450545e-05,
    "61": 2.4195582227548584e-05,
    "62": 2.4180586478905752e-05,
    "63": 2.4167331503122114e-05,
    "64": 2.4155511709977873e-05,
    "65": 2.414496339042671e-05,
    "66": 2.413555012026336e-05,
    "67": 2.412701360299252e-05,
    "68": 2.411928289802745e-05,
    "69": 2.4112267055897973e-05,
    "70": 2.410589877399616e-05,
    "71": 2.410001434327569e-05,
    "72": 2.409461376373656e-05,
    "73": 2.4089627913781442e-05,
    "74": 2.4085054974420927e-05,
    "75": 2.4080785806290805e-05,
    "76": 2.40768331423169e-05,
    "77": 2.407316060271114e-05,
    "78": 2.4069740902632475e-05,
    "79": 2.4066572223091498e-05,
    "80": 2.4063589080469683e-05,
    "81": 2.4060811483650468e-05,
    "82": 2.4058244889602065e-05,
    "83": 2.405581108178012e-05,
    "84": 2.405356462986674e-05,
    "85": 2.4051452783169225e-05,
    "86": 2.404948099865578e-05,
    "87": 2.404762381047476e-05,
    "88": 2.4045903046499006e-05,
    "89": 2.4044275050982833e-05,
    "90": 2.4042761651799083e-05,
    "91": 2.4041362848947756e-05,
    "92": 2.4040080461418256e-05,
    "93": 2.403884172963444e-05,
    "94": 2.403771759418305e-05,
    "95": 2.4036662580328993e-05,
    "96": 2.4035678507061675e-05,
    "97": 2.4034759917412885e-05,
    "98": 2.4033866793615744e-05,
    "99": 2.4033133740886115e-05,
    "100": 2.4032353394431993e-05,
    "101": 2.4031713110161945e-05,
    "102": 2.4031071006902494e-05,
    "103": 2.4030521672102623e-05,
    "104": 2.4029970518313348e-05,
    "105": 2.4029490305110812e-05,
    "106": 2.402905374765396e-05,
    "107": 2.402864265604876e-05,
    "108": 2.4028275220189244e-05,
    "109": 2.4027953259064816e-05,
    "110": 2.4027633116929792e-05,
    "111": 2.4027382096392103e-05,
    "112": 2.402712925686501e-05,
    "113": 2.402694553893525e-05,
    "114": 2.4026761821005493e-05,
    "115": 2.4026625396800227e-05,
    "116": 2.4026510800467804e-05,
    "117": 2.4026394385145977e-05,
    "118": 2.4026327082538046e-05,
    "119": 2.4026212486205623e-05,
    "120": 2.4026212486205623e-05,
    "121": 2.4026212486205623e-05,
    "122": 2.4026167011470534e-05,
    "123": 2.402619065833278e-05,
    "124": 2.402619065833278e-05,
    "125": 2.402625796094071e-05,
    "126": 2.40263034356758e-05,
    "127": 2.402634891041089e-05,
    "128": 2.4026394385145977e-05,
    "129": 2.402653444733005e-05,
    "130": 2.402664722467307e-05,
    "131": 2.4026761821005493e-05,
    "132": 2.402685277047567e-05,
    "133": 2.4026992832659744e-05,
    "134": 2.40271747316001e-05,
    "135": 2.4027312974794768e-05,
    "136": 2.4027494873735122e-05,
    "137": 2.4027633116929792e-05,
    "138": 2.402781683485955e-05,
    "139": 2.4027976905927062e-05,
    "140": 2.4028184270719066e-05,
    "141": 2.402836616965942e-05,
    "142": 2.4028595362324268e-05
}