{
    "0": 0.9999779462814331,
    "1": 0.9999796152114868,
    "2": 0.9999802112579346,
    "3": 0.9999808073043823,
    "4": 0.999981164932251,
    "5": 0.9999819993972778,
    "6": 0.9999816417694092,
    "7": 0.9999810457229614,
    "8": 0.9999794960021973,
    "9": 0.999977707862854,
    "10": 0.9999775886535645,
    "11": 0.9999774694442749,
    "12": 0.9999768733978271,
    "13": 0.9999783039093018,
    "14": 0.9999781847000122,
    "15": 0.9999774694442749,
    "16": 0.999977707862854,
    "17": 0.9999774694442749,
    "18": 0.9999774694442749,
    "19": 0.9999768733978271,
    "20": 0.9999744892120361,
    "21": 0.9999740123748779,
    "22": 0.9998515844345093,
    "23": 0.0014311021659523249,
    "24": 3.9925245800986886e-05,
    "25": 3.1275194487534463e-05,
    "26": 4.092770177521743e-05,
    "27": 3.09499773720745e-05,
    "28": 2.868497722374741e-05,
    "29": 2.751957072177902e-05,
    "30": 2.6788204195327125e-05,
    "31": 2.6297308068023995e-05,
    "32": 2.5926112357410602e-05,
    "33": 2.5640056264819577e-05,
    "34": 2.5430268578929827e-05,
    "35": 2.527338801883161e-05,
    "36": 2.489462167432066e-05,
    "37": 2.4846356609486975e-05,
    "38": 2.4699693312868476e-05,
    "39": 2.479487557138782e-05,
    "40": 2.4851618945831433e-05,
    "41": 2.4913764718803577e-05,
    "42": 2.5013776394189335e-05,
    "43": 2.5064997316803783e-05,
    "44": 2.5087883841479197e-05,
    "45": 2.5089222617680207e-05,
    "46": 2.512885293981526e-05,
    "47": 2.5118930352618918e-05,
    "48": 2.510027843527496e-05,
    "49": 2.5076593374251388e-05,
    "50": 2.505061092961114e-05,
    "51": 2.5023868147400208e-05,
    "52": 2.4997272703330964e-05,
    "53": 2.497144669177942e-05,
    "54": 2.4946717530838214e-05,
    "55": 2.4923223463702016e-05,
    "56": 2.4901173674152233e-05,
    "57": 2.4880475393729284e-05,
    "58": 2.4861119527486153e-05,
    "59": 2.484296783222817e-05,
    "60": 2.4825965738273226e-05,
    "61": 2.481006049492862e-05,
    "62": 2.4795062927296385e-05,
    "63": 2.4780925741652027e-05,
    "64": 2.4767505237832665e-05
}