{
    "0": 0.9999783039093018,
    "1": 0.9999810457229614,
    "2": 0.9999810457229614,
    "3": 0.9999803304672241,
    "4": 0.9999797344207764,
    "5": 0.9999788999557495,
    "6": 0.9999783039093018,
    "7": 0.9999797344207764,
    "8": 0.9999786615371704,
    "9": 0.9999791383743286,
    "10": 0.9999614953994751,
    "11": 0.9999309778213501,
    "12": 8.2702114013955e-05,
    "13": 5.153049642103724e-05,
    "14": 2.9937480576336384e-05,
    "15": 2.7387228328734636e-05,
    "16": 2.6998459361493587e-05,
    "17": 2.6612944566295482e-05,
    "18": 2.624577609822154e-05,
    "19": 2.594532816146966e-05
}