{
    "0": 0.9999759197235107,
    "1": 0.999977707862854,
    "2": 0.9999788999557495,
    "3": 0.9999808073043823,
    "4": 0.9999759197235107,
    "5": 0.9999754428863525,
    "6": 0.9999761581420898,
    "7": 0.9999775886535645,
    "8": 0.9999780654907227,
    "9": 0.9999783039093018,
    "10": 0.9999783039093018,
    "11": 0.99997878074646,
    "12": 0.9999784231185913,
    "13": 0.9999778270721436,
    "14": 0.9999775886535645,
    "15": 0.9999767541885376,
    "16": 0.9999759197235107,
    "17": 0.9999752044677734,
    "18": 0.9999748468399048,
    "19": 0.999974250793457,
    "20": 0.9999736547470093,
    "21": 0.999974250793457,
    "22": 0.9999746084213257,
    "23": 0.9999755620956421,
    "24": 0.9999710321426392,
    "25": 0.999962568283081,
    "26": 0.9999494552612305,
    "27": 0.9999585151672363,
    "28": 0.9999645948410034,
    "29": 0.9999678134918213,
    "30": 0.9999524354934692,
    "31": 0.9999185800552368,
    "32": 0.9999479055404663,
    "33": 0.9998985528945923,
    "34": 0.9999411106109619,
    "35": 0.9998773336410522,
    "36": 0.9997720122337341,
    "37": 0.9996843338012695,
    "38": 0.9996127486228943,
    "39": 0.9995535016059875,
    "40": 0.9995073080062866,
    "41": 0.9994692206382751,
    "42": 0.999413251876831,
    "43": 0.9993820190429688,
    "44": 0.9993321299552917,
    "45": 0.9992758631706238,
    "46": 0.9992284774780273,
    "47": 0.9991914629936218,
    "48": 0.9991772770881653,
    "49": 0.9991827607154846,
    "50": 0.9991870522499084,
    "51": 0.9992176294326782,
    "52": 0.999243974685669,
    "53": 0.9992923736572266,
    "54": 0.9992823004722595,
    "55": 0.9992726445198059,
    "56": 0.9992645382881165,
    "57": 0.9992617964744568,
    "58": 0.9992417097091675,
    "59": 0.999204695224762,
    "60": 0.9991855025291443,
    "61": 0.9992508292198181,
    "62": 0.9996576309204102,
    "63": 0.014897838234901428,
    "64": 3.2026735425461084e-05,
    "65": 2.8782802473870106e-05,
    "66": 2.742983451753389e-05,
    "67": 2.6497718863538466e-05,
    "68": 2.582848355814349e-05,
    "69": 2.5346229449496605e-05,
    "70": 2.4977041903184727e-05,
    "71": 2.4686483811819926e-05,
    "72": 2.4458244297420606e-05,
    "73": 2.4279856006614864e-05,
    "74": 2.4107554054353386e-05,
    "75": 2.39717210206436e-05,
    "76": 2.386453707003966e-05
}