{
    "0": 0.9999775886535645,
    "1": 0.9999797344207764,
    "2": 0.9999802112579346,
    "3": 0.9999808073043823,
    "4": 0.9999812841415405,
    "5": 0.9999806880950928,
    "6": 0.9999794960021973,
    "7": 0.9999788999557495,
    "8": 0.9999788999557495,
    "9": 0.9999791383743286,
    "10": 0.9999803304672241,
    "11": 0.9999804496765137,
    "12": 0.9999803304672241,
    "13": 0.9999806880950928,
    "14": 0.9999816417694092,
    "15": 0.9999818801879883,
    "16": 0.9999818801879883,
    "17": 0.9999802112579346,
    "18": 0.9999810457229614,
    "19": 0.9999818801879883,
    "20": 0.999980092048645,
    "21": 0.9990229606628418,
    "22": 0.9999774694442749,
    "23": 0.9999797344207764,
    "24": 0.9999479055404663,
    "25": 0.022838948294520378,
    "26": 0.0007018606411293149,
    "27": 3.043180186068639e-05,
    "28": 2.8577152988873422e-05,
    "29": 2.7521042284206487e-05,
    "30": 2.6762796551338397e-05,
    "31": 2.619715996843297e-05,
    "32": 2.577801569714211e-05,
    "33": 2.544591734476853e-05,
    "34": 2.5180861484841444e-05,
    "35": 2.4984665287774988e-05,
    "36": 2.479487557138782e-05,
    "37": 2.463394594087731e-05,
    "38": 2.45074370468501e-05,
    "39": 2.4407190721831284e-05,
    "40": 2.4327138817170635e-05,
    "41": 2.4262635633931495e-05,
    "42": 2.4210401534219272e-05,
    "43": 2.4167722585843876e-05,
    "44": 2.4132719772751443e-05,
    "45": 2.410373963357415e-05,
    "46": 2.40797053265851e-05,
    "47": 2.4059527277131565e-05,
    "48": 2.4042579752858728e-05,
    "49": 2.4028251573326997e-05,
    "50": 2.4016091629164293e-05,
    "51": 2.4005603336263448e-05,
    "52": 2.3996675736270845e-05,
    "53": 2.3988939574337564e-05,
    "54": 2.3982192942639813e-05,
    "55": 2.3976408556336537e-05,
    "56": 2.3971308110048994e-05,
    "57": 2.3966849767020904e-05,
    "58": 2.396296440565493e-05,
    "59": 2.395953742961865e-05,
    "60": 2.3956568838912062e-05,
    "61": 2.395396222709678e-05,
    "62": 2.395167939539533e-05,
    "63": 2.39497148868395e-05,
    "64": 2.3948003217810765e-05,
    "65": 2.3946517103468068e-05,
    "66": 2.394524017290678e-05,
    "67": 2.394418879703153e-05,
    "68": 2.3943273845361546e-05,
    "69": 2.3942544430610724e-05,
    "70": 2.3941951440065168e-05,
    "71": 2.3941473045852035e-05
}