{
    "0": 0.9999520778656006,
    "1": 0.9894767999649048,
    "2": 0.9965907335281372,
    "3": 0.9999463558197021,
    "4": 0.9999661445617676,
    "5": 0.9999711513519287,
    "6": 0.999971866607666,
    "7": 0.9998455047607422,
    "8": 0.002533884020522237,
    "9": 3.06058136629872e-05,
    "10": 2.873897392419167e-05,
    "11": 2.7654270525090396e-05,
    "12": 2.6866826374316588e-05,
    "13": 2.6279785743099637e-05,
    "14": 2.584787580417469e-05,
    "15": 2.553493504819926e-05,
    "16": 2.5277820896008052e-05,
    "17": 2.8940290576429106e-05,
    "18": 2.705389488255605e-05,
    "19": 2.635055352584459e-05,
    "20": 2.6032594178104773e-05,
    "21": 2.582986417110078e-05,
    "22": 2.5641133106546476e-05,
    "23": 2.6272218747180887e-05,
    "24": 2.5841713068075478e-05,
    "25": 2.5639079467509873e-05,
    "26": 2.5425395506317727e-05,
    "27": 2.5267891032854095e-05,
    "28": 2.5142608137684874e-05,
    "29": 2.5038143576239236e-05,
    "30": 2.4948856662376784e-05,
    "31": 2.487143501639366e-05,
    "32": 2.4803885025903583e-05,
    "33": 2.4744558686506934e-05,
    "34": 2.4784023480606265e-05,
    "35": 2.4726066840230487e-05,
    "36": 2.4624268917250447e-05,
    "37": 2.4647644750075415e-05,
    "38": 2.467245576553978e-05,
    "39": 2.4799557650112547e-05,
    "40": 2.4729866709094495e-05,
    "41": 2.4802489861031063e-05,
    "42": 2.4854154617059976e-05,
    "43": 2.4881803255993873e-05,
    "44": 2.4889493943192065e-05,
    "45": 2.5144479877781123e-05,
    "46": 0.99992835521698,
    "47": 0.9995248317718506,
    "48": 3.546620428096503e-05,
    "49": 3.005783037224319e-05,
    "50": 0.017030566930770874
}