{
    "0": 0.9998124241828918,
    "1": 0.9980664849281311,
    "2": 0.9956890940666199,
    "3": 0.9996392726898193,
    "4": 0.99985671043396,
    "5": 0.9998571872711182,
    "6": 0.9998385906219482,
    "7": 0.9996733665466309,
    "8": 0.9966644644737244,
    "9": 0.00025855802232399583,
    "10": 0.00012101582251489162,
    "11": 9.721657988848165e-05,
    "12": 9.246413537766784e-05,
    "13": 9.101026807911694e-05,
    "14": 9.080082963919267e-05,
    "15": 9.121758193941787e-05,
    "16": 9.193390724249184e-05,
    "17": 0.00015831677592359483,
    "18": 0.00015318654186557978,
    "19": 0.00013339024735614657,
    "20": 0.00011790593271143734,
    "21": 0.0001077057677321136,
    "22": 0.00010192438639933243,
    "23": 0.0001220901613123715,
    "24": 0.00011157879634993151,
    "25": 0.00010460380144650117,
    "26": 0.00010039336484624073,
    "27": 9.793882054509595e-05,
    "28": 9.666296682553366e-05,
    "29": 9.62795311352238e-05,
    "30": 9.635696915211156e-05,
    "31": 9.671949374023825e-05,
    "32": 9.72351263044402e-05,
    "33": 9.781860717339441e-05,
    "34": 9.759574459167197e-05,
    "35": 9.803676221054047e-05,
    "36": 0.00010075838508782908,
    "37": 0.00010084508539875969,
    "38": 0.00010099761857418343,
    "39": 0.00010195686627412215,
    "40": 0.00010219426621915773,
    "41": 0.00010148274304810911,
    "42": 0.00010083297092933208,
    "43": 0.00010027912503574044,
    "44": 9.982954361476004e-05,
    "45": 0.00010250569903291762,
    "46": 0.00010383321932749823,
    "47": 0.00010378570004832,
    "48": 0.00010345568443881348,
    "49": 0.0001030991697916761,
    "50": 0.00010396855941507965,
    "51": 0.00010377243597758934
}