{
    "0": 0.9999756813049316,
    "1": 0.9999767541885376,
    "2": 0.6008517742156982,
    "3": 0.9999406337738037,
    "4": 0.02867371216416359,
    "5": 0.9999117851257324,
    "6": 0.9998113512992859,
    "7": 0.9993864297866821,
    "8": 0.0002197626163251698,
    "9": 0.9668143391609192,
    "10": 0.9999626874923706,
    "11": 0.9972177743911743,
    "12": 0.9998906850814819,
    "13": 0.9999648332595825,
    "14": 0.05004251003265381,
    "15": 0.9991814494132996,
    "16": 7.88739780546166e-05,
    "17": 2.9884793548262678e-05,
    "18": 4.8260288167512044e-05,
    "19": 3.591376662370749e-05,
    "20": 0.3719192445278168,
    "21": 8.836314373183995e-05,
    "22": 0.9644818902015686,
    "23": 0.9999641180038452,
    "24": 0.9999637603759766,
    "25": 0.9999101161956787,
    "26": 0.0004217071400489658,
    "27": 0.001188130583614111,
    "28": 0.9998797178268433,
    "29": 0.9999353885650635,
    "30": 0.9999669790267944,
    "31": 0.00355749879963696,
    "32": 3.09778843075037e-05,
    "33": 2.8922744604642503e-05,
    "34": 0.00011981990974163637,
    "35": 0.9811884760856628,
    "36": 0.9999102354049683,
    "37": 0.9993357062339783,
    "38": 0.005197808612138033,
    "39": 3.179448685841635e-05,
    "40": 2.918379323091358e-05,
    "41": 0.00011268589878454804,
    "42": 0.9912760257720947,
    "43": 0.9872338771820068,
    "44": 0.8795848488807678,
    "45": 0.9997498393058777,
    "46": 0.9999464750289917,
    "47": 3.408028351259418e-05,
    "48": 0.9997857213020325,
    "49": 0.9999635219573975,
    "50": 0.9999645948410034,
    "51": 0.9999604225158691,
    "52": 0.00013083826343063265,
    "53": 0.9951024055480957,
    "54": 0.9982824325561523,
    "55": 0.008044526912271976,
    "56": 0.00020927541481796652,
    "57": 0.8196420073509216,
    "58": 3.605917299864814e-05,
    "59": 3.011351691384334e-05,
    "60": 4.246063326718286e-05,
    "61": 3.151723649352789e-05,
    "62": 0.0003060816670767963,
    "63": 0.014377456158399582,
    "64": 0.9984425902366638,
    "65": 6.339939864119515e-05,
    "66": 3.5573790228227153e-05,
    "67": 0.0013404645724222064,
    "68": 0.9999527931213379,
    "69": 0.9998990297317505,
    "70": 0.9867672324180603,
    "71": 0.9999544620513916,
    "72": 3.5095206840196624e-05,
    "73": 2.9685312256333418e-05,
    "74": 4.071922739967704e-05,
    "75": 3.0527404305757955e-05,
    "76": 2.8065385777154006e-05,
    "77": 4.348534275777638e-05,
    "78": 0.038080278784036636,
    "79": 0.9978673458099365,
    "80": 0.00014281304902397096,
    "81": 4.2827898141695186e-05,
    "82": 3.3440639526816085e-05,
    "83": 2.9413353331619874e-05,
    "84": 2.7546304409042932e-05,
    "85": 2.6520903702476062e-05,
    "86": 2.5925543013727292e-05,
    "87": 2.5559567802702077e-05,
    "88": 2.532110556785483e-05,
    "89": 2.616193705762271e-05,
    "90": 2.5599400032660924e-05,
    "91": 2.534743725846056e-05,
    "92": 3.353392457938753e-05,
    "93": 2.6785650334204547e-05,
    "94": 2.579508327471558e-05,
    "95": 0.9613220691680908,
    "96": 0.9999545812606812,
    "97": 0.9932612776756287,
    "98": 0.9997493624687195,
    "99": 0.999962329864502,
    "100": 0.9999631643295288,
    "101": 3.638271664385684e-05,
    "102": 3.0181052352418192e-05,
    "103": 2.8495105652837083e-05,
    "104": 2.7438363758847117e-05,
    "105": 3.450482472544536e-05,
    "106": 0.01380906067788601,
    "107": 9.830935596255586e-05,
    "108": 3.810477574006654e-05,
    "109": 3.0564544431399554e-05,
    "110": 2.808755380101502e-05,
    "111": 2.6897332645603456e-05,
    "112": 2.6239344151690602e-05,
    "113": 2.8996704713790677e-05,
    "114": 0.9565058350563049,
    "115": 0.00032827648101374507,
    "116": 0.9998831748962402,
    "117": 0.9999572038650513,
    "118": 0.9996482133865356,
    "119": 0.9999573230743408,
    "120": 0.00014490065223071724,
    "121": 0.9998711347579956,
    "122": 0.9988276362419128,
    "123": 3.533407289069146e-05,
    "124": 0.9998598098754883,
    "125": 0.9999598264694214,
    "126": 0.9994303584098816,
    "127": 3.408278644201346e-05,
    "128": 0.00015939935110509396,
    "129": 3.5108427255181596e-05,
    "130": 2.9615162929985672e-05,
    "131": 2.7760595912695862e-05,
    "132": 2.6734283892437816e-05,
    "133": 2.6090105166076683e-05,
    "134": 2.5669440219644457e-05,
    "135": 2.5388662834302522e-05,
    "136": 2.6256037017446943e-05,
    "137": 2.5613611796870828e-05,
    "138": 2.5328157789772376e-05,
    "139": 2.5147501219180413e-05,
    "140": 2.4976256099762395e-05,
    "141": 2.5456665753154084e-05,
    "142": 2.825231058523059e-05,
    "143": 2.573498204583302e-05,
    "144": 2.530671736167278e-05,
    "145": 3.8531507016159594e-05,
    "146": 2.6094183340319432e-05,
    "147": 0.969015896320343,
    "148": 0.0010979253565892577,
    "149": 3.881096563418396e-05,
    "150": 2.6235515178996138e-05,
    "151": 2.551799116190523e-05,
    "152": 2.5298466425738297e-05,
    "153": 2.51609344559256e-05,
    "154": 2.5290530174970627e-05,
    "155": 0.0030804527923464775,
    "156": 0.9992101192474365,
    "157": 0.0004353814583737403,
    "158": 0.004025493748486042,
    "159": 9.829679038375616e-05,
    "160": 4.002771311206743e-05,
    "161": 2.8191836463520303e-05,
    "162": 2.573463825683575e-05,
    "163": 2.540639070502948e-05,
    "164": 2.5264613213948905e-05,
    "165": 2.5150691726594232e-05,
    "166": 2.5067674869205803e-05,
    "167": 2.4967852368718013e-05,
    "168": 2.4886026949388906e-05
}