{
    "0": 0.9999778270721436,
    "1": 7.487421680707484e-05,
    "2": 3.762531923712231e-05,
    "3": 3.331482002977282e-05,
    "4": 3.117704181931913e-05,
    "5": 3.2360210752813146e-05,
    "6": 3.163560904795304e-05,
    "7": 3.0798913940088823e-05,
    "8": 3.006281804118771e-05,
    "9": 2.9449221983668394e-05,
    "10": 2.8939793992321938e-05,
    "11": 2.8516036763903685e-05,
    "12": 2.816216874634847e-05,
    "13": 2.7622378183878027e-05,
    "14": 2.7471800422063097e-05,
    "15": 2.7318652428220958e-05,
    "16": 2.7170583052793518e-05,
    "17": 2.703217978705652e-05,
    "18": 2.6904925107373856e-05,
    "19": 2.678876626305282e-05,
    "20": 2.6683133910410106e-05,
    "21": 2.658724770299159e-05,
    "22": 2.6410782083985396e-05,
    "23": 2.6347790480940603e-05,
    "24": 2.6283996703568846e-05,
    "25": 2.6221207008347847e-05,
    "26": 2.6160914785577916e-05,
    "27": 2.606508496683091e-05,
    "28": 2.602236781967804e-05,
    "29": 2.5977242330554873e-05,
    "30": 2.593169847386889e-05,
    "31": 2.588727329566609e-05,
    "32": 2.5844572519417852e-05,
    "33": 2.580389082140755e-05,
    "34": 2.576531005615834e-05,
    "35": 2.5728844775585458e-05,
    "36": 2.56944440479856e-05,
    "37": 2.56620241998462e-05,
    "38": 2.5631452444940805e-05,
    "39": 2.5602623281884007e-05,
    "40": 2.5575365725671872e-05,
    "41": 2.5549503334332258e-05,
    "42": 2.55249524343526e-05,
    "43": 2.5501592972432263e-05,
    "44": 2.547923031670507e-05,
    "45": 2.5457857191213407e-05,
    "46": 2.5437326257815585e-05,
    "47": 2.541758840379771e-05,
    "48": 2.5398494472028688e-05,
    "49": 2.538006992836017e-05,
    "50": 2.5362236556247808e-05,
    "51": 2.5344972527818754e-05,
    "52": 2.5328181436634623e-05,
    "53": 2.5311930585303344e-05,
    "54": 2.5296054445789196e-05,
    "55": 2.5280643967562355e-05,
    "56": 2.526562639104668e-05,
    "57": 2.525097988836933e-05,
    "58": 2.5236678993678652e-05,
    "59": 2.5222772819688544e-05,
    "60": 2.5209188606822863e-05,
    "61": 2.519594636396505e-05,
    "62": 2.518299879739061e-05,
    "63": 2.517034408811014e-05,
    "64": 2.515798587410245e-05,
    "65": 2.514589505153708e-05,
    "66": 2.513402796466835e-05,
    "67": 2.512250102881808e-05,
    "68": 2.5111172362812795e-05,
    "69": 2.5100111088249832e-05,
    "70": 2.508929537725635e-05,
    "71": 2.507869794499129e-05,
    "72": 2.5068295144592412e-05,
    "73": 2.5058161554625258e-05,
    "74": 2.5048197130672634e-05,
    "75": 2.5038430976564996e-05,
    "76": 2.5028904929058626e-05,
    "77": 2.5019526219693944e-05,
    "78": 2.5010318495333195e-05,
    "79": 2.5001350877573714e-05,
    "80": 2.499250513210427e-05,
    "81": 2.4983832190628164e-05,
    "82": 2.4975373889901675e-05,
    "83": 2.496699380571954e-05,
    "84": 2.4958853828138672e-05,
    "85": 2.495080843800679e-05,
    "86": 2.4942957679741085e-05,
    "87": 2.4935201508924365e-05,
    "88": 2.4927643607952632e-05,
    "89": 2.4920180294429883e-05,
    "90": 2.494041109457612e-05,
    "91": 2.4938772185123526e-05,
    "92": 2.494928594387602e-05,
    "93": 0.999849796295166,
    "94": 0.9999122619628906,
    "95": 0.9999415874481201,
    "96": 0.9999518394470215,
    "97": 0.9999593496322632,
    "98": 0.9999605417251587,
    "99": 0.999961256980896,
    "100": 0.9999616146087646,
    "101": 0.9999618530273438,
    "102": 0.9999622106552124,
    "103": 0.9999624490737915,
    "104": 0.9999629259109497,
    "105": 0.9999631643295288,
    "106": 0.9999635219573975,
    "107": 0.9999638795852661,
    "108": 0.9999642372131348,
    "109": 0.9999644756317139,
    "110": 0.9999651908874512,
    "111": 0.999966025352478,
    "112": 0.9999657869338989,
    "113": 0.9999659061431885,
    "114": 0.9999669790267944,
    "115": 0.9999667406082153,
    "116": 0.9999668598175049,
    "117": 0.9999678134918213,
    "118": 0.9999676942825317,
    "119": 0.9999687671661377,
    "120": 0.999968409538269,
    "121": 0.9999685287475586,
    "122": 0.999969482421875,
    "123": 0.999970555305481,
    "124": 0.9999699592590332,
    "125": 0.9999696016311646,
    "126": 0.999970555305481,
    "127": 0.9999701976776123,
    "128": 0.999970555305481,
    "129": 0.9999706745147705,
    "130": 0.9999707937240601,
    "131": 0.9999713897705078,
    "132": 0.9999719858169556,
    "133": 0.9999722242355347,
    "134": 0.9999724626541138,
    "135": 0.9999721050262451,
    "136": 0.9999715089797974,
    "137": 0.9999722242355347,
    "138": 0.9999713897705078,
    "139": 0.9999703168869019,
    "140": 0.9999693632125854,
    "141": 0.9999688863754272,
    "142": 0.9999681711196899,
    "143": 0.9999675750732422,
    "144": 0.9999669790267944,
    "145": 0.9999676942825317,
    "146": 0.9999665021896362,
    "147": 0.9999653100967407,
    "148": 0.9999644756317139,
    "149": 0.999963641166687,
    "150": 0.9999634027481079,
    "151": 0.9999626874923706,
    "152": 0.9999630451202393,
    "153": 0.999963641166687
}