{
    "0": 0.9997971653938293,
    "1": 0.9998723268508911,
    "2": 0.9997615218162537
}