{
    "0": 0.9991326928138733,
    "1": 0.999365508556366,
    "2": 0.9976937174797058
}