{
    "0": 0.9999769926071167,
    "1": 0.9999783039093018,
    "2": 0.999980092048645,
    "3": 0.9999805688858032,
    "4": 0.9999809265136719,
    "5": 0.9999812841415405,
    "6": 0.9999809265136719,
    "7": 0.9999805688858032,
    "8": 0.9999815225601196,
    "9": 0.9999803304672241,
    "10": 0.9999767541885376,
    "11": 0.9704403877258301,
    "12": 5.502820567926392e-05,
    "13": 4.4491396693047136e-05,
    "14": 0.9658805727958679,
    "15": 0.9999759197235107,
    "16": 0.999976396560669,
    "17": 0.9999728202819824,
    "18": 0.999950647354126,
    "19": 0.9998910427093506,
    "20": 0.9999346733093262,
    "21": 0.9999756813049316,
    "22": 0.999977707862854,
    "23": 0.9999772310256958,
    "24": 0.008407541550695896,
    "25": 0.9999736547470093,
    "26": 0.9999779462814331,
    "27": 0.9999778270721436,
    "28": 0.9999778270721436,
    "29": 0.9999771118164062,
    "30": 0.9999772310256958,
    "31": 0.9999752044677734,
    "32": 0.9999762773513794,
    "33": 0.9999759197235107,
    "34": 3.276685674791224e-05,
    "35": 2.890270116040483e-05,
    "36": 0.00019584380788728595,
    "37": 0.0006298071821220219,
    "38": 0.746719241142273,
    "39": 0.0003118106978945434,
    "40": 0.9994193315505981,
    "41": 0.99980229139328,
    "42": 0.99996018409729,
    "43": 0.9999634027481079,
    "44": 3.262165409978479e-05,
    "45": 2.9388873372226954e-05,
    "46": 3.2670974178472534e-05,
    "47": 2.8911465051351115e-05,
    "48": 2.700285767787136e-05,
    "49": 3.089822712354362e-05,
    "50": 0.04570982977747917,
    "51": 0.9999139308929443,
    "52": 0.0001157812585006468,
    "53": 0.5870761871337891,
    "54": 0.9998645782470703,
    "55": 0.999954104423523,
    "56": 0.9999558925628662,
    "57": 3.225779073545709e-05,
    "58": 3.3896278182510287e-05,
    "59": 3.1729330657981336e-05,
    "60": 5.455877908389084e-05,
    "61": 4.02168880100362e-05,
    "62": 3.4268887247890234e-05,
    "63": 0.09950776398181915,
    "64": 0.00013280415441840887,
    "65": 0.00021393342467490584,
    "66": 4.13942507293541e-05,
    "67": 3.315843423479237e-05,
    "68": 3.0190467441570945e-05,
    "69": 0.00018585164798423648,
    "70": 0.27231523394584656,
    "71": 0.00010658212704584002,
    "72": 3.898040813510306e-05,
    "73": 3.1621853850083426e-05,
    "74": 4.7244870074791834e-05,
    "75": 3.410030694794841e-05,
    "76": 0.002088924404233694,
    "77": 0.00015548667579423636,
    "78": 4.7063560487004e-05,
    "79": 3.480536543065682e-05,
    "80": 3.051980456802994e-05,
    "81": 2.866857175831683e-05,
    "82": 2.761584437394049e-05,
    "83": 2.6940280804410577e-05,
    "84": 2.647423025337048e-05,
    "85": 2.697359559533652e-05
}