{
    "0": 0.08445492386817932,
    "1": 0.9993656277656555,
    "2": 0.9999107122421265,
    "3": 0.9999715089797974,
    "4": 0.9999755620956421,
    "5": 0.9999771118164062,
    "6": 0.9999781847000122,
    "7": 0.9999786615371704,
    "8": 0.9999794960021973,
    "9": 0.9999814033508301,
    "10": 0.9999817609786987,
    "11": 0.9999827146530151,
    "12": 0.9999839067459106,
    "13": 0.9999839067459106,
    "14": 0.9999836683273315,
    "15": 0.9999837875366211,
    "16": 0.9999839067459106,
    "17": 0.9999842643737793,
    "18": 0.9999840259552002,
    "19": 0.0006975114229135215,
    "20": 0.9999529123306274,
    "21": 0.9999790191650391,
    "22": 0.9999821186065674,
    "23": 0.999982476234436,
    "24": 0.999982476234436,
    "25": 0.9999792575836182,
    "26": 0.9999802112579346,
    "27": 0.9999808073043823,
    "28": 0.9999768733978271,
    "29": 0.999974250793457,
    "30": 4.4809126848122105e-05,
    "31": 0.03642994910478592,
    "32": 0.00011163540330016986,
    "33": 0.09573698043823242,
    "34": 3.00510655506514e-05,
    "35": 2.822142414515838e-05,
    "36": 2.7237569156568497e-05,
    "37": 2.6515339413890615e-05,
    "38": 2.5972138246288523e-05,
    "39": 2.557229163357988e-05,
    "40": 2.527198739699088e-05,
    "41": 2.502291499695275e-05,
    "42": 2.4842092898325063e-05,
    "43": 2.4649549231980927e-05,
    "44": 2.450084502925165e-05,
    "45": 2.438553019601386e-05,
    "46": 2.4295375624205917e-05,
    "47": 2.4224396838690154e-05,
    "48": 2.4168184609152377e-05,
    "49": 2.4123331968439743e-05,
    "50": 2.4087376004899852e-05,
    "51": 2.405845225439407e-05,
    "52": 2.4035058231675066e-05,
    "53": 2.4016137103899382e-05,
    "54": 2.40007047977997e-05,
    "55": 2.3988071916392073e-05
}