{
    "0": 0.9999759197235107,
    "1": 0.9999737739562988,
    "2": 0.9996315240859985,
    "3": 0.9998519420623779,
    "4": 0.9567174911499023,
    "5": 0.9443161487579346,
    "6": 0.0002296802995260805,
    "7": 0.5530680418014526,
    "8": 0.9997836947441101,
    "9": 0.9999462366104126,
    "10": 0.999962329864502,
    "11": 0.9999665021896362,
    "12": 0.9999605417251587,
    "13": 0.9999485015869141,
    "14": 0.999944806098938,
    "15": 0.9999579191207886,
    "16": 0.999962568283081,
    "17": 0.9999619722366333,
    "18": 0.9999665021896362,
    "19": 0.9999644756317139,
    "20": 0.9999662637710571,
    "21": 0.9999595880508423,
    "22": 0.0006759452517144382,
    "23": 0.9897956252098083,
    "24": 0.9999598264694214,
    "25": 0.9999600648880005,
    "26": 0.9999613761901855,
    "27": 0.9999606609344482,
    "28": 0.9999650716781616,
    "29": 0.9999696016311646,
    "30": 0.9999704360961914,
    "31": 0.999968409538269,
    "32": 0.9999659061431885,
    "33": 0.9999655485153198,
    "34": 0.999963641166687,
    "35": 0.9999643564224243,
    "36": 0.9999638795852661,
    "37": 0.9999587535858154,
    "38": 0.999954104423523,
    "39": 0.999954104423523,
    "40": 0.9999631643295288,
    "41": 0.9999653100967407,
    "42": 0.9985082745552063,
    "43": 0.9999678134918213,
    "44": 0.9999681711196899,
    "45": 0.9999681711196899,
    "46": 0.9999680519104004,
    "47": 0.9999687671661377,
    "48": 0.9999597072601318,
    "49": 0.029027633368968964,
    "50": 0.9999288320541382,
    "51": 0.9999688863754272,
    "52": 0.9999700784683228,
    "53": 0.9999700784683228,
    "54": 0.9999700784683228,
    "55": 0.9999688863754272,
    "56": 0.9999682903289795,
    "57": 0.0432133823633194,
    "58": 3.06060173898004e-05,
    "59": 2.859931737475563e-05,
    "60": 2.7532199965207838e-05,
    "61": 2.678654527699109e-05,
    "62": 2.6229310606140643e-05,
    "63": 2.5812036255956627e-05,
    "64": 2.5483654098934494e-05,
    "65": 2.633643634908367e-05,
    "66": 2.5682442355901003e-05,
    "67": 3.011036096722819e-05,
    "68": 2.6723091650637798e-05,
    "69": 2.5772951630642638e-05,
    "70": 3.692995960591361e-05,
    "71": 0.9996767044067383,
    "72": 0.0006478547002188861,
    "73": 0.00011410867591621354,
    "74": 7.80193877290003e-05,
    "75": 6.590170960407704e-05,
    "76": 6.472785753430799e-05,
    "77": 3.0089264328125864e-05,
    "78": 2.6793903089128435e-05,
    "79": 2.5914247089531273e-05,
    "80": 2.5538734917063266e-05,
    "81": 2.5329802156193182e-05,
    "82": 2.518662586226128e-05,
    "83": 2.5066192392841913e-05,
    "84": 2.478723763488233e-05,
    "85": 2.4750057491473854e-05,
    "86": 2.4718123313505203e-05,
    "87": 2.4682856746949255e-05,
    "88": 2.4644166842335835e-05,
    "89": 2.4603707061032765e-05,
    "90": 2.4563241822761483e-05,
    "91": 2.4524106265744194e-05,
    "92": 2.4487115297233686e-05,
    "93": 2.4452785510220565e-05,
    "94": 2.4421371563221328e-05,
    "95": 2.4392833438469097e-05,
    "96": 2.4367029254790395e-05,
    "97": 2.4343826225958765e-05,
    "98": 2.4322869649040513e-05,
    "99": 2.4304019461851567e-05,
    "100": 2.428694278933108e-05,
    "101": 2.4271475922432728e-05,
    "102": 2.425743150524795e-05,
    "103": 2.4244547603302635e-05,
    "104": 2.4232760551967658e-05
}