{
    "0": 0.9999704360961914,
    "1": 0.9999783039093018,
    "2": 0.9999810457229614,
    "3": 0.9999790191650391,
    "4": 0.9999779462814331,
    "5": 0.9999792575836182,
    "6": 0.9999786615371704,
    "7": 0.9999809265136719,
    "8": 0.9972130656242371,
    "9": 0.9997889399528503,
    "10": 0.9989884495735168,
    "11": 0.9999496936798096,
    "12": 0.9587359428405762,
    "13": 0.9997120499610901,
    "14": 0.997934103012085,
    "15": 0.9816744923591614,
    "16": 0.9644601345062256,
    "17": 0.9951849579811096,
    "18": 0.9860926270484924,
    "19": 0.9777267575263977,
    "20": 0.9661862850189209,
    "21": 0.9880329370498657,
    "22": 0.9943431615829468,
    "23": 0.9977858066558838,
    "24": 0.9941465854644775,
    "25": 0.9883378148078918,
    "26": 0.9993552565574646,
    "27": 0.9998321533203125,
    "28": 0.9999157190322876,
    "29": 0.9999532699584961,
    "30": 0.9999594688415527,
    "31": 0.9999641180038452,
    "32": 0.9999661445617676,
    "33": 0.9999672174453735,
    "34": 0.9999685287475586,
    "35": 0.9999691247940063,
    "36": 0.9999698400497437,
    "37": 0.9999710321426392,
    "38": 0.999971866607666,
    "39": 0.9999724626541138,
    "40": 0.9999730587005615,
    "41": 0.9999735355377197,
    "42": 0.9999737739562988,
    "43": 0.9999741315841675,
    "44": 0.999974250793457,
    "45": 0.9999746084213257,
    "46": 0.9999749660491943,
    "47": 0.9999752044677734,
    "48": 0.9999754428863525,
    "49": 0.9999762773513794,
    "50": 0.9999765157699585,
    "51": 0.999976634979248,
    "52": 0.9999768733978271,
    "53": 0.9999771118164062,
    "54": 0.9999772310256958,
    "55": 0.999977707862854,
    "56": 0.9999779462814331,
    "57": 0.9999780654907227,
    "58": 0.9999780654907227,
    "59": 0.9999779462814331,
    "60": 0.9999780654907227,
    "61": 0.9999780654907227,
    "62": 0.9999781847000122,
    "63": 0.9999780654907227,
    "64": 0.9999779462814331,
    "65": 0.9999780654907227,
    "66": 0.9999778270721436,
    "67": 0.999977707862854,
    "68": 0.9999778270721436,
    "69": 0.9999790191650391,
    "70": 0.999980092048645,
    "71": 0.9999808073043823,
    "72": 0.9999806880950928,
    "73": 0.9999808073043823,
    "74": 0.9999809265136719,
    "75": 0.9999808073043823,
    "76": 0.9999806880950928,
    "77": 0.9999808073043823,
    "78": 0.9999809265136719,
    "79": 0.9999810457229614,
    "80": 0.999981164932251,
    "81": 0.9999812841415405,
    "82": 0.9999812841415405,
    "83": 0.9999814033508301,
    "84": 0.9999815225601196,
    "85": 0.9999816417694092,
    "86": 0.9999817609786987,
    "87": 0.9999817609786987,
    "88": 0.9999818801879883,
    "89": 0.9999818801879883,
    "90": 0.9999819993972778,
    "91": 0.9999821186065674,
    "92": 0.9999821186065674,
    "93": 0.9999822378158569,
    "94": 0.9999822378158569,
    "95": 0.9999823570251465,
    "96": 0.9999823570251465,
    "97": 0.999982476234436,
    "98": 0.999982476234436,
    "99": 0.9999825954437256,
    "100": 0.9999825954437256,
    "101": 0.9999825954437256,
    "102": 0.9999827146530151,
    "103": 0.9999827146530151,
    "104": 0.9999828338623047,
    "105": 0.9999828338623047,
    "106": 0.9999828338623047,
    "107": 0.9999829530715942,
    "108": 0.9999829530715942,
    "109": 0.9999829530715942,
    "110": 0.9999830722808838,
    "111": 0.9999830722808838,
    "112": 0.9999830722808838,
    "113": 0.9999831914901733,
    "114": 0.9999831914901733,
    "115": 0.9999831914901733,
    "116": 0.9999833106994629,
    "117": 0.9999833106994629,
    "118": 0.9999833106994629,
    "119": 0.9999833106994629,
    "120": 0.9999834299087524,
    "121": 0.9999834299087524,
    "122": 0.9999834299087524,
    "123": 0.9999834299087524,
    "124": 0.999983549118042,
    "125": 0.999983549118042,
    "126": 0.999983549118042,
    "127": 0.999983549118042,
    "128": 0.9999836683273315,
    "129": 0.9999836683273315,
    "130": 0.9999836683273315,
    "131": 0.9999836683273315,
    "132": 0.9999836683273315,
    "133": 0.9999837875366211,
    "134": 0.9999837875366211,
    "135": 0.9999837875366211,
    "136": 0.9999837875366211,
    "137": 0.9999837875366211,
    "138": 0.9999839067459106,
    "139": 0.9999839067459106,
    "140": 0.9999839067459106,
    "141": 0.9999839067459106,
    "142": 0.9999839067459106,
    "143": 0.9999839067459106,
    "144": 0.9999840259552002,
    "145": 0.9999840259552002,
    "146": 0.9999840259552002,
    "147": 0.9999840259552002,
    "148": 0.9999840259552002,
    "149": 0.9999840259552002,
    "150": 0.9999840259552002,
    "151": 0.9999841451644897,
    "152": 0.9999841451644897,
    "153": 0.9999841451644897,
    "154": 0.9999841451644897,
    "155": 0.9999841451644897,
    "156": 0.9999841451644897,
    "157": 0.9999842643737793,
    "158": 0.9999842643737793,
    "159": 0.9999842643737793,
    "160": 0.9999842643737793,
    "161": 0.9999842643737793,
    "162": 0.9999842643737793,
    "163": 0.9999842643737793,
    "164": 0.9999842643737793,
    "165": 0.9999842643737793,
    "166": 0.9999843835830688,
    "167": 0.9999843835830688,
    "168": 0.9999843835830688,
    "169": 0.9999843835830688
}