{
    "0": 0.9999707937240601,
    "1": 0.9999719858169556,
    "2": 0.9999244213104248,
    "3": 0.999957799911499,
    "4": 0.9999570846557617,
    "5": 0.999943733215332,
    "6": 0.9999508857727051,
    "7": 0.999946117401123,
    "8": 4.0597129554953426e-05,
    "9": 2.992021109093912e-05,
    "10": 2.824086186592467e-05,
    "11": 2.7181415134691633e-05,
    "12": 2.6423907911521383e-05,
    "13": 2.5869996534311213e-05,
    "14": 2.5470193577348255e-05,
    "15": 2.5185663616866805e-05,
    "16": 2.756743378995452e-05,
    "17": 2.5964163796743378e-05,
    "18": 2.893173586926423e-05,
    "19": 0.9999223947525024,
    "20": 0.995274007320404,
    "21": 4.7949950385373086e-05,
    "22": 3.1224892154568806e-05,
    "23": 2.8817737984354608e-05,
    "24": 2.7762449462898076e-05,
    "25": 2.723645229707472e-05,
    "26": 2.687215783225838e-05,
    "27": 2.6423607778269798e-05,
    "28": 2.592826058389619e-05,
    "29": 2.550062163209077e-05,
    "30": 2.517372922739014e-05,
    "31": 2.4933491658885032e-05,
    "32": 2.475768451404292e-05,
    "33": 2.4627790480735712e-05,
    "34": 2.4530751034035347e-05,
    "35": 2.4457356630591676e-05,
    "36": 2.4395858417847194e-05,
    "37": 2.4327417122549377e-05,
    "38": 2.4251648937934078e-05,
    "39": 2.418838266748935e-05,
    "40": 2.4135135390679352e-05,
    "41": 2.4090064471238293e-05,
    "42": 2.4051569198491052e-05,
    "43": 2.401865458523389e-05,
    "44": 2.39902910834644e-05,
    "45": 2.396577656327281e-05,
    "46": 2.3944554413901642e-05,
    "47": 2.392601891187951e-05,
    "48": 2.3909960873425007e-05,
    "49": 2.3895965568954125e-05,
    "50": 2.3883709218353033e-05,
    "51": 2.3914200937724672e-05,
    "52": 2.3906768547021784e-05,
    "53": 2.390799818385858e-05,
    "54": 2.3911235984996893e-05,
    "55": 2.3913562472444028e-05,
    "56": 2.3914200937724672e-05,
    "57": 2.3913244149298407e-05,
    "58": 2.3910964955575764e-05,
    "59": 2.390767986071296e-05,
    "60": 2.3903850888018496e-05,
    "61": 2.3899727239040658e-05,
    "62": 2.389555811532773e-05,
    "63": 2.389149994996842e-05,
    "64": 2.3887650968390517e-05,
    "65": 2.3884120309958234e-05,
    "66": 2.3880929802544415e-05,
    "67": 2.38781522057252e-05,
    "68": 2.3875692932051606e-05,
    "69": 2.387359745625872e-05,
    "70": 2.387175481999293e-05,
    "71": 2.387027234362904e-05,
    "72": 2.3869044525781646e-05,
    "73": 2.386802043474745e-05,
    "74": 2.3867223717388697e-05,
    "75": 2.3866678020567633e-05,
    "76": 2.3866266928962432e-05,
    "77": 2.3865995899541304e-05,
    "78": 2.386594860581681e-05,
    "79": 2.3865972252679057e-05,
    "80": 2.3866108676884323e-05,
    "81": 2.386635787843261e-05,
    "82": 2.3866678020567633e-05,
    "83": 2.386713276791852e-05,
    "84": 2.38676348089939e-05,
    "85": 2.386822598055005e-05,
    "86": 2.3868862626841292e-05,
    "87": 2.386959022260271e-05,
    "88": 2.387036511208862e-05,
    "89": 2.3871183657320216e-05,
    "90": 2.3872049496276304e-05,
    "91": 2.3872938982094638e-05,
    "92": 2.3873870304669254e-05,
    "93": 2.387484892096836e-05,
    "94": 2.3875829356256872e-05,
    "95": 2.387685344729107e-05,
    "96": 2.3877923013060354e-05,
    "97": 2.3878970750956796e-05,
    "98": 2.3880042135715485e-05,
    "99": 2.388111170148477e-05,
    "100": 2.388225038885139e-05,
    "101": 2.388334360148292e-05
}