{
    "0": 0.9999680519104004,
    "1": 0.9999759197235107,
    "2": 0.3269863724708557,
    "3": 0.9905675053596497,
    "4": 0.9999213218688965,
    "5": 0.9999755620956421,
    "6": 0.9999784231185913,
    "7": 0.9999783039093018,
    "8": 0.9996198415756226,
    "9": 0.9999715089797974,
    "10": 0.9999798536300659,
    "11": 0.9999814033508301,
    "12": 0.999980092048645,
    "13": 0.9999797344207764,
    "14": 0.9999815225601196,
    "15": 0.9999804496765137,
    "16": 0.9999808073043823,
    "17": 0.9999803304672241,
    "18": 0.9999809265136719,
    "19": 0.9999799728393555,
    "20": 0.9999794960021973,
    "21": 0.9999798536300659,
    "22": 0.9999797344207764,
    "23": 0.9999796152114868,
    "24": 0.9999290704727173,
    "25": 0.9999775886535645,
    "26": 0.9999797344207764,
    "27": 0.9999794960021973,
    "28": 0.9999797344207764,
    "29": 0.9999791383743286,
    "30": 0.9999788999557495,
    "31": 0.9999785423278809,
    "32": 0.9999784231185913,
    "33": 0.9999778270721436,
    "34": 0.9999778270721436,
    "35": 0.9999500513076782,
    "36": 0.9999768733978271,
    "37": 0.9999769926071167,
    "38": 0.9999755620956421,
    "39": 0.9999772310256958,
    "40": 0.9999771118164062,
    "41": 0.999977707862854,
    "42": 0.9999774694442749,
    "43": 0.9999773502349854,
    "44": 0.9999774694442749,
    "45": 0.0003457973652984947,
    "46": 2.926888373622205e-05,
    "47": 0.00027800205862149596,
    "48": 0.99993896484375,
    "49": 0.9999743700027466,
    "50": 0.758424699306488,
    "51": 3.1381856388179585e-05,
    "52": 6.221070361789316e-05,
    "53": 0.9995051622390747,
    "54": 0.9999537467956543,
    "55": 3.230926813557744e-05,
    "56": 2.957344622700475e-05,
    "57": 2.827233765856363e-05,
    "58": 7.226757588796318e-05,
    "59": 0.02265360578894615,
    "60": 0.9999237060546875,
    "61": 0.0005497600068338215,
    "62": 0.173665389418602,
    "63": 0.9995493292808533,
    "64": 3.214294702047482e-05,
    "65": 2.9090710086165927e-05,
    "66": 4.329062721808441e-05,
    "67": 3.104685674770735e-05,
    "68": 2.8156990083516575e-05,
    "69": 2.6846439141081646e-05,
    "70": 0.001256194431334734,
    "71": 6.495392153738067e-05,
    "72": 3.42238818120677e-05,
    "73": 2.872028562705964e-05,
    "74": 2.694770591915585e-05,
    "75": 2.609209514048416e-05,
    "76": 2.7264724849374034e-05,
    "77": 2.6111683837370947e-05,
    "78": 2.801815753628034e-05,
    "79": 0.01586606353521347,
    "80": 6.010391007293947e-05,
    "81": 0.9747911095619202,
    "82": 0.00017093145288527012,
    "83": 0.05232136324048042,
    "84": 0.98493492603302,
    "85": 4.2207990190945566e-05,
    "86": 3.0984709155745804e-05,
    "87": 3.946049400838092e-05,
    "88": 3.063066105823964e-05,
    "89": 0.0015388355823233724,
    "90": 0.9999369382858276,
    "91": 0.9999632835388184,
    "92": 0.9999408721923828,
    "93": 3.3244425139855593e-05,
    "94": 2.9607763281092048e-05,
    "95": 2.8099017072236165e-05,
    "96": 2.7118010621052235e-05,
    "97": 0.82229083776474,
    "98": 0.999717652797699,
    "99": 0.9999604225158691,
    "100": 4.16730108554475e-05,
    "101": 3.0335750125232153e-05,
    "102": 6.075908095226623e-05,
    "103": 3.256127092754468e-05,
    "104": 0.828210175037384,
    "105": 0.9756473302841187,
    "106": 0.026161402463912964,
    "107": 3.8332862459355965e-05,
    "108": 3.065757846343331e-05,
    "109": 2.8459311579354107e-05,
    "110": 2.721531745919492e-05,
    "111": 2.6406551114632748e-05,
    "112": 2.5859686502371915e-05,
    "113": 2.548666816437617e-05,
    "114": 2.5232684492948465e-05,
    "115": 2.5042012566700578e-05,
    "116": 2.6334828362450935e-05,
    "117": 2.5923440261976793e-05,
    "118": 2.5761819415492937e-05,
    "119": 0.9997105002403259,
    "120": 0.014038829132914543,
    "121": 0.9995431900024414,
    "122": 0.9998873472213745
}