{
    "0": 0.9999836683273315,
    "1": 0.999942421913147,
    "2": 0.999982476234436,
    "3": 0.9999840259552002,
    "4": 0.999983549118042,
    "5": 0.9999828338623047,
    "6": 0.9999825954437256,
    "7": 0.9999819993972778
}