{
    "0": 0.368976891040802,
    "1": 0.9976454377174377,
    "2": 0.9890968799591064,
    "3": 0.973129153251648,
    "4": 0.9987859129905701,
    "5": 3.2434516469947994e-05,
    "6": 5.499673352460377e-05,
    "7": 0.00023357216559816152,
    "8": 0.028700731694698334,
    "9": 0.7166273593902588,
    "10": 0.9996768236160278,
    "11": 0.9995226860046387,
    "12": 0.9999141693115234,
    "13": 0.9999463558197021,
    "14": 0.9999582767486572,
    "15": 0.9999489784240723,
    "16": 0.9999592304229736,
    "17": 0.9999700784683228,
    "18": 0.999969482421875,
    "19": 0.9999730587005615,
    "20": 0.9999722242355347,
    "21": 0.9999760389328003,
    "22": 0.9999752044677734,
    "23": 0.9999730587005615,
    "24": 0.999977707862854,
    "25": 0.9999769926071167,
    "26": 0.9999779462814331,
    "27": 0.9999748468399048,
    "28": 0.9997610449790955,
    "29": 0.9998805522918701,
    "30": 0.00047570536844432354,
    "31": 0.9999620914459229,
    "32": 0.9999762773513794,
    "33": 0.9998087286949158,
    "34": 0.005568871274590492,
    "35": 3.0412278647418134e-05,
    "36": 0.00018723367247730494,
    "37": 0.9995458722114563,
    "38": 0.9952552318572998,
    "39": 0.9999622106552124,
    "40": 0.9987506866455078,
    "41": 0.9980323910713196,
    "42": 0.9999703168869019,
    "43": 0.9999654293060303,
    "44": 0.5869107246398926,
    "45": 0.9999222755432129,
    "46": 3.1431030947715044e-05,
    "47": 2.9142331186449155e-05,
    "48": 2.793950079649221e-05,
    "49": 2.7074129320681095e-05,
    "50": 2.6435778636368923e-05,
    "51": 2.5971445211325772e-05,
    "52": 2.5637218641350046e-05,
    "53": 2.5353723685839213e-05
}