{
    "0": 0.9999779462814331,
    "1": 0.999977707862854,
    "2": 0.9999780654907227,
    "3": 0.9999774694442749,
    "4": 0.9999774694442749,
    "5": 0.9999783039093018,
    "6": 0.9999780654907227,
    "7": 0.9999812841415405,
    "8": 0.9999808073043823,
    "9": 0.9999797344207764,
    "10": 0.9999808073043823,
    "11": 0.9999803304672241,
    "12": 0.9999806880950928,
    "13": 0.9999808073043823,
    "14": 0.9999798536300659,
    "15": 0.9999798536300659,
    "16": 0.9999796152114868,
    "17": 0.9999791383743286,
    "18": 0.9999794960021973,
    "19": 0.9999799728393555,
    "20": 0.999980092048645,
    "21": 0.9999803304672241,
    "22": 0.9999805688858032,
    "23": 0.9999806880950928,
    "24": 0.9999808073043823,
    "25": 0.9999809265136719,
    "26": 0.999981164932251,
    "27": 0.999981164932251,
    "28": 0.9999814033508301,
    "29": 0.9999815225601196,
    "30": 0.9999816417694092,
    "31": 0.9999819993972778,
    "32": 0.9999821186065674,
    "33": 0.9999821186065674,
    "34": 0.9999823570251465,
    "35": 0.999982476234436,
    "36": 0.9999825954437256,
    "37": 0.9999825954437256,
    "38": 0.9999827146530151,
    "39": 0.9999828338623047,
    "40": 0.9999829530715942,
    "41": 0.9999829530715942,
    "42": 0.9999830722808838,
    "43": 0.9999831914901733,
    "44": 0.9999831914901733,
    "45": 0.9999833106994629,
    "46": 0.9999833106994629,
    "47": 0.9999834299087524,
    "48": 0.999983549118042,
    "49": 0.999983549118042,
    "50": 0.9999836683273315,
    "51": 0.9999836683273315,
    "52": 0.9999837875366211,
    "53": 0.9999837875366211,
    "54": 0.9999839067459106,
    "55": 0.9999839067459106,
    "56": 0.9999840259552002,
    "57": 0.9999840259552002,
    "58": 0.9999841451644897,
    "59": 0.9999841451644897,
    "60": 0.9999841451644897,
    "61": 0.9999842643737793,
    "62": 0.9999842643737793,
    "63": 0.9999842643737793,
    "64": 0.9999843835830688,
    "65": 0.9999843835830688,
    "66": 0.9999843835830688,
    "67": 0.9999843835830688,
    "68": 0.9999845027923584,
    "69": 0.9999845027923584,
    "70": 0.9999845027923584,
    "71": 0.9999845027923584,
    "72": 0.999984622001648,
    "73": 0.999984622001648,
    "74": 0.999984622001648,
    "75": 0.999984622001648,
    "76": 0.999984622001648,
    "77": 0.9999847412109375,
    "78": 0.9999847412109375,
    "79": 0.9999847412109375,
    "80": 0.9999847412109375,
    "81": 0.9999847412109375,
    "82": 0.9999847412109375,
    "83": 0.9999847412109375,
    "84": 0.999984860420227,
    "85": 0.999984860420227,
    "86": 0.999984860420227,
    "87": 0.999984860420227,
    "88": 0.999984860420227
}