project,month,prediction,target,train_strategy,model_arch
abdera,1,0.9019676962665781,graduated,Ac^ --> Ac^^,BLSTM
abdera,2,0.9885638839070284,graduated,Ac^ --> Ac^^,BLSTM
abdera,3,0.9890986780035601,graduated,Ac^ --> Ac^^,BLSTM
abdera,4,0.9885765842576894,graduated,Ac^ --> Ac^^,BLSTM
abdera,5,0.9886442584302144,graduated,Ac^ --> Ac^^,BLSTM
abdera,6,0.9887553189723705,graduated,Ac^ --> Ac^^,BLSTM
abdera,7,0.9886079920550263,graduated,Ac^ --> Ac^^,BLSTM
abdera,8,0.9885773106451551,graduated,Ac^ --> Ac^^,BLSTM
abdera,9,0.988609467234019,graduated,Ac^ --> Ac^^,BLSTM
abdera,10,0.9886863802312867,graduated,Ac^ --> Ac^^,BLSTM
abdera,11,0.9884603019526579,graduated,Ac^ --> Ac^^,BLSTM
abdera,12,0.9884442885384584,graduated,Ac^ --> Ac^^,BLSTM
abdera,13,0.9883916518820101,graduated,Ac^ --> Ac^^,BLSTM
abdera,14,0.9884721586322955,graduated,Ac^ --> Ac^^,BLSTM
abdera,15,0.9880578806152553,graduated,Ac^ --> Ac^^,BLSTM
abdera,16,0.9881137978800935,graduated,Ac^ --> Ac^^,BLSTM
abdera,17,0.9882939476117899,graduated,Ac^ --> Ac^^,BLSTM
abdera,18,0.9883944848604825,graduated,Ac^ --> Ac^^,BLSTM
abdera,19,0.9884442193445282,graduated,Ac^ --> Ac^^,BLSTM
abdera,20,0.9884790258950404,graduated,Ac^ --> Ac^^,BLSTM
abdera,21,0.988447584465154,graduated,Ac^ --> Ac^^,BLSTM
abdera,22,0.9884525606687417,graduated,Ac^ --> Ac^^,BLSTM
abdera,23,0.9884260035207407,graduated,Ac^ --> Ac^^,BLSTM
abdera,24,0.9884265791932862,graduated,Ac^ --> Ac^^,BLSTM
abdera,25,0.9884093123767976,graduated,Ac^ --> Ac^^,BLSTM
abdera,26,0.9884410418177817,graduated,Ac^ --> Ac^^,BLSTM
abdera,27,0.988419245977761,graduated,Ac^ --> Ac^^,BLSTM
abdera,28,0.9883044573906722,graduated,Ac^ --> Ac^^,BLSTM
abdera,29,0.9031983039427829,graduated,Ac^ --> Ac^^,BLSTM
accumulo,1,0.9039928683439261,graduated,Ac^ --> Ac^^,BLSTM
accumulo,2,0.9894966331643846,graduated,Ac^ --> Ac^^,BLSTM
accumulo,3,0.9894928995041702,graduated,Ac^ --> Ac^^,BLSTM
accumulo,4,0.9893932414441844,graduated,Ac^ --> Ac^^,BLSTM
accumulo,5,0.9892250829724678,graduated,Ac^ --> Ac^^,BLSTM
accumulo,6,0.9041358779071288,graduated,Ac^ --> Ac^^,BLSTM
ace,1,0.488019156501053,graduated,Ac^ --> Ac^^,BLSTM
ace,2,0.14678886417614181,graduated,Ac^ --> Ac^^,BLSTM
ace,3,0.8664969089348279,graduated,Ac^ --> Ac^^,BLSTM
ace,4,0.8917579361974304,graduated,Ac^ --> Ac^^,BLSTM
ace,5,0.17515324870277363,graduated,Ac^ --> Ac^^,BLSTM
ace,6,0.8956944248981795,graduated,Ac^ --> Ac^^,BLSTM
ace,7,0.9794143341358784,graduated,Ac^ --> Ac^^,BLSTM
ace,8,0.9783764441350247,graduated,Ac^ --> Ac^^,BLSTM
ace,9,0.9799926738253901,graduated,Ac^ --> Ac^^,BLSTM
ace,10,0.9778234348712517,graduated,Ac^ --> Ac^^,BLSTM
ace,11,0.982685830420108,graduated,Ac^ --> Ac^^,BLSTM
ace,12,0.9836638504008003,graduated,Ac^ --> Ac^^,BLSTM
ace,13,0.9839920779885004,graduated,Ac^ --> Ac^^,BLSTM
ace,14,0.9843552112361156,graduated,Ac^ --> Ac^^,BLSTM
ace,15,0.9845795322006421,graduated,Ac^ --> Ac^^,BLSTM
ace,16,0.9846910361340753,graduated,Ac^ --> Ac^^,BLSTM
ace,17,0.9848277456226245,graduated,Ac^ --> Ac^^,BLSTM
ace,18,0.9848417608763333,graduated,Ac^ --> Ac^^,BLSTM
ace,19,0.9851925810699098,graduated,Ac^ --> Ac^^,BLSTM
ace,20,0.9856700611299516,graduated,Ac^ --> Ac^^,BLSTM
ace,21,0.9857378670780642,graduated,Ac^ --> Ac^^,BLSTM
ace,22,0.9858314062513979,graduated,Ac^ --> Ac^^,BLSTM
ace,23,0.9860294065280859,graduated,Ac^ --> Ac^^,BLSTM
ace,24,0.9861064293927329,graduated,Ac^ --> Ac^^,BLSTM
ace,25,0.9861935157694431,graduated,Ac^ --> Ac^^,BLSTM
ace,26,0.9863026795835002,graduated,Ac^ --> Ac^^,BLSTM
ace,27,0.9863800131734848,graduated,Ac^ --> Ac^^,BLSTM
ace,28,0.9864957343160269,graduated,Ac^ --> Ac^^,BLSTM
ace,29,0.9866363505657074,graduated,Ac^ --> Ac^^,BLSTM
ace,30,0.9865420477113531,graduated,Ac^ --> Ac^^,BLSTM
ace,31,0.9016415167131021,graduated,Ac^ --> Ac^^,BLSTM
activemq,1,0.9043705285782881,graduated,Ac^ --> Ac^^,BLSTM
activemq,2,0.9895988170408916,graduated,Ac^ --> Ac^^,BLSTM
activemq,3,0.989647132124447,graduated,Ac^ --> Ac^^,BLSTM
activemq,4,0.9896049611188934,graduated,Ac^ --> Ac^^,BLSTM
activemq,5,0.9895713362882649,graduated,Ac^ --> Ac^^,BLSTM
activemq,6,0.989472560484742,graduated,Ac^ --> Ac^^,BLSTM
activemq,7,0.9894664934611928,graduated,Ac^ --> Ac^^,BLSTM
activemq,8,0.9894606917771092,graduated,Ac^ --> Ac^^,BLSTM
activemq,9,0.9894539202570455,graduated,Ac^ --> Ac^^,BLSTM
activemq,10,0.9894442182925176,graduated,Ac^ --> Ac^^,BLSTM
activemq,11,0.9894374567470297,graduated,Ac^ --> Ac^^,BLSTM
activemq,12,0.989416550049861,graduated,Ac^ --> Ac^^,BLSTM
activemq,13,0.9892043222464519,graduated,Ac^ --> Ac^^,BLSTM
activemq,14,0.904047911013804,graduated,Ac^ --> Ac^^,BLSTM
adffaces,1,0.9035335253525997,graduated,Ac^ --> Ac^^,BLSTM
adffaces,2,0.9888977723609549,graduated,Ac^ --> Ac^^,BLSTM
adffaces,3,0.989220175799288,graduated,Ac^ --> Ac^^,BLSTM
adffaces,4,0.9892544214546752,graduated,Ac^ --> Ac^^,BLSTM
adffaces,5,0.9891402896119834,graduated,Ac^ --> Ac^^,BLSTM
adffaces,6,0.9891513849495421,graduated,Ac^ --> Ac^^,BLSTM
adffaces,7,0.9890742913373857,graduated,Ac^ --> Ac^^,BLSTM
adffaces,8,0.9891123017751381,graduated,Ac^ --> Ac^^,BLSTM
adffaces,9,0.9891982739992305,graduated,Ac^ --> Ac^^,BLSTM
adffaces,10,0.989140233782377,graduated,Ac^ --> Ac^^,BLSTM
adffaces,11,0.9891151724058588,graduated,Ac^ --> Ac^^,BLSTM
adffaces,12,0.988992141244665,graduated,Ac^ --> Ac^^,BLSTM
adffaces,13,0.903778032183228,graduated,Ac^ --> Ac^^,BLSTM
agila,1,0.900193231728623,retired,Ac^ --> Ac^^,BLSTM
agila,2,0.9108447834661567,retired,Ac^ --> Ac^^,BLSTM
agila,3,0.2739434529176727,retired,Ac^ --> Ac^^,BLSTM
agila,4,0.9083858646781645,retired,Ac^ --> Ac^^,BLSTM
agila,5,0.9819713634785542,retired,Ac^ --> Ac^^,BLSTM
agila,6,0.9840336884895763,retired,Ac^ --> Ac^^,BLSTM
agila,7,0.9856658284780834,retired,Ac^ --> Ac^^,BLSTM
agila,8,0.9857016795544509,retired,Ac^ --> Ac^^,BLSTM
agila,9,0.9860718717223929,retired,Ac^ --> Ac^^,BLSTM
agila,10,0.9865939927220411,retired,Ac^ --> Ac^^,BLSTM
agila,11,0.9861727854284801,retired,Ac^ --> Ac^^,BLSTM
agila,12,0.9862879355635661,retired,Ac^ --> Ac^^,BLSTM
agila,13,0.9861038458183807,retired,Ac^ --> Ac^^,BLSTM
agila,14,0.9847481311697512,retired,Ac^ --> Ac^^,BLSTM
agila,15,0.9135190228373361,retired,Ac^ --> Ac^^,BLSTM
agila,16,0.24732723081589944,retired,Ac^ --> Ac^^,BLSTM
agila,17,0.021794357227622123,retired,Ac^ --> Ac^^,BLSTM
agila,18,0.005186315870921017,retired,Ac^ --> Ac^^,BLSTM
agila,19,0.005091777246967846,retired,Ac^ --> Ac^^,BLSTM
agila,20,0.0050429688095839365,retired,Ac^ --> Ac^^,BLSTM
agila,21,0.0050160478715493865,retired,Ac^ --> Ac^^,BLSTM
agila,22,0.00500038752358622,retired,Ac^ --> Ac^^,BLSTM
agila,23,0.004550281868145766,retired,Ac^ --> Ac^^,BLSTM
airavata,1,0.0941607958125986,graduated,Ac^ --> Ac^^,BLSTM
airavata,2,0.8926567627222384,graduated,Ac^ --> Ac^^,BLSTM
airavata,3,0.9855544642332426,graduated,Ac^ --> Ac^^,BLSTM
airavata,4,0.9876388257299211,graduated,Ac^ --> Ac^^,BLSTM
airavata,5,0.988034161384301,graduated,Ac^ --> Ac^^,BLSTM
airavata,6,0.9883394633999931,graduated,Ac^ --> Ac^^,BLSTM
airavata,7,0.9885948599527535,graduated,Ac^ --> Ac^^,BLSTM
airavata,8,0.9887273788355304,graduated,Ac^ --> Ac^^,BLSTM
airavata,9,0.9887488917107516,graduated,Ac^ --> Ac^^,BLSTM
airavata,10,0.9886999222173691,graduated,Ac^ --> Ac^^,BLSTM
airavata,11,0.9886655204890179,graduated,Ac^ --> Ac^^,BLSTM
airavata,12,0.9886977583947891,graduated,Ac^ --> Ac^^,BLSTM
airavata,13,0.9888407863235273,graduated,Ac^ --> Ac^^,BLSTM
airavata,14,0.988896718758677,graduated,Ac^ --> Ac^^,BLSTM
airavata,15,0.9888320094218223,graduated,Ac^ --> Ac^^,BLSTM
airavata,16,0.9036920126627696,graduated,Ac^ --> Ac^^,BLSTM
airflow,1,0.9032860245217468,graduated,Ac^ --> Ac^^,BLSTM
airflow,2,0.9890526132178772,graduated,Ac^ --> Ac^^,BLSTM
airflow,3,0.9891640493464882,graduated,Ac^ --> Ac^^,BLSTM
airflow,4,0.988930567276266,graduated,Ac^ --> Ac^^,BLSTM
airflow,5,0.9886801788753001,graduated,Ac^ --> Ac^^,BLSTM
airflow,6,0.9885082910108264,graduated,Ac^ --> Ac^^,BLSTM
airflow,7,0.9883713068827114,graduated,Ac^ --> Ac^^,BLSTM
airflow,8,0.9882568328446037,graduated,Ac^ --> Ac^^,BLSTM
airflow,9,0.9882347471741427,graduated,Ac^ --> Ac^^,BLSTM
airflow,10,0.9883629492833523,graduated,Ac^ --> Ac^^,BLSTM
airflow,11,0.988513756684119,graduated,Ac^ --> Ac^^,BLSTM
airflow,12,0.9884689316090414,graduated,Ac^ --> Ac^^,BLSTM
airflow,13,0.9884293326266133,graduated,Ac^ --> Ac^^,BLSTM
airflow,14,0.9883842290802173,graduated,Ac^ --> Ac^^,BLSTM
airflow,15,0.988333540594984,graduated,Ac^ --> Ac^^,BLSTM
airflow,16,0.988304023527696,graduated,Ac^ --> Ac^^,BLSTM
airflow,17,0.9884668203092776,graduated,Ac^ --> Ac^^,BLSTM
airflow,18,0.9884387284285194,graduated,Ac^ --> Ac^^,BLSTM
airflow,19,0.9884055712171123,graduated,Ac^ --> Ac^^,BLSTM
airflow,20,0.9883841534508735,graduated,Ac^ --> Ac^^,BLSTM
airflow,21,0.988509429303943,graduated,Ac^ --> Ac^^,BLSTM
airflow,22,0.9884919335548009,graduated,Ac^ --> Ac^^,BLSTM
airflow,23,0.9885195248566006,graduated,Ac^ --> Ac^^,BLSTM
airflow,24,0.9886811888706248,graduated,Ac^ --> Ac^^,BLSTM
airflow,25,0.9887140863146189,graduated,Ac^ --> Ac^^,BLSTM
airflow,26,0.9886693668278707,graduated,Ac^ --> Ac^^,BLSTM
airflow,27,0.9886433223395578,graduated,Ac^ --> Ac^^,BLSTM
airflow,28,0.9886450548896909,graduated,Ac^ --> Ac^^,BLSTM
airflow,29,0.9886271675610537,graduated,Ac^ --> Ac^^,BLSTM
airflow,30,0.9886104255698882,graduated,Ac^ --> Ac^^,BLSTM
airflow,31,0.988523875093901,graduated,Ac^ --> Ac^^,BLSTM
airflow,32,0.9034063461531319,graduated,Ac^ --> Ac^^,BLSTM
allura,1,0.9042311818321465,graduated,Ac^ --> Ac^^,BLSTM
allura,2,0.9895617517672542,graduated,Ac^ --> Ac^^,BLSTM
allura,3,0.9896208661636058,graduated,Ac^ --> Ac^^,BLSTM
allura,4,0.9895644621551434,graduated,Ac^ --> Ac^^,BLSTM
allura,5,0.9895401618810855,graduated,Ac^ --> Ac^^,BLSTM
allura,6,0.9894847991273601,graduated,Ac^ --> Ac^^,BLSTM
allura,7,0.989440682756399,graduated,Ac^ --> Ac^^,BLSTM
allura,8,0.989424342754999,graduated,Ac^ --> Ac^^,BLSTM
allura,9,0.9894011711962523,graduated,Ac^ --> Ac^^,BLSTM
allura,10,0.9893740287739785,graduated,Ac^ --> Ac^^,BLSTM
allura,11,0.9893625403024948,graduated,Ac^ --> Ac^^,BLSTM
allura,12,0.9893700748295305,graduated,Ac^ --> Ac^^,BLSTM
allura,13,0.9893628216975565,graduated,Ac^ --> Ac^^,BLSTM
allura,14,0.9893215392708519,graduated,Ac^ --> Ac^^,BLSTM
allura,15,0.9893206505477575,graduated,Ac^ --> Ac^^,BLSTM
allura,16,0.9893204264692719,graduated,Ac^ --> Ac^^,BLSTM
allura,17,0.9893223411249614,graduated,Ac^ --> Ac^^,BLSTM
allura,18,0.9893021587424532,graduated,Ac^ --> Ac^^,BLSTM
allura,19,0.9891734316443278,graduated,Ac^ --> Ac^^,BLSTM
allura,20,0.9039665068359979,graduated,Ac^ --> Ac^^,BLSTM
alois,1,0.09179241349551318,retired,Ac^ --> Ac^^,BLSTM
alois,2,0.8845446287176968,retired,Ac^ --> Ac^^,BLSTM
alois,3,0.9519140211648781,retired,Ac^ --> Ac^^,BLSTM
alois,4,0.891801103591255,retired,Ac^ --> Ac^^,BLSTM
alois,5,0.09707624192785219,retired,Ac^ --> Ac^^,BLSTM
alois,6,0.006848326437997147,retired,Ac^ --> Ac^^,BLSTM
alois,7,0.005110258551680679,retired,Ac^ --> Ac^^,BLSTM
alois,8,0.004603880025927656,retired,Ac^ --> Ac^^,BLSTM
amaterasu,1,0.08926016108094623,retired,Ac^ --> Ac^^,BLSTM
amaterasu,2,0.8087544948936978,retired,Ac^ --> Ac^^,BLSTM
amaterasu,3,0.3973906477081845,retired,Ac^ --> Ac^^,BLSTM
amaterasu,4,0.9036866573768907,retired,Ac^ --> Ac^^,BLSTM
amaterasu,5,0.9794862441265294,retired,Ac^ --> Ac^^,BLSTM
amaterasu,6,0.9831569256448873,retired,Ac^ --> Ac^^,BLSTM
amaterasu,7,0.9838935249381527,retired,Ac^ --> Ac^^,BLSTM
amaterasu,8,0.9842741354157035,retired,Ac^ --> Ac^^,BLSTM
amaterasu,9,0.9848631542507134,retired,Ac^ --> Ac^^,BLSTM
amaterasu,10,0.9853612720956885,retired,Ac^ --> Ac^^,BLSTM
amaterasu,11,0.9860464476418321,retired,Ac^ --> Ac^^,BLSTM
amaterasu,12,0.9867333109158647,retired,Ac^ --> Ac^^,BLSTM
amaterasu,13,0.9872082201878322,retired,Ac^ --> Ac^^,BLSTM
amaterasu,14,0.9864839448464371,retired,Ac^ --> Ac^^,BLSTM
amaterasu,15,0.9866081568901345,retired,Ac^ --> Ac^^,BLSTM
amaterasu,16,0.98514697239421,retired,Ac^ --> Ac^^,BLSTM
amaterasu,17,0.8991358550397368,retired,Ac^ --> Ac^^,BLSTM
amaterasu,18,0.08941622912645972,retired,Ac^ --> Ac^^,BLSTM
amaterasu,19,0.005364815259147827,retired,Ac^ --> Ac^^,BLSTM
amaterasu,20,0.005295882661113613,retired,Ac^ --> Ac^^,BLSTM
amaterasu,21,0.08825286110220121,retired,Ac^ --> Ac^^,BLSTM
amaterasu,22,0.8057405629955686,retired,Ac^ --> Ac^^,BLSTM
amaterasu,23,0.08823095452041708,retired,Ac^ --> Ac^^,BLSTM
amaterasu,24,0.004662175755001934,retired,Ac^ --> Ac^^,BLSTM
ambari,1,0.9041735256434487,graduated,Ac^ --> Ac^^,BLSTM
ambari,2,0.9894741308316427,graduated,Ac^ --> Ac^^,BLSTM
ambari,3,0.9893331729644755,graduated,Ac^ --> Ac^^,BLSTM
ambari,4,0.9893925197382649,graduated,Ac^ --> Ac^^,BLSTM
ambari,5,0.9891623130452513,graduated,Ac^ --> Ac^^,BLSTM
ambari,6,0.9049728263473512,graduated,Ac^ --> Ac^^,BLSTM
ambari,7,0.09270558699270953,graduated,Ac^ --> Ac^^,BLSTM
ambari,8,0.00766887207255113,graduated,Ac^ --> Ac^^,BLSTM
ambari,9,0.10783094412206817,graduated,Ac^ --> Ac^^,BLSTM
ambari,10,0.9048928346437997,graduated,Ac^ --> Ac^^,BLSTM
ambari,11,0.9878550892144538,graduated,Ac^ --> Ac^^,BLSTM
ambari,12,0.9880348629450367,graduated,Ac^ --> Ac^^,BLSTM
ambari,13,0.9882279039710783,graduated,Ac^ --> Ac^^,BLSTM
ambari,14,0.9883562965581755,graduated,Ac^ --> Ac^^,BLSTM
ambari,15,0.9884171867565994,graduated,Ac^ --> Ac^^,BLSTM
ambari,16,0.9884671909030686,graduated,Ac^ --> Ac^^,BLSTM
ambari,17,0.988527810767599,graduated,Ac^ --> Ac^^,BLSTM
ambari,18,0.9885887432840428,graduated,Ac^ --> Ac^^,BLSTM
ambari,19,0.9886371409865503,graduated,Ac^ --> Ac^^,BLSTM
ambari,20,0.9886738546983599,graduated,Ac^ --> Ac^^,BLSTM
ambari,21,0.9887077636054876,graduated,Ac^ --> Ac^^,BLSTM
ambari,22,0.9887365142232323,graduated,Ac^ --> Ac^^,BLSTM
ambari,23,0.9887615605570688,graduated,Ac^ --> Ac^^,BLSTM
ambari,24,0.9887828869621006,graduated,Ac^ --> Ac^^,BLSTM
ambari,25,0.9887124529185322,graduated,Ac^ --> Ac^^,BLSTM
ambari,26,0.9036306786622439,graduated,Ac^ --> Ac^^,BLSTM
ant,1,0.9034756664604525,graduated,Ac^ --> Ac^^,BLSTM
ant,2,0.9884882883189361,graduated,Ac^ --> Ac^^,BLSTM
ant,3,0.9882533668958879,graduated,Ac^ --> Ac^^,BLSTM
ant,4,0.98834795620316,graduated,Ac^ --> Ac^^,BLSTM
ant,5,0.9882451573816996,graduated,Ac^ --> Ac^^,BLSTM
ant,6,0.9881227932493665,graduated,Ac^ --> Ac^^,BLSTM
ant,7,0.9880268804997427,graduated,Ac^ --> Ac^^,BLSTM
ant,8,0.9881944111477051,graduated,Ac^ --> Ac^^,BLSTM
ant,9,0.9884048849879842,graduated,Ac^ --> Ac^^,BLSTM
ant,10,0.9883797127917165,graduated,Ac^ --> Ac^^,BLSTM
ant,11,0.9883984266895705,graduated,Ac^ --> Ac^^,BLSTM
ant,12,0.9883458446923628,graduated,Ac^ --> Ac^^,BLSTM
ant,13,0.9883520162193626,graduated,Ac^ --> Ac^^,BLSTM
ant,14,0.9883581061939529,graduated,Ac^ --> Ac^^,BLSTM
ant,15,0.9883764276548588,graduated,Ac^ --> Ac^^,BLSTM
ant,16,0.988455631710303,graduated,Ac^ --> Ac^^,BLSTM
ant,17,0.9885560639097457,graduated,Ac^ --> Ac^^,BLSTM
ant,18,0.9885693641382032,graduated,Ac^ --> Ac^^,BLSTM
ant,19,0.9885716587843083,graduated,Ac^ --> Ac^^,BLSTM
ant,20,0.9886676010940265,graduated,Ac^ --> Ac^^,BLSTM
ant,21,0.98862642153505,graduated,Ac^ --> Ac^^,BLSTM
ant,22,0.9885939822079317,graduated,Ac^ --> Ac^^,BLSTM
ant,23,0.9886103831586744,graduated,Ac^ --> Ac^^,BLSTM
ant,24,0.9885867995920129,graduated,Ac^ --> Ac^^,BLSTM
ant,25,0.9884921753617082,graduated,Ac^ --> Ac^^,BLSTM
ant,26,0.9033891573540768,graduated,Ac^ --> Ac^^,BLSTM
any23,1,0.8883566061516871,graduated,Ac^ --> Ac^^,BLSTM
any23,2,0.986995807860788,graduated,Ac^ --> Ac^^,BLSTM
any23,3,0.988894566747477,graduated,Ac^ --> Ac^^,BLSTM
any23,4,0.9886065858304192,graduated,Ac^ --> Ac^^,BLSTM
any23,5,0.988594178252186,graduated,Ac^ --> Ac^^,BLSTM
any23,6,0.9884738174852978,graduated,Ac^ --> Ac^^,BLSTM
any23,7,0.9883965420230888,graduated,Ac^ --> Ac^^,BLSTM
any23,8,0.9887407774334471,graduated,Ac^ --> Ac^^,BLSTM
any23,9,0.9885003339011527,graduated,Ac^ --> Ac^^,BLSTM
any23,10,0.9032851964929376,graduated,Ac^ --> Ac^^,BLSTM
apex,1,0.9039815989756852,graduated,Ac^ --> Ac^^,BLSTM
apex,2,0.9895018278043323,graduated,Ac^ --> Ac^^,BLSTM
apex,3,0.9896332078017711,graduated,Ac^ --> Ac^^,BLSTM
apex,4,0.9895866074992196,graduated,Ac^ --> Ac^^,BLSTM
apex,5,0.9894161719403649,graduated,Ac^ --> Ac^^,BLSTM
apex,6,0.9894354800908415,graduated,Ac^ --> Ac^^,BLSTM
apex,7,0.9892527535935594,graduated,Ac^ --> Ac^^,BLSTM
apex,8,0.9040184544550769,graduated,Ac^ --> Ac^^,BLSTM
apisix,1,0.9041790162710923,graduated,Ac^ --> Ac^^,BLSTM
apisix,2,0.9894935202588006,graduated,Ac^ --> Ac^^,BLSTM
apisix,3,0.989516242139686,graduated,Ac^ --> Ac^^,BLSTM
apisix,4,0.9893960501672698,graduated,Ac^ --> Ac^^,BLSTM
apisix,5,0.989369899257577,graduated,Ac^ --> Ac^^,BLSTM
apisix,6,0.9893469765413762,graduated,Ac^ --> Ac^^,BLSTM
apisix,7,0.9893143761006566,graduated,Ac^ --> Ac^^,BLSTM
apisix,8,0.9892292755183957,graduated,Ac^ --> Ac^^,BLSTM
apisix,9,0.9040881517546453,graduated,Ac^ --> Ac^^,BLSTM
ariatosca,1,0.9023747123050662,retired,Ac^ --> Ac^^,BLSTM
ariatosca,2,0.9886984750339953,retired,Ac^ --> Ac^^,BLSTM
ariatosca,3,0.9890719817525575,retired,Ac^ --> Ac^^,BLSTM
ariatosca,4,0.9891251595006917,retired,Ac^ --> Ac^^,BLSTM
ariatosca,5,0.9891684978835832,retired,Ac^ --> Ac^^,BLSTM
ariatosca,6,0.9892137002515978,retired,Ac^ --> Ac^^,BLSTM
ariatosca,7,0.9891434375852656,retired,Ac^ --> Ac^^,BLSTM
ariatosca,8,0.9891256177065825,retired,Ac^ --> Ac^^,BLSTM
ariatosca,9,0.9891738048117884,retired,Ac^ --> Ac^^,BLSTM
ariatosca,10,0.9891683925844031,retired,Ac^ --> Ac^^,BLSTM
ariatosca,11,0.9890828857885421,retired,Ac^ --> Ac^^,BLSTM
ariatosca,12,0.9891258851722019,retired,Ac^ --> Ac^^,BLSTM
ariatosca,13,0.9891518528026714,retired,Ac^ --> Ac^^,BLSTM
ariatosca,14,0.9891552177526303,retired,Ac^ --> Ac^^,BLSTM
ariatosca,15,0.9891099743229869,retired,Ac^ --> Ac^^,BLSTM
ariatosca,16,0.9890085977148416,retired,Ac^ --> Ac^^,BLSTM
ariatosca,17,0.9889410884707216,retired,Ac^ --> Ac^^,BLSTM
ariatosca,18,0.9889049779037854,retired,Ac^ --> Ac^^,BLSTM
ariatosca,19,0.9871519790425102,retired,Ac^ --> Ac^^,BLSTM
ariatosca,20,0.8887496674345836,retired,Ac^ --> Ac^^,BLSTM
ariatosca,21,0.09116555179353554,retired,Ac^ --> Ac^^,BLSTM
ariatosca,22,0.005538124081347394,retired,Ac^ --> Ac^^,BLSTM
aries,1,0.8826178638305404,graduated,Ac^ --> Ac^^,BLSTM
aries,2,0.9853701337072409,graduated,Ac^ --> Ac^^,BLSTM
aries,3,0.9879411079250879,graduated,Ac^ --> Ac^^,BLSTM
aries,4,0.9886118118360595,graduated,Ac^ --> Ac^^,BLSTM
aries,5,0.9889158861492089,graduated,Ac^ --> Ac^^,BLSTM
aries,6,0.9889851588300831,graduated,Ac^ --> Ac^^,BLSTM
aries,7,0.9890480051855197,graduated,Ac^ --> Ac^^,BLSTM
aries,8,0.989022079672381,graduated,Ac^ --> Ac^^,BLSTM
aries,9,0.9890677412084943,graduated,Ac^ --> Ac^^,BLSTM
aries,10,0.9890888531463571,graduated,Ac^ --> Ac^^,BLSTM
aries,11,0.9891001563159278,graduated,Ac^ --> Ac^^,BLSTM
aries,12,0.9891212443995901,graduated,Ac^ --> Ac^^,BLSTM
aries,13,0.9891213372960546,graduated,Ac^ --> Ac^^,BLSTM
aries,14,0.989046409834488,graduated,Ac^ --> Ac^^,BLSTM
aries,15,0.9039330657740019,graduated,Ac^ --> Ac^^,BLSTM
asterixdb,1,0.9043954553338297,graduated,Ac^ --> Ac^^,BLSTM
asterixdb,2,0.9896648311867615,graduated,Ac^ --> Ac^^,BLSTM
asterixdb,3,0.9896719569627848,graduated,Ac^ --> Ac^^,BLSTM
asterixdb,4,0.9896133218719523,graduated,Ac^ --> Ac^^,BLSTM
asterixdb,5,0.9895789485021431,graduated,Ac^ --> Ac^^,BLSTM
asterixdb,6,0.9895519505028365,graduated,Ac^ --> Ac^^,BLSTM
asterixdb,7,0.9895094158409209,graduated,Ac^ --> Ac^^,BLSTM
asterixdb,8,0.9894808106577473,graduated,Ac^ --> Ac^^,BLSTM
asterixdb,9,0.989460007797906,graduated,Ac^ --> Ac^^,BLSTM
asterixdb,10,0.989428697170154,graduated,Ac^ --> Ac^^,BLSTM
asterixdb,11,0.9894131637066086,graduated,Ac^ --> Ac^^,BLSTM
asterixdb,12,0.9893095513885624,graduated,Ac^ --> Ac^^,BLSTM
asterixdb,13,0.9041516580064021,graduated,Ac^ --> Ac^^,BLSTM
atlas,1,0.9043033655609568,graduated,Ac^ --> Ac^^,BLSTM
atlas,2,0.9895785874882254,graduated,Ac^ --> Ac^^,BLSTM
atlas,3,0.9895531879946541,graduated,Ac^ --> Ac^^,BLSTM
atlas,4,0.9892382161458063,graduated,Ac^ --> Ac^^,BLSTM
atlas,5,0.9892918627997674,graduated,Ac^ --> Ac^^,BLSTM
atlas,6,0.9891712100017107,graduated,Ac^ --> Ac^^,BLSTM
atlas,7,0.9890946699025783,graduated,Ac^ --> Ac^^,BLSTM
atlas,8,0.9891425615768535,graduated,Ac^ --> Ac^^,BLSTM
atlas,9,0.9890167718086555,graduated,Ac^ --> Ac^^,BLSTM
atlas,10,0.9889767305701525,graduated,Ac^ --> Ac^^,BLSTM
atlas,11,0.9889708263522787,graduated,Ac^ --> Ac^^,BLSTM
atlas,12,0.9889924522689779,graduated,Ac^ --> Ac^^,BLSTM
atlas,13,0.9890127531223358,graduated,Ac^ --> Ac^^,BLSTM
atlas,14,0.989082308962822,graduated,Ac^ --> Ac^^,BLSTM
atlas,15,0.9891075487456311,graduated,Ac^ --> Ac^^,BLSTM
atlas,16,0.9891014272221309,graduated,Ac^ --> Ac^^,BLSTM
atlas,17,0.98901086118218,graduated,Ac^ --> Ac^^,BLSTM
atlas,18,0.989033555057665,graduated,Ac^ --> Ac^^,BLSTM
atlas,19,0.9890752153022697,graduated,Ac^ --> Ac^^,BLSTM
atlas,20,0.9891029795086529,graduated,Ac^ --> Ac^^,BLSTM
atlas,21,0.9891175814414864,graduated,Ac^ --> Ac^^,BLSTM
atlas,22,0.9891360677765828,graduated,Ac^ --> Ac^^,BLSTM
atlas,23,0.9891413228977334,graduated,Ac^ --> Ac^^,BLSTM
atlas,24,0.988993867795685,graduated,Ac^ --> Ac^^,BLSTM
atlas,25,0.9038842050782094,graduated,Ac^ --> Ac^^,BLSTM
aurora,1,0.8999910135863709,graduated,Ac^ --> Ac^^,BLSTM
aurora,2,0.9884222810522897,graduated,Ac^ --> Ac^^,BLSTM
aurora,3,0.9890761007855581,graduated,Ac^ --> Ac^^,BLSTM
aurora,4,0.9891789361318787,graduated,Ac^ --> Ac^^,BLSTM
aurora,5,0.989120708273614,graduated,Ac^ --> Ac^^,BLSTM
aurora,6,0.9892199568603479,graduated,Ac^ --> Ac^^,BLSTM
aurora,7,0.989281771384917,graduated,Ac^ --> Ac^^,BLSTM
aurora,8,0.9892556895363949,graduated,Ac^ --> Ac^^,BLSTM
aurora,9,0.98925407823578,graduated,Ac^ --> Ac^^,BLSTM
aurora,10,0.9891763776968602,graduated,Ac^ --> Ac^^,BLSTM
aurora,11,0.9892148926505274,graduated,Ac^ --> Ac^^,BLSTM
aurora,12,0.9892471119696277,graduated,Ac^ --> Ac^^,BLSTM
aurora,13,0.9891806569836139,graduated,Ac^ --> Ac^^,BLSTM
aurora,14,0.9891195122899425,graduated,Ac^ --> Ac^^,BLSTM
aurora,15,0.989122128588505,graduated,Ac^ --> Ac^^,BLSTM
aurora,16,0.989024987295317,graduated,Ac^ --> Ac^^,BLSTM
aurora,17,0.9038854660191998,graduated,Ac^ --> Ac^^,BLSTM
awf,1,0.9013385098561667,retired,Ac^ --> Ac^^,BLSTM
awf,2,0.9878498520403438,retired,Ac^ --> Ac^^,BLSTM
awf,3,0.9880305657927956,retired,Ac^ --> Ac^^,BLSTM
awf,4,0.9876939399261433,retired,Ac^ --> Ac^^,BLSTM
awf,5,0.9012513874790635,retired,Ac^ --> Ac^^,BLSTM
awf,6,0.09069647345941692,retired,Ac^ --> Ac^^,BLSTM
awf,7,0.08124844247842193,retired,Ac^ --> Ac^^,BLSTM
awf,8,0.8160737935126056,retired,Ac^ --> Ac^^,BLSTM
awf,9,0.9749491694458225,retired,Ac^ --> Ac^^,BLSTM
awf,10,0.8951573471466131,retired,Ac^ --> Ac^^,BLSTM
awf,11,0.08878235234876988,retired,Ac^ --> Ac^^,BLSTM
awf,12,0.005079838515721233,retired,Ac^ --> Ac^^,BLSTM
awf,13,0.005002685796300782,retired,Ac^ --> Ac^^,BLSTM
awf,14,0.004561099102761198,retired,Ac^ --> Ac^^,BLSTM
batchee,1,0.9030542981126635,graduated,Ac^ --> Ac^^,BLSTM
batchee,2,0.9883938972614895,graduated,Ac^ --> Ac^^,BLSTM
batchee,3,0.9841332813481138,graduated,Ac^ --> Ac^^,BLSTM
batchee,4,0.9829040321894998,graduated,Ac^ --> Ac^^,BLSTM
batchee,5,0.9872149972037829,graduated,Ac^ --> Ac^^,BLSTM
batchee,6,0.987299104063776,graduated,Ac^ --> Ac^^,BLSTM
batchee,7,0.9872008271946218,graduated,Ac^ --> Ac^^,BLSTM
batchee,8,0.9863349987303982,graduated,Ac^ --> Ac^^,BLSTM
batchee,9,0.9875637120798438,graduated,Ac^ --> Ac^^,BLSTM
batchee,10,0.9873614491189739,graduated,Ac^ --> Ac^^,BLSTM
batchee,11,0.9861090059835149,graduated,Ac^ --> Ac^^,BLSTM
batchee,12,0.9865927120824284,graduated,Ac^ --> Ac^^,BLSTM
batchee,13,0.986867508534384,graduated,Ac^ --> Ac^^,BLSTM
batchee,14,0.9859946680036066,graduated,Ac^ --> Ac^^,BLSTM
batchee,15,0.9015515631334522,graduated,Ac^ --> Ac^^,BLSTM
batchee,16,0.18784785003527837,graduated,Ac^ --> Ac^^,BLSTM
batchee,17,0.8987541693127892,graduated,Ac^ --> Ac^^,BLSTM
batchee,18,0.8967606994359786,graduated,Ac^ --> Ac^^,BLSTM
batchee,19,0.08912994959842344,graduated,Ac^ --> Ac^^,BLSTM
batchee,20,0.00518511097608934,graduated,Ac^ --> Ac^^,BLSTM
batchee,21,0.005079019324858543,graduated,Ac^ --> Ac^^,BLSTM
batchee,22,0.005048258877669362,graduated,Ac^ --> Ac^^,BLSTM
batchee,23,0.005020474269006598,graduated,Ac^ --> Ac^^,BLSTM
batchee,24,0.005087390316102184,graduated,Ac^ --> Ac^^,BLSTM
batchee,25,0.08800508583643847,graduated,Ac^ --> Ac^^,BLSTM
batchee,26,0.886323467261399,graduated,Ac^ --> Ac^^,BLSTM
batchee,27,0.9720711876502837,graduated,Ac^ --> Ac^^,BLSTM
batchee,28,0.9742041434346342,graduated,Ac^ --> Ac^^,BLSTM
batchee,29,0.9750334312607546,graduated,Ac^ --> Ac^^,BLSTM
batchee,30,0.9761669412515124,graduated,Ac^ --> Ac^^,BLSTM
batchee,31,0.9764400061140533,graduated,Ac^ --> Ac^^,BLSTM
batchee,32,0.8921202378610649,graduated,Ac^ --> Ac^^,BLSTM
batchee,33,0.1713690791386599,graduated,Ac^ --> Ac^^,BLSTM
batchee,34,0.8827057989648008,graduated,Ac^ --> Ac^^,BLSTM
batchee,35,0.9758906353196672,graduated,Ac^ --> Ac^^,BLSTM
batchee,36,0.8943202029343141,graduated,Ac^ --> Ac^^,BLSTM
batchee,37,0.18034774686384902,graduated,Ac^ --> Ac^^,BLSTM
batchee,38,0.8869056098215226,graduated,Ac^ --> Ac^^,BLSTM
batchee,39,0.9769416849850866,graduated,Ac^ --> Ac^^,BLSTM
batchee,40,0.8931517917091654,graduated,Ac^ --> Ac^^,BLSTM
batchee,41,0.08920225892317588,graduated,Ac^ --> Ac^^,BLSTM
batchee,42,0.005043902511681137,graduated,Ac^ --> Ac^^,BLSTM
batchee,43,0.0049178842827615745,graduated,Ac^ --> Ac^^,BLSTM
batchee,44,0.004913466760054906,graduated,Ac^ --> Ac^^,BLSTM
batchee,45,0.004933471482606072,graduated,Ac^ --> Ac^^,BLSTM
batchee,46,0.004949092526938883,graduated,Ac^ --> Ac^^,BLSTM
batchee,47,0.004949997975871414,graduated,Ac^ --> Ac^^,BLSTM
batchee,48,0.004944148127913173,graduated,Ac^ --> Ac^^,BLSTM
batchee,49,0.00493179320938508,graduated,Ac^ --> Ac^^,BLSTM
batchee,50,0.004888231349942465,graduated,Ac^ --> Ac^^,BLSTM
batchee,51,0.004868321399294911,graduated,Ac^ --> Ac^^,BLSTM
batchee,52,0.004898238744913527,graduated,Ac^ --> Ac^^,BLSTM
batchee,53,0.0048585429514551096,graduated,Ac^ --> Ac^^,BLSTM
batchee,54,0.00486753239006599,graduated,Ac^ --> Ac^^,BLSTM
batchee,55,0.0049010387934243635,graduated,Ac^ --> Ac^^,BLSTM
batchee,56,0.004924044457204289,graduated,Ac^ --> Ac^^,BLSTM
batchee,57,0.004905398949366221,graduated,Ac^ --> Ac^^,BLSTM
batchee,58,0.004923044224771682,graduated,Ac^ --> Ac^^,BLSTM
batchee,59,0.004933410945254979,graduated,Ac^ --> Ac^^,BLSTM
batchee,60,0.004940141960600035,graduated,Ac^ --> Ac^^,BLSTM
batchee,61,0.0049408048624154256,graduated,Ac^ --> Ac^^,BLSTM
batchee,62,0.0049418660195369715,graduated,Ac^ --> Ac^^,BLSTM
batchee,63,0.004941595567587447,graduated,Ac^ --> Ac^^,BLSTM
batchee,64,0.00494156846065538,graduated,Ac^ --> Ac^^,BLSTM
batchee,65,0.004941783652355048,graduated,Ac^ --> Ac^^,BLSTM
batchee,66,0.0049412750743634245,graduated,Ac^ --> Ac^^,BLSTM
batchee,67,0.004939244841803437,graduated,Ac^ --> Ac^^,BLSTM
batchee,68,0.00493771921099907,graduated,Ac^ --> Ac^^,BLSTM
batchee,69,0.0049381559552088405,graduated,Ac^ --> Ac^^,BLSTM
batchee,70,0.004938650016896739,graduated,Ac^ --> Ac^^,BLSTM
batchee,71,0.00493803126163232,graduated,Ac^ --> Ac^^,BLSTM
batchee,72,0.00493732458284846,graduated,Ac^ --> Ac^^,BLSTM
batchee,73,0.004936731043403957,graduated,Ac^ --> Ac^^,BLSTM
batchee,74,0.004512175928616544,graduated,Ac^ --> Ac^^,BLSTM
beam,1,0.9043701116043363,graduated,Ac^ --> Ac^^,BLSTM
beam,2,0.989595535571739,graduated,Ac^ --> Ac^^,BLSTM
beam,3,0.9896473185830704,graduated,Ac^ --> Ac^^,BLSTM
beam,4,0.989630594238218,graduated,Ac^ --> Ac^^,BLSTM
beam,5,0.9895900530072994,graduated,Ac^ --> Ac^^,BLSTM
beam,6,0.9895338680673597,graduated,Ac^ --> Ac^^,BLSTM
beam,7,0.9895216499679093,graduated,Ac^ --> Ac^^,BLSTM
beam,8,0.9895116625116342,graduated,Ac^ --> Ac^^,BLSTM
beam,9,0.9894015478734504,graduated,Ac^ --> Ac^^,BLSTM
beam,10,0.9042283688550208,graduated,Ac^ --> Ac^^,BLSTM
beehive,1,0.9039852142825677,graduated,Ac^ --> Ac^^,BLSTM
beehive,2,0.9894255988057161,graduated,Ac^ --> Ac^^,BLSTM
beehive,3,0.9895299285982393,graduated,Ac^ --> Ac^^,BLSTM
beehive,4,0.9895156017225624,graduated,Ac^ --> Ac^^,BLSTM
beehive,5,0.9894783697062745,graduated,Ac^ --> Ac^^,BLSTM
beehive,6,0.9893975310767955,graduated,Ac^ --> Ac^^,BLSTM
beehive,7,0.989252585839516,graduated,Ac^ --> Ac^^,BLSTM
beehive,8,0.9891047688087558,graduated,Ac^ --> Ac^^,BLSTM
beehive,9,0.9889830513733838,graduated,Ac^ --> Ac^^,BLSTM
beehive,10,0.9888708816760342,graduated,Ac^ --> Ac^^,BLSTM
beehive,11,0.988764060201853,graduated,Ac^ --> Ac^^,BLSTM
beehive,12,0.9886573981116991,graduated,Ac^ --> Ac^^,BLSTM
beehive,13,0.9884610701464055,graduated,Ac^ --> Ac^^,BLSTM
beehive,14,0.9032897233859819,graduated,Ac^ --> Ac^^,BLSTM
bigtop,1,0.104965854651451,graduated,Ac^ --> Ac^^,BLSTM
bigtop,2,0.8991740890852025,graduated,Ac^ --> Ac^^,BLSTM
bigtop,3,0.9852674709066251,graduated,Ac^ --> Ac^^,BLSTM
bigtop,4,0.98628929771618,graduated,Ac^ --> Ac^^,BLSTM
bigtop,5,0.9868012130605803,graduated,Ac^ --> Ac^^,BLSTM
bigtop,6,0.9869206792291098,graduated,Ac^ --> Ac^^,BLSTM
bigtop,7,0.9870937720470088,graduated,Ac^ --> Ac^^,BLSTM
bigtop,8,0.9871371448978884,graduated,Ac^ --> Ac^^,BLSTM
bigtop,9,0.9872314377778053,graduated,Ac^ --> Ac^^,BLSTM
bigtop,10,0.9872280764748638,graduated,Ac^ --> Ac^^,BLSTM
bigtop,11,0.9872386022844143,graduated,Ac^ --> Ac^^,BLSTM
bigtop,12,0.9873605535905633,graduated,Ac^ --> Ac^^,BLSTM
bigtop,13,0.9872870939702518,graduated,Ac^ --> Ac^^,BLSTM
bigtop,14,0.9022871740004174,graduated,Ac^ --> Ac^^,BLSTM
bloodhound,1,0.8841300994855219,graduated,Ac^ --> Ac^^,BLSTM
bloodhound,2,0.9826538570110107,graduated,Ac^ --> Ac^^,BLSTM
bloodhound,3,0.986147938792409,graduated,Ac^ --> Ac^^,BLSTM
bloodhound,4,0.9873660974170568,graduated,Ac^ --> Ac^^,BLSTM
bloodhound,5,0.9880557662792389,graduated,Ac^ --> Ac^^,BLSTM
bloodhound,6,0.9881778524108806,graduated,Ac^ --> Ac^^,BLSTM
bloodhound,7,0.9880245496535276,graduated,Ac^ --> Ac^^,BLSTM
bloodhound,8,0.9876934998931537,graduated,Ac^ --> Ac^^,BLSTM
bloodhound,9,0.9875790615400571,graduated,Ac^ --> Ac^^,BLSTM
bloodhound,10,0.9877600581760774,graduated,Ac^ --> Ac^^,BLSTM
bloodhound,11,0.9877463671198897,graduated,Ac^ --> Ac^^,BLSTM
bloodhound,12,0.9877494658119267,graduated,Ac^ --> Ac^^,BLSTM
bloodhound,13,0.987688189903353,graduated,Ac^ --> Ac^^,BLSTM
bloodhound,14,0.902807589563711,graduated,Ac^ --> Ac^^,BLSTM
bluesky,1,0.8518667406571572,retired,Ac^ --> Ac^^,BLSTM
bluesky,2,0.779677650678581,retired,Ac^ --> Ac^^,BLSTM
bluesky,3,0.9623859873152307,retired,Ac^ --> Ac^^,BLSTM
bluesky,4,0.9810350213486435,retired,Ac^ --> Ac^^,BLSTM
bluesky,5,0.8644904834899169,retired,Ac^ --> Ac^^,BLSTM
bluesky,6,0.08761681831808173,retired,Ac^ --> Ac^^,BLSTM
bluesky,7,0.01001108321921513,retired,Ac^ --> Ac^^,BLSTM
bluesky,8,0.04629909896369731,retired,Ac^ --> Ac^^,BLSTM
bluesky,9,0.40576814514271403,retired,Ac^ --> Ac^^,BLSTM
bluesky,10,0.19899062100923715,retired,Ac^ --> Ac^^,BLSTM
bluesky,11,0.08329119042983514,retired,Ac^ --> Ac^^,BLSTM
bluesky,12,0.6028671363951098,retired,Ac^ --> Ac^^,BLSTM
bluesky,13,0.0675703544644601,retired,Ac^ --> Ac^^,BLSTM
bluesky,14,0.0052045249680460655,retired,Ac^ --> Ac^^,BLSTM
bluesky,15,0.08753015958836735,retired,Ac^ --> Ac^^,BLSTM
bluesky,16,0.8812806778789438,retired,Ac^ --> Ac^^,BLSTM
bluesky,17,0.9735817124997823,retired,Ac^ --> Ac^^,BLSTM
bluesky,18,0.975459391766269,retired,Ac^ --> Ac^^,BLSTM
bluesky,19,0.9774950073841768,retired,Ac^ --> Ac^^,BLSTM
bluesky,20,0.978182317123921,retired,Ac^ --> Ac^^,BLSTM
bluesky,21,0.9010995542814536,retired,Ac^ --> Ac^^,BLSTM
bluesky,22,0.1524583461460924,retired,Ac^ --> Ac^^,BLSTM
bluesky,23,0.014360493892006568,retired,Ac^ --> Ac^^,BLSTM
bluesky,24,0.00692982386850627,retired,Ac^ --> Ac^^,BLSTM
bluesky,25,0.005087007950475725,retired,Ac^ --> Ac^^,BLSTM
bluesky,26,0.004919377137833956,retired,Ac^ --> Ac^^,BLSTM
bluesky,27,0.004924488267242684,retired,Ac^ --> Ac^^,BLSTM
bluesky,28,0.004881260467617777,retired,Ac^ --> Ac^^,BLSTM
bluesky,29,0.004912132972583591,retired,Ac^ --> Ac^^,BLSTM
bluesky,30,0.004856143658525973,retired,Ac^ --> Ac^^,BLSTM
bluesky,31,0.004779027354510663,retired,Ac^ --> Ac^^,BLSTM
bluesky,32,0.0047940062088041805,retired,Ac^ --> Ac^^,BLSTM
bluesky,33,0.004834393726589575,retired,Ac^ --> Ac^^,BLSTM
bluesky,34,0.004862001217306277,retired,Ac^ --> Ac^^,BLSTM
bluesky,35,0.004890418267857309,retired,Ac^ --> Ac^^,BLSTM
bluesky,36,0.004912738061719126,retired,Ac^ --> Ac^^,BLSTM
bluesky,37,0.004922068541178007,retired,Ac^ --> Ac^^,BLSTM
bluesky,38,0.004926996670653436,retired,Ac^ --> Ac^^,BLSTM
bluesky,39,0.004928350880304932,retired,Ac^ --> Ac^^,BLSTM
bluesky,40,0.004928102724240553,retired,Ac^ --> Ac^^,BLSTM
bluesky,41,0.004930115100926377,retired,Ac^ --> Ac^^,BLSTM
bluesky,42,0.004510263927895423,retired,Ac^ --> Ac^^,BLSTM
blur,1,0.8998029723179949,retired,Ac^ --> Ac^^,BLSTM
blur,2,0.988388753613161,retired,Ac^ --> Ac^^,BLSTM
blur,3,0.9890941571535103,retired,Ac^ --> Ac^^,BLSTM
blur,4,0.9891657134846555,retired,Ac^ --> Ac^^,BLSTM
blur,5,0.9892071621434196,retired,Ac^ --> Ac^^,BLSTM
blur,6,0.9891866380953822,retired,Ac^ --> Ac^^,BLSTM
blur,7,0.9891716891487188,retired,Ac^ --> Ac^^,BLSTM
blur,8,0.989180640502104,retired,Ac^ --> Ac^^,BLSTM
blur,9,0.9891470625956178,retired,Ac^ --> Ac^^,BLSTM
blur,10,0.9891504294146909,retired,Ac^ --> Ac^^,BLSTM
blur,11,0.9891664098656406,retired,Ac^ --> Ac^^,BLSTM
blur,12,0.9891294672077907,retired,Ac^ --> Ac^^,BLSTM
blur,13,0.9891332153239248,retired,Ac^ --> Ac^^,BLSTM
blur,14,0.9891473344326752,retired,Ac^ --> Ac^^,BLSTM
blur,15,0.9891566597496998,retired,Ac^ --> Ac^^,BLSTM
blur,16,0.9891552105073892,retired,Ac^ --> Ac^^,BLSTM
blur,17,0.9891573171786421,retired,Ac^ --> Ac^^,BLSTM
blur,18,0.9891529188950803,retired,Ac^ --> Ac^^,BLSTM
blur,19,0.9891556764946439,retired,Ac^ --> Ac^^,BLSTM
blur,20,0.9891465127833444,retired,Ac^ --> Ac^^,BLSTM
blur,21,0.9891329197485234,retired,Ac^ --> Ac^^,BLSTM
blur,22,0.9891395423184963,retired,Ac^ --> Ac^^,BLSTM
blur,23,0.989146069128269,retired,Ac^ --> Ac^^,BLSTM
blur,24,0.9891479961598549,retired,Ac^ --> Ac^^,BLSTM
blur,25,0.9891440227548107,retired,Ac^ --> Ac^^,BLSTM
blur,26,0.9891386087742459,retired,Ac^ --> Ac^^,BLSTM
blur,27,0.9891363098320313,retired,Ac^ --> Ac^^,BLSTM
blur,28,0.989137312450779,retired,Ac^ --> Ac^^,BLSTM
blur,29,0.9891377794815671,retired,Ac^ --> Ac^^,BLSTM
blur,30,0.9891428612403148,retired,Ac^ --> Ac^^,BLSTM
blur,31,0.9891343719616501,retired,Ac^ --> Ac^^,BLSTM
blur,32,0.9891386709272881,retired,Ac^ --> Ac^^,BLSTM
blur,33,0.989137738995057,retired,Ac^ --> Ac^^,BLSTM
blur,34,0.9891179409381413,retired,Ac^ --> Ac^^,BLSTM
blur,35,0.9891293396235181,retired,Ac^ --> Ac^^,BLSTM
blur,36,0.9891303239644631,retired,Ac^ --> Ac^^,BLSTM
blur,37,0.9891461033927733,retired,Ac^ --> Ac^^,BLSTM
blur,38,0.9891589284255612,retired,Ac^ --> Ac^^,BLSTM
blur,39,0.9890946118186583,retired,Ac^ --> Ac^^,BLSTM
blur,40,0.9890293104676986,retired,Ac^ --> Ac^^,BLSTM
blur,41,0.9890564032194171,retired,Ac^ --> Ac^^,BLSTM
blur,42,0.989053021809588,retired,Ac^ --> Ac^^,BLSTM
blur,43,0.9886484497647553,retired,Ac^ --> Ac^^,BLSTM
blur,44,0.9021648182087103,retired,Ac^ --> Ac^^,BLSTM
blur,45,0.0896686401023772,retired,Ac^ --> Ac^^,BLSTM
blur,46,0.005367713549752124,retired,Ac^ --> Ac^^,BLSTM
blur,47,0.005250192999015788,retired,Ac^ --> Ac^^,BLSTM
blur,48,0.022442236468783617,retired,Ac^ --> Ac^^,BLSTM
blur,49,0.17288485513788543,retired,Ac^ --> Ac^^,BLSTM
blur,50,0.03956215386506555,retired,Ac^ --> Ac^^,BLSTM
blur,51,0.0068690754866444406,retired,Ac^ --> Ac^^,BLSTM
blur,52,0.005061703192462347,retired,Ac^ --> Ac^^,BLSTM
blur,53,0.005035391751713395,retired,Ac^ --> Ac^^,BLSTM
blur,54,0.005029077056404529,retired,Ac^ --> Ac^^,BLSTM
blur,55,0.005024771286844435,retired,Ac^ --> Ac^^,BLSTM
blur,56,0.005015576585157907,retired,Ac^ --> Ac^^,BLSTM
blur,57,0.0050067777160896325,retired,Ac^ --> Ac^^,BLSTM
blur,58,0.004570853097503906,retired,Ac^ --> Ac^^,BLSTM
bookkeeper,1,0.9036689419238575,graduated,Ac^ --> Ac^^,BLSTM
bookkeeper,2,0.9887226347402677,graduated,Ac^ --> Ac^^,BLSTM
bookkeeper,3,0.9893234854223187,graduated,Ac^ --> Ac^^,BLSTM
bookkeeper,4,0.9892436639629211,graduated,Ac^ --> Ac^^,BLSTM
bookkeeper,5,0.9891416261875201,graduated,Ac^ --> Ac^^,BLSTM
bookkeeper,6,0.9892819372991772,graduated,Ac^ --> Ac^^,BLSTM
bookkeeper,7,0.9893238796563852,graduated,Ac^ --> Ac^^,BLSTM
bookkeeper,8,0.9891145225359946,graduated,Ac^ --> Ac^^,BLSTM
bookkeeper,9,0.9891669869251252,graduated,Ac^ --> Ac^^,BLSTM
bookkeeper,10,0.9892308313338481,graduated,Ac^ --> Ac^^,BLSTM
bookkeeper,11,0.98923638577397,graduated,Ac^ --> Ac^^,BLSTM
bookkeeper,12,0.9891615957793295,graduated,Ac^ --> Ac^^,BLSTM
bookkeeper,13,0.9040325942005366,graduated,Ac^ --> Ac^^,BLSTM
brooklyn,1,0.9042898946996384,graduated,Ac^ --> Ac^^,BLSTM
brooklyn,2,0.989571288652213,graduated,Ac^ --> Ac^^,BLSTM
brooklyn,3,0.989647655851784,graduated,Ac^ --> Ac^^,BLSTM
brooklyn,4,0.9895926574787446,graduated,Ac^ --> Ac^^,BLSTM
brooklyn,5,0.9894998931157064,graduated,Ac^ --> Ac^^,BLSTM
brooklyn,6,0.9894400634113089,graduated,Ac^ --> Ac^^,BLSTM
brooklyn,7,0.9894084858770316,graduated,Ac^ --> Ac^^,BLSTM
brooklyn,8,0.9893876617220659,graduated,Ac^ --> Ac^^,BLSTM
brooklyn,9,0.9893672136710655,graduated,Ac^ --> Ac^^,BLSTM
brooklyn,10,0.989361305200474,graduated,Ac^ --> Ac^^,BLSTM
brooklyn,11,0.989359466080288,graduated,Ac^ --> Ac^^,BLSTM
brooklyn,12,0.989363721261369,graduated,Ac^ --> Ac^^,BLSTM
brooklyn,13,0.9893606589906666,graduated,Ac^ --> Ac^^,BLSTM
brooklyn,14,0.9893416219002399,graduated,Ac^ --> Ac^^,BLSTM
brooklyn,15,0.9893274168957769,graduated,Ac^ --> Ac^^,BLSTM
brooklyn,16,0.9893347407075358,graduated,Ac^ --> Ac^^,BLSTM
brooklyn,17,0.9892290871751489,graduated,Ac^ --> Ac^^,BLSTM
brooklyn,18,0.9040830107710118,graduated,Ac^ --> Ac^^,BLSTM
buildr,1,0.8241696012462634,graduated,Ac^ --> Ac^^,BLSTM
buildr,2,0.9765015312117715,graduated,Ac^ --> Ac^^,BLSTM
buildr,3,0.986447781533515,graduated,Ac^ --> Ac^^,BLSTM
buildr,4,0.9873285807959179,graduated,Ac^ --> Ac^^,BLSTM
buildr,5,0.9879262497439503,graduated,Ac^ --> Ac^^,BLSTM
buildr,6,0.9879939214620316,graduated,Ac^ --> Ac^^,BLSTM
buildr,7,0.9879842346624342,graduated,Ac^ --> Ac^^,BLSTM
buildr,8,0.9880332702468019,graduated,Ac^ --> Ac^^,BLSTM
buildr,9,0.9881178794569229,graduated,Ac^ --> Ac^^,BLSTM
buildr,10,0.9882130205834965,graduated,Ac^ --> Ac^^,BLSTM
buildr,11,0.9883221276791884,graduated,Ac^ --> Ac^^,BLSTM
buildr,12,0.9883843941399713,graduated,Ac^ --> Ac^^,BLSTM
buildr,13,0.9883445301230197,graduated,Ac^ --> Ac^^,BLSTM
buildr,14,0.9882045376971791,graduated,Ac^ --> Ac^^,BLSTM
buildr,15,0.9030720897830028,graduated,Ac^ --> Ac^^,BLSTM
bval,1,0.9039908508987853,graduated,Ac^ --> Ac^^,BLSTM
bval,2,0.9892875534068835,graduated,Ac^ --> Ac^^,BLSTM
bval,3,0.9892707753852458,graduated,Ac^ --> Ac^^,BLSTM
bval,4,0.9892656216103528,graduated,Ac^ --> Ac^^,BLSTM
bval,5,0.9891534772523904,graduated,Ac^ --> Ac^^,BLSTM
bval,6,0.9890202323221016,graduated,Ac^ --> Ac^^,BLSTM
bval,7,0.9891583547947354,graduated,Ac^ --> Ac^^,BLSTM
bval,8,0.9890493054995524,graduated,Ac^ --> Ac^^,BLSTM
bval,9,0.9889691585864999,graduated,Ac^ --> Ac^^,BLSTM
bval,10,0.9889003638590487,graduated,Ac^ --> Ac^^,BLSTM
bval,11,0.9888825206748357,graduated,Ac^ --> Ac^^,BLSTM
bval,12,0.9888220261946917,graduated,Ac^ --> Ac^^,BLSTM
bval,13,0.988814736224029,graduated,Ac^ --> Ac^^,BLSTM
bval,14,0.9888054852951081,graduated,Ac^ --> Ac^^,BLSTM
bval,15,0.9887175294402614,graduated,Ac^ --> Ac^^,BLSTM
bval,16,0.9886879159946379,graduated,Ac^ --> Ac^^,BLSTM
bval,17,0.9886638521509741,graduated,Ac^ --> Ac^^,BLSTM
bval,18,0.9885857606987397,graduated,Ac^ --> Ac^^,BLSTM
bval,19,0.9885585652451306,graduated,Ac^ --> Ac^^,BLSTM
bval,20,0.9879125032195865,graduated,Ac^ --> Ac^^,BLSTM
bval,21,0.9829758653714634,graduated,Ac^ --> Ac^^,BLSTM
bval,22,0.987590677834399,graduated,Ac^ --> Ac^^,BLSTM
bval,23,0.9031304916176243,graduated,Ac^ --> Ac^^,BLSTM
calcite,1,0.9022718949103269,graduated,Ac^ --> Ac^^,BLSTM
calcite,2,0.9892283527249524,graduated,Ac^ --> Ac^^,BLSTM
calcite,3,0.9894907193318687,graduated,Ac^ --> Ac^^,BLSTM
calcite,4,0.9895004384643377,graduated,Ac^ --> Ac^^,BLSTM
calcite,5,0.9894879160179708,graduated,Ac^ --> Ac^^,BLSTM
calcite,6,0.9894286744167724,graduated,Ac^ --> Ac^^,BLSTM
calcite,7,0.9894383056589784,graduated,Ac^ --> Ac^^,BLSTM
calcite,8,0.9894296078327117,graduated,Ac^ --> Ac^^,BLSTM
calcite,9,0.9894126928632019,graduated,Ac^ --> Ac^^,BLSTM
calcite,10,0.9893498804545818,graduated,Ac^ --> Ac^^,BLSTM
calcite,11,0.9893160446153759,graduated,Ac^ --> Ac^^,BLSTM
calcite,12,0.9892790421044887,graduated,Ac^ --> Ac^^,BLSTM
calcite,13,0.9892865174521299,graduated,Ac^ --> Ac^^,BLSTM
calcite,14,0.9892904756786182,graduated,Ac^ --> Ac^^,BLSTM
calcite,15,0.98919497943635,graduated,Ac^ --> Ac^^,BLSTM
calcite,16,0.9891463090297459,graduated,Ac^ --> Ac^^,BLSTM
calcite,17,0.9040305197157547,graduated,Ac^ --> Ac^^,BLSTM
carbondata,1,0.9043784202042814,graduated,Ac^ --> Ac^^,BLSTM
carbondata,2,0.9896445354424726,graduated,Ac^ --> Ac^^,BLSTM
carbondata,3,0.9896637371459948,graduated,Ac^ --> Ac^^,BLSTM
carbondata,4,0.9895491199266442,graduated,Ac^ --> Ac^^,BLSTM
carbondata,5,0.9894663070477632,graduated,Ac^ --> Ac^^,BLSTM
carbondata,6,0.9894785617093415,graduated,Ac^ --> Ac^^,BLSTM
carbondata,7,0.9894633097725063,graduated,Ac^ --> Ac^^,BLSTM
carbondata,8,0.9894571567106957,graduated,Ac^ --> Ac^^,BLSTM
carbondata,9,0.9893276622001256,graduated,Ac^ --> Ac^^,BLSTM
carbondata,10,0.9041585339783801,graduated,Ac^ --> Ac^^,BLSTM
cassandra,1,0.8478421206246094,graduated,Ac^ --> Ac^^,BLSTM
cassandra,2,0.504732736260544,graduated,Ac^ --> Ac^^,BLSTM
cassandra,3,0.8068957414401157,graduated,Ac^ --> Ac^^,BLSTM
cassandra,4,0.9611717390858562,graduated,Ac^ --> Ac^^,BLSTM
cassandra,5,0.9817472989871824,graduated,Ac^ --> Ac^^,BLSTM
cassandra,6,0.9852373648596546,graduated,Ac^ --> Ac^^,BLSTM
cassandra,7,0.986439965442233,graduated,Ac^ --> Ac^^,BLSTM
cassandra,8,0.9869223360785846,graduated,Ac^ --> Ac^^,BLSTM
cassandra,9,0.987271985744261,graduated,Ac^ --> Ac^^,BLSTM
cassandra,10,0.9876837385535924,graduated,Ac^ --> Ac^^,BLSTM
cassandra,11,0.9877831749146473,graduated,Ac^ --> Ac^^,BLSTM
cassandra,12,0.9877861727545322,graduated,Ac^ --> Ac^^,BLSTM
cassandra,13,0.9027764170178315,graduated,Ac^ --> Ac^^,BLSTM
cayenne,1,0.23258948576898053,graduated,Ac^ --> Ac^^,BLSTM
cayenne,2,0.9153011685301015,graduated,Ac^ --> Ac^^,BLSTM
cayenne,3,0.9870206512934777,graduated,Ac^ --> Ac^^,BLSTM
cayenne,4,0.9882005952422493,graduated,Ac^ --> Ac^^,BLSTM
cayenne,5,0.9886103251982613,graduated,Ac^ --> Ac^^,BLSTM
cayenne,6,0.9887539270497808,graduated,Ac^ --> Ac^^,BLSTM
cayenne,7,0.9888068284711317,graduated,Ac^ --> Ac^^,BLSTM
cayenne,8,0.9887422539326212,graduated,Ac^ --> Ac^^,BLSTM
cayenne,9,0.9035001006193344,graduated,Ac^ --> Ac^^,BLSTM
celix,1,0.009900610913970266,graduated,Ac^ --> Ac^^,BLSTM
celix,2,0.09146313283060717,graduated,Ac^ --> Ac^^,BLSTM
celix,3,0.7715670074760939,graduated,Ac^ --> Ac^^,BLSTM
celix,4,0.8194180203618827,graduated,Ac^ --> Ac^^,BLSTM
celix,5,0.12949113157031533,graduated,Ac^ --> Ac^^,BLSTM
celix,6,0.4289542025950241,graduated,Ac^ --> Ac^^,BLSTM
celix,7,0.895667532939862,graduated,Ac^ --> Ac^^,BLSTM
celix,8,0.8081223974970513,graduated,Ac^ --> Ac^^,BLSTM
celix,9,0.95848463970728,graduated,Ac^ --> Ac^^,BLSTM
celix,10,0.9785733263200485,graduated,Ac^ --> Ac^^,BLSTM
celix,11,0.9795187173814928,graduated,Ac^ --> Ac^^,BLSTM
celix,12,0.9786858408172924,graduated,Ac^ --> Ac^^,BLSTM
celix,13,0.9770221186289998,graduated,Ac^ --> Ac^^,BLSTM
celix,14,0.9804264696545226,graduated,Ac^ --> Ac^^,BLSTM
celix,15,0.9813707673621469,graduated,Ac^ --> Ac^^,BLSTM
celix,16,0.982249031913376,graduated,Ac^ --> Ac^^,BLSTM
celix,17,0.9824229083944552,graduated,Ac^ --> Ac^^,BLSTM
celix,18,0.9827691888673179,graduated,Ac^ --> Ac^^,BLSTM
celix,19,0.9833354758583532,graduated,Ac^ --> Ac^^,BLSTM
celix,20,0.9836843698320541,graduated,Ac^ --> Ac^^,BLSTM
celix,21,0.984188561338196,graduated,Ac^ --> Ac^^,BLSTM
celix,22,0.9844339996278266,graduated,Ac^ --> Ac^^,BLSTM
celix,23,0.9845885448313976,graduated,Ac^ --> Ac^^,BLSTM
celix,24,0.9846958946986215,graduated,Ac^ --> Ac^^,BLSTM
celix,25,0.9847981203395835,graduated,Ac^ --> Ac^^,BLSTM
celix,26,0.9848639169891893,graduated,Ac^ --> Ac^^,BLSTM
celix,27,0.9847541550322675,graduated,Ac^ --> Ac^^,BLSTM
celix,28,0.98417186857507,graduated,Ac^ --> Ac^^,BLSTM
celix,29,0.9835965979614246,graduated,Ac^ --> Ac^^,BLSTM
celix,30,0.9841832973355438,graduated,Ac^ --> Ac^^,BLSTM
celix,31,0.9849092471625742,graduated,Ac^ --> Ac^^,BLSTM
celix,32,0.9849922047908238,graduated,Ac^ --> Ac^^,BLSTM
celix,33,0.9849665844829703,graduated,Ac^ --> Ac^^,BLSTM
celix,34,0.9852362699866503,graduated,Ac^ --> Ac^^,BLSTM
celix,35,0.9854889739695007,graduated,Ac^ --> Ac^^,BLSTM
celix,36,0.9855710649056263,graduated,Ac^ --> Ac^^,BLSTM
celix,37,0.9857524325266169,graduated,Ac^ --> Ac^^,BLSTM
celix,38,0.9858648251085216,graduated,Ac^ --> Ac^^,BLSTM
celix,39,0.985911241609381,graduated,Ac^ --> Ac^^,BLSTM
celix,40,0.9860049292815056,graduated,Ac^ --> Ac^^,BLSTM
celix,41,0.9859921350539308,graduated,Ac^ --> Ac^^,BLSTM
celix,42,0.9860855730588166,graduated,Ac^ --> Ac^^,BLSTM
celix,43,0.9861635369566217,graduated,Ac^ --> Ac^^,BLSTM
celix,44,0.9013873502054645,graduated,Ac^ --> Ac^^,BLSTM
chemistry,1,0.9040701874417779,graduated,Ac^ --> Ac^^,BLSTM
chemistry,2,0.9892709643025455,graduated,Ac^ --> Ac^^,BLSTM
chemistry,3,0.9889200382167898,graduated,Ac^ --> Ac^^,BLSTM
chemistry,4,0.9889797340209261,graduated,Ac^ --> Ac^^,BLSTM
chemistry,5,0.9888345704317562,graduated,Ac^ --> Ac^^,BLSTM
chemistry,6,0.9889993272302319,graduated,Ac^ --> Ac^^,BLSTM
chemistry,7,0.9889650493427347,graduated,Ac^ --> Ac^^,BLSTM
chemistry,8,0.9889050171681495,graduated,Ac^ --> Ac^^,BLSTM
chemistry,9,0.9888120311443339,graduated,Ac^ --> Ac^^,BLSTM
chemistry,10,0.9038044966078239,graduated,Ac^ --> Ac^^,BLSTM
chukwa,1,0.8921196876708284,graduated,Ac^ --> Ac^^,BLSTM
chukwa,2,0.9847513099016632,graduated,Ac^ --> Ac^^,BLSTM
chukwa,3,0.9862535023998581,graduated,Ac^ --> Ac^^,BLSTM
chukwa,4,0.9868991834129865,graduated,Ac^ --> Ac^^,BLSTM
chukwa,5,0.9872323821934859,graduated,Ac^ --> Ac^^,BLSTM
chukwa,6,0.9875833487448837,graduated,Ac^ --> Ac^^,BLSTM
chukwa,7,0.9875801263198839,graduated,Ac^ --> Ac^^,BLSTM
chukwa,8,0.9874033510383369,graduated,Ac^ --> Ac^^,BLSTM
chukwa,9,0.9023529179044959,graduated,Ac^ --> Ac^^,BLSTM
chukwa,10,0.1418184465299849,graduated,Ac^ --> Ac^^,BLSTM
chukwa,11,0.5877530551501114,graduated,Ac^ --> Ac^^,BLSTM
chukwa,12,0.9517782487121859,graduated,Ac^ --> Ac^^,BLSTM
chukwa,13,0.9847886404769264,graduated,Ac^ --> Ac^^,BLSTM
chukwa,14,0.9858249893464267,graduated,Ac^ --> Ac^^,BLSTM
chukwa,15,0.9860660636699852,graduated,Ac^ --> Ac^^,BLSTM
chukwa,16,0.9850976503847851,graduated,Ac^ --> Ac^^,BLSTM
chukwa,17,0.9859349367720381,graduated,Ac^ --> Ac^^,BLSTM
chukwa,18,0.9861912850718925,graduated,Ac^ --> Ac^^,BLSTM
chukwa,19,0.9861748925612498,graduated,Ac^ --> Ac^^,BLSTM
chukwa,20,0.9861529011432214,graduated,Ac^ --> Ac^^,BLSTM
chukwa,21,0.9858473409251045,graduated,Ac^ --> Ac^^,BLSTM
chukwa,22,0.9851185838823212,graduated,Ac^ --> Ac^^,BLSTM
chukwa,23,0.9848556579722354,graduated,Ac^ --> Ac^^,BLSTM
chukwa,24,0.9846408507820391,graduated,Ac^ --> Ac^^,BLSTM
chukwa,25,0.9850614887879828,graduated,Ac^ --> Ac^^,BLSTM
chukwa,26,0.9857987614815755,graduated,Ac^ --> Ac^^,BLSTM
chukwa,27,0.9858553469844699,graduated,Ac^ --> Ac^^,BLSTM
chukwa,28,0.9856010114613629,graduated,Ac^ --> Ac^^,BLSTM
chukwa,29,0.9857703811236468,graduated,Ac^ --> Ac^^,BLSTM
chukwa,30,0.9859854379425399,graduated,Ac^ --> Ac^^,BLSTM
chukwa,31,0.9858737792145682,graduated,Ac^ --> Ac^^,BLSTM
chukwa,32,0.9007823103573908,graduated,Ac^ --> Ac^^,BLSTM
chukwa,33,0.08978753959376207,graduated,Ac^ --> Ac^^,BLSTM
chukwa,34,0.005549532489048106,graduated,Ac^ --> Ac^^,BLSTM
chukwa,35,0.005396035093995987,graduated,Ac^ --> Ac^^,BLSTM
chukwa,36,0.0833260993686144,graduated,Ac^ --> Ac^^,BLSTM
chukwa,37,0.8396582498289874,graduated,Ac^ --> Ac^^,BLSTM
chukwa,38,0.8911671138258825,graduated,Ac^ --> Ac^^,BLSTM
clerezza,1,0.9039389679777673,graduated,Ac^ --> Ac^^,BLSTM
clerezza,2,0.9893897782421036,graduated,Ac^ --> Ac^^,BLSTM
clerezza,3,0.9895074162204979,graduated,Ac^ --> Ac^^,BLSTM
clerezza,4,0.9894751801552276,graduated,Ac^ --> Ac^^,BLSTM
clerezza,5,0.9893466225610794,graduated,Ac^ --> Ac^^,BLSTM
clerezza,6,0.989240658804954,graduated,Ac^ --> Ac^^,BLSTM
clerezza,7,0.9892582062463574,graduated,Ac^ --> Ac^^,BLSTM
clerezza,8,0.9892719627481465,graduated,Ac^ --> Ac^^,BLSTM
clerezza,9,0.9892297175148775,graduated,Ac^ --> Ac^^,BLSTM
clerezza,10,0.9892418593481708,graduated,Ac^ --> Ac^^,BLSTM
clerezza,11,0.9891428322688033,graduated,Ac^ --> Ac^^,BLSTM
clerezza,12,0.9891775358058449,graduated,Ac^ --> Ac^^,BLSTM
clerezza,13,0.9891644191407502,graduated,Ac^ --> Ac^^,BLSTM
clerezza,14,0.9891609417045109,graduated,Ac^ --> Ac^^,BLSTM
clerezza,15,0.9891370041311858,graduated,Ac^ --> Ac^^,BLSTM
clerezza,16,0.9891314125896434,graduated,Ac^ --> Ac^^,BLSTM
clerezza,17,0.9891146991899326,graduated,Ac^ --> Ac^^,BLSTM
clerezza,18,0.9891097274912489,graduated,Ac^ --> Ac^^,BLSTM
clerezza,19,0.9891160387276965,graduated,Ac^ --> Ac^^,BLSTM
clerezza,20,0.989099773983911,graduated,Ac^ --> Ac^^,BLSTM
clerezza,21,0.9890663186034839,graduated,Ac^ --> Ac^^,BLSTM
clerezza,22,0.9890523577531963,graduated,Ac^ --> Ac^^,BLSTM
clerezza,23,0.9890169249394546,graduated,Ac^ --> Ac^^,BLSTM
clerezza,24,0.9890161291104185,graduated,Ac^ --> Ac^^,BLSTM
clerezza,25,0.989000823198343,graduated,Ac^ --> Ac^^,BLSTM
clerezza,26,0.9889638759434611,graduated,Ac^ --> Ac^^,BLSTM
clerezza,27,0.9889306598910028,graduated,Ac^ --> Ac^^,BLSTM
clerezza,28,0.9885796085077928,graduated,Ac^ --> Ac^^,BLSTM
clerezza,29,0.9856000617992577,graduated,Ac^ --> Ac^^,BLSTM
clerezza,30,0.9883578916697056,graduated,Ac^ --> Ac^^,BLSTM
clerezza,31,0.9886458112959567,graduated,Ac^ --> Ac^^,BLSTM
clerezza,32,0.9887387978929165,graduated,Ac^ --> Ac^^,BLSTM
clerezza,33,0.9886671135132927,graduated,Ac^ --> Ac^^,BLSTM
clerezza,34,0.9887282651891388,graduated,Ac^ --> Ac^^,BLSTM
clerezza,35,0.9886309529145828,graduated,Ac^ --> Ac^^,BLSTM
clerezza,36,0.9885328932966986,graduated,Ac^ --> Ac^^,BLSTM
clerezza,37,0.988433006093859,graduated,Ac^ --> Ac^^,BLSTM
clerezza,38,0.9033241525178302,graduated,Ac^ --> Ac^^,BLSTM
click,1,0.5969910926920003,graduated,Ac^ --> Ac^^,BLSTM
click,2,0.16042811530553072,graduated,Ac^ --> Ac^^,BLSTM
click,3,0.8150311131780344,graduated,Ac^ --> Ac^^,BLSTM
click,4,0.9733685492311258,graduated,Ac^ --> Ac^^,BLSTM
click,5,0.9845124305317952,graduated,Ac^ --> Ac^^,BLSTM
click,6,0.9861151635445121,graduated,Ac^ --> Ac^^,BLSTM
click,7,0.9865794963105148,graduated,Ac^ --> Ac^^,BLSTM
click,8,0.9871320124276483,graduated,Ac^ --> Ac^^,BLSTM
click,9,0.9873993806640601,graduated,Ac^ --> Ac^^,BLSTM
click,10,0.987433694186844,graduated,Ac^ --> Ac^^,BLSTM
click,11,0.9875062498044799,graduated,Ac^ --> Ac^^,BLSTM
click,12,0.9875579810727525,graduated,Ac^ --> Ac^^,BLSTM
click,13,0.987637123710833,graduated,Ac^ --> Ac^^,BLSTM
click,14,0.9875061106470906,graduated,Ac^ --> Ac^^,BLSTM
click,15,0.9024004588893019,graduated,Ac^ --> Ac^^,BLSTM
climate,1,0.8450859341584839,graduated,Ac^ --> Ac^^,BLSTM
climate,2,0.9810544520599396,graduated,Ac^ --> Ac^^,BLSTM
climate,3,0.987801982201269,graduated,Ac^ --> Ac^^,BLSTM
climate,4,0.9884488510054263,graduated,Ac^ --> Ac^^,BLSTM
climate,5,0.9883905524889806,graduated,Ac^ --> Ac^^,BLSTM
climate,6,0.9885051387975203,graduated,Ac^ --> Ac^^,BLSTM
climate,7,0.9885538321042181,graduated,Ac^ --> Ac^^,BLSTM
climate,8,0.9885060361024427,graduated,Ac^ --> Ac^^,BLSTM
climate,9,0.9884847008346351,graduated,Ac^ --> Ac^^,BLSTM
climate,10,0.9885488433477749,graduated,Ac^ --> Ac^^,BLSTM
climate,11,0.9885240182064947,graduated,Ac^ --> Ac^^,BLSTM
climate,12,0.9032540662289703,graduated,Ac^ --> Ac^^,BLSTM
cloudstack,1,0.9041053116600263,graduated,Ac^ --> Ac^^,BLSTM
cloudstack,2,0.9895816414205377,graduated,Ac^ --> Ac^^,BLSTM
cloudstack,3,0.9897028795413622,graduated,Ac^ --> Ac^^,BLSTM
cloudstack,4,0.9896536455571997,graduated,Ac^ --> Ac^^,BLSTM
cloudstack,5,0.9896301995636305,graduated,Ac^ --> Ac^^,BLSTM
cloudstack,6,0.9895895798463546,graduated,Ac^ --> Ac^^,BLSTM
cloudstack,7,0.9895616643158401,graduated,Ac^ --> Ac^^,BLSTM
cloudstack,8,0.9895468178115233,graduated,Ac^ --> Ac^^,BLSTM
cloudstack,9,0.9895358236053067,graduated,Ac^ --> Ac^^,BLSTM
cloudstack,10,0.989423488877766,graduated,Ac^ --> Ac^^,BLSTM
cloudstack,11,0.9042400001509909,graduated,Ac^ --> Ac^^,BLSTM
cmda,1,0.8849562440241777,retired,Ac^ --> Ac^^,BLSTM
cmda,2,0.8185453381924391,retired,Ac^ --> Ac^^,BLSTM
cmda,3,0.9612425390700546,retired,Ac^ --> Ac^^,BLSTM
cmda,4,0.8990990803269931,retired,Ac^ --> Ac^^,BLSTM
cmda,5,0.0929689434111972,retired,Ac^ --> Ac^^,BLSTM
cmda,6,0.005819475992449372,retired,Ac^ --> Ac^^,BLSTM
cmda,7,0.005289144575037757,retired,Ac^ --> Ac^^,BLSTM
cmda,8,0.0051843750624409055,retired,Ac^ --> Ac^^,BLSTM
cmda,9,0.0051105831741293335,retired,Ac^ --> Ac^^,BLSTM
cmda,10,0.005069944084040385,retired,Ac^ --> Ac^^,BLSTM
cmda,11,0.0050610599405696965,retired,Ac^ --> Ac^^,BLSTM
cmda,12,0.005063663555176219,retired,Ac^ --> Ac^^,BLSTM
cmda,13,0.005061770396815489,retired,Ac^ --> Ac^^,BLSTM
cmda,14,0.005053174996092211,retired,Ac^ --> Ac^^,BLSTM
cmda,15,0.005043019820970169,retired,Ac^ --> Ac^^,BLSTM
cmda,16,0.005036039534771475,retired,Ac^ --> Ac^^,BLSTM
cmda,17,0.0050310563335067785,retired,Ac^ --> Ac^^,BLSTM
cmda,18,0.005022505219066841,retired,Ac^ --> Ac^^,BLSTM
cmda,19,0.005015402719654595,retired,Ac^ --> Ac^^,BLSTM
cmda,20,0.005011429478769219,retired,Ac^ --> Ac^^,BLSTM
cmda,21,0.004575974350278355,retired,Ac^ --> Ac^^,BLSTM
commons,1,0.08526228977606046,graduated,Ac^ --> Ac^^,BLSTM
commons,2,0.9042726277412064,graduated,Ac^ --> Ac^^,BLSTM
commons,3,0.9896004369001032,graduated,Ac^ --> Ac^^,BLSTM
commons,4,0.9895802574295108,graduated,Ac^ --> Ac^^,BLSTM
commonsrdf,1,0.901184379054618,graduated,Ac^ --> Ac^^,BLSTM
commonsrdf,2,0.9880126290079142,graduated,Ac^ --> Ac^^,BLSTM
commonsrdf,3,0.9882315620244467,graduated,Ac^ --> Ac^^,BLSTM
commonsrdf,4,0.9882360076184394,graduated,Ac^ --> Ac^^,BLSTM
commonsrdf,5,0.9882874372462627,graduated,Ac^ --> Ac^^,BLSTM
commonsrdf,6,0.9878452531333891,graduated,Ac^ --> Ac^^,BLSTM
commonsrdf,7,0.9877122124472151,graduated,Ac^ --> Ac^^,BLSTM
commonsrdf,8,0.9878662584803469,graduated,Ac^ --> Ac^^,BLSTM
commonsrdf,9,0.9875046506472461,graduated,Ac^ --> Ac^^,BLSTM
commonsrdf,10,0.9052690928523157,graduated,Ac^ --> Ac^^,BLSTM
commonsrdf,11,0.11330570568819974,graduated,Ac^ --> Ac^^,BLSTM
commonsrdf,12,0.008673561762289932,graduated,Ac^ --> Ac^^,BLSTM
commonsrdf,13,0.09689107172655897,graduated,Ac^ --> Ac^^,BLSTM
commonsrdf,14,0.9015462812443849,graduated,Ac^ --> Ac^^,BLSTM
commonsrdf,15,0.9862025386751782,graduated,Ac^ --> Ac^^,BLSTM
commonsrdf,16,0.9867805113042566,graduated,Ac^ --> Ac^^,BLSTM
commonsrdf,17,0.9869808762769542,graduated,Ac^ --> Ac^^,BLSTM
commonsrdf,18,0.987424149163805,graduated,Ac^ --> Ac^^,BLSTM
commonsrdf,19,0.9863398317315085,graduated,Ac^ --> Ac^^,BLSTM
commonsrdf,20,0.9016269838778016,graduated,Ac^ --> Ac^^,BLSTM
composer,1,0.8970972299575806,retired,Ac^ --> Ac^^,BLSTM
concerted,1,0.9007907912512506,retired,Ac^ --> Ac^^,BLSTM
concerted,2,0.9839870915722582,retired,Ac^ --> Ac^^,BLSTM
concerted,3,0.8785102516149823,retired,Ac^ --> Ac^^,BLSTM
concerted,4,0.09411121783139954,retired,Ac^ --> Ac^^,BLSTM
concerted,5,0.006253245224170665,retired,Ac^ --> Ac^^,BLSTM
concerted,6,0.004888526622034761,retired,Ac^ --> Ac^^,BLSTM
cordova,1,0.9005026142716082,graduated,Ac^ --> Ac^^,BLSTM
cordova,2,0.9885354154684906,graduated,Ac^ --> Ac^^,BLSTM
cordova,3,0.9892681101842469,graduated,Ac^ --> Ac^^,BLSTM
cordova,4,0.98924398346709,graduated,Ac^ --> Ac^^,BLSTM
cordova,5,0.9892276945784888,graduated,Ac^ --> Ac^^,BLSTM
cordova,6,0.9891998269888258,graduated,Ac^ --> Ac^^,BLSTM
cordova,7,0.9891455451514063,graduated,Ac^ --> Ac^^,BLSTM
cordova,8,0.9892341663450468,graduated,Ac^ --> Ac^^,BLSTM
cordova,9,0.9892652894772472,graduated,Ac^ --> Ac^^,BLSTM
cordova,10,0.989283553345296,graduated,Ac^ --> Ac^^,BLSTM
cordova,11,0.9891741783801765,graduated,Ac^ --> Ac^^,BLSTM
cordova,12,0.9038888573691584,graduated,Ac^ --> Ac^^,BLSTM
corinthia,1,0.9038131847587556,retired,Ac^ --> Ac^^,BLSTM
corinthia,2,0.9893894648995936,retired,Ac^ --> Ac^^,BLSTM
corinthia,3,0.9895171699983325,retired,Ac^ --> Ac^^,BLSTM
corinthia,4,0.9895333252840935,retired,Ac^ --> Ac^^,BLSTM
corinthia,5,0.9894949000945114,retired,Ac^ --> Ac^^,BLSTM
corinthia,6,0.9892617459909526,retired,Ac^ --> Ac^^,BLSTM
corinthia,7,0.9892301990376554,retired,Ac^ --> Ac^^,BLSTM
corinthia,8,0.9892710915510312,retired,Ac^ --> Ac^^,BLSTM
corinthia,9,0.9892990315795963,retired,Ac^ --> Ac^^,BLSTM
corinthia,10,0.9882840645536626,retired,Ac^ --> Ac^^,BLSTM
corinthia,11,0.896146420693738,retired,Ac^ --> Ac^^,BLSTM
couchdb,1,0.9029380228563587,graduated,Ac^ --> Ac^^,BLSTM
couchdb,2,0.9887742353229224,graduated,Ac^ --> Ac^^,BLSTM
couchdb,3,0.9886494129848952,graduated,Ac^ --> Ac^^,BLSTM
couchdb,4,0.9885818628094649,graduated,Ac^ --> Ac^^,BLSTM
couchdb,5,0.9884705490519347,graduated,Ac^ --> Ac^^,BLSTM
couchdb,6,0.9883457795561326,graduated,Ac^ --> Ac^^,BLSTM
couchdb,7,0.9882679753347016,graduated,Ac^ --> Ac^^,BLSTM
couchdb,8,0.988156308895663,graduated,Ac^ --> Ac^^,BLSTM
couchdb,9,0.9030019765184226,graduated,Ac^ --> Ac^^,BLSTM
crunch,1,0.9041117385672611,graduated,Ac^ --> Ac^^,BLSTM
crunch,2,0.9892889080874085,graduated,Ac^ --> Ac^^,BLSTM
crunch,3,0.9894544167583744,graduated,Ac^ --> Ac^^,BLSTM
crunch,4,0.9893122465957362,graduated,Ac^ --> Ac^^,BLSTM
crunch,5,0.9893044010116961,graduated,Ac^ --> Ac^^,BLSTM
crunch,6,0.9891677954464578,graduated,Ac^ --> Ac^^,BLSTM
crunch,7,0.9890846139816022,graduated,Ac^ --> Ac^^,BLSTM
crunch,8,0.9038986047258555,graduated,Ac^ --> Ac^^,BLSTM
ctakes,1,0.9013830798823487,graduated,Ac^ --> Ac^^,BLSTM
ctakes,2,0.9870280452150881,graduated,Ac^ --> Ac^^,BLSTM
ctakes,3,0.9885503013663801,graduated,Ac^ --> Ac^^,BLSTM
ctakes,4,0.9888772606471202,graduated,Ac^ --> Ac^^,BLSTM
ctakes,5,0.9887667588512622,graduated,Ac^ --> Ac^^,BLSTM
ctakes,6,0.9887218024236281,graduated,Ac^ --> Ac^^,BLSTM
ctakes,7,0.9888497214190518,graduated,Ac^ --> Ac^^,BLSTM
ctakes,8,0.9888438501765139,graduated,Ac^ --> Ac^^,BLSTM
ctakes,9,0.9036514727055336,graduated,Ac^ --> Ac^^,BLSTM
curator,1,0.09431889013776903,graduated,Ac^ --> Ac^^,BLSTM
curator,2,0.8895451398390318,graduated,Ac^ --> Ac^^,BLSTM
curator,3,0.9798346706787985,graduated,Ac^ --> Ac^^,BLSTM
curator,4,0.9839692206030833,graduated,Ac^ --> Ac^^,BLSTM
curator,5,0.9852055259904742,graduated,Ac^ --> Ac^^,BLSTM
curator,6,0.900778021675359,graduated,Ac^ --> Ac^^,BLSTM
cxf,1,0.9042499237365963,graduated,Ac^ --> Ac^^,BLSTM
cxf,2,0.9895764390517792,graduated,Ac^ --> Ac^^,BLSTM
cxf,3,0.9896299973337753,graduated,Ac^ --> Ac^^,BLSTM
cxf,4,0.98958763772166,graduated,Ac^ --> Ac^^,BLSTM
cxf,5,0.9895572687437727,graduated,Ac^ --> Ac^^,BLSTM
cxf,6,0.9895264421210999,graduated,Ac^ --> Ac^^,BLSTM
cxf,7,0.9895085667304795,graduated,Ac^ --> Ac^^,BLSTM
cxf,8,0.9894936911099436,graduated,Ac^ --> Ac^^,BLSTM
cxf,9,0.9894779538539916,graduated,Ac^ --> Ac^^,BLSTM
cxf,10,0.9894557915364024,graduated,Ac^ --> Ac^^,BLSTM
cxf,11,0.9894343925069425,graduated,Ac^ --> Ac^^,BLSTM
cxf,12,0.989398186409161,graduated,Ac^ --> Ac^^,BLSTM
cxf,13,0.9893294346348199,graduated,Ac^ --> Ac^^,BLSTM
cxf,14,0.9893225086076485,graduated,Ac^ --> Ac^^,BLSTM
cxf,15,0.9893129762365274,graduated,Ac^ --> Ac^^,BLSTM
cxf,16,0.9892971124409002,graduated,Ac^ --> Ac^^,BLSTM
cxf,17,0.9892813717080671,graduated,Ac^ --> Ac^^,BLSTM
cxf,18,0.9892736460905343,graduated,Ac^ --> Ac^^,BLSTM
cxf,19,0.9891931938125734,graduated,Ac^ --> Ac^^,BLSTM
cxf,20,0.9039877841137891,graduated,Ac^ --> Ac^^,BLSTM
daffodil,1,0.8970698506305996,graduated,Ac^ --> Ac^^,BLSTM
daffodil,2,0.9338070179445719,graduated,Ac^ --> Ac^^,BLSTM
daffodil,3,0.9822907889308039,graduated,Ac^ --> Ac^^,BLSTM
daffodil,4,0.9886213094026629,graduated,Ac^ --> Ac^^,BLSTM
daffodil,5,0.98881811913378,graduated,Ac^ --> Ac^^,BLSTM
daffodil,6,0.9888101304011825,graduated,Ac^ --> Ac^^,BLSTM
daffodil,7,0.988963476456083,graduated,Ac^ --> Ac^^,BLSTM
daffodil,8,0.9888386592255033,graduated,Ac^ --> Ac^^,BLSTM
daffodil,9,0.9889660914128623,graduated,Ac^ --> Ac^^,BLSTM
daffodil,10,0.9890468235729066,graduated,Ac^ --> Ac^^,BLSTM
daffodil,11,0.9889322417444393,graduated,Ac^ --> Ac^^,BLSTM
daffodil,12,0.9888626709526401,graduated,Ac^ --> Ac^^,BLSTM
daffodil,13,0.9889671806125779,graduated,Ac^ --> Ac^^,BLSTM
daffodil,14,0.9890136335184662,graduated,Ac^ --> Ac^^,BLSTM
daffodil,15,0.9890425197609211,graduated,Ac^ --> Ac^^,BLSTM
daffodil,16,0.9890506032118243,graduated,Ac^ --> Ac^^,BLSTM
daffodil,17,0.989044676017481,graduated,Ac^ --> Ac^^,BLSTM
daffodil,18,0.9889829599296164,graduated,Ac^ --> Ac^^,BLSTM
daffodil,19,0.989005112291197,graduated,Ac^ --> Ac^^,BLSTM
daffodil,20,0.9890372540907576,graduated,Ac^ --> Ac^^,BLSTM
daffodil,21,0.9890380560080988,graduated,Ac^ --> Ac^^,BLSTM
daffodil,22,0.9889582293960768,graduated,Ac^ --> Ac^^,BLSTM
daffodil,23,0.9889203567807692,graduated,Ac^ --> Ac^^,BLSTM
daffodil,24,0.9888990413862591,graduated,Ac^ --> Ac^^,BLSTM
daffodil,25,0.9889558121075992,graduated,Ac^ --> Ac^^,BLSTM
daffodil,26,0.9889918684099728,graduated,Ac^ --> Ac^^,BLSTM
daffodil,27,0.9890020913921693,graduated,Ac^ --> Ac^^,BLSTM
daffodil,28,0.9890025283497146,graduated,Ac^ --> Ac^^,BLSTM
daffodil,29,0.9890147139982588,graduated,Ac^ --> Ac^^,BLSTM
daffodil,30,0.9890307977961831,graduated,Ac^ --> Ac^^,BLSTM
daffodil,31,0.9890189687343289,graduated,Ac^ --> Ac^^,BLSTM
daffodil,32,0.9890383007523981,graduated,Ac^ --> Ac^^,BLSTM
daffodil,33,0.989028528098292,graduated,Ac^ --> Ac^^,BLSTM
daffodil,34,0.9889986867386747,graduated,Ac^ --> Ac^^,BLSTM
daffodil,35,0.9890128411273021,graduated,Ac^ --> Ac^^,BLSTM
daffodil,36,0.9890376578864875,graduated,Ac^ --> Ac^^,BLSTM
daffodil,37,0.9890507237178698,graduated,Ac^ --> Ac^^,BLSTM
daffodil,38,0.9890298071910824,graduated,Ac^ --> Ac^^,BLSTM
daffodil,39,0.9890203108396461,graduated,Ac^ --> Ac^^,BLSTM
daffodil,40,0.9890178590157288,graduated,Ac^ --> Ac^^,BLSTM
daffodil,41,0.9888950806062287,graduated,Ac^ --> Ac^^,BLSTM
daffodil,42,0.903750380161952,graduated,Ac^ --> Ac^^,BLSTM
datafu,1,0.9041576309117424,graduated,Ac^ --> Ac^^,BLSTM
datafu,2,0.9890856862087197,graduated,Ac^ --> Ac^^,BLSTM
datafu,3,0.9891998929866099,graduated,Ac^ --> Ac^^,BLSTM
datafu,4,0.9888318644408175,graduated,Ac^ --> Ac^^,BLSTM
datafu,5,0.9890741537916768,graduated,Ac^ --> Ac^^,BLSTM
datafu,6,0.9890568495587212,graduated,Ac^ --> Ac^^,BLSTM
datafu,7,0.9886606460427625,graduated,Ac^ --> Ac^^,BLSTM
datafu,8,0.9887502302066861,graduated,Ac^ --> Ac^^,BLSTM
datafu,9,0.9886928193898543,graduated,Ac^ --> Ac^^,BLSTM
datafu,10,0.9887144215089132,graduated,Ac^ --> Ac^^,BLSTM
datafu,11,0.9887627663887932,graduated,Ac^ --> Ac^^,BLSTM
datafu,12,0.9890024616781014,graduated,Ac^ --> Ac^^,BLSTM
datafu,13,0.9031754849332917,graduated,Ac^ --> Ac^^,BLSTM
datafu,14,0.09127311479514891,graduated,Ac^ --> Ac^^,BLSTM
datafu,15,0.005561545522881217,graduated,Ac^ --> Ac^^,BLSTM
datafu,16,0.005983852668761408,graduated,Ac^ --> Ac^^,BLSTM
datafu,17,0.0921907363880628,graduated,Ac^ --> Ac^^,BLSTM
datafu,18,0.8495992826566744,graduated,Ac^ --> Ac^^,BLSTM
datafu,19,0.7342049443625724,graduated,Ac^ --> Ac^^,BLSTM
datafu,20,0.8636269384799106,graduated,Ac^ --> Ac^^,BLSTM
datafu,21,0.16845972831541997,graduated,Ac^ --> Ac^^,BLSTM
datafu,22,0.8575196759815544,graduated,Ac^ --> Ac^^,BLSTM
datafu,23,0.970579920472973,graduated,Ac^ --> Ac^^,BLSTM
datafu,24,0.9716363929609295,graduated,Ac^ --> Ac^^,BLSTM
datafu,25,0.8278724475602266,graduated,Ac^ --> Ac^^,BLSTM
datafu,26,0.4400145235200708,graduated,Ac^ --> Ac^^,BLSTM
datafu,27,0.8373154177701887,graduated,Ac^ --> Ac^^,BLSTM
datafu,28,0.08848927200686141,graduated,Ac^ --> Ac^^,BLSTM
datafu,29,0.005056555511572002,graduated,Ac^ --> Ac^^,BLSTM
datafu,30,0.005029978510643913,graduated,Ac^ --> Ac^^,BLSTM
datafu,31,0.06142208449367499,graduated,Ac^ --> Ac^^,BLSTM
datafu,32,0.5481729615602274,graduated,Ac^ --> Ac^^,BLSTM
datafu,33,0.06133876131344771,graduated,Ac^ --> Ac^^,BLSTM
datafu,34,0.004898915993885135,graduated,Ac^ --> Ac^^,BLSTM
datafu,35,0.0049071178141251994,graduated,Ac^ --> Ac^^,BLSTM
datafu,36,0.004946190969910971,graduated,Ac^ --> Ac^^,BLSTM
datafu,37,0.004965065713787371,graduated,Ac^ --> Ac^^,BLSTM
datafu,38,0.00495063971682862,graduated,Ac^ --> Ac^^,BLSTM
datafu,39,0.004943940253047209,graduated,Ac^ --> Ac^^,BLSTM
datafu,40,0.004960757942401899,graduated,Ac^ --> Ac^^,BLSTM
datafu,41,0.004981816257403373,graduated,Ac^ --> Ac^^,BLSTM
datafu,42,0.0050873705604823315,graduated,Ac^ --> Ac^^,BLSTM
datafu,43,0.08771817443269608,graduated,Ac^ --> Ac^^,BLSTM
datafu,44,0.8825658745767693,graduated,Ac^ --> Ac^^,BLSTM
datafu,45,0.9663764592987458,graduated,Ac^ --> Ac^^,BLSTM
datafu,46,0.9644792277028664,graduated,Ac^ --> Ac^^,BLSTM
datafu,47,0.9720605831491177,graduated,Ac^ --> Ac^^,BLSTM
datafu,48,0.9725745942284802,graduated,Ac^ --> Ac^^,BLSTM
datafu,49,0.8913695965015119,graduated,Ac^ --> Ac^^,BLSTM
datasketches,1,0.89812795938574,graduated,Ac^ --> Ac^^,BLSTM
datasketches,2,0.9877600090858306,graduated,Ac^ --> Ac^^,BLSTM
datasketches,3,0.9888029112805278,graduated,Ac^ --> Ac^^,BLSTM
datasketches,4,0.9889721026080365,graduated,Ac^ --> Ac^^,BLSTM
datasketches,5,0.9890304548422412,graduated,Ac^ --> Ac^^,BLSTM
datasketches,6,0.9890550082473174,graduated,Ac^ --> Ac^^,BLSTM
datasketches,7,0.9890293934419829,graduated,Ac^ --> Ac^^,BLSTM
datasketches,8,0.9890952128135804,graduated,Ac^ --> Ac^^,BLSTM
datasketches,9,0.9891262062731264,graduated,Ac^ --> Ac^^,BLSTM
datasketches,10,0.9891058542233317,graduated,Ac^ --> Ac^^,BLSTM
datasketches,11,0.9890747514236166,graduated,Ac^ --> Ac^^,BLSTM
datasketches,12,0.9891163414034893,graduated,Ac^ --> Ac^^,BLSTM
datasketches,13,0.9891353769069456,graduated,Ac^ --> Ac^^,BLSTM
datasketches,14,0.9891313170455982,graduated,Ac^ --> Ac^^,BLSTM
datasketches,15,0.9891322832197391,graduated,Ac^ --> Ac^^,BLSTM
datasketches,16,0.9891091708776324,graduated,Ac^ --> Ac^^,BLSTM
datasketches,17,0.9891170426258694,graduated,Ac^ --> Ac^^,BLSTM
datasketches,18,0.9891245698858762,graduated,Ac^ --> Ac^^,BLSTM
datasketches,19,0.9889978288710852,graduated,Ac^ --> Ac^^,BLSTM
datasketches,20,0.9038835156844667,graduated,Ac^ --> Ac^^,BLSTM
deltacloud,1,0.9037010622475844,graduated,Ac^ --> Ac^^,BLSTM
deltacloud,2,0.9894749126590182,graduated,Ac^ --> Ac^^,BLSTM
deltacloud,3,0.9895879463565211,graduated,Ac^ --> Ac^^,BLSTM
deltacloud,4,0.9894580657122996,graduated,Ac^ --> Ac^^,BLSTM
deltacloud,5,0.9892306709964257,graduated,Ac^ --> Ac^^,BLSTM
deltacloud,6,0.9891915810875398,graduated,Ac^ --> Ac^^,BLSTM
deltacloud,7,0.9891228211633243,graduated,Ac^ --> Ac^^,BLSTM
deltacloud,8,0.9890961682923914,graduated,Ac^ --> Ac^^,BLSTM
deltacloud,9,0.9890487390790402,graduated,Ac^ --> Ac^^,BLSTM
deltacloud,10,0.989090238193953,graduated,Ac^ --> Ac^^,BLSTM
deltacloud,11,0.9891095473556341,graduated,Ac^ --> Ac^^,BLSTM
deltacloud,12,0.9891415747307548,graduated,Ac^ --> Ac^^,BLSTM
deltacloud,13,0.9890648057751248,graduated,Ac^ --> Ac^^,BLSTM
deltacloud,14,0.9891116982484842,graduated,Ac^ --> Ac^^,BLSTM
deltacloud,15,0.988929624877132,graduated,Ac^ --> Ac^^,BLSTM
deltacloud,16,0.9038014270563847,graduated,Ac^ --> Ac^^,BLSTM
deltaspike,1,0.9018469624392405,graduated,Ac^ --> Ac^^,BLSTM
deltaspike,2,0.9879816683148536,graduated,Ac^ --> Ac^^,BLSTM
deltaspike,3,0.9887299890933781,graduated,Ac^ --> Ac^^,BLSTM
deltaspike,4,0.988926534603511,graduated,Ac^ --> Ac^^,BLSTM
deltaspike,5,0.9889695699215278,graduated,Ac^ --> Ac^^,BLSTM
deltaspike,6,0.9889245065043631,graduated,Ac^ --> Ac^^,BLSTM
deltaspike,7,0.9890825351992906,graduated,Ac^ --> Ac^^,BLSTM
deltaspike,8,0.9891305930535804,graduated,Ac^ --> Ac^^,BLSTM
deltaspike,9,0.9890004585301033,graduated,Ac^ --> Ac^^,BLSTM
deltaspike,10,0.9889278146103083,graduated,Ac^ --> Ac^^,BLSTM
deltaspike,11,0.9889280167318402,graduated,Ac^ --> Ac^^,BLSTM
deltaspike,12,0.9889998125081857,graduated,Ac^ --> Ac^^,BLSTM
deltaspike,13,0.9889956086427202,graduated,Ac^ --> Ac^^,BLSTM
deltaspike,14,0.9889915660708537,graduated,Ac^ --> Ac^^,BLSTM
deltaspike,15,0.9890097744713214,graduated,Ac^ --> Ac^^,BLSTM
deltaspike,16,0.9889441351523865,graduated,Ac^ --> Ac^^,BLSTM
deltaspike,17,0.9037662821442833,graduated,Ac^ --> Ac^^,BLSTM
derby,1,0.900686535139991,graduated,Ac^ --> Ac^^,BLSTM
derby,2,0.9879837818175781,graduated,Ac^ --> Ac^^,BLSTM
derby,3,0.9885604253176896,graduated,Ac^ --> Ac^^,BLSTM
derby,4,0.9888445132979865,graduated,Ac^ --> Ac^^,BLSTM
derby,5,0.9889563179111763,graduated,Ac^ --> Ac^^,BLSTM
derby,6,0.9889040426178778,graduated,Ac^ --> Ac^^,BLSTM
derby,7,0.9888029662708225,graduated,Ac^ --> Ac^^,BLSTM
derby,8,0.9887144761347861,graduated,Ac^ --> Ac^^,BLSTM
derby,9,0.9886346433726113,graduated,Ac^ --> Ac^^,BLSTM
derby,10,0.9884493580946849,graduated,Ac^ --> Ac^^,BLSTM
derby,11,0.9032934735373879,graduated,Ac^ --> Ac^^,BLSTM
devicemap,1,0.8863833540995919,graduated,Ac^ --> Ac^^,BLSTM
devicemap,2,0.9712465961724805,graduated,Ac^ --> Ac^^,BLSTM
devicemap,3,0.8983253835085949,graduated,Ac^ --> Ac^^,BLSTM
devicemap,4,0.09018899018553049,graduated,Ac^ --> Ac^^,BLSTM
devicemap,5,0.006995531892252146,graduated,Ac^ --> Ac^^,BLSTM
devicemap,6,0.005248910284032925,graduated,Ac^ --> Ac^^,BLSTM
devicemap,7,0.005135910892481873,graduated,Ac^ --> Ac^^,BLSTM
devicemap,8,0.005112186368511441,graduated,Ac^ --> Ac^^,BLSTM
devicemap,9,0.0050797339163212,graduated,Ac^ --> Ac^^,BLSTM
devicemap,10,0.0050336586890645865,graduated,Ac^ --> Ac^^,BLSTM
devicemap,11,0.005120168988208107,graduated,Ac^ --> Ac^^,BLSTM
devicemap,12,0.08396896859296782,graduated,Ac^ --> Ac^^,BLSTM
devicemap,13,0.846024785357708,graduated,Ac^ --> Ac^^,BLSTM
devicemap,14,0.9608307594974914,graduated,Ac^ --> Ac^^,BLSTM
devicemap,15,0.9661318425503609,graduated,Ac^ --> Ac^^,BLSTM
devicemap,16,0.9678049302015796,graduated,Ac^ --> Ac^^,BLSTM
devicemap,17,0.9708710644225955,graduated,Ac^ --> Ac^^,BLSTM
devicemap,18,0.9722168858579949,graduated,Ac^ --> Ac^^,BLSTM
devicemap,19,0.9735373247398309,graduated,Ac^ --> Ac^^,BLSTM
devicemap,20,0.9744930622208027,graduated,Ac^ --> Ac^^,BLSTM
devicemap,21,0.974589973229375,graduated,Ac^ --> Ac^^,BLSTM
devicemap,22,0.973323459218769,graduated,Ac^ --> Ac^^,BLSTM
devicemap,23,0.8928068713912813,graduated,Ac^ --> Ac^^,BLSTM
devicemap,24,0.1494668919643281,graduated,Ac^ --> Ac^^,BLSTM
devicemap,25,0.47153567694115955,graduated,Ac^ --> Ac^^,BLSTM
devicemap,26,0.13696451073846724,graduated,Ac^ --> Ac^^,BLSTM
devicemap,27,0.8910150874559835,graduated,Ac^ --> Ac^^,BLSTM
devicemap,28,0.9718775122425335,graduated,Ac^ --> Ac^^,BLSTM
devicemap,29,0.9443003762928448,graduated,Ac^ --> Ac^^,BLSTM
devicemap,30,0.9728397538066939,graduated,Ac^ --> Ac^^,BLSTM
devicemap,31,0.9772734691859645,graduated,Ac^ --> Ac^^,BLSTM
devicemap,32,0.9779538729886249,graduated,Ac^ --> Ac^^,BLSTM
devicemap,33,0.9780633497432938,graduated,Ac^ --> Ac^^,BLSTM
devicemap,34,0.8940572133446005,graduated,Ac^ --> Ac^^,BLSTM
directmemory,1,0.9032815922641799,graduated,Ac^ --> Ac^^,BLSTM
directmemory,2,0.9878020838538631,graduated,Ac^ --> Ac^^,BLSTM
directmemory,3,0.9882763429553982,graduated,Ac^ --> Ac^^,BLSTM
directmemory,4,0.988482756004556,graduated,Ac^ --> Ac^^,BLSTM
directmemory,5,0.9887170336395489,graduated,Ac^ --> Ac^^,BLSTM
directmemory,6,0.9887176781508603,graduated,Ac^ --> Ac^^,BLSTM
directmemory,7,0.9886870116309259,graduated,Ac^ --> Ac^^,BLSTM
directmemory,8,0.9886838352265251,graduated,Ac^ --> Ac^^,BLSTM
directmemory,9,0.9886030292986951,graduated,Ac^ --> Ac^^,BLSTM
directmemory,10,0.903415779426813,graduated,Ac^ --> Ac^^,BLSTM
directory,1,0.9018138061976253,graduated,Ac^ --> Ac^^,BLSTM
directory,2,0.9888766397986511,graduated,Ac^ --> Ac^^,BLSTM
directory,3,0.9885976104692655,graduated,Ac^ --> Ac^^,BLSTM
directory,4,0.9880690919496353,graduated,Ac^ --> Ac^^,BLSTM
directory,5,0.9871490894533549,graduated,Ac^ --> Ac^^,BLSTM
directory,6,0.9441521724404408,graduated,Ac^ --> Ac^^,BLSTM
directory,7,0.5420798575181774,graduated,Ac^ --> Ac^^,BLSTM
directory,8,0.518621753195605,graduated,Ac^ --> Ac^^,BLSTM
directory,9,0.9165186330835734,graduated,Ac^ --> Ac^^,BLSTM
directory,10,0.9588572606450729,graduated,Ac^ --> Ac^^,BLSTM
directory,11,0.9681138829289841,graduated,Ac^ --> Ac^^,BLSTM
directory,12,0.9640771560485701,graduated,Ac^ --> Ac^^,BLSTM
directory,13,0.9701948896223257,graduated,Ac^ --> Ac^^,BLSTM
directory,14,0.9739214404181393,graduated,Ac^ --> Ac^^,BLSTM
directory,15,0.8914204898357131,graduated,Ac^ --> Ac^^,BLSTM
dolphinscheduler,1,0.9038107480337341,graduated,Ac^ --> Ac^^,BLSTM
dolphinscheduler,2,0.9891494980674368,graduated,Ac^ --> Ac^^,BLSTM
dolphinscheduler,3,0.9893062673234001,graduated,Ac^ --> Ac^^,BLSTM
dolphinscheduler,4,0.9894328842408422,graduated,Ac^ --> Ac^^,BLSTM
dolphinscheduler,5,0.9894488774041336,graduated,Ac^ --> Ac^^,BLSTM
dolphinscheduler,6,0.9894452803192613,graduated,Ac^ --> Ac^^,BLSTM
dolphinscheduler,7,0.9894307098717803,graduated,Ac^ --> Ac^^,BLSTM
dolphinscheduler,8,0.9893834538483479,graduated,Ac^ --> Ac^^,BLSTM
dolphinscheduler,9,0.9893595650420356,graduated,Ac^ --> Ac^^,BLSTM
dolphinscheduler,10,0.9893646549392907,graduated,Ac^ --> Ac^^,BLSTM
dolphinscheduler,11,0.9893538072619356,graduated,Ac^ --> Ac^^,BLSTM
dolphinscheduler,12,0.9893604987595277,graduated,Ac^ --> Ac^^,BLSTM
dolphinscheduler,13,0.9893717341867779,graduated,Ac^ --> Ac^^,BLSTM
dolphinscheduler,14,0.9893611988367114,graduated,Ac^ --> Ac^^,BLSTM
dolphinscheduler,15,0.9893640620717944,graduated,Ac^ --> Ac^^,BLSTM
dolphinscheduler,16,0.9893742146784593,graduated,Ac^ --> Ac^^,BLSTM
dolphinscheduler,17,0.9892800001866912,graduated,Ac^ --> Ac^^,BLSTM
dolphinscheduler,18,0.9041210042834595,graduated,Ac^ --> Ac^^,BLSTM
drill,1,0.9035766171451721,graduated,Ac^ --> Ac^^,BLSTM
drill,2,0.9880510536523351,graduated,Ac^ --> Ac^^,BLSTM
drill,3,0.9885199586607852,graduated,Ac^ --> Ac^^,BLSTM
drill,4,0.989019785454284,graduated,Ac^ --> Ac^^,BLSTM
drill,5,0.9891222429266977,graduated,Ac^ --> Ac^^,BLSTM
drill,6,0.9888493641247346,graduated,Ac^ --> Ac^^,BLSTM
drill,7,0.9890247862624839,graduated,Ac^ --> Ac^^,BLSTM
drill,8,0.9890688779069037,graduated,Ac^ --> Ac^^,BLSTM
drill,9,0.9890993678625969,graduated,Ac^ --> Ac^^,BLSTM
drill,10,0.9891511549999676,graduated,Ac^ --> Ac^^,BLSTM
drill,11,0.9891860845523691,graduated,Ac^ --> Ac^^,BLSTM
drill,12,0.9891875859832648,graduated,Ac^ --> Ac^^,BLSTM
drill,13,0.9891059493871883,graduated,Ac^ --> Ac^^,BLSTM
drill,14,0.989044152582511,graduated,Ac^ --> Ac^^,BLSTM
drill,15,0.9890060935271,graduated,Ac^ --> Ac^^,BLSTM
drill,16,0.9890695106785573,graduated,Ac^ --> Ac^^,BLSTM
drill,17,0.9889956917125777,graduated,Ac^ --> Ac^^,BLSTM
drill,18,0.9890677354693304,graduated,Ac^ --> Ac^^,BLSTM
drill,19,0.9891197231197316,graduated,Ac^ --> Ac^^,BLSTM
drill,20,0.9891450750552153,graduated,Ac^ --> Ac^^,BLSTM
drill,21,0.9891635377345066,graduated,Ac^ --> Ac^^,BLSTM
drill,22,0.9891680428691498,graduated,Ac^ --> Ac^^,BLSTM
drill,23,0.9891759915282877,graduated,Ac^ --> Ac^^,BLSTM
drill,24,0.9891862013014913,graduated,Ac^ --> Ac^^,BLSTM
drill,25,0.9891797329990372,graduated,Ac^ --> Ac^^,BLSTM
drill,26,0.9890722157488416,graduated,Ac^ --> Ac^^,BLSTM
drill,27,0.9038707007064647,graduated,Ac^ --> Ac^^,BLSTM
droids,1,0.9039790262369076,retired,Ac^ --> Ac^^,BLSTM
droids,2,0.9885770885653186,retired,Ac^ --> Ac^^,BLSTM
droids,3,0.9887127631522334,retired,Ac^ --> Ac^^,BLSTM
droids,4,0.9888352670513996,retired,Ac^ --> Ac^^,BLSTM
droids,5,0.988496658434277,retired,Ac^ --> Ac^^,BLSTM
droids,6,0.9879348502221127,retired,Ac^ --> Ac^^,BLSTM
droids,7,0.9877857414231759,retired,Ac^ --> Ac^^,BLSTM
droids,8,0.987306561587872,retired,Ac^ --> Ac^^,BLSTM
droids,9,0.980668570206937,retired,Ac^ --> Ac^^,BLSTM
droids,10,0.9699500960549499,retired,Ac^ --> Ac^^,BLSTM
droids,11,0.9852748017765759,retired,Ac^ --> Ac^^,BLSTM
droids,12,0.9869579192664999,retired,Ac^ --> Ac^^,BLSTM
droids,13,0.9870256155588225,retired,Ac^ --> Ac^^,BLSTM
droids,14,0.9867142488682589,retired,Ac^ --> Ac^^,BLSTM
droids,15,0.901986075920829,retired,Ac^ --> Ac^^,BLSTM
droids,16,0.09111850229662599,retired,Ac^ --> Ac^^,BLSTM
droids,17,0.08883007820842478,retired,Ac^ --> Ac^^,BLSTM
droids,18,0.8882356194517883,retired,Ac^ --> Ac^^,BLSTM
droids,19,0.9004595925182012,retired,Ac^ --> Ac^^,BLSTM
droids,20,0.11800613656133752,retired,Ac^ --> Ac^^,BLSTM
droids,21,0.008557195471827391,retired,Ac^ --> Ac^^,BLSTM
droids,22,0.09158675887826362,retired,Ac^ --> Ac^^,BLSTM
droids,23,0.8438371918607112,retired,Ac^ --> Ac^^,BLSTM
droids,24,0.394942717144559,retired,Ac^ --> Ac^^,BLSTM
droids,25,0.11647957983806856,retired,Ac^ --> Ac^^,BLSTM
droids,26,0.8495605155792646,retired,Ac^ --> Ac^^,BLSTM
droids,27,0.9309241144369363,retired,Ac^ --> Ac^^,BLSTM
droids,28,0.9780123701184611,retired,Ac^ --> Ac^^,BLSTM
droids,29,0.9836400443186466,retired,Ac^ --> Ac^^,BLSTM
droids,30,0.9838949950196203,retired,Ac^ --> Ac^^,BLSTM
droids,31,0.9841394960111651,retired,Ac^ --> Ac^^,BLSTM
droids,32,0.9843179887476938,retired,Ac^ --> Ac^^,BLSTM
droids,33,0.9786815816707296,retired,Ac^ --> Ac^^,BLSTM
droids,34,0.8601985389690427,retired,Ac^ --> Ac^^,BLSTM
droids,35,0.3082615823010435,retired,Ac^ --> Ac^^,BLSTM
droids,36,0.8698637274808546,retired,Ac^ --> Ac^^,BLSTM
droids,37,0.9791154245784763,retired,Ac^ --> Ac^^,BLSTM
droids,38,0.9841600634096737,retired,Ac^ --> Ac^^,BLSTM
droids,39,0.9022768983064945,retired,Ac^ --> Ac^^,BLSTM
droids,40,0.11272155748425304,retired,Ac^ --> Ac^^,BLSTM
droids,41,0.09229004945832087,retired,Ac^ --> Ac^^,BLSTM
droids,42,0.899072818835372,retired,Ac^ --> Ac^^,BLSTM
droids,43,0.983498023350973,retired,Ac^ --> Ac^^,BLSTM
droids,44,0.9839749467235805,retired,Ac^ --> Ac^^,BLSTM
droids,45,0.899087992294862,retired,Ac^ --> Ac^^,BLSTM
droids,46,0.11514953711669539,retired,Ac^ --> Ac^^,BLSTM
droids,47,0.31805407456659496,retired,Ac^ --> Ac^^,BLSTM
droids,48,0.739941569193102,retired,Ac^ --> Ac^^,BLSTM
droids,49,0.9618102036785834,retired,Ac^ --> Ac^^,BLSTM
droids,50,0.9816289663323898,retired,Ac^ --> Ac^^,BLSTM
droids,51,0.9833681053189173,retired,Ac^ --> Ac^^,BLSTM
droids,52,0.9838427053399192,retired,Ac^ --> Ac^^,BLSTM
droids,53,0.9841017133837776,retired,Ac^ --> Ac^^,BLSTM
droids,54,0.9842709277843411,retired,Ac^ --> Ac^^,BLSTM
droids,55,0.9104877015636277,retired,Ac^ --> Ac^^,BLSTM
droids,56,0.18561925142862046,retired,Ac^ --> Ac^^,BLSTM
droids,57,0.015090177379164862,retired,Ac^ --> Ac^^,BLSTM
droids,58,0.004960458543634416,retired,Ac^ --> Ac^^,BLSTM
droids,59,0.004937313050500312,retired,Ac^ --> Ac^^,BLSTM
droids,60,0.004933650279192131,retired,Ac^ --> Ac^^,BLSTM
droids,61,0.004926198706930927,retired,Ac^ --> Ac^^,BLSTM
droids,62,0.004917182874495107,retired,Ac^ --> Ac^^,BLSTM
droids,63,0.00491614927891014,retired,Ac^ --> Ac^^,BLSTM
droids,64,0.004913159541494925,retired,Ac^ --> Ac^^,BLSTM
droids,65,0.004908443879058201,retired,Ac^ --> Ac^^,BLSTM
droids,66,0.004912003386498477,retired,Ac^ --> Ac^^,BLSTM
droids,67,0.004911917223078235,retired,Ac^ --> Ac^^,BLSTM
droids,68,0.004908587873674065,retired,Ac^ --> Ac^^,BLSTM
droids,69,0.00490893376098624,retired,Ac^ --> Ac^^,BLSTM
droids,70,0.0049086758683198435,retired,Ac^ --> Ac^^,BLSTM
droids,71,0.004908060363851141,retired,Ac^ --> Ac^^,BLSTM
droids,72,0.004911210993537833,retired,Ac^ --> Ac^^,BLSTM
droids,73,0.004911971998680063,retired,Ac^ --> Ac^^,BLSTM
droids,74,0.004911631743963252,retired,Ac^ --> Ac^^,BLSTM
droids,75,0.004912497008133366,retired,Ac^ --> Ac^^,BLSTM
droids,76,0.004913313719029641,retired,Ac^ --> Ac^^,BLSTM
droids,77,0.004913970048775212,retired,Ac^ --> Ac^^,BLSTM
droids,78,0.004914574937219374,retired,Ac^ --> Ac^^,BLSTM
droids,79,0.004914749435542042,retired,Ac^ --> Ac^^,BLSTM
droids,80,0.004914745427262671,retired,Ac^ --> Ac^^,BLSTM
droids,81,0.004915075017946481,retired,Ac^ --> Ac^^,BLSTM
droids,82,0.004916064245643873,retired,Ac^ --> Ac^^,BLSTM
droids,83,0.0049169773721382416,retired,Ac^ --> Ac^^,BLSTM
droids,84,0.004918075152785939,retired,Ac^ --> Ac^^,BLSTM
droids,85,0.004495558951890619,retired,Ac^ --> Ac^^,BLSTM
druid,1,0.9043786893266578,graduated,Ac^ --> Ac^^,BLSTM
druid,2,0.9896457644806541,graduated,Ac^ --> Ac^^,BLSTM
druid,3,0.989695859706154,graduated,Ac^ --> Ac^^,BLSTM
druid,4,0.9896517310274119,graduated,Ac^ --> Ac^^,BLSTM
druid,5,0.9896090119351357,graduated,Ac^ --> Ac^^,BLSTM
druid,6,0.9895656959383439,graduated,Ac^ --> Ac^^,BLSTM
druid,7,0.9895378328928028,graduated,Ac^ --> Ac^^,BLSTM
druid,8,0.9895125097406905,graduated,Ac^ --> Ac^^,BLSTM
druid,9,0.9894953327752313,graduated,Ac^ --> Ac^^,BLSTM
druid,10,0.9894701308047809,graduated,Ac^ --> Ac^^,BLSTM
druid,11,0.9894577150140367,graduated,Ac^ --> Ac^^,BLSTM
druid,12,0.989452782743578,graduated,Ac^ --> Ac^^,BLSTM
druid,13,0.9894476682040374,graduated,Ac^ --> Ac^^,BLSTM
druid,14,0.9894395542282225,graduated,Ac^ --> Ac^^,BLSTM
druid,15,0.9894293271838321,graduated,Ac^ --> Ac^^,BLSTM
druid,16,0.9894219466716985,graduated,Ac^ --> Ac^^,BLSTM
druid,17,0.9894088825499495,graduated,Ac^ --> Ac^^,BLSTM
druid,18,0.9893939305117767,graduated,Ac^ --> Ac^^,BLSTM
druid,19,0.9893331636375744,graduated,Ac^ --> Ac^^,BLSTM
druid,20,0.9891973691097431,graduated,Ac^ --> Ac^^,BLSTM
druid,21,0.904067612341778,graduated,Ac^ --> Ac^^,BLSTM
dubbo,1,0.9043756326305802,graduated,Ac^ --> Ac^^,BLSTM
dubbo,2,0.9896057084559058,graduated,Ac^ --> Ac^^,BLSTM
dubbo,3,0.989659636027667,graduated,Ac^ --> Ac^^,BLSTM
dubbo,4,0.9896305607113952,graduated,Ac^ --> Ac^^,BLSTM
dubbo,5,0.9895943862786859,graduated,Ac^ --> Ac^^,BLSTM
dubbo,6,0.9895503018785476,graduated,Ac^ --> Ac^^,BLSTM
dubbo,7,0.9895175548761751,graduated,Ac^ --> Ac^^,BLSTM
dubbo,8,0.9894993500359074,graduated,Ac^ --> Ac^^,BLSTM
dubbo,9,0.9894971147317884,graduated,Ac^ --> Ac^^,BLSTM
dubbo,10,0.9894919698535081,graduated,Ac^ --> Ac^^,BLSTM
dubbo,11,0.989469938631231,graduated,Ac^ --> Ac^^,BLSTM
dubbo,12,0.9894307933826236,graduated,Ac^ --> Ac^^,BLSTM
dubbo,13,0.9894236146765569,graduated,Ac^ --> Ac^^,BLSTM
dubbo,14,0.9892923451561362,graduated,Ac^ --> Ac^^,BLSTM
dubbo,15,0.9041451496699415,graduated,Ac^ --> Ac^^,BLSTM
eagle,1,0.9001833637736106,graduated,Ac^ --> Ac^^,BLSTM
eagle,2,0.9885952863138107,graduated,Ac^ --> Ac^^,BLSTM
eagle,3,0.9889675663933734,graduated,Ac^ --> Ac^^,BLSTM
eagle,4,0.9889255218527343,graduated,Ac^ --> Ac^^,BLSTM
eagle,5,0.9891412158280674,graduated,Ac^ --> Ac^^,BLSTM
eagle,6,0.9892489756416883,graduated,Ac^ --> Ac^^,BLSTM
eagle,7,0.9892455642142272,graduated,Ac^ --> Ac^^,BLSTM
eagle,8,0.9891375246722447,graduated,Ac^ --> Ac^^,BLSTM
eagle,9,0.9891878914018571,graduated,Ac^ --> Ac^^,BLSTM
eagle,10,0.9892297838575098,graduated,Ac^ --> Ac^^,BLSTM
eagle,11,0.9892524472710128,graduated,Ac^ --> Ac^^,BLSTM
eagle,12,0.9892623509584164,graduated,Ac^ --> Ac^^,BLSTM
eagle,13,0.9891723320144199,graduated,Ac^ --> Ac^^,BLSTM
eagle,14,0.9040296025597263,graduated,Ac^ --> Ac^^,BLSTM
echarts,1,0.9031015091359734,graduated,Ac^ --> Ac^^,BLSTM
echarts,2,0.9890447227547751,graduated,Ac^ --> Ac^^,BLSTM
echarts,3,0.9893544054486864,graduated,Ac^ --> Ac^^,BLSTM
echarts,4,0.989381265888351,graduated,Ac^ --> Ac^^,BLSTM
echarts,5,0.9893327696813368,graduated,Ac^ --> Ac^^,BLSTM
echarts,6,0.9893473091097056,graduated,Ac^ --> Ac^^,BLSTM
echarts,7,0.9893052394167392,graduated,Ac^ --> Ac^^,BLSTM
echarts,8,0.989411606406246,graduated,Ac^ --> Ac^^,BLSTM
echarts,9,0.9892327557480688,graduated,Ac^ --> Ac^^,BLSTM
echarts,10,0.9891864850961068,graduated,Ac^ --> Ac^^,BLSTM
echarts,11,0.9891660144327011,graduated,Ac^ --> Ac^^,BLSTM
echarts,12,0.9891609591495721,graduated,Ac^ --> Ac^^,BLSTM
echarts,13,0.9890940364957161,graduated,Ac^ --> Ac^^,BLSTM
echarts,14,0.9891505520029167,graduated,Ac^ --> Ac^^,BLSTM
echarts,15,0.9891620646493533,graduated,Ac^ --> Ac^^,BLSTM
echarts,16,0.9891073915339713,graduated,Ac^ --> Ac^^,BLSTM
echarts,17,0.9891443689577379,graduated,Ac^ --> Ac^^,BLSTM
echarts,18,0.9891824464104766,graduated,Ac^ --> Ac^^,BLSTM
echarts,19,0.9891981012582772,graduated,Ac^ --> Ac^^,BLSTM
echarts,20,0.9892033290370363,graduated,Ac^ --> Ac^^,BLSTM
echarts,21,0.9892095025696049,graduated,Ac^ --> Ac^^,BLSTM
echarts,22,0.9892166952474676,graduated,Ac^ --> Ac^^,BLSTM
echarts,23,0.9892183101029959,graduated,Ac^ --> Ac^^,BLSTM
echarts,24,0.9892181434701818,graduated,Ac^ --> Ac^^,BLSTM
echarts,25,0.9892160000008526,graduated,Ac^ --> Ac^^,BLSTM
echarts,26,0.9892153433749225,graduated,Ac^ --> Ac^^,BLSTM
echarts,27,0.9892172876714701,graduated,Ac^ --> Ac^^,BLSTM
echarts,28,0.9892183572026291,graduated,Ac^ --> Ac^^,BLSTM
echarts,29,0.989218822574007,graduated,Ac^ --> Ac^^,BLSTM
echarts,30,0.9892195147173751,graduated,Ac^ --> Ac^^,BLSTM
echarts,31,0.9892185329478286,graduated,Ac^ --> Ac^^,BLSTM
echarts,32,0.9892201573920779,graduated,Ac^ --> Ac^^,BLSTM
echarts,33,0.9892183242242512,graduated,Ac^ --> Ac^^,BLSTM
echarts,34,0.9890883648380256,graduated,Ac^ --> Ac^^,BLSTM
echarts,35,0.9039191453067426,graduated,Ac^ --> Ac^^,BLSTM
edgent,1,0.9042960359743832,retired,Ac^ --> Ac^^,BLSTM
edgent,2,0.9896054719614704,retired,Ac^ --> Ac^^,BLSTM
edgent,3,0.9896626801495533,retired,Ac^ --> Ac^^,BLSTM
edgent,4,0.9896231713433351,retired,Ac^ --> Ac^^,BLSTM
edgent,5,0.9895463036023828,retired,Ac^ --> Ac^^,BLSTM
edgent,6,0.989361090839835,retired,Ac^ --> Ac^^,BLSTM
edgent,7,0.9893326539134072,retired,Ac^ --> Ac^^,BLSTM
edgent,8,0.9893639238126788,retired,Ac^ --> Ac^^,BLSTM
edgent,9,0.9892220316361598,retired,Ac^ --> Ac^^,BLSTM
edgent,10,0.9892701686571009,retired,Ac^ --> Ac^^,BLSTM
edgent,11,0.9892130537471828,retired,Ac^ --> Ac^^,BLSTM
edgent,12,0.9891974678259157,retired,Ac^ --> Ac^^,BLSTM
edgent,13,0.9893081256122677,retired,Ac^ --> Ac^^,BLSTM
edgent,14,0.9892097748122042,retired,Ac^ --> Ac^^,BLSTM
edgent,15,0.989206011222284,retired,Ac^ --> Ac^^,BLSTM
edgent,16,0.9889859905129265,retired,Ac^ --> Ac^^,BLSTM
edgent,17,0.988850140533079,retired,Ac^ --> Ac^^,BLSTM
edgent,18,0.988701766557973,retired,Ac^ --> Ac^^,BLSTM
edgent,19,0.9883489418279716,retired,Ac^ --> Ac^^,BLSTM
edgent,20,0.9871065550087313,retired,Ac^ --> Ac^^,BLSTM
edgent,21,0.9882481982224071,retired,Ac^ --> Ac^^,BLSTM
edgent,22,0.9885323212300858,retired,Ac^ --> Ac^^,BLSTM
edgent,23,0.9884671132265759,retired,Ac^ --> Ac^^,BLSTM
edgent,24,0.9884079603390314,retired,Ac^ --> Ac^^,BLSTM
edgent,25,0.9883822642766845,retired,Ac^ --> Ac^^,BLSTM
edgent,26,0.9883345802151617,retired,Ac^ --> Ac^^,BLSTM
edgent,27,0.9038140138208717,retired,Ac^ --> Ac^^,BLSTM
edgent,28,0.090039510582419,retired,Ac^ --> Ac^^,BLSTM
edgent,29,0.00542304795707267,retired,Ac^ --> Ac^^,BLSTM
edgent,30,0.005205315476649063,retired,Ac^ --> Ac^^,BLSTM
edgent,31,0.005172858757583544,retired,Ac^ --> Ac^^,BLSTM
edgent,32,0.005145400771371306,retired,Ac^ --> Ac^^,BLSTM
edgent,33,0.005103613071193983,retired,Ac^ --> Ac^^,BLSTM
edgent,34,0.005074600955086901,retired,Ac^ --> Ac^^,BLSTM
edgent,35,0.00505416093158952,retired,Ac^ --> Ac^^,BLSTM
edgent,36,0.005030493790631603,retired,Ac^ --> Ac^^,BLSTM
edgent,37,0.004980865982572156,retired,Ac^ --> Ac^^,BLSTM
edgent,38,0.004993706112191169,retired,Ac^ --> Ac^^,BLSTM
edgent,39,0.005005920481532586,retired,Ac^ --> Ac^^,BLSTM
edgent,40,0.005003767463075043,retired,Ac^ --> Ac^^,BLSTM
edgent,41,0.004996282426266395,retired,Ac^ --> Ac^^,BLSTM
edgent,42,0.00499523319907332,retired,Ac^ --> Ac^^,BLSTM
edgent,43,0.004988586991794938,retired,Ac^ --> Ac^^,BLSTM
edgent,44,0.004554617393594694,retired,Ac^ --> Ac^^,BLSTM
empire,1,0.09497422975648996,graduated,Ac^ --> Ac^^,BLSTM
empire,2,0.8931109675469432,graduated,Ac^ --> Ac^^,BLSTM
empire,3,0.9844997474177426,graduated,Ac^ --> Ac^^,BLSTM
empire,4,0.9821457598481667,graduated,Ac^ --> Ac^^,BLSTM
empire,5,0.9508871718923724,graduated,Ac^ --> Ac^^,BLSTM
empire,6,0.9811687779111351,graduated,Ac^ --> Ac^^,BLSTM
empire,7,0.986087615007961,graduated,Ac^ --> Ac^^,BLSTM
empire,8,0.9866148291644522,graduated,Ac^ --> Ac^^,BLSTM
empire,9,0.98004329494937,graduated,Ac^ --> Ac^^,BLSTM
empire,10,0.9224670722580911,graduated,Ac^ --> Ac^^,BLSTM
empire,11,0.9797189926859474,graduated,Ac^ --> Ac^^,BLSTM
empire,12,0.9863702056504713,graduated,Ac^ --> Ac^^,BLSTM
empire,13,0.986456239107746,graduated,Ac^ --> Ac^^,BLSTM
empire,14,0.9865781777188447,graduated,Ac^ --> Ac^^,BLSTM
empire,15,0.9866503481657781,graduated,Ac^ --> Ac^^,BLSTM
empire,16,0.986776894236948,graduated,Ac^ --> Ac^^,BLSTM
empire,17,0.9868987488217794,graduated,Ac^ --> Ac^^,BLSTM
empire,18,0.9869716981530834,graduated,Ac^ --> Ac^^,BLSTM
empire,19,0.987071720376545,graduated,Ac^ --> Ac^^,BLSTM
empire,20,0.9871544218953656,graduated,Ac^ --> Ac^^,BLSTM
empire,21,0.987130768418724,graduated,Ac^ --> Ac^^,BLSTM
empire,22,0.9870726727485801,graduated,Ac^ --> Ac^^,BLSTM
empire,23,0.9864987894359508,graduated,Ac^ --> Ac^^,BLSTM
empire,24,0.9869677807161529,graduated,Ac^ --> Ac^^,BLSTM
empire,25,0.9868070837203745,graduated,Ac^ --> Ac^^,BLSTM
empire,26,0.986729957181595,graduated,Ac^ --> Ac^^,BLSTM
empire,27,0.9869561934787444,graduated,Ac^ --> Ac^^,BLSTM
empire,28,0.98694589656768,graduated,Ac^ --> Ac^^,BLSTM
empire,29,0.986957462356396,graduated,Ac^ --> Ac^^,BLSTM
empire,30,0.9869987270088373,graduated,Ac^ --> Ac^^,BLSTM
empire,31,0.9871541684020732,graduated,Ac^ --> Ac^^,BLSTM
empire,32,0.9871978558243114,graduated,Ac^ --> Ac^^,BLSTM
empire,33,0.9872587206962562,graduated,Ac^ --> Ac^^,BLSTM
empire,34,0.9876248055158304,graduated,Ac^ --> Ac^^,BLSTM
empire,35,0.9872848329939408,graduated,Ac^ --> Ac^^,BLSTM
empire,36,0.9872506802562785,graduated,Ac^ --> Ac^^,BLSTM
empire,37,0.9873385876583307,graduated,Ac^ --> Ac^^,BLSTM
empire,38,0.9873313648277298,graduated,Ac^ --> Ac^^,BLSTM
empire,39,0.9874276170387528,graduated,Ac^ --> Ac^^,BLSTM
empire,40,0.9873431008526915,graduated,Ac^ --> Ac^^,BLSTM
empire,41,0.9023873735687731,graduated,Ac^ --> Ac^^,BLSTM
esme,1,0.9032344156315953,graduated,Ac^ --> Ac^^,BLSTM
esme,2,0.9885226810763805,graduated,Ac^ --> Ac^^,BLSTM
esme,3,0.9882543098934711,graduated,Ac^ --> Ac^^,BLSTM
esme,4,0.9879001601415551,graduated,Ac^ --> Ac^^,BLSTM
esme,5,0.9877141784509879,graduated,Ac^ --> Ac^^,BLSTM
esme,6,0.9879287912277126,graduated,Ac^ --> Ac^^,BLSTM
esme,7,0.9878759665521483,graduated,Ac^ --> Ac^^,BLSTM
esme,8,0.9878396873926488,graduated,Ac^ --> Ac^^,BLSTM
esme,9,0.9878120347993449,graduated,Ac^ --> Ac^^,BLSTM
esme,10,0.9878024113037158,graduated,Ac^ --> Ac^^,BLSTM
esme,11,0.9877847601464814,graduated,Ac^ --> Ac^^,BLSTM
esme,12,0.9878095966283201,graduated,Ac^ --> Ac^^,BLSTM
esme,13,0.9878357748919926,graduated,Ac^ --> Ac^^,BLSTM
esme,14,0.9879072518496606,graduated,Ac^ --> Ac^^,BLSTM
esme,15,0.9880264716677208,graduated,Ac^ --> Ac^^,BLSTM
esme,16,0.9880633184558425,graduated,Ac^ --> Ac^^,BLSTM
esme,17,0.9880593008651313,graduated,Ac^ --> Ac^^,BLSTM
esme,18,0.9880657197128366,graduated,Ac^ --> Ac^^,BLSTM
esme,19,0.9880971611311612,graduated,Ac^ --> Ac^^,BLSTM
esme,20,0.9880970132050461,graduated,Ac^ --> Ac^^,BLSTM
esme,21,0.9880940965169085,graduated,Ac^ --> Ac^^,BLSTM
esme,22,0.9880889025698903,graduated,Ac^ --> Ac^^,BLSTM
esme,23,0.9880451044267408,graduated,Ac^ --> Ac^^,BLSTM
esme,24,0.9029929236520777,graduated,Ac^ --> Ac^^,BLSTM
etch,1,0.9035718874887216,graduated,Ac^ --> Ac^^,BLSTM
etch,2,0.9884675721467958,graduated,Ac^ --> Ac^^,BLSTM
etch,3,0.9890582556321288,graduated,Ac^ --> Ac^^,BLSTM
etch,4,0.9890745937190807,graduated,Ac^ --> Ac^^,BLSTM
etch,5,0.9891491981718374,graduated,Ac^ --> Ac^^,BLSTM
etch,6,0.98917841077584,graduated,Ac^ --> Ac^^,BLSTM
etch,7,0.9889856555734918,graduated,Ac^ --> Ac^^,BLSTM
etch,8,0.988859491641507,graduated,Ac^ --> Ac^^,BLSTM
etch,9,0.9865126014786482,graduated,Ac^ --> Ac^^,BLSTM
etch,10,0.8827077331231732,graduated,Ac^ --> Ac^^,BLSTM
etch,11,0.0878755563746352,graduated,Ac^ --> Ac^^,BLSTM
etch,12,0.00552649813582761,graduated,Ac^ --> Ac^^,BLSTM
etch,13,0.005320082153198233,graduated,Ac^ --> Ac^^,BLSTM
etch,14,0.005204644168954892,graduated,Ac^ --> Ac^^,BLSTM
etch,15,0.005151146589782492,graduated,Ac^ --> Ac^^,BLSTM
etch,16,0.005121897169994706,graduated,Ac^ --> Ac^^,BLSTM
etch,17,0.00509661772809011,graduated,Ac^ --> Ac^^,BLSTM
etch,18,0.005069575159710732,graduated,Ac^ --> Ac^^,BLSTM
etch,19,0.005047554873972716,graduated,Ac^ --> Ac^^,BLSTM
etch,20,0.005028707795120364,graduated,Ac^ --> Ac^^,BLSTM
etch,21,0.005017984968791178,graduated,Ac^ --> Ac^^,BLSTM
etch,22,0.005103962501154955,graduated,Ac^ --> Ac^^,BLSTM
etch,23,0.08634751654589135,graduated,Ac^ --> Ac^^,BLSTM
etch,24,0.8684422048733499,graduated,Ac^ --> Ac^^,BLSTM
etch,25,0.955912353871201,graduated,Ac^ --> Ac^^,BLSTM
etch,26,0.9601368547363475,graduated,Ac^ --> Ac^^,BLSTM
etch,27,0.9632338711051514,graduated,Ac^ --> Ac^^,BLSTM
etch,28,0.9651875427465165,graduated,Ac^ --> Ac^^,BLSTM
etch,29,0.9662983609412474,graduated,Ac^ --> Ac^^,BLSTM
etch,30,0.9673191852327134,graduated,Ac^ --> Ac^^,BLSTM
etch,31,0.9679623168700479,graduated,Ac^ --> Ac^^,BLSTM
etch,32,0.9685848964950865,graduated,Ac^ --> Ac^^,BLSTM
etch,33,0.9690635408956422,graduated,Ac^ --> Ac^^,BLSTM
etch,34,0.9694101145097522,graduated,Ac^ --> Ac^^,BLSTM
etch,35,0.9700105540988633,graduated,Ac^ --> Ac^^,BLSTM
etch,36,0.9704616668261995,graduated,Ac^ --> Ac^^,BLSTM
etch,37,0.9707682522328237,graduated,Ac^ --> Ac^^,BLSTM
etch,38,0.9713234412949153,graduated,Ac^ --> Ac^^,BLSTM
etch,39,0.9717551811737697,graduated,Ac^ --> Ac^^,BLSTM
etch,40,0.9722061824909524,graduated,Ac^ --> Ac^^,BLSTM
etch,41,0.9728348921085896,graduated,Ac^ --> Ac^^,BLSTM
etch,42,0.9732139482226438,graduated,Ac^ --> Ac^^,BLSTM
etch,43,0.9740002839959836,graduated,Ac^ --> Ac^^,BLSTM
etch,44,0.9740522295734743,graduated,Ac^ --> Ac^^,BLSTM
etch,45,0.9751443749129036,graduated,Ac^ --> Ac^^,BLSTM
etch,46,0.9746362513091197,graduated,Ac^ --> Ac^^,BLSTM
etch,47,0.9746497499742819,graduated,Ac^ --> Ac^^,BLSTM
etch,48,0.9665097113635581,graduated,Ac^ --> Ac^^,BLSTM
etch,49,0.8172008727401131,graduated,Ac^ --> Ac^^,BLSTM
etch,50,0.08075225086500011,graduated,Ac^ --> Ac^^,BLSTM
etch,51,0.004683180785437766,graduated,Ac^ --> Ac^^,BLSTM
falcon,1,0.7876221492698995,graduated,Ac^ --> Ac^^,BLSTM
falcon,2,0.9741251164123856,graduated,Ac^ --> Ac^^,BLSTM
falcon,3,0.987912056323612,graduated,Ac^ --> Ac^^,BLSTM
falcon,4,0.9881335869005905,graduated,Ac^ --> Ac^^,BLSTM
falcon,5,0.9883538765607635,graduated,Ac^ --> Ac^^,BLSTM
falcon,6,0.9884744130873327,graduated,Ac^ --> Ac^^,BLSTM
falcon,7,0.9886635619997188,graduated,Ac^ --> Ac^^,BLSTM
falcon,8,0.9886992476488025,graduated,Ac^ --> Ac^^,BLSTM
falcon,9,0.9885523539467308,graduated,Ac^ --> Ac^^,BLSTM
falcon,10,0.9886498252802058,graduated,Ac^ --> Ac^^,BLSTM
falcon,11,0.9888077384143498,graduated,Ac^ --> Ac^^,BLSTM
falcon,12,0.9888039325215229,graduated,Ac^ --> Ac^^,BLSTM
falcon,13,0.988722240266232,graduated,Ac^ --> Ac^^,BLSTM
falcon,14,0.9887704225609089,graduated,Ac^ --> Ac^^,BLSTM
falcon,15,0.9887091888985173,graduated,Ac^ --> Ac^^,BLSTM
falcon,16,0.9887064151488543,graduated,Ac^ --> Ac^^,BLSTM
falcon,17,0.9888347424595888,graduated,Ac^ --> Ac^^,BLSTM
falcon,18,0.9888822616714087,graduated,Ac^ --> Ac^^,BLSTM
falcon,19,0.9887858702506764,graduated,Ac^ --> Ac^^,BLSTM
falcon,20,0.9036957053557266,graduated,Ac^ --> Ac^^,BLSTM
felix,1,0.9037279949400931,graduated,Ac^ --> Ac^^,BLSTM
felix,2,0.9883607057671406,graduated,Ac^ --> Ac^^,BLSTM
felix,3,0.9879248447602582,graduated,Ac^ --> Ac^^,BLSTM
felix,4,0.987725467018616,graduated,Ac^ --> Ac^^,BLSTM
felix,5,0.9877878987762065,graduated,Ac^ --> Ac^^,BLSTM
felix,6,0.988126086169816,graduated,Ac^ --> Ac^^,BLSTM
felix,7,0.9882110281699784,graduated,Ac^ --> Ac^^,BLSTM
felix,8,0.9885572723651515,graduated,Ac^ --> Ac^^,BLSTM
felix,9,0.9887602485718882,graduated,Ac^ --> Ac^^,BLSTM
felix,10,0.9886758622372591,graduated,Ac^ --> Ac^^,BLSTM
felix,11,0.9886862857293282,graduated,Ac^ --> Ac^^,BLSTM
felix,12,0.9888508351562983,graduated,Ac^ --> Ac^^,BLSTM
felix,13,0.9888953954526657,graduated,Ac^ --> Ac^^,BLSTM
felix,14,0.9889596972253029,graduated,Ac^ --> Ac^^,BLSTM
felix,15,0.9889861624937548,graduated,Ac^ --> Ac^^,BLSTM
felix,16,0.9889251125760606,graduated,Ac^ --> Ac^^,BLSTM
felix,17,0.9888737008210398,graduated,Ac^ --> Ac^^,BLSTM
felix,18,0.9888696295326962,graduated,Ac^ --> Ac^^,BLSTM
felix,19,0.9888352258001155,graduated,Ac^ --> Ac^^,BLSTM
felix,20,0.9887489386642464,graduated,Ac^ --> Ac^^,BLSTM
felix,21,0.9036556177964636,graduated,Ac^ --> Ac^^,BLSTM
fineract,1,0.8168419969528927,graduated,Ac^ --> Ac^^,BLSTM
fineract,2,0.19267027058092448,graduated,Ac^ --> Ac^^,BLSTM
fineract,3,0.8986566199756354,graduated,Ac^ --> Ac^^,BLSTM
fineract,4,0.9866005291623453,graduated,Ac^ --> Ac^^,BLSTM
fineract,5,0.987856993793903,graduated,Ac^ --> Ac^^,BLSTM
fineract,6,0.9881762554424501,graduated,Ac^ --> Ac^^,BLSTM
fineract,7,0.9883670743600371,graduated,Ac^ --> Ac^^,BLSTM
fineract,8,0.9882061333289874,graduated,Ac^ --> Ac^^,BLSTM
fineract,9,0.9884216079732633,graduated,Ac^ --> Ac^^,BLSTM
fineract,10,0.9883938550360971,graduated,Ac^ --> Ac^^,BLSTM
fineract,11,0.9885750892905563,graduated,Ac^ --> Ac^^,BLSTM
fineract,12,0.9885929436629829,graduated,Ac^ --> Ac^^,BLSTM
fineract,13,0.9885632865076264,graduated,Ac^ --> Ac^^,BLSTM
fineract,14,0.9885017852951758,graduated,Ac^ --> Ac^^,BLSTM
fineract,15,0.9883657341811916,graduated,Ac^ --> Ac^^,BLSTM
fineract,16,0.9032752012141957,graduated,Ac^ --> Ac^^,BLSTM
flex,1,0.9010279207119513,graduated,Ac^ --> Ac^^,BLSTM
flex,2,0.9860017144921133,graduated,Ac^ --> Ac^^,BLSTM
flex,3,0.9861816635707957,graduated,Ac^ --> Ac^^,BLSTM
flex,4,0.9863799636508395,graduated,Ac^ --> Ac^^,BLSTM
flex,5,0.9874995584592999,graduated,Ac^ --> Ac^^,BLSTM
flex,6,0.9878856182989719,graduated,Ac^ --> Ac^^,BLSTM
flex,7,0.9879265095976124,graduated,Ac^ --> Ac^^,BLSTM
flex,8,0.9882508868761355,graduated,Ac^ --> Ac^^,BLSTM
flex,9,0.9882195126292233,graduated,Ac^ --> Ac^^,BLSTM
flex,10,0.9881292600974158,graduated,Ac^ --> Ac^^,BLSTM
flex,11,0.9031616068801295,graduated,Ac^ --> Ac^^,BLSTM
flink,1,0.9043949493381479,graduated,Ac^ --> Ac^^,BLSTM
flink,2,0.9896594461996772,graduated,Ac^ --> Ac^^,BLSTM
flink,3,0.9897113515730114,graduated,Ac^ --> Ac^^,BLSTM
flink,4,0.9896627115505267,graduated,Ac^ --> Ac^^,BLSTM
flink,5,0.9896183840527483,graduated,Ac^ --> Ac^^,BLSTM
flink,6,0.9895690896273173,graduated,Ac^ --> Ac^^,BLSTM
flink,7,0.9894211682549485,graduated,Ac^ --> Ac^^,BLSTM
flink,8,0.9040977664123989,graduated,Ac^ --> Ac^^,BLSTM
flume,1,0.9034869031374082,graduated,Ac^ --> Ac^^,BLSTM
flume,2,0.989210960915653,graduated,Ac^ --> Ac^^,BLSTM
flume,3,0.9894442181135,graduated,Ac^ --> Ac^^,BLSTM
flume,4,0.989147991112524,graduated,Ac^ --> Ac^^,BLSTM
flume,5,0.9889324444867132,graduated,Ac^ --> Ac^^,BLSTM
flume,6,0.988782447421829,graduated,Ac^ --> Ac^^,BLSTM
flume,7,0.9887176414487105,graduated,Ac^ --> Ac^^,BLSTM
flume,8,0.9886609857001529,graduated,Ac^ --> Ac^^,BLSTM
flume,9,0.988597177608154,graduated,Ac^ --> Ac^^,BLSTM
flume,10,0.9885525762732642,graduated,Ac^ --> Ac^^,BLSTM
flume,11,0.9884218456619138,graduated,Ac^ --> Ac^^,BLSTM
flume,12,0.9032911647100362,graduated,Ac^ --> Ac^^,BLSTM
fluo,1,0.903938082469467,graduated,Ac^ --> Ac^^,BLSTM
fluo,2,0.9892059707920652,graduated,Ac^ --> Ac^^,BLSTM
fluo,3,0.98911863266525,graduated,Ac^ --> Ac^^,BLSTM
fluo,4,0.9892466595565256,graduated,Ac^ --> Ac^^,BLSTM
fluo,5,0.9893035028931502,graduated,Ac^ --> Ac^^,BLSTM
fluo,6,0.9890931809489314,graduated,Ac^ --> Ac^^,BLSTM
fluo,7,0.9889238349388121,graduated,Ac^ --> Ac^^,BLSTM
fluo,8,0.9887607188732731,graduated,Ac^ --> Ac^^,BLSTM
fluo,9,0.9879297849573254,graduated,Ac^ --> Ac^^,BLSTM
fluo,10,0.9884293474114058,graduated,Ac^ --> Ac^^,BLSTM
fluo,11,0.9882753205107585,graduated,Ac^ --> Ac^^,BLSTM
fluo,12,0.9883588772141109,graduated,Ac^ --> Ac^^,BLSTM
fluo,13,0.988202328389738,graduated,Ac^ --> Ac^^,BLSTM
fluo,14,0.9031119609439417,graduated,Ac^ --> Ac^^,BLSTM
freemarker,1,0.4093068411139182,graduated,Ac^ --> Ac^^,BLSTM
freemarker,2,0.9331194001564529,graduated,Ac^ --> Ac^^,BLSTM
freemarker,3,0.9873785602124233,graduated,Ac^ --> Ac^^,BLSTM
freemarker,4,0.9881869666217361,graduated,Ac^ --> Ac^^,BLSTM
freemarker,5,0.9883690016039101,graduated,Ac^ --> Ac^^,BLSTM
freemarker,6,0.9883540167966993,graduated,Ac^ --> Ac^^,BLSTM
freemarker,7,0.9884817674140777,graduated,Ac^ --> Ac^^,BLSTM
freemarker,8,0.9883344384136689,graduated,Ac^ --> Ac^^,BLSTM
freemarker,9,0.9884612632595108,graduated,Ac^ --> Ac^^,BLSTM
freemarker,10,0.9883188423096534,graduated,Ac^ --> Ac^^,BLSTM
freemarker,11,0.982321119298793,graduated,Ac^ --> Ac^^,BLSTM
freemarker,12,0.9535724903865821,graduated,Ac^ --> Ac^^,BLSTM
freemarker,13,0.9806686849641273,graduated,Ac^ --> Ac^^,BLSTM
freemarker,14,0.9247577932130756,graduated,Ac^ --> Ac^^,BLSTM
freemarker,15,0.5431582934011058,graduated,Ac^ --> Ac^^,BLSTM
freemarker,16,0.9360902925592705,graduated,Ac^ --> Ac^^,BLSTM
freemarker,17,0.9833333932349192,graduated,Ac^ --> Ac^^,BLSTM
freemarker,18,0.9794389290766016,graduated,Ac^ --> Ac^^,BLSTM
freemarker,19,0.961013717616761,graduated,Ac^ --> Ac^^,BLSTM
freemarker,20,0.9820920592415266,graduated,Ac^ --> Ac^^,BLSTM
freemarker,21,0.9848882429974848,graduated,Ac^ --> Ac^^,BLSTM
freemarker,22,0.9851578726441858,graduated,Ac^ --> Ac^^,BLSTM
freemarker,23,0.9852808020148941,graduated,Ac^ --> Ac^^,BLSTM
freemarker,24,0.9854233510913271,graduated,Ac^ --> Ac^^,BLSTM
freemarker,25,0.9855778582031889,graduated,Ac^ --> Ac^^,BLSTM
freemarker,26,0.9856651383849749,graduated,Ac^ --> Ac^^,BLSTM
freemarker,27,0.9855278429049983,graduated,Ac^ --> Ac^^,BLSTM
freemarker,28,0.9858971975290141,graduated,Ac^ --> Ac^^,BLSTM
freemarker,29,0.9862451190211828,graduated,Ac^ --> Ac^^,BLSTM
freemarker,30,0.9015622711172261,graduated,Ac^ --> Ac^^,BLSTM
ftpserver,1,0.5252190056097151,graduated,Ac^ --> Ac^^,BLSTM
ftpserver,2,0.10198070840008006,graduated,Ac^ --> Ac^^,BLSTM
ftpserver,3,0.03544731086176899,graduated,Ac^ --> Ac^^,BLSTM
ftpserver,4,0.15190490045843874,graduated,Ac^ --> Ac^^,BLSTM
ftpserver,5,0.29714732894226864,graduated,Ac^ --> Ac^^,BLSTM
ftpserver,6,0.4632082875190844,graduated,Ac^ --> Ac^^,BLSTM
ftpserver,7,0.9176317369682203,graduated,Ac^ --> Ac^^,BLSTM
ftpserver,8,0.972934057340474,graduated,Ac^ --> Ac^^,BLSTM
ftpserver,9,0.976124443968418,graduated,Ac^ --> Ac^^,BLSTM
ftpserver,10,0.975669868122784,graduated,Ac^ --> Ac^^,BLSTM
ftpserver,11,0.9772558385829084,graduated,Ac^ --> Ac^^,BLSTM
ftpserver,12,0.9789282241988351,graduated,Ac^ --> Ac^^,BLSTM
ftpserver,13,0.9793637137657812,graduated,Ac^ --> Ac^^,BLSTM
ftpserver,14,0.9798391326821999,graduated,Ac^ --> Ac^^,BLSTM
ftpserver,15,0.9798325095959044,graduated,Ac^ --> Ac^^,BLSTM
ftpserver,16,0.9788549263942564,graduated,Ac^ --> Ac^^,BLSTM
ftpserver,17,0.9738038986549538,graduated,Ac^ --> Ac^^,BLSTM
ftpserver,18,0.940714923376999,graduated,Ac^ --> Ac^^,BLSTM
ftpserver,19,0.8278865862168368,graduated,Ac^ --> Ac^^,BLSTM
ftpserver,20,0.8252028635268055,graduated,Ac^ --> Ac^^,BLSTM
ftpserver,21,0.11783785584674424,graduated,Ac^ --> Ac^^,BLSTM
ftpserver,22,0.00902871622507956,graduated,Ac^ --> Ac^^,BLSTM
ftpserver,23,0.00527272760210105,graduated,Ac^ --> Ac^^,BLSTM
ftpserver,24,0.005204980983599268,graduated,Ac^ --> Ac^^,BLSTM
ftpserver,25,0.005170221755277763,graduated,Ac^ --> Ac^^,BLSTM
ftpserver,26,0.004709599637471167,graduated,Ac^ --> Ac^^,BLSTM
gearpump,1,0.9043629928576029,retired,Ac^ --> Ac^^,BLSTM
gearpump,2,0.9896420556294186,retired,Ac^ --> Ac^^,BLSTM
gearpump,3,0.9897023206042579,retired,Ac^ --> Ac^^,BLSTM
gearpump,4,0.9895433571133847,retired,Ac^ --> Ac^^,BLSTM
gearpump,5,0.989485988061852,retired,Ac^ --> Ac^^,BLSTM
gearpump,6,0.989452033871447,retired,Ac^ --> Ac^^,BLSTM
gearpump,7,0.9893886337657012,retired,Ac^ --> Ac^^,BLSTM
gearpump,8,0.9893495555322017,retired,Ac^ --> Ac^^,BLSTM
gearpump,9,0.9891682556569782,retired,Ac^ --> Ac^^,BLSTM
gearpump,10,0.989198597784588,retired,Ac^ --> Ac^^,BLSTM
gearpump,11,0.9891646284031582,retired,Ac^ --> Ac^^,BLSTM
gearpump,12,0.9891074942949741,retired,Ac^ --> Ac^^,BLSTM
gearpump,13,0.9891631877947177,retired,Ac^ --> Ac^^,BLSTM
gearpump,14,0.9891471842069812,retired,Ac^ --> Ac^^,BLSTM
gearpump,15,0.9891144715171669,retired,Ac^ --> Ac^^,BLSTM
gearpump,16,0.9891680686411675,retired,Ac^ --> Ac^^,BLSTM
gearpump,17,0.9891764167805616,retired,Ac^ --> Ac^^,BLSTM
gearpump,18,0.9890830137321989,retired,Ac^ --> Ac^^,BLSTM
gearpump,19,0.9890179878624257,retired,Ac^ --> Ac^^,BLSTM
gearpump,20,0.9889822495293251,retired,Ac^ --> Ac^^,BLSTM
gearpump,21,0.9886901910184076,retired,Ac^ --> Ac^^,BLSTM
gearpump,22,0.9020849908604008,retired,Ac^ --> Ac^^,BLSTM
gearpump,23,0.08990110763981105,retired,Ac^ --> Ac^^,BLSTM
gearpump,24,0.0897517234802477,retired,Ac^ --> Ac^^,BLSTM
gearpump,25,0.9006649183116577,retired,Ac^ --> Ac^^,BLSTM
gearpump,26,0.9875062269320194,retired,Ac^ --> Ac^^,BLSTM
gearpump,27,0.9878533012808137,retired,Ac^ --> Ac^^,BLSTM
gearpump,28,0.9034144917532746,retired,Ac^ --> Ac^^,BLSTM
gearpump,29,0.09201166444024048,retired,Ac^ --> Ac^^,BLSTM
gearpump,30,0.0049579128134606305,retired,Ac^ --> Ac^^,BLSTM
geode,1,0.09154171991319379,graduated,Ac^ --> Ac^^,BLSTM
geode,2,0.8901339132072814,graduated,Ac^ --> Ac^^,BLSTM
geode,3,0.979632297734335,graduated,Ac^ --> Ac^^,BLSTM
geode,4,0.9853880355890078,graduated,Ac^ --> Ac^^,BLSTM
geode,5,0.9869320131379662,graduated,Ac^ --> Ac^^,BLSTM
geode,6,0.987498167198618,graduated,Ac^ --> Ac^^,BLSTM
geode,7,0.9878558074727307,graduated,Ac^ --> Ac^^,BLSTM
geode,8,0.9880981443374561,graduated,Ac^ --> Ac^^,BLSTM
geode,9,0.9882838120622037,graduated,Ac^ --> Ac^^,BLSTM
geode,10,0.9884138401123747,graduated,Ac^ --> Ac^^,BLSTM
geode,11,0.9885121289358343,graduated,Ac^ --> Ac^^,BLSTM
geode,12,0.9886048483384056,graduated,Ac^ --> Ac^^,BLSTM
geode,13,0.9886825132434037,graduated,Ac^ --> Ac^^,BLSTM
geode,14,0.9887458839054454,graduated,Ac^ --> Ac^^,BLSTM
geode,15,0.9887983192470843,graduated,Ac^ --> Ac^^,BLSTM
geode,16,0.9888424588560153,graduated,Ac^ --> Ac^^,BLSTM
geode,17,0.9888804850263391,graduated,Ac^ --> Ac^^,BLSTM
geode,18,0.9888165348459387,graduated,Ac^ --> Ac^^,BLSTM
geode,19,0.9037253930596796,graduated,Ac^ --> Ac^^,BLSTM
giraph,1,0.9037527845355064,graduated,Ac^ --> Ac^^,BLSTM
giraph,2,0.9886415598567494,graduated,Ac^ --> Ac^^,BLSTM
giraph,3,0.9883796877120596,graduated,Ac^ --> Ac^^,BLSTM
giraph,4,0.9884334365627135,graduated,Ac^ --> Ac^^,BLSTM
giraph,5,0.9884937569098968,graduated,Ac^ --> Ac^^,BLSTM
giraph,6,0.9884615087117806,graduated,Ac^ --> Ac^^,BLSTM
giraph,7,0.9883662166829396,graduated,Ac^ --> Ac^^,BLSTM
giraph,8,0.9881784295375498,graduated,Ac^ --> Ac^^,BLSTM
giraph,9,0.9030431708403707,graduated,Ac^ --> Ac^^,BLSTM
gobblin,1,0.9044072955359029,graduated,Ac^ --> Ac^^,BLSTM
gobblin,2,0.9896451367284976,graduated,Ac^ --> Ac^^,BLSTM
gobblin,3,0.9896658067085413,graduated,Ac^ --> Ac^^,BLSTM
gobblin,4,0.9895995880521413,graduated,Ac^ --> Ac^^,BLSTM
gobblin,5,0.989563769554186,graduated,Ac^ --> Ac^^,BLSTM
gobblin,6,0.989528579931394,graduated,Ac^ --> Ac^^,BLSTM
gobblin,7,0.9894557626256392,graduated,Ac^ --> Ac^^,BLSTM
gobblin,8,0.9894450531865668,graduated,Ac^ --> Ac^^,BLSTM
gobblin,9,0.9894368094543717,graduated,Ac^ --> Ac^^,BLSTM
gobblin,10,0.9894017496291259,graduated,Ac^ --> Ac^^,BLSTM
gobblin,11,0.9893368053705667,graduated,Ac^ --> Ac^^,BLSTM
gobblin,12,0.9893520583471603,graduated,Ac^ --> Ac^^,BLSTM
gobblin,13,0.989331965759539,graduated,Ac^ --> Ac^^,BLSTM
gobblin,14,0.9893301555750172,graduated,Ac^ --> Ac^^,BLSTM
gobblin,15,0.9893374336525431,graduated,Ac^ --> Ac^^,BLSTM
gobblin,16,0.989336366068478,graduated,Ac^ --> Ac^^,BLSTM
gobblin,17,0.9892946927312702,graduated,Ac^ --> Ac^^,BLSTM
gobblin,18,0.9892736233066874,graduated,Ac^ --> Ac^^,BLSTM
gobblin,19,0.9892390764361276,graduated,Ac^ --> Ac^^,BLSTM
gobblin,20,0.9892584778240453,graduated,Ac^ --> Ac^^,BLSTM
gobblin,21,0.9892758617132922,graduated,Ac^ --> Ac^^,BLSTM
gobblin,22,0.9892858688501412,graduated,Ac^ --> Ac^^,BLSTM
gobblin,23,0.98928246215912,graduated,Ac^ --> Ac^^,BLSTM
gobblin,24,0.989281357775562,graduated,Ac^ --> Ac^^,BLSTM
gobblin,25,0.9892729024120057,graduated,Ac^ --> Ac^^,BLSTM
gobblin,26,0.9892520528751795,graduated,Ac^ --> Ac^^,BLSTM
gobblin,27,0.9892583370279737,graduated,Ac^ --> Ac^^,BLSTM
gobblin,28,0.9892602308061246,graduated,Ac^ --> Ac^^,BLSTM
gobblin,29,0.9892574080504414,graduated,Ac^ --> Ac^^,BLSTM
gobblin,30,0.989256345673111,graduated,Ac^ --> Ac^^,BLSTM
gobblin,31,0.9892539391750022,graduated,Ac^ --> Ac^^,BLSTM
gobblin,32,0.989255802757169,graduated,Ac^ --> Ac^^,BLSTM
gobblin,33,0.9892570686162213,graduated,Ac^ --> Ac^^,BLSTM
gobblin,34,0.9892567637525095,graduated,Ac^ --> Ac^^,BLSTM
gobblin,35,0.9892511940223053,graduated,Ac^ --> Ac^^,BLSTM
gobblin,36,0.9892515985310195,graduated,Ac^ --> Ac^^,BLSTM
gobblin,37,0.9892352983211853,graduated,Ac^ --> Ac^^,BLSTM
gobblin,38,0.9892301972594698,graduated,Ac^ --> Ac^^,BLSTM
gobblin,39,0.9892195599596346,graduated,Ac^ --> Ac^^,BLSTM
gobblin,40,0.98921073701314,graduated,Ac^ --> Ac^^,BLSTM
gobblin,41,0.9892185775484525,graduated,Ac^ --> Ac^^,BLSTM
gobblin,42,0.9892170664717523,graduated,Ac^ --> Ac^^,BLSTM
gobblin,43,0.9892206863381446,graduated,Ac^ --> Ac^^,BLSTM
gobblin,44,0.9891963158870049,graduated,Ac^ --> Ac^^,BLSTM
gobblin,45,0.9890737822916822,graduated,Ac^ --> Ac^^,BLSTM
gobblin,46,0.9039093635978384,graduated,Ac^ --> Ac^^,BLSTM
gora,1,0.9034624204700312,graduated,Ac^ --> Ac^^,BLSTM
gora,2,0.988616710323377,graduated,Ac^ --> Ac^^,BLSTM
gora,3,0.9882182111484881,graduated,Ac^ --> Ac^^,BLSTM
gora,4,0.9873973204508085,graduated,Ac^ --> Ac^^,BLSTM
gora,5,0.9850876501332007,graduated,Ac^ --> Ac^^,BLSTM
gora,6,0.9852441406301377,graduated,Ac^ --> Ac^^,BLSTM
gora,7,0.8969318847212638,graduated,Ac^ --> Ac^^,BLSTM
gora,8,0.17336515981864695,graduated,Ac^ --> Ac^^,BLSTM
gora,9,0.8950108787682386,graduated,Ac^ --> Ac^^,BLSTM
gora,10,0.9840428472218,graduated,Ac^ --> Ac^^,BLSTM
gora,11,0.9833649737929394,graduated,Ac^ --> Ac^^,BLSTM
gora,12,0.9817525844315715,graduated,Ac^ --> Ac^^,BLSTM
gora,13,0.9844028029351505,graduated,Ac^ --> Ac^^,BLSTM
gora,14,0.9847538810740495,graduated,Ac^ --> Ac^^,BLSTM
gora,15,0.900201873032267,graduated,Ac^ --> Ac^^,BLSTM
gossip,1,0.8532208720995869,retired,Ac^ --> Ac^^,BLSTM
gossip,2,0.980147213256999,retired,Ac^ --> Ac^^,BLSTM
gossip,3,0.9869989261392755,retired,Ac^ --> Ac^^,BLSTM
gossip,4,0.9874301996979514,retired,Ac^ --> Ac^^,BLSTM
gossip,5,0.9872170743763157,retired,Ac^ --> Ac^^,BLSTM
gossip,6,0.9874232509599389,retired,Ac^ --> Ac^^,BLSTM
gossip,7,0.9875326767039035,retired,Ac^ --> Ac^^,BLSTM
gossip,8,0.9878290231907084,retired,Ac^ --> Ac^^,BLSTM
gossip,9,0.9876407014158679,retired,Ac^ --> Ac^^,BLSTM
gossip,10,0.9878530220701399,retired,Ac^ --> Ac^^,BLSTM
gossip,11,0.9880315118163702,retired,Ac^ --> Ac^^,BLSTM
gossip,12,0.988266317775674,retired,Ac^ --> Ac^^,BLSTM
gossip,13,0.9880426879544018,retired,Ac^ --> Ac^^,BLSTM
gossip,14,0.9880331007706972,retired,Ac^ --> Ac^^,BLSTM
gossip,15,0.9880205361000521,retired,Ac^ --> Ac^^,BLSTM
gossip,16,0.9881618153236207,retired,Ac^ --> Ac^^,BLSTM
gossip,17,0.9882700689463566,retired,Ac^ --> Ac^^,BLSTM
gossip,18,0.985766180045152,retired,Ac^ --> Ac^^,BLSTM
gossip,19,0.8796029873188026,retired,Ac^ --> Ac^^,BLSTM
gossip,20,0.08743716039192077,retired,Ac^ --> Ac^^,BLSTM
gossip,21,0.005413511377797922,retired,Ac^ --> Ac^^,BLSTM
gossip,22,0.005258809690648097,retired,Ac^ --> Ac^^,BLSTM
gossip,23,0.0051737841048736495,retired,Ac^ --> Ac^^,BLSTM
gossip,24,0.005118728752340761,retired,Ac^ --> Ac^^,BLSTM
gossip,25,0.0050913195554492694,retired,Ac^ --> Ac^^,BLSTM
gossip,26,0.005064054598532163,retired,Ac^ --> Ac^^,BLSTM
gossip,27,0.0046109107773625825,retired,Ac^ --> Ac^^,BLSTM
graffito,1,0.8967877983660577,retired,Ac^ --> Ac^^,BLSTM
graffito,2,0.9873789833452143,retired,Ac^ --> Ac^^,BLSTM
graffito,3,0.9881259884187631,retired,Ac^ --> Ac^^,BLSTM
graffito,4,0.9883287028826216,retired,Ac^ --> Ac^^,BLSTM
graffito,5,0.9884341156093299,retired,Ac^ --> Ac^^,BLSTM
graffito,6,0.9886910253320232,retired,Ac^ --> Ac^^,BLSTM
graffito,7,0.9888179436647843,retired,Ac^ --> Ac^^,BLSTM
graffito,8,0.9888289076975122,retired,Ac^ --> Ac^^,BLSTM
graffito,9,0.9886988359170696,retired,Ac^ --> Ac^^,BLSTM
graffito,10,0.9886656059239787,retired,Ac^ --> Ac^^,BLSTM
graffito,11,0.9886332756213071,retired,Ac^ --> Ac^^,BLSTM
graffito,12,0.9888008767422551,retired,Ac^ --> Ac^^,BLSTM
graffito,13,0.988552264402938,retired,Ac^ --> Ac^^,BLSTM
graffito,14,0.988536324412003,retired,Ac^ --> Ac^^,BLSTM
graffito,15,0.9885839512763384,retired,Ac^ --> Ac^^,BLSTM
graffito,16,0.988569075282879,retired,Ac^ --> Ac^^,BLSTM
graffito,17,0.98863922698571,retired,Ac^ --> Ac^^,BLSTM
graffito,18,0.9885678177299291,retired,Ac^ --> Ac^^,BLSTM
graffito,19,0.9884190005691124,retired,Ac^ --> Ac^^,BLSTM
graffito,20,0.9883483233851691,retired,Ac^ --> Ac^^,BLSTM
graffito,21,0.9882674230581364,retired,Ac^ --> Ac^^,BLSTM
graffito,22,0.988281671110737,retired,Ac^ --> Ac^^,BLSTM
graffito,23,0.9882116278394771,retired,Ac^ --> Ac^^,BLSTM
graffito,24,0.9883241980176392,retired,Ac^ --> Ac^^,BLSTM
graffito,25,0.9882880439156131,retired,Ac^ --> Ac^^,BLSTM
graffito,26,0.987990526975809,retired,Ac^ --> Ac^^,BLSTM
graffito,27,0.9879736325193348,retired,Ac^ --> Ac^^,BLSTM
graffito,28,0.9877084638308473,retired,Ac^ --> Ac^^,BLSTM
graffito,29,0.9022364328139713,retired,Ac^ --> Ac^^,BLSTM
graffito,30,0.08939178794259298,retired,Ac^ --> Ac^^,BLSTM
griffin,1,0.9030308182477519,graduated,Ac^ --> Ac^^,BLSTM
griffin,2,0.9888550943821928,graduated,Ac^ --> Ac^^,BLSTM
griffin,3,0.9892903672127145,graduated,Ac^ --> Ac^^,BLSTM
griffin,4,0.9893562513088733,graduated,Ac^ --> Ac^^,BLSTM
griffin,5,0.9893152704215223,graduated,Ac^ --> Ac^^,BLSTM
griffin,6,0.9892373109799287,graduated,Ac^ --> Ac^^,BLSTM
griffin,7,0.9891972437874319,graduated,Ac^ --> Ac^^,BLSTM
griffin,8,0.9891875419673007,graduated,Ac^ --> Ac^^,BLSTM
griffin,9,0.9892073178920213,graduated,Ac^ --> Ac^^,BLSTM
griffin,10,0.9891557754964693,graduated,Ac^ --> Ac^^,BLSTM
griffin,11,0.9891092930559946,graduated,Ac^ --> Ac^^,BLSTM
griffin,12,0.9891265915371497,graduated,Ac^ --> Ac^^,BLSTM
griffin,13,0.9891498420251141,graduated,Ac^ --> Ac^^,BLSTM
griffin,14,0.9891607060870474,graduated,Ac^ --> Ac^^,BLSTM
griffin,15,0.9891781216304615,graduated,Ac^ --> Ac^^,BLSTM
griffin,16,0.989179468400568,graduated,Ac^ --> Ac^^,BLSTM
griffin,17,0.9891291857441855,graduated,Ac^ --> Ac^^,BLSTM
griffin,18,0.9891611091041048,graduated,Ac^ --> Ac^^,BLSTM
griffin,19,0.9891888860454665,graduated,Ac^ --> Ac^^,BLSTM
griffin,20,0.9891648783822726,graduated,Ac^ --> Ac^^,BLSTM
griffin,21,0.9890236482597222,graduated,Ac^ --> Ac^^,BLSTM
griffin,22,0.9038409257433725,graduated,Ac^ --> Ac^^,BLSTM
groovy,1,0.9035804051497245,graduated,Ac^ --> Ac^^,BLSTM
groovy,2,0.9894160506535689,graduated,Ac^ --> Ac^^,BLSTM
groovy,3,0.9896085384862546,graduated,Ac^ --> Ac^^,BLSTM
groovy,4,0.9895712722726979,graduated,Ac^ --> Ac^^,BLSTM
groovy,5,0.9892175790994143,graduated,Ac^ --> Ac^^,BLSTM
groovy,6,0.989020880799628,graduated,Ac^ --> Ac^^,BLSTM
groovy,7,0.988853850230087,graduated,Ac^ --> Ac^^,BLSTM
groovy,8,0.9036367838045901,graduated,Ac^ --> Ac^^,BLSTM
guacamole,1,0.9031077276271366,graduated,Ac^ --> Ac^^,BLSTM
guacamole,2,0.9889934816417767,graduated,Ac^ --> Ac^^,BLSTM
guacamole,3,0.9892489710562813,graduated,Ac^ --> Ac^^,BLSTM
guacamole,4,0.9891478322021965,graduated,Ac^ --> Ac^^,BLSTM
guacamole,5,0.9890085419982058,graduated,Ac^ --> Ac^^,BLSTM
guacamole,6,0.9887742912088755,graduated,Ac^ --> Ac^^,BLSTM
guacamole,7,0.9885667320713303,graduated,Ac^ --> Ac^^,BLSTM
guacamole,8,0.988457138093662,graduated,Ac^ --> Ac^^,BLSTM
guacamole,9,0.9887177727575082,graduated,Ac^ --> Ac^^,BLSTM
guacamole,10,0.9885582775417803,graduated,Ac^ --> Ac^^,BLSTM
guacamole,11,0.9887811409460814,graduated,Ac^ --> Ac^^,BLSTM
guacamole,12,0.9888764952413402,graduated,Ac^ --> Ac^^,BLSTM
guacamole,13,0.9889284151679951,graduated,Ac^ --> Ac^^,BLSTM
guacamole,14,0.988758114659343,graduated,Ac^ --> Ac^^,BLSTM
guacamole,15,0.9886853195927324,graduated,Ac^ --> Ac^^,BLSTM
guacamole,16,0.9886390418110019,graduated,Ac^ --> Ac^^,BLSTM
guacamole,17,0.988740472888655,graduated,Ac^ --> Ac^^,BLSTM
guacamole,18,0.9886242611172149,graduated,Ac^ --> Ac^^,BLSTM
guacamole,19,0.9886098436289106,graduated,Ac^ --> Ac^^,BLSTM
guacamole,20,0.9885246786187084,graduated,Ac^ --> Ac^^,BLSTM
guacamole,21,0.9034095939201686,graduated,Ac^ --> Ac^^,BLSTM
hama,1,0.9030909871754239,graduated,Ac^ --> Ac^^,BLSTM
hama,2,0.9883512206007953,graduated,Ac^ --> Ac^^,BLSTM
hama,3,0.9885388504932695,graduated,Ac^ --> Ac^^,BLSTM
hama,4,0.9884515121972872,graduated,Ac^ --> Ac^^,BLSTM
hama,5,0.988204189559222,graduated,Ac^ --> Ac^^,BLSTM
hama,6,0.9880294292881074,graduated,Ac^ --> Ac^^,BLSTM
hama,7,0.9880675241100212,graduated,Ac^ --> Ac^^,BLSTM
hama,8,0.9880892576072585,graduated,Ac^ --> Ac^^,BLSTM
hama,9,0.9881996109728168,graduated,Ac^ --> Ac^^,BLSTM
hama,10,0.9882023887691469,graduated,Ac^ --> Ac^^,BLSTM
hama,11,0.9882319755857671,graduated,Ac^ --> Ac^^,BLSTM
hama,12,0.9882471183756606,graduated,Ac^ --> Ac^^,BLSTM
hama,13,0.9882317630110654,graduated,Ac^ --> Ac^^,BLSTM
hama,14,0.9881622447948969,graduated,Ac^ --> Ac^^,BLSTM
hama,15,0.9880833723921724,graduated,Ac^ --> Ac^^,BLSTM
hama,16,0.9868529965752539,graduated,Ac^ --> Ac^^,BLSTM
hama,17,0.986792333959388,graduated,Ac^ --> Ac^^,BLSTM
hama,18,0.9872122245205248,graduated,Ac^ --> Ac^^,BLSTM
hama,19,0.9872863284190038,graduated,Ac^ --> Ac^^,BLSTM
hama,20,0.9867456215509927,graduated,Ac^ --> Ac^^,BLSTM
hama,21,0.9868575959740048,graduated,Ac^ --> Ac^^,BLSTM
hama,22,0.9864534740260638,graduated,Ac^ --> Ac^^,BLSTM
hama,23,0.9869395034429058,graduated,Ac^ --> Ac^^,BLSTM
hama,24,0.9869947271422578,graduated,Ac^ --> Ac^^,BLSTM
hama,25,0.9871981006722573,graduated,Ac^ --> Ac^^,BLSTM
hama,26,0.9871781065322761,graduated,Ac^ --> Ac^^,BLSTM
hama,27,0.9872085315204764,graduated,Ac^ --> Ac^^,BLSTM
hama,28,0.9872518864924067,graduated,Ac^ --> Ac^^,BLSTM
hama,29,0.9873343651721346,graduated,Ac^ --> Ac^^,BLSTM
hama,30,0.9872224697741007,graduated,Ac^ --> Ac^^,BLSTM
hama,31,0.9872158243111266,graduated,Ac^ --> Ac^^,BLSTM
hama,32,0.9872139529927513,graduated,Ac^ --> Ac^^,BLSTM
hama,33,0.987233616081419,graduated,Ac^ --> Ac^^,BLSTM
hama,34,0.9872026114296586,graduated,Ac^ --> Ac^^,BLSTM
hama,35,0.9871870472285652,graduated,Ac^ --> Ac^^,BLSTM
hama,36,0.9871876519286453,graduated,Ac^ --> Ac^^,BLSTM
hama,37,0.9872299095088382,graduated,Ac^ --> Ac^^,BLSTM
hama,38,0.9871845415761892,graduated,Ac^ --> Ac^^,BLSTM
hama,39,0.9872562178275534,graduated,Ac^ --> Ac^^,BLSTM
hama,40,0.9872889477158162,graduated,Ac^ --> Ac^^,BLSTM
hama,41,0.9873203758708816,graduated,Ac^ --> Ac^^,BLSTM
hama,42,0.9874300944606346,graduated,Ac^ --> Ac^^,BLSTM
hama,43,0.987442983312613,graduated,Ac^ --> Ac^^,BLSTM
hama,44,0.9874641022113536,graduated,Ac^ --> Ac^^,BLSTM
hama,45,0.9875323302552921,graduated,Ac^ --> Ac^^,BLSTM
hama,46,0.9875374412729656,graduated,Ac^ --> Ac^^,BLSTM
hama,47,0.9874590297493878,graduated,Ac^ --> Ac^^,BLSTM
hama,48,0.902503384580872,graduated,Ac^ --> Ac^^,BLSTM
harmony,1,0.9004507814653624,graduated,Ac^ --> Ac^^,BLSTM
harmony,2,0.9855076512079763,graduated,Ac^ --> Ac^^,BLSTM
harmony,3,0.9857870423305962,graduated,Ac^ --> Ac^^,BLSTM
harmony,4,0.9861502135570344,graduated,Ac^ --> Ac^^,BLSTM
harmony,5,0.9878179555137219,graduated,Ac^ --> Ac^^,BLSTM
harmony,6,0.9879593087083987,graduated,Ac^ --> Ac^^,BLSTM
harmony,7,0.9884752080979605,graduated,Ac^ --> Ac^^,BLSTM
harmony,8,0.9886547090178811,graduated,Ac^ --> Ac^^,BLSTM
harmony,9,0.9887421595807616,graduated,Ac^ --> Ac^^,BLSTM
harmony,10,0.9888224031208681,graduated,Ac^ --> Ac^^,BLSTM
harmony,11,0.988884238709179,graduated,Ac^ --> Ac^^,BLSTM
harmony,12,0.9889311987167044,graduated,Ac^ --> Ac^^,BLSTM
harmony,13,0.9889682123868645,graduated,Ac^ --> Ac^^,BLSTM
harmony,14,0.9889958268304558,graduated,Ac^ --> Ac^^,BLSTM
harmony,15,0.9890201416577754,graduated,Ac^ --> Ac^^,BLSTM
harmony,16,0.9889438203705224,graduated,Ac^ --> Ac^^,BLSTM
harmony,17,0.9038351372474545,graduated,Ac^ --> Ac^^,BLSTM
hawq,1,0.9042390455267159,graduated,Ac^ --> Ac^^,BLSTM
hawq,2,0.9896213098735691,graduated,Ac^ --> Ac^^,BLSTM
hawq,3,0.9896808670066329,graduated,Ac^ --> Ac^^,BLSTM
hawq,4,0.9896226137904071,graduated,Ac^ --> Ac^^,BLSTM
hawq,5,0.9895656528480218,graduated,Ac^ --> Ac^^,BLSTM
hawq,6,0.989461395546296,graduated,Ac^ --> Ac^^,BLSTM
hawq,7,0.9893916545487238,graduated,Ac^ --> Ac^^,BLSTM
hawq,8,0.9894135789606533,graduated,Ac^ --> Ac^^,BLSTM
hawq,9,0.9894391475464893,graduated,Ac^ --> Ac^^,BLSTM
hawq,10,0.9894449747332513,graduated,Ac^ --> Ac^^,BLSTM
hawq,11,0.9894226128815946,graduated,Ac^ --> Ac^^,BLSTM
hawq,12,0.9894178617469142,graduated,Ac^ --> Ac^^,BLSTM
hawq,13,0.9894190205248126,graduated,Ac^ --> Ac^^,BLSTM
hawq,14,0.9893968544350652,graduated,Ac^ --> Ac^^,BLSTM
hawq,15,0.9893292639443138,graduated,Ac^ --> Ac^^,BLSTM
hawq,16,0.9892978665185537,graduated,Ac^ --> Ac^^,BLSTM
hawq,17,0.9893292053426141,graduated,Ac^ --> Ac^^,BLSTM
hawq,18,0.9893419905761239,graduated,Ac^ --> Ac^^,BLSTM
hawq,19,0.9893072842093497,graduated,Ac^ --> Ac^^,BLSTM
hawq,20,0.9893230067355778,graduated,Ac^ --> Ac^^,BLSTM
hawq,21,0.9893279204669856,graduated,Ac^ --> Ac^^,BLSTM
hawq,22,0.9892580890120453,graduated,Ac^ --> Ac^^,BLSTM
hawq,23,0.9892122984256575,graduated,Ac^ --> Ac^^,BLSTM
hawq,24,0.9891770019606918,graduated,Ac^ --> Ac^^,BLSTM
hawq,25,0.9891452512181528,graduated,Ac^ --> Ac^^,BLSTM
hawq,26,0.9891215270191729,graduated,Ac^ --> Ac^^,BLSTM
hawq,27,0.9890834810691161,graduated,Ac^ --> Ac^^,BLSTM
hawq,28,0.9890473526277345,graduated,Ac^ --> Ac^^,BLSTM
hawq,29,0.98900952041415,graduated,Ac^ --> Ac^^,BLSTM
hawq,30,0.9890134772726336,graduated,Ac^ --> Ac^^,BLSTM
hawq,31,0.9890863712952433,graduated,Ac^ --> Ac^^,BLSTM
hawq,32,0.989060854450627,graduated,Ac^ --> Ac^^,BLSTM
hawq,33,0.9890375070088371,graduated,Ac^ --> Ac^^,BLSTM
hawq,34,0.9889175337201915,graduated,Ac^ --> Ac^^,BLSTM
hawq,35,0.9037746194841534,graduated,Ac^ --> Ac^^,BLSTM
hcatalog,1,0.8995906707529191,graduated,Ac^ --> Ac^^,BLSTM
hcatalog,2,0.9885108815304292,graduated,Ac^ --> Ac^^,BLSTM
hcatalog,3,0.9887687409571111,graduated,Ac^ --> Ac^^,BLSTM
hcatalog,4,0.9888720507425852,graduated,Ac^ --> Ac^^,BLSTM
hcatalog,5,0.988839223507052,graduated,Ac^ --> Ac^^,BLSTM
hcatalog,6,0.9887820179374768,graduated,Ac^ --> Ac^^,BLSTM
hcatalog,7,0.9889060531327964,graduated,Ac^ --> Ac^^,BLSTM
hcatalog,8,0.9887957108397512,graduated,Ac^ --> Ac^^,BLSTM
hcatalog,9,0.9887373765066382,graduated,Ac^ --> Ac^^,BLSTM
hcatalog,10,0.9887214660303527,graduated,Ac^ --> Ac^^,BLSTM
hcatalog,11,0.9887147112130129,graduated,Ac^ --> Ac^^,BLSTM
hcatalog,12,0.9887495055643618,graduated,Ac^ --> Ac^^,BLSTM
hcatalog,13,0.988706558485678,graduated,Ac^ --> Ac^^,BLSTM
hcatalog,14,0.9887448802815497,graduated,Ac^ --> Ac^^,BLSTM
hcatalog,15,0.9887692185271905,graduated,Ac^ --> Ac^^,BLSTM
hcatalog,16,0.9888130427291654,graduated,Ac^ --> Ac^^,BLSTM
hcatalog,17,0.9888350042632924,graduated,Ac^ --> Ac^^,BLSTM
hcatalog,18,0.9887819931711561,graduated,Ac^ --> Ac^^,BLSTM
hcatalog,19,0.9887408425402241,graduated,Ac^ --> Ac^^,BLSTM
hcatalog,20,0.9887128734527638,graduated,Ac^ --> Ac^^,BLSTM
hcatalog,21,0.9887279521993725,graduated,Ac^ --> Ac^^,BLSTM
hcatalog,22,0.9886300970559587,graduated,Ac^ --> Ac^^,BLSTM
hcatalog,23,0.9035031194735191,graduated,Ac^ --> Ac^^,BLSTM
hdt,1,0.9030902677202813,retired,Ac^ --> Ac^^,BLSTM
hdt,2,0.9880160135873003,retired,Ac^ --> Ac^^,BLSTM
hdt,3,0.9875796292656084,retired,Ac^ --> Ac^^,BLSTM
hdt,4,0.9869565796147561,retired,Ac^ --> Ac^^,BLSTM
hdt,5,0.9867068160321931,retired,Ac^ --> Ac^^,BLSTM
hdt,6,0.9868643768406058,retired,Ac^ --> Ac^^,BLSTM
hdt,7,0.9869169081357836,retired,Ac^ --> Ac^^,BLSTM
hdt,8,0.985727264457151,retired,Ac^ --> Ac^^,BLSTM
hdt,9,0.9861958499252211,retired,Ac^ --> Ac^^,BLSTM
hdt,10,0.9845997887585749,retired,Ac^ --> Ac^^,BLSTM
hdt,11,0.9777391025051484,retired,Ac^ --> Ac^^,BLSTM
hdt,12,0.8539103509726105,retired,Ac^ --> Ac^^,BLSTM
hdt,13,0.08496256632354494,retired,Ac^ --> Ac^^,BLSTM
hdt,14,0.0053466970987012035,retired,Ac^ --> Ac^^,BLSTM
hdt,15,0.005155208868647354,retired,Ac^ --> Ac^^,BLSTM
hdt,16,0.0051810756608837456,retired,Ac^ --> Ac^^,BLSTM
hdt,17,0.07402783481308281,retired,Ac^ --> Ac^^,BLSTM
hdt,18,0.7499230442090611,retired,Ac^ --> Ac^^,BLSTM
hdt,19,0.951052083531912,retired,Ac^ --> Ac^^,BLSTM
hdt,20,0.9711133606207983,retired,Ac^ --> Ac^^,BLSTM
hdt,21,0.8816018389259269,retired,Ac^ --> Ac^^,BLSTM
hdt,22,0.08751786549552702,retired,Ac^ --> Ac^^,BLSTM
hdt,23,0.005039023872765358,retired,Ac^ --> Ac^^,BLSTM
hdt,24,0.004538016950048752,retired,Ac^ --> Ac^^,BLSTM
helix,1,0.09316141497485052,graduated,Ac^ --> Ac^^,BLSTM
helix,2,0.8872730513893193,graduated,Ac^ --> Ac^^,BLSTM
helix,3,0.9851345625372422,graduated,Ac^ --> Ac^^,BLSTM
helix,4,0.987746804776782,graduated,Ac^ --> Ac^^,BLSTM
helix,5,0.9882327467036968,graduated,Ac^ --> Ac^^,BLSTM
helix,6,0.9883820761359201,graduated,Ac^ --> Ac^^,BLSTM
helix,7,0.9885508453512329,graduated,Ac^ --> Ac^^,BLSTM
helix,8,0.9886076183326079,graduated,Ac^ --> Ac^^,BLSTM
helix,9,0.9885499992266745,graduated,Ac^ --> Ac^^,BLSTM
helix,10,0.9885631452958284,graduated,Ac^ --> Ac^^,BLSTM
helix,11,0.9887443596059883,graduated,Ac^ --> Ac^^,BLSTM
helix,12,0.9888496154925339,graduated,Ac^ --> Ac^^,BLSTM
helix,13,0.9888178692727392,graduated,Ac^ --> Ac^^,BLSTM
helix,14,0.9038181024351131,graduated,Ac^ --> Ac^^,BLSTM
heraldry,1,0.9022591365126573,retired,Ac^ --> Ac^^,BLSTM
heraldry,2,0.9890546779520099,retired,Ac^ --> Ac^^,BLSTM
heraldry,3,0.9893883720949049,retired,Ac^ --> Ac^^,BLSTM
heraldry,4,0.9890450480666273,retired,Ac^ --> Ac^^,BLSTM
heraldry,5,0.9888972245783461,retired,Ac^ --> Ac^^,BLSTM
heraldry,6,0.9891455476408746,retired,Ac^ --> Ac^^,BLSTM
heraldry,7,0.9883732981911706,retired,Ac^ --> Ac^^,BLSTM
heraldry,8,0.9878222682403542,retired,Ac^ --> Ac^^,BLSTM
heraldry,9,0.909315309450258,retired,Ac^ --> Ac^^,BLSTM
heraldry,10,0.15079272089741258,retired,Ac^ --> Ac^^,BLSTM
heraldry,11,0.011460064068264513,retired,Ac^ --> Ac^^,BLSTM
hise,1,0.8596293523838867,retired,Ac^ --> Ac^^,BLSTM
hise,2,0.9832335781107482,retired,Ac^ --> Ac^^,BLSTM
hise,3,0.9881580051196038,retired,Ac^ --> Ac^^,BLSTM
hise,4,0.9038418322111932,retired,Ac^ --> Ac^^,BLSTM
hise,5,0.1750159446761338,retired,Ac^ --> Ac^^,BLSTM
hise,6,0.9007367634154271,retired,Ac^ --> Ac^^,BLSTM
hise,7,0.9872863439339405,retired,Ac^ --> Ac^^,BLSTM
hise,8,0.9876127054331474,retired,Ac^ --> Ac^^,BLSTM
hise,9,0.9877738351256838,retired,Ac^ --> Ac^^,BLSTM
hise,10,0.9877324490724392,retired,Ac^ --> Ac^^,BLSTM
hise,11,0.9089661947100166,retired,Ac^ --> Ac^^,BLSTM
hise,12,0.144113322253442,retired,Ac^ --> Ac^^,BLSTM
hise,13,0.011034279033443114,retired,Ac^ --> Ac^^,BLSTM
hise,14,0.005334204227074022,retired,Ac^ --> Ac^^,BLSTM
hise,15,0.005206827433512795,retired,Ac^ --> Ac^^,BLSTM
hise,16,0.005132151850325482,retired,Ac^ --> Ac^^,BLSTM
hise,17,0.005076211654887747,retired,Ac^ --> Ac^^,BLSTM
hise,18,0.005151189637286818,retired,Ac^ --> Ac^^,BLSTM
hise,19,0.0867770545326832,retired,Ac^ --> Ac^^,BLSTM
hise,20,0.7911283036813319,retired,Ac^ --> Ac^^,BLSTM
hise,21,0.08673692017448095,retired,Ac^ --> Ac^^,BLSTM
hise,22,0.0050636100337322345,retired,Ac^ --> Ac^^,BLSTM
hise,23,0.004965770068149956,retired,Ac^ --> Ac^^,BLSTM
hise,24,0.004961071378892222,retired,Ac^ --> Ac^^,BLSTM
hise,25,0.0049593328981101135,retired,Ac^ --> Ac^^,BLSTM
hise,26,0.004539486619339636,retired,Ac^ --> Ac^^,BLSTM
horn,1,0.8941576174039935,retired,Ac^ --> Ac^^,BLSTM
horn,2,0.9857697123939712,retired,Ac^ --> Ac^^,BLSTM
horn,3,0.9849613863732265,retired,Ac^ --> Ac^^,BLSTM
horn,4,0.8840186834522434,retired,Ac^ --> Ac^^,BLSTM
horn,5,0.0879640045353064,retired,Ac^ --> Ac^^,BLSTM
horn,6,0.0054225581575328375,retired,Ac^ --> Ac^^,BLSTM
horn,7,0.005461716782336316,retired,Ac^ --> Ac^^,BLSTM
horn,8,0.08844855771930321,retired,Ac^ --> Ac^^,BLSTM
horn,9,0.8823099091956649,retired,Ac^ --> Ac^^,BLSTM
horn,10,0.977963742751775,retired,Ac^ --> Ac^^,BLSTM
horn,11,0.8948854974213131,retired,Ac^ --> Ac^^,BLSTM
horn,12,0.09763471224703565,retired,Ac^ --> Ac^^,BLSTM
horn,13,0.009821895758430928,retired,Ac^ --> Ac^^,BLSTM
horn,14,0.0053577679030204165,retired,Ac^ --> Ac^^,BLSTM
horn,15,0.004985337406839486,retired,Ac^ --> Ac^^,BLSTM
horn,16,0.08677473361442854,retired,Ac^ --> Ac^^,BLSTM
horn,17,0.7916947996128066,retired,Ac^ --> Ac^^,BLSTM
horn,18,0.08674177852387141,retired,Ac^ --> Ac^^,BLSTM
horn,19,0.005051473491941309,retired,Ac^ --> Ac^^,BLSTM
horn,20,0.004982148347829188,retired,Ac^ --> Ac^^,BLSTM
horn,21,0.004984697525278043,retired,Ac^ --> Ac^^,BLSTM
horn,22,0.004557855852303897,retired,Ac^ --> Ac^^,BLSTM
htrace,1,0.8923956887993622,retired,Ac^ --> Ac^^,BLSTM
htrace,2,0.9864626562920743,retired,Ac^ --> Ac^^,BLSTM
htrace,3,0.9882491158388532,retired,Ac^ --> Ac^^,BLSTM
htrace,4,0.9884227402740211,retired,Ac^ --> Ac^^,BLSTM
htrace,5,0.9885611585262966,retired,Ac^ --> Ac^^,BLSTM
htrace,6,0.9887719958038247,retired,Ac^ --> Ac^^,BLSTM
htrace,7,0.9886799398564053,retired,Ac^ --> Ac^^,BLSTM
htrace,8,0.9887664798900805,retired,Ac^ --> Ac^^,BLSTM
htrace,9,0.9888870345684896,retired,Ac^ --> Ac^^,BLSTM
htrace,10,0.9888777149065312,retired,Ac^ --> Ac^^,BLSTM
htrace,11,0.9889166902262491,retired,Ac^ --> Ac^^,BLSTM
htrace,12,0.9888858561963227,retired,Ac^ --> Ac^^,BLSTM
htrace,13,0.9888236406597822,retired,Ac^ --> Ac^^,BLSTM
htrace,14,0.9887796837444,retired,Ac^ --> Ac^^,BLSTM
htrace,15,0.9887277998193861,retired,Ac^ --> Ac^^,BLSTM
htrace,16,0.9886486551314575,retired,Ac^ --> Ac^^,BLSTM
htrace,17,0.9886411823688201,retired,Ac^ --> Ac^^,BLSTM
htrace,18,0.9886744643959224,retired,Ac^ --> Ac^^,BLSTM
htrace,19,0.988592169165337,retired,Ac^ --> Ac^^,BLSTM
htrace,20,0.9885626363420944,retired,Ac^ --> Ac^^,BLSTM
htrace,21,0.9884544620805239,retired,Ac^ --> Ac^^,BLSTM
htrace,22,0.9883209810540803,retired,Ac^ --> Ac^^,BLSTM
htrace,23,0.9882003145147714,retired,Ac^ --> Ac^^,BLSTM
htrace,24,0.9054710931971905,retired,Ac^ --> Ac^^,BLSTM
htrace,25,0.10744457049103584,retired,Ac^ --> Ac^^,BLSTM
htrace,26,0.007301212855780984,retired,Ac^ --> Ac^^,BLSTM
htrace,27,0.00538294361883065,retired,Ac^ --> Ac^^,BLSTM
htrace,28,0.005304341409257747,retired,Ac^ --> Ac^^,BLSTM
htrace,29,0.005197207856241809,retired,Ac^ --> Ac^^,BLSTM
htrace,30,0.005139528553681411,retired,Ac^ --> Ac^^,BLSTM
htrace,31,0.0051169955879788905,retired,Ac^ --> Ac^^,BLSTM
htrace,32,0.005105787520025748,retired,Ac^ --> Ac^^,BLSTM
htrace,33,0.005090102693413449,retired,Ac^ --> Ac^^,BLSTM
htrace,34,0.005073102176415268,retired,Ac^ --> Ac^^,BLSTM
htrace,35,0.005061044546697437,retired,Ac^ --> Ac^^,BLSTM
htrace,36,0.005050024420229756,retired,Ac^ --> Ac^^,BLSTM
htrace,37,0.0050375345250396695,retired,Ac^ --> Ac^^,BLSTM
htrace,38,0.005027769230888106,retired,Ac^ --> Ac^^,BLSTM
htrace,39,0.005022501560050545,retired,Ac^ --> Ac^^,BLSTM
htrace,40,0.005016678061682443,retired,Ac^ --> Ac^^,BLSTM
htrace,41,0.004581513545322522,retired,Ac^ --> Ac^^,BLSTM
hudi,1,0.8507168030332235,graduated,Ac^ --> Ac^^,BLSTM
hudi,2,0.9811021007938479,graduated,Ac^ --> Ac^^,BLSTM
hudi,3,0.9880776543811333,graduated,Ac^ --> Ac^^,BLSTM
hudi,4,0.9880596163265305,graduated,Ac^ --> Ac^^,BLSTM
hudi,5,0.988500976703677,graduated,Ac^ --> Ac^^,BLSTM
hudi,6,0.9887678313083599,graduated,Ac^ --> Ac^^,BLSTM
hudi,7,0.9887944254517331,graduated,Ac^ --> Ac^^,BLSTM
hudi,8,0.9889048908056298,graduated,Ac^ --> Ac^^,BLSTM
hudi,9,0.9888931511084295,graduated,Ac^ --> Ac^^,BLSTM
hudi,10,0.9889821494704449,graduated,Ac^ --> Ac^^,BLSTM
hudi,11,0.9890119285708808,graduated,Ac^ --> Ac^^,BLSTM
hudi,12,0.9890492569780718,graduated,Ac^ --> Ac^^,BLSTM
hudi,13,0.9890694547635379,graduated,Ac^ --> Ac^^,BLSTM
hudi,14,0.9890825168231943,graduated,Ac^ --> Ac^^,BLSTM
hudi,15,0.9890033832501225,graduated,Ac^ --> Ac^^,BLSTM
hudi,16,0.9038788997592383,graduated,Ac^ --> Ac^^,BLSTM
ibatis,1,0.901443090479578,graduated,Ac^ --> Ac^^,BLSTM
ibatis,2,0.9871245888976402,graduated,Ac^ --> Ac^^,BLSTM
ibatis,3,0.9873435243181939,graduated,Ac^ --> Ac^^,BLSTM
ibatis,4,0.9871449954519362,graduated,Ac^ --> Ac^^,BLSTM
ibatis,5,0.9020696008855622,graduated,Ac^ --> Ac^^,BLSTM
iceberg,1,0.9027956539029269,graduated,Ac^ --> Ac^^,BLSTM
iceberg,2,0.9893069645623365,graduated,Ac^ --> Ac^^,BLSTM
iceberg,3,0.989565127756915,graduated,Ac^ --> Ac^^,BLSTM
iceberg,4,0.9893432113312837,graduated,Ac^ --> Ac^^,BLSTM
iceberg,5,0.989438710373146,graduated,Ac^ --> Ac^^,BLSTM
iceberg,6,0.989448854580208,graduated,Ac^ --> Ac^^,BLSTM
iceberg,7,0.989437799312483,graduated,Ac^ --> Ac^^,BLSTM
iceberg,8,0.9894291531412842,graduated,Ac^ --> Ac^^,BLSTM
iceberg,9,0.9894203737185809,graduated,Ac^ --> Ac^^,BLSTM
iceberg,10,0.9893914771737359,graduated,Ac^ --> Ac^^,BLSTM
iceberg,11,0.9893089415870429,graduated,Ac^ --> Ac^^,BLSTM
iceberg,12,0.989340761503107,graduated,Ac^ --> Ac^^,BLSTM
iceberg,13,0.9893651790014245,graduated,Ac^ --> Ac^^,BLSTM
iceberg,14,0.9893514917964832,graduated,Ac^ --> Ac^^,BLSTM
iceberg,15,0.9892420947663616,graduated,Ac^ --> Ac^^,BLSTM
iceberg,16,0.9891895687379928,graduated,Ac^ --> Ac^^,BLSTM
iceberg,17,0.9891248788033534,graduated,Ac^ --> Ac^^,BLSTM
iceberg,18,0.9040140165776046,graduated,Ac^ --> Ac^^,BLSTM
ignite,1,0.9038134062304894,graduated,Ac^ --> Ac^^,BLSTM
ignite,2,0.9892322665343424,graduated,Ac^ --> Ac^^,BLSTM
ignite,3,0.989369906984441,graduated,Ac^ --> Ac^^,BLSTM
ignite,4,0.9894088680862054,graduated,Ac^ --> Ac^^,BLSTM
ignite,5,0.9894626075003168,graduated,Ac^ --> Ac^^,BLSTM
ignite,6,0.9894726921814527,graduated,Ac^ --> Ac^^,BLSTM
ignite,7,0.9894653770104482,graduated,Ac^ --> Ac^^,BLSTM
ignite,8,0.9894528219518529,graduated,Ac^ --> Ac^^,BLSTM
ignite,9,0.989435908256579,graduated,Ac^ --> Ac^^,BLSTM
ignite,10,0.9893372554002785,graduated,Ac^ --> Ac^^,BLSTM
ignite,11,0.9040633970738915,graduated,Ac^ --> Ac^^,BLSTM
impala,1,0.9043574923602344,graduated,Ac^ --> Ac^^,BLSTM
impala,2,0.9895857338351417,graduated,Ac^ --> Ac^^,BLSTM
impala,3,0.9896622694375846,graduated,Ac^ --> Ac^^,BLSTM
impala,4,0.989624634834202,graduated,Ac^ --> Ac^^,BLSTM
impala,5,0.9896012382969759,graduated,Ac^ --> Ac^^,BLSTM
impala,6,0.9895729220998892,graduated,Ac^ --> Ac^^,BLSTM
impala,7,0.9895427933408236,graduated,Ac^ --> Ac^^,BLSTM
impala,8,0.9895141384573951,graduated,Ac^ --> Ac^^,BLSTM
impala,9,0.9894820160723028,graduated,Ac^ --> Ac^^,BLSTM
impala,10,0.9894357198246511,graduated,Ac^ --> Ac^^,BLSTM
impala,11,0.9894079871424343,graduated,Ac^ --> Ac^^,BLSTM
impala,12,0.989412417460452,graduated,Ac^ --> Ac^^,BLSTM
impala,13,0.9894167498986914,graduated,Ac^ --> Ac^^,BLSTM
impala,14,0.9894084277248508,graduated,Ac^ --> Ac^^,BLSTM
impala,15,0.9894117334818808,graduated,Ac^ --> Ac^^,BLSTM
impala,16,0.9894001758275822,graduated,Ac^ --> Ac^^,BLSTM
impala,17,0.9893925325704824,graduated,Ac^ --> Ac^^,BLSTM
impala,18,0.9893873508300872,graduated,Ac^ --> Ac^^,BLSTM
impala,19,0.9893774456898133,graduated,Ac^ --> Ac^^,BLSTM
impala,20,0.9893599053059051,graduated,Ac^ --> Ac^^,BLSTM
impala,21,0.9892759950235223,graduated,Ac^ --> Ac^^,BLSTM
impala,22,0.9891236324667402,graduated,Ac^ --> Ac^^,BLSTM
impala,23,0.9039444190256883,graduated,Ac^ --> Ac^^,BLSTM
imperius,1,0.09240981179621933,retired,Ac^ --> Ac^^,BLSTM
imperius,2,0.8896917971321275,retired,Ac^ --> Ac^^,BLSTM
imperius,3,0.9836077725179387,retired,Ac^ --> Ac^^,BLSTM
imperius,4,0.9020843882777752,retired,Ac^ --> Ac^^,BLSTM
imperius,5,0.09169299178697246,retired,Ac^ --> Ac^^,BLSTM
imperius,6,0.0056786623420699124,retired,Ac^ --> Ac^^,BLSTM
imperius,7,0.09040102773478695,retired,Ac^ --> Ac^^,BLSTM
imperius,8,0.8964444750060386,retired,Ac^ --> Ac^^,BLSTM
imperius,9,0.9823898778230951,retired,Ac^ --> Ac^^,BLSTM
imperius,10,0.983581689080642,retired,Ac^ --> Ac^^,BLSTM
imperius,11,0.9562303193008238,retired,Ac^ --> Ac^^,BLSTM
imperius,12,0.7206409259223719,retired,Ac^ --> Ac^^,BLSTM
imperius,13,0.8645756468087423,retired,Ac^ --> Ac^^,BLSTM
imperius,14,0.0896838040018916,retired,Ac^ --> Ac^^,BLSTM
imperius,15,0.005268279878314116,retired,Ac^ --> Ac^^,BLSTM
imperius,16,0.005084069578055204,retired,Ac^ --> Ac^^,BLSTM
imperius,17,0.005063784869327072,retired,Ac^ --> Ac^^,BLSTM
imperius,18,0.005011658248863842,retired,Ac^ --> Ac^^,BLSTM
imperius,19,0.005025361017324128,retired,Ac^ --> Ac^^,BLSTM
imperius,20,0.005024242553356841,retired,Ac^ --> Ac^^,BLSTM
imperius,21,0.005104687510041386,retired,Ac^ --> Ac^^,BLSTM
imperius,22,0.08817197312529544,retired,Ac^ --> Ac^^,BLSTM
imperius,23,0.8876147416545143,retired,Ac^ --> Ac^^,BLSTM
imperius,24,0.9716791662653588,retired,Ac^ --> Ac^^,BLSTM
imperius,25,0.8815842167106067,retired,Ac^ --> Ac^^,BLSTM
imperius,26,0.08745787994144276,retired,Ac^ --> Ac^^,BLSTM
imperius,27,0.00499498713643862,retired,Ac^ --> Ac^^,BLSTM
imperius,28,0.005082812919322523,retired,Ac^ --> Ac^^,BLSTM
imperius,29,0.08846982683087204,retired,Ac^ --> Ac^^,BLSTM
imperius,30,0.8033038912073764,retired,Ac^ --> Ac^^,BLSTM
imperius,31,0.08783179629727696,retired,Ac^ --> Ac^^,BLSTM
imperius,32,0.004884259797657173,retired,Ac^ --> Ac^^,BLSTM
imperius,33,0.004827644567100034,retired,Ac^ --> Ac^^,BLSTM
imperius,34,0.004863609121960433,retired,Ac^ --> Ac^^,BLSTM
imperius,35,0.004889056656627786,retired,Ac^ --> Ac^^,BLSTM
imperius,36,0.004903067806994136,retired,Ac^ --> Ac^^,BLSTM
imperius,37,0.004935942708309555,retired,Ac^ --> Ac^^,BLSTM
imperius,38,0.004953496217949214,retired,Ac^ --> Ac^^,BLSTM
imperius,39,0.0049559924895295135,retired,Ac^ --> Ac^^,BLSTM
imperius,40,0.0049555129236446005,retired,Ac^ --> Ac^^,BLSTM
imperius,41,0.004529771062708136,retired,Ac^ --> Ac^^,BLSTM
iota,1,0.904126985381299,retired,Ac^ --> Ac^^,BLSTM
iota,2,0.9889625848289522,retired,Ac^ --> Ac^^,BLSTM
iota,3,0.9890321714972654,retired,Ac^ --> Ac^^,BLSTM
iota,4,0.988693127784598,retired,Ac^ --> Ac^^,BLSTM
iota,5,0.988654045739535,retired,Ac^ --> Ac^^,BLSTM
iota,6,0.9881973469797578,retired,Ac^ --> Ac^^,BLSTM
iota,7,0.9883055446932575,retired,Ac^ --> Ac^^,BLSTM
iota,8,0.9883504544820775,retired,Ac^ --> Ac^^,BLSTM
iota,9,0.9881357298471147,retired,Ac^ --> Ac^^,BLSTM
iota,10,0.9874150596798393,retired,Ac^ --> Ac^^,BLSTM
iota,11,0.898679793713079,retired,Ac^ --> Ac^^,BLSTM
iota,12,0.17123321105231343,retired,Ac^ --> Ac^^,BLSTM
iota,13,0.7914722543719437,retired,Ac^ --> Ac^^,BLSTM
iota,14,0.08713560635033044,retired,Ac^ --> Ac^^,BLSTM
iota,15,0.005392997270219366,retired,Ac^ --> Ac^^,BLSTM
iota,16,0.005218225298806748,retired,Ac^ --> Ac^^,BLSTM
iota,17,0.005165749080015244,retired,Ac^ --> Ac^^,BLSTM
iota,18,0.005150119033837805,retired,Ac^ --> Ac^^,BLSTM
iota,19,0.005128932095514332,retired,Ac^ --> Ac^^,BLSTM
iota,20,0.005099408735229395,retired,Ac^ --> Ac^^,BLSTM
iota,21,0.005071472491762498,retired,Ac^ --> Ac^^,BLSTM
iota,22,0.005059033155382545,retired,Ac^ --> Ac^^,BLSTM
iota,23,0.0050492810457414185,retired,Ac^ --> Ac^^,BLSTM
iota,24,0.004601171980564294,retired,Ac^ --> Ac^^,BLSTM
iotdb,1,0.9039260137883625,graduated,Ac^ --> Ac^^,BLSTM
iotdb,2,0.9894634727276462,graduated,Ac^ --> Ac^^,BLSTM
iotdb,3,0.9895725188737781,graduated,Ac^ --> Ac^^,BLSTM
iotdb,4,0.9895470695963959,graduated,Ac^ --> Ac^^,BLSTM
iotdb,5,0.9895162247117844,graduated,Ac^ --> Ac^^,BLSTM
iotdb,6,0.9894974298114598,graduated,Ac^ --> Ac^^,BLSTM
iotdb,7,0.9894746332399206,graduated,Ac^ --> Ac^^,BLSTM
iotdb,8,0.9894539839602953,graduated,Ac^ --> Ac^^,BLSTM
iotdb,9,0.9894341998051137,graduated,Ac^ --> Ac^^,BLSTM
iotdb,10,0.9894141272438953,graduated,Ac^ --> Ac^^,BLSTM
iotdb,11,0.9894001917121146,graduated,Ac^ --> Ac^^,BLSTM
iotdb,12,0.9893893064582139,graduated,Ac^ --> Ac^^,BLSTM
iotdb,13,0.9893820247842008,graduated,Ac^ --> Ac^^,BLSTM
iotdb,14,0.9893792929104298,graduated,Ac^ --> Ac^^,BLSTM
iotdb,15,0.9893748110704581,graduated,Ac^ --> Ac^^,BLSTM
iotdb,16,0.9893754798638958,graduated,Ac^ --> Ac^^,BLSTM
iotdb,17,0.9893745951728121,graduated,Ac^ --> Ac^^,BLSTM
iotdb,18,0.9893741433679183,graduated,Ac^ --> Ac^^,BLSTM
iotdb,19,0.9893730591454472,graduated,Ac^ --> Ac^^,BLSTM
iotdb,20,0.9893722859704099,graduated,Ac^ --> Ac^^,BLSTM
iotdb,21,0.9892762956683344,graduated,Ac^ --> Ac^^,BLSTM
iotdb,22,0.9041192296298359,graduated,Ac^ --> Ac^^,BLSTM
isis,1,0.9011814000269591,graduated,Ac^ --> Ac^^,BLSTM
isis,2,0.9884344098838752,graduated,Ac^ --> Ac^^,BLSTM
isis,3,0.9891514175799314,graduated,Ac^ --> Ac^^,BLSTM
isis,4,0.9892410531312439,graduated,Ac^ --> Ac^^,BLSTM
isis,5,0.9892807092038061,graduated,Ac^ --> Ac^^,BLSTM
isis,6,0.9892630542496447,graduated,Ac^ --> Ac^^,BLSTM
isis,7,0.9892579072267882,graduated,Ac^ --> Ac^^,BLSTM
isis,8,0.9892455202782158,graduated,Ac^ --> Ac^^,BLSTM
isis,9,0.9892253631702144,graduated,Ac^ --> Ac^^,BLSTM
isis,10,0.9891831744476551,graduated,Ac^ --> Ac^^,BLSTM
isis,11,0.9891899749019902,graduated,Ac^ --> Ac^^,BLSTM
isis,12,0.9892341232978672,graduated,Ac^ --> Ac^^,BLSTM
isis,13,0.9892378185047124,graduated,Ac^ --> Ac^^,BLSTM
isis,14,0.9892423452035156,graduated,Ac^ --> Ac^^,BLSTM
isis,15,0.9891977390920818,graduated,Ac^ --> Ac^^,BLSTM
isis,16,0.9891950363890052,graduated,Ac^ --> Ac^^,BLSTM
isis,17,0.9891981029412701,graduated,Ac^ --> Ac^^,BLSTM
isis,18,0.9892049884152331,graduated,Ac^ --> Ac^^,BLSTM
isis,19,0.9892067212316467,graduated,Ac^ --> Ac^^,BLSTM
isis,20,0.9891884214986351,graduated,Ac^ --> Ac^^,BLSTM
isis,21,0.9891672314973134,graduated,Ac^ --> Ac^^,BLSTM
isis,22,0.9891499484529426,graduated,Ac^ --> Ac^^,BLSTM
isis,23,0.9891373514149395,graduated,Ac^ --> Ac^^,BLSTM
isis,24,0.9890309169189876,graduated,Ac^ --> Ac^^,BLSTM
isis,25,0.9038918624616773,graduated,Ac^ --> Ac^^,BLSTM
ivy,1,0.9037756816583908,graduated,Ac^ --> Ac^^,BLSTM
ivy,2,0.9891991592647082,graduated,Ac^ --> Ac^^,BLSTM
ivy,3,0.9890785926353195,graduated,Ac^ --> Ac^^,BLSTM
ivy,4,0.9892029921691753,graduated,Ac^ --> Ac^^,BLSTM
ivy,5,0.9891360887095352,graduated,Ac^ --> Ac^^,BLSTM
ivy,6,0.9891086508301752,graduated,Ac^ --> Ac^^,BLSTM
ivy,7,0.9891506969317222,graduated,Ac^ --> Ac^^,BLSTM
ivy,8,0.9891269299717799,graduated,Ac^ --> Ac^^,BLSTM
ivy,9,0.9890022416363121,graduated,Ac^ --> Ac^^,BLSTM
ivy,10,0.9888600440079728,graduated,Ac^ --> Ac^^,BLSTM
ivy,11,0.9037297022276175,graduated,Ac^ --> Ac^^,BLSTM
jackrabbit,1,0.9028468797071314,graduated,Ac^ --> Ac^^,BLSTM
jackrabbit,2,0.9891820552308864,graduated,Ac^ --> Ac^^,BLSTM
jackrabbit,3,0.9894995014973719,graduated,Ac^ --> Ac^^,BLSTM
jackrabbit,4,0.9894861643223714,graduated,Ac^ --> Ac^^,BLSTM
jackrabbit,5,0.98945610513967,graduated,Ac^ --> Ac^^,BLSTM
jackrabbit,6,0.9893148784938864,graduated,Ac^ --> Ac^^,BLSTM
jackrabbit,7,0.989329076161203,graduated,Ac^ --> Ac^^,BLSTM
jackrabbit,8,0.9893133558724571,graduated,Ac^ --> Ac^^,BLSTM
jackrabbit,9,0.9893187300152547,graduated,Ac^ --> Ac^^,BLSTM
jackrabbit,10,0.9892698454084069,graduated,Ac^ --> Ac^^,BLSTM
jackrabbit,11,0.9891894618019967,graduated,Ac^ --> Ac^^,BLSTM
jackrabbit,12,0.9891652260350111,graduated,Ac^ --> Ac^^,BLSTM
jackrabbit,13,0.989187922504159,graduated,Ac^ --> Ac^^,BLSTM
jackrabbit,14,0.9891624506958422,graduated,Ac^ --> Ac^^,BLSTM
jackrabbit,15,0.9892128567247642,graduated,Ac^ --> Ac^^,BLSTM
jackrabbit,16,0.9891217102665085,graduated,Ac^ --> Ac^^,BLSTM
jackrabbit,17,0.9889575217229358,graduated,Ac^ --> Ac^^,BLSTM
jackrabbit,18,0.9037779708473649,graduated,Ac^ --> Ac^^,BLSTM
jclouds,1,0.904386430937925,graduated,Ac^ --> Ac^^,BLSTM
jclouds,2,0.9896512745815697,graduated,Ac^ --> Ac^^,BLSTM
jclouds,3,0.9897068679187045,graduated,Ac^ --> Ac^^,BLSTM
jclouds,4,0.989663092948997,graduated,Ac^ --> Ac^^,BLSTM
jclouds,5,0.9895168894271262,graduated,Ac^ --> Ac^^,BLSTM
jclouds,6,0.9042990410658684,graduated,Ac^ --> Ac^^,BLSTM
jdo,1,0.9031234120394196,graduated,Ac^ --> Ac^^,BLSTM
jdo,2,0.9893571387839422,graduated,Ac^ --> Ac^^,BLSTM
jdo,3,0.9895692687376858,graduated,Ac^ --> Ac^^,BLSTM
jdo,4,0.9893411102449534,graduated,Ac^ --> Ac^^,BLSTM
jdo,5,0.9893941418444294,graduated,Ac^ --> Ac^^,BLSTM
jdo,6,0.9893265591356619,graduated,Ac^ --> Ac^^,BLSTM
jdo,7,0.9041505660958243,graduated,Ac^ --> Ac^^,BLSTM
jena,1,0.9004512878045551,graduated,Ac^ --> Ac^^,BLSTM
jena,2,0.9858219388344641,graduated,Ac^ --> Ac^^,BLSTM
jena,3,0.9858912632038288,graduated,Ac^ --> Ac^^,BLSTM
jena,4,0.9858675249897472,graduated,Ac^ --> Ac^^,BLSTM
jena,5,0.9877697125423489,graduated,Ac^ --> Ac^^,BLSTM
jena,6,0.9882237663309096,graduated,Ac^ --> Ac^^,BLSTM
jena,7,0.9884681069925851,graduated,Ac^ --> Ac^^,BLSTM
jena,8,0.9886341773672856,graduated,Ac^ --> Ac^^,BLSTM
jena,9,0.9887268944772665,graduated,Ac^ --> Ac^^,BLSTM
jena,10,0.988820124409774,graduated,Ac^ --> Ac^^,BLSTM
jena,11,0.9888791935311095,graduated,Ac^ --> Ac^^,BLSTM
jena,12,0.9888553065080665,graduated,Ac^ --> Ac^^,BLSTM
jena,13,0.9889159056924353,graduated,Ac^ --> Ac^^,BLSTM
jena,14,0.9888952135346264,graduated,Ac^ --> Ac^^,BLSTM
jena,15,0.9888365734025295,graduated,Ac^ --> Ac^^,BLSTM
jena,16,0.9037090216328969,graduated,Ac^ --> Ac^^,BLSTM
johnzon,1,0.9012098914985832,graduated,Ac^ --> Ac^^,BLSTM
johnzon,2,0.9727868546229467,graduated,Ac^ --> Ac^^,BLSTM
johnzon,3,0.9852814149630067,graduated,Ac^ --> Ac^^,BLSTM
johnzon,4,0.9877475183107935,graduated,Ac^ --> Ac^^,BLSTM
johnzon,5,0.9882665291121598,graduated,Ac^ --> Ac^^,BLSTM
johnzon,6,0.98838216295814,graduated,Ac^ --> Ac^^,BLSTM
johnzon,7,0.9885940231646827,graduated,Ac^ --> Ac^^,BLSTM
johnzon,8,0.988330695565824,graduated,Ac^ --> Ac^^,BLSTM
johnzon,9,0.9883176739067504,graduated,Ac^ --> Ac^^,BLSTM
johnzon,10,0.9883354940398686,graduated,Ac^ --> Ac^^,BLSTM
johnzon,11,0.9883257921869503,graduated,Ac^ --> Ac^^,BLSTM
johnzon,12,0.9884814884801667,graduated,Ac^ --> Ac^^,BLSTM
johnzon,13,0.9883359569914845,graduated,Ac^ --> Ac^^,BLSTM
johnzon,14,0.9883216254768229,graduated,Ac^ --> Ac^^,BLSTM
johnzon,15,0.9882892834318971,graduated,Ac^ --> Ac^^,BLSTM
johnzon,16,0.9883425165687374,graduated,Ac^ --> Ac^^,BLSTM
johnzon,17,0.9883433395812455,graduated,Ac^ --> Ac^^,BLSTM
johnzon,18,0.9883407109573433,graduated,Ac^ --> Ac^^,BLSTM
johnzon,19,0.9885027908207138,graduated,Ac^ --> Ac^^,BLSTM
johnzon,20,0.9884856545117927,graduated,Ac^ --> Ac^^,BLSTM
johnzon,21,0.9881552288182098,graduated,Ac^ --> Ac^^,BLSTM
johnzon,22,0.903042173565369,graduated,Ac^ --> Ac^^,BLSTM
joshua,1,0.702178510364788,graduated,Ac^ --> Ac^^,BLSTM
joshua,2,0.9670784420712057,graduated,Ac^ --> Ac^^,BLSTM
joshua,3,0.9884686412968177,graduated,Ac^ --> Ac^^,BLSTM
joshua,4,0.9886978573801966,graduated,Ac^ --> Ac^^,BLSTM
joshua,5,0.988607365459689,graduated,Ac^ --> Ac^^,BLSTM
joshua,6,0.9888084862853341,graduated,Ac^ --> Ac^^,BLSTM
joshua,7,0.9889421674960319,graduated,Ac^ --> Ac^^,BLSTM
joshua,8,0.9887874047189826,graduated,Ac^ --> Ac^^,BLSTM
joshua,9,0.9888151650810141,graduated,Ac^ --> Ac^^,BLSTM
joshua,10,0.9886979854124573,graduated,Ac^ --> Ac^^,BLSTM
joshua,11,0.9886353283372816,graduated,Ac^ --> Ac^^,BLSTM
joshua,12,0.9885814452051637,graduated,Ac^ --> Ac^^,BLSTM
joshua,13,0.988568659813669,graduated,Ac^ --> Ac^^,BLSTM
joshua,14,0.9885666836370274,graduated,Ac^ --> Ac^^,BLSTM
joshua,15,0.9887220728520489,graduated,Ac^ --> Ac^^,BLSTM
joshua,16,0.9850877663224643,graduated,Ac^ --> Ac^^,BLSTM
joshua,17,0.8731712383203922,graduated,Ac^ --> Ac^^,BLSTM
joshua,18,0.0876052666260808,graduated,Ac^ --> Ac^^,BLSTM
joshua,19,0.005629853385974242,graduated,Ac^ --> Ac^^,BLSTM
joshua,20,0.005393755732101293,graduated,Ac^ --> Ac^^,BLSTM
joshua,21,0.005340652560356872,graduated,Ac^ --> Ac^^,BLSTM
joshua,22,0.005247159847283556,graduated,Ac^ --> Ac^^,BLSTM
joshua,23,0.0051781434624147225,graduated,Ac^ --> Ac^^,BLSTM
joshua,24,0.005152882681519874,graduated,Ac^ --> Ac^^,BLSTM
joshua,25,0.005140766997660472,graduated,Ac^ --> Ac^^,BLSTM
joshua,26,0.0051314967657879506,graduated,Ac^ --> Ac^^,BLSTM
joshua,27,0.005121725647467362,graduated,Ac^ --> Ac^^,BLSTM
joshua,28,0.005106134682059445,graduated,Ac^ --> Ac^^,BLSTM
joshua,29,0.005081165003166178,graduated,Ac^ --> Ac^^,BLSTM
joshua,30,0.005062973434097884,graduated,Ac^ --> Ac^^,BLSTM
joshua,31,0.005049451858823447,graduated,Ac^ --> Ac^^,BLSTM
joshua,32,0.0046103626277151175,graduated,Ac^ --> Ac^^,BLSTM
jspwiki,1,0.8959731880911909,graduated,Ac^ --> Ac^^,BLSTM
jspwiki,2,0.9832148215787365,graduated,Ac^ --> Ac^^,BLSTM
jspwiki,3,0.9876655366761866,graduated,Ac^ --> Ac^^,BLSTM
jspwiki,4,0.9878357638760805,graduated,Ac^ --> Ac^^,BLSTM
jspwiki,5,0.9884126216352396,graduated,Ac^ --> Ac^^,BLSTM
jspwiki,6,0.9885043624953408,graduated,Ac^ --> Ac^^,BLSTM
jspwiki,7,0.9886076721320244,graduated,Ac^ --> Ac^^,BLSTM
jspwiki,8,0.9884879631747243,graduated,Ac^ --> Ac^^,BLSTM
jspwiki,9,0.9886265224660259,graduated,Ac^ --> Ac^^,BLSTM
jspwiki,10,0.9885778431838068,graduated,Ac^ --> Ac^^,BLSTM
jspwiki,11,0.9885864224527707,graduated,Ac^ --> Ac^^,BLSTM
jspwiki,12,0.9887160641718232,graduated,Ac^ --> Ac^^,BLSTM
jspwiki,13,0.9887853967236307,graduated,Ac^ --> Ac^^,BLSTM
jspwiki,14,0.9888105668342866,graduated,Ac^ --> Ac^^,BLSTM
jspwiki,15,0.9888103269457104,graduated,Ac^ --> Ac^^,BLSTM
jspwiki,16,0.9888114032388707,graduated,Ac^ --> Ac^^,BLSTM
jspwiki,17,0.9888270345849017,graduated,Ac^ --> Ac^^,BLSTM
jspwiki,18,0.9888312855659169,graduated,Ac^ --> Ac^^,BLSTM
jspwiki,19,0.9888326664404938,graduated,Ac^ --> Ac^^,BLSTM
jspwiki,20,0.9888014822104247,graduated,Ac^ --> Ac^^,BLSTM
jspwiki,21,0.9888533261023625,graduated,Ac^ --> Ac^^,BLSTM
jspwiki,22,0.9888349802373966,graduated,Ac^ --> Ac^^,BLSTM
jspwiki,23,0.988844771078143,graduated,Ac^ --> Ac^^,BLSTM
jspwiki,24,0.9888347251722643,graduated,Ac^ --> Ac^^,BLSTM
jspwiki,25,0.988845742762771,graduated,Ac^ --> Ac^^,BLSTM
jspwiki,26,0.9888798852025213,graduated,Ac^ --> Ac^^,BLSTM
jspwiki,27,0.9889110630671495,graduated,Ac^ --> Ac^^,BLSTM
jspwiki,28,0.9888925719507983,graduated,Ac^ --> Ac^^,BLSTM
jspwiki,29,0.9888419606022079,graduated,Ac^ --> Ac^^,BLSTM
jspwiki,30,0.9888104754530648,graduated,Ac^ --> Ac^^,BLSTM
jspwiki,31,0.988781205150842,graduated,Ac^ --> Ac^^,BLSTM
jspwiki,32,0.9887184952978713,graduated,Ac^ --> Ac^^,BLSTM
jspwiki,33,0.9886499151080056,graduated,Ac^ --> Ac^^,BLSTM
jspwiki,34,0.9886064403216809,graduated,Ac^ --> Ac^^,BLSTM
jspwiki,35,0.9885426620319638,graduated,Ac^ --> Ac^^,BLSTM
jspwiki,36,0.9884324844501876,graduated,Ac^ --> Ac^^,BLSTM
jspwiki,37,0.988335732143791,graduated,Ac^ --> Ac^^,BLSTM
jspwiki,38,0.98827807826656,graduated,Ac^ --> Ac^^,BLSTM
jspwiki,39,0.9881360788072551,graduated,Ac^ --> Ac^^,BLSTM
jspwiki,40,0.9880234308973376,graduated,Ac^ --> Ac^^,BLSTM
jspwiki,41,0.9882441181637202,graduated,Ac^ --> Ac^^,BLSTM
jspwiki,42,0.9882276204306468,graduated,Ac^ --> Ac^^,BLSTM
jspwiki,43,0.9881473680886464,graduated,Ac^ --> Ac^^,BLSTM
jspwiki,44,0.9880505921042604,graduated,Ac^ --> Ac^^,BLSTM
jspwiki,45,0.9881372263447844,graduated,Ac^ --> Ac^^,BLSTM
jspwiki,46,0.9881588794632427,graduated,Ac^ --> Ac^^,BLSTM
jspwiki,47,0.9881109668574241,graduated,Ac^ --> Ac^^,BLSTM
jspwiki,48,0.9879377146579685,graduated,Ac^ --> Ac^^,BLSTM
jspwiki,49,0.9879547006170857,graduated,Ac^ --> Ac^^,BLSTM
jspwiki,50,0.9881190824391577,graduated,Ac^ --> Ac^^,BLSTM
jspwiki,51,0.988109125759403,graduated,Ac^ --> Ac^^,BLSTM
jspwiki,52,0.9880669089066502,graduated,Ac^ --> Ac^^,BLSTM
jspwiki,53,0.9880959632306353,graduated,Ac^ --> Ac^^,BLSTM
jspwiki,54,0.9881344249619273,graduated,Ac^ --> Ac^^,BLSTM
jspwiki,55,0.9881211570382619,graduated,Ac^ --> Ac^^,BLSTM
jspwiki,56,0.9881310128080157,graduated,Ac^ --> Ac^^,BLSTM
jspwiki,57,0.9881292970415477,graduated,Ac^ --> Ac^^,BLSTM
jspwiki,58,0.9881330357134621,graduated,Ac^ --> Ac^^,BLSTM
jspwiki,59,0.9882028396483125,graduated,Ac^ --> Ac^^,BLSTM
jspwiki,60,0.9881992173495346,graduated,Ac^ --> Ac^^,BLSTM
jspwiki,61,0.9882443624131424,graduated,Ac^ --> Ac^^,BLSTM
jspwiki,62,0.9882817562309382,graduated,Ac^ --> Ac^^,BLSTM
jspwiki,63,0.9882772324934893,graduated,Ac^ --> Ac^^,BLSTM
jspwiki,64,0.9882640816102959,graduated,Ac^ --> Ac^^,BLSTM
jspwiki,65,0.9882668981977418,graduated,Ac^ --> Ac^^,BLSTM
jspwiki,66,0.9882904371984428,graduated,Ac^ --> Ac^^,BLSTM
jspwiki,67,0.9882902858733509,graduated,Ac^ --> Ac^^,BLSTM
jspwiki,68,0.9882317214748587,graduated,Ac^ --> Ac^^,BLSTM
jspwiki,69,0.9031526323282237,graduated,Ac^ --> Ac^^,BLSTM
juice,1,0.8985150642531672,retired,Ac^ --> Ac^^,BLSTM
juice,2,0.9011688887951648,retired,Ac^ --> Ac^^,BLSTM
juice,3,0.0904462959340372,retired,Ac^ --> Ac^^,BLSTM
juice,4,0.0055035482388237555,retired,Ac^ --> Ac^^,BLSTM
juice,5,0.005270577126079492,retired,Ac^ --> Ac^^,BLSTM
juice,6,0.005172493876849921,retired,Ac^ --> Ac^^,BLSTM
juice,7,0.0051014280162228615,retired,Ac^ --> Ac^^,BLSTM
juice,8,0.005054661672722965,retired,Ac^ --> Ac^^,BLSTM
juice,9,0.005019938552815473,retired,Ac^ --> Ac^^,BLSTM
juice,10,0.005009316314205359,retired,Ac^ --> Ac^^,BLSTM
juice,11,0.005001947886414375,retired,Ac^ --> Ac^^,BLSTM
juice,12,0.004994100547123704,retired,Ac^ --> Ac^^,BLSTM
juice,13,0.004987361690931822,retired,Ac^ --> Ac^^,BLSTM
juice,14,0.004986281492117073,retired,Ac^ --> Ac^^,BLSTM
juice,15,0.004982996653258998,retired,Ac^ --> Ac^^,BLSTM
juice,16,0.004978701375487201,retired,Ac^ --> Ac^^,BLSTM
juice,17,0.004974449120901178,retired,Ac^ --> Ac^^,BLSTM
juice,18,0.004970597712921745,retired,Ac^ --> Ac^^,BLSTM
juice,19,0.004967413177598683,retired,Ac^ --> Ac^^,BLSTM
juice,20,0.004965535795330989,retired,Ac^ --> Ac^^,BLSTM
juice,21,0.004964254882008043,retired,Ac^ --> Ac^^,BLSTM
juice,22,0.004964487545722519,retired,Ac^ --> Ac^^,BLSTM
juice,23,0.0049652787130081005,retired,Ac^ --> Ac^^,BLSTM
juice,24,0.0049672767406107095,retired,Ac^ --> Ac^^,BLSTM
juice,25,0.004967355367159528,retired,Ac^ --> Ac^^,BLSTM
juice,26,0.004539638156683942,retired,Ac^ --> Ac^^,BLSTM
juneau,1,0.0864388244881491,graduated,Ac^ --> Ac^^,BLSTM
juneau,2,0.7851551931178841,graduated,Ac^ --> Ac^^,BLSTM
juneau,3,0.6439104533281537,graduated,Ac^ --> Ac^^,BLSTM
juneau,4,0.9361663850428081,graduated,Ac^ --> Ac^^,BLSTM
juneau,5,0.9798001034331684,graduated,Ac^ --> Ac^^,BLSTM
juneau,6,0.9797429073568238,graduated,Ac^ --> Ac^^,BLSTM
juneau,7,0.9826738710159428,graduated,Ac^ --> Ac^^,BLSTM
juneau,8,0.9797444853791611,graduated,Ac^ --> Ac^^,BLSTM
juneau,9,0.9446561537754223,graduated,Ac^ --> Ac^^,BLSTM
juneau,10,0.7268929994709715,graduated,Ac^ --> Ac^^,BLSTM
juneau,11,0.28988669044658444,graduated,Ac^ --> Ac^^,BLSTM
juneau,12,0.8839046226845524,graduated,Ac^ --> Ac^^,BLSTM
juneau,13,0.9121336825876484,graduated,Ac^ --> Ac^^,BLSTM
juneau,14,0.7141439334327754,graduated,Ac^ --> Ac^^,BLSTM
juneau,15,0.9378848718453527,graduated,Ac^ --> Ac^^,BLSTM
juneau,16,0.8902711527721429,graduated,Ac^ --> Ac^^,BLSTM
kafka,1,0.9043057836084898,graduated,Ac^ --> Ac^^,BLSTM
kafka,2,0.9894686616994185,graduated,Ac^ --> Ac^^,BLSTM
kafka,3,0.9894135702560485,graduated,Ac^ --> Ac^^,BLSTM
kafka,4,0.9890681680724464,graduated,Ac^ --> Ac^^,BLSTM
kafka,5,0.988819792263781,graduated,Ac^ --> Ac^^,BLSTM
kafka,6,0.9888530692852413,graduated,Ac^ --> Ac^^,BLSTM
kafka,7,0.9888241110860286,graduated,Ac^ --> Ac^^,BLSTM
kafka,8,0.988784954813364,graduated,Ac^ --> Ac^^,BLSTM
kafka,9,0.9887436306377779,graduated,Ac^ --> Ac^^,BLSTM
kafka,10,0.9886983788439337,graduated,Ac^ --> Ac^^,BLSTM
kafka,11,0.9887402067190376,graduated,Ac^ --> Ac^^,BLSTM
kafka,12,0.9887481550291596,graduated,Ac^ --> Ac^^,BLSTM
kafka,13,0.9887853744286985,graduated,Ac^ --> Ac^^,BLSTM
kafka,14,0.9886929674325121,graduated,Ac^ --> Ac^^,BLSTM
kafka,15,0.9036244884991375,graduated,Ac^ --> Ac^^,BLSTM
kalumet,1,0.03526969025939638,retired,Ac^ --> Ac^^,BLSTM
kalumet,2,0.29844678070463276,retired,Ac^ --> Ac^^,BLSTM
kalumet,3,0.9080462369608936,retired,Ac^ --> Ac^^,BLSTM
kalumet,4,0.8950974994619819,retired,Ac^ --> Ac^^,BLSTM
kalumet,5,0.09781070162301869,retired,Ac^ --> Ac^^,BLSTM
kalumet,6,0.006259573454805465,retired,Ac^ --> Ac^^,BLSTM
kalumet,7,0.005241458147691531,retired,Ac^ --> Ac^^,BLSTM
kalumet,8,0.005277429951124489,retired,Ac^ --> Ac^^,BLSTM
kalumet,9,0.08465301098337681,retired,Ac^ --> Ac^^,BLSTM
kalumet,10,0.8498065364272129,retired,Ac^ --> Ac^^,BLSTM
kalumet,11,0.8816651257423972,retired,Ac^ --> Ac^^,BLSTM
kalumet,12,0.1139384979959602,retired,Ac^ --> Ac^^,BLSTM
kalumet,13,0.007732943293725852,retired,Ac^ --> Ac^^,BLSTM
kalumet,14,0.005023068144094337,retired,Ac^ --> Ac^^,BLSTM
kalumet,15,0.08737559149289106,retired,Ac^ --> Ac^^,BLSTM
kalumet,16,0.7981106931124858,retired,Ac^ --> Ac^^,BLSTM
kalumet,17,0.08731526993970365,retired,Ac^ --> Ac^^,BLSTM
kalumet,18,0.00493491340869723,retired,Ac^ --> Ac^^,BLSTM
kalumet,19,0.004878145007178525,retired,Ac^ --> Ac^^,BLSTM
kalumet,20,0.004893303689348482,retired,Ac^ --> Ac^^,BLSTM
kalumet,21,0.004896149721334217,retired,Ac^ --> Ac^^,BLSTM
kalumet,22,0.0049012016830440736,retired,Ac^ --> Ac^^,BLSTM
kalumet,23,0.004912885374713356,retired,Ac^ --> Ac^^,BLSTM
kalumet,24,0.004925171163491246,retired,Ac^ --> Ac^^,BLSTM
kalumet,25,0.004931683475083655,retired,Ac^ --> Ac^^,BLSTM
kalumet,26,0.004933550682114921,retired,Ac^ --> Ac^^,BLSTM
kalumet,27,0.004934915497514206,retired,Ac^ --> Ac^^,BLSTM
kalumet,28,0.004935917273762376,retired,Ac^ --> Ac^^,BLSTM
kalumet,29,0.00492666235035102,retired,Ac^ --> Ac^^,BLSTM
kalumet,30,0.004929690637745174,retired,Ac^ --> Ac^^,BLSTM
kalumet,31,0.004932373274740937,retired,Ac^ --> Ac^^,BLSTM
kalumet,32,0.004932410927919117,retired,Ac^ --> Ac^^,BLSTM
kalumet,33,0.004932512545886105,retired,Ac^ --> Ac^^,BLSTM
kalumet,34,0.0049343646016064115,retired,Ac^ --> Ac^^,BLSTM
kalumet,35,0.004936223839032624,retired,Ac^ --> Ac^^,BLSTM
kalumet,36,0.004937393369714712,retired,Ac^ --> Ac^^,BLSTM
kalumet,37,0.004938112786628799,retired,Ac^ --> Ac^^,BLSTM
kalumet,38,0.004937973780046439,retired,Ac^ --> Ac^^,BLSTM
kalumet,39,0.00493757485103166,retired,Ac^ --> Ac^^,BLSTM
kalumet,40,0.004938310869232798,retired,Ac^ --> Ac^^,BLSTM
kalumet,41,0.004939778184590074,retired,Ac^ --> Ac^^,BLSTM
kalumet,42,0.004940725050938687,retired,Ac^ --> Ac^^,BLSTM
kalumet,43,0.004941057047137769,retired,Ac^ --> Ac^^,BLSTM
kalumet,44,0.004940881005296164,retired,Ac^ --> Ac^^,BLSTM
kalumet,45,0.004940269248196073,retired,Ac^ --> Ac^^,BLSTM
kalumet,46,0.004939677509753588,retired,Ac^ --> Ac^^,BLSTM
kalumet,47,0.004939719276083101,retired,Ac^ --> Ac^^,BLSTM
kalumet,48,0.004939735465262702,retired,Ac^ --> Ac^^,BLSTM
kalumet,49,0.004940364561366541,retired,Ac^ --> Ac^^,BLSTM
kalumet,50,0.004516401790761357,retired,Ac^ --> Ac^^,BLSTM
kato,1,0.8961014260092283,retired,Ac^ --> Ac^^,BLSTM
kato,2,0.9867146694732775,retired,Ac^ --> Ac^^,BLSTM
kato,3,0.9881961331428852,retired,Ac^ --> Ac^^,BLSTM
kato,4,0.9883864807057945,retired,Ac^ --> Ac^^,BLSTM
kato,5,0.9885006051163049,retired,Ac^ --> Ac^^,BLSTM
kato,6,0.9885303000448113,retired,Ac^ --> Ac^^,BLSTM
kato,7,0.988493748028713,retired,Ac^ --> Ac^^,BLSTM
kato,8,0.9886516236313547,retired,Ac^ --> Ac^^,BLSTM
kato,9,0.9888119581896769,retired,Ac^ --> Ac^^,BLSTM
kato,10,0.9887889248614039,retired,Ac^ --> Ac^^,BLSTM
kato,11,0.9887842537102554,retired,Ac^ --> Ac^^,BLSTM
kato,12,0.9886679824271237,retired,Ac^ --> Ac^^,BLSTM
kato,13,0.9886797827127467,retired,Ac^ --> Ac^^,BLSTM
kato,14,0.987745799897829,retired,Ac^ --> Ac^^,BLSTM
kato,15,0.8981063682945452,retired,Ac^ --> Ac^^,BLSTM
kato,16,0.08950003311966036,retired,Ac^ --> Ac^^,BLSTM
kato,17,0.00533914723601938,retired,Ac^ --> Ac^^,BLSTM
kato,18,0.005140303637206744,retired,Ac^ --> Ac^^,BLSTM
kato,19,0.005067958410335299,retired,Ac^ --> Ac^^,BLSTM
kato,20,0.005030883365080925,retired,Ac^ --> Ac^^,BLSTM
kato,21,0.005009382903066443,retired,Ac^ --> Ac^^,BLSTM
kato,22,0.004997564752388125,retired,Ac^ --> Ac^^,BLSTM
kato,23,0.0049938280018644665,retired,Ac^ --> Ac^^,BLSTM
kato,24,0.0049876230497397775,retired,Ac^ --> Ac^^,BLSTM
kato,25,0.004975976368625245,retired,Ac^ --> Ac^^,BLSTM
kato,26,0.004973064042638017,retired,Ac^ --> Ac^^,BLSTM
kato,27,0.00496988583222115,retired,Ac^ --> Ac^^,BLSTM
kato,28,0.004964346415073593,retired,Ac^ --> Ac^^,BLSTM
kato,29,0.004963341369930367,retired,Ac^ --> Ac^^,BLSTM
kato,30,0.004960384549970357,retired,Ac^ --> Ac^^,BLSTM
kato,31,0.004960669224226779,retired,Ac^ --> Ac^^,BLSTM
kato,32,0.004961479015203992,retired,Ac^ --> Ac^^,BLSTM
kato,33,0.004961282976261863,retired,Ac^ --> Ac^^,BLSTM
kato,34,0.004957750980519745,retired,Ac^ --> Ac^^,BLSTM
kato,35,0.004956485235150188,retired,Ac^ --> Ac^^,BLSTM
kato,36,0.004955233576472873,retired,Ac^ --> Ac^^,BLSTM
kato,37,0.004954887590565752,retired,Ac^ --> Ac^^,BLSTM
kato,38,0.004954795734992318,retired,Ac^ --> Ac^^,BLSTM
kato,39,0.004956056026530968,retired,Ac^ --> Ac^^,BLSTM
kato,40,0.004955494912023154,retired,Ac^ --> Ac^^,BLSTM
kato,41,0.004955606361781647,retired,Ac^ --> Ac^^,BLSTM
kato,42,0.004954702505027104,retired,Ac^ --> Ac^^,BLSTM
kato,43,0.004952485036294149,retired,Ac^ --> Ac^^,BLSTM
kato,44,0.00452571993899938,retired,Ac^ --> Ac^^,BLSTM
kitty,1,0.903441481548705,retired,Ac^ --> Ac^^,BLSTM
kitty,2,0.988183648489653,retired,Ac^ --> Ac^^,BLSTM
kitty,3,0.9879372818077189,retired,Ac^ --> Ac^^,BLSTM
kitty,4,0.904376833464788,retired,Ac^ --> Ac^^,BLSTM
kitty,5,0.10028997819545592,retired,Ac^ --> Ac^^,BLSTM
kitty,6,0.012334115645452502,retired,Ac^ --> Ac^^,BLSTM
kitty,7,0.1458789154142747,retired,Ac^ --> Ac^^,BLSTM
kitty,8,0.9052177002694839,retired,Ac^ --> Ac^^,BLSTM
kitty,9,0.9044326598634964,retired,Ac^ --> Ac^^,BLSTM
kitty,10,0.13282167518761107,retired,Ac^ --> Ac^^,BLSTM
kitty,11,0.009912651358881919,retired,Ac^ --> Ac^^,BLSTM
kitty,12,0.006120476614095536,retired,Ac^ --> Ac^^,BLSTM
kitty,13,0.005149881963926189,retired,Ac^ --> Ac^^,BLSTM
kitty,14,0.0050410483289239595,retired,Ac^ --> Ac^^,BLSTM
kitty,15,0.005014347528781048,retired,Ac^ --> Ac^^,BLSTM
kitty,16,0.00500762050033155,retired,Ac^ --> Ac^^,BLSTM
kitty,17,0.004978026882894047,retired,Ac^ --> Ac^^,BLSTM
kitty,18,0.0049768385947203024,retired,Ac^ --> Ac^^,BLSTM
kitty,19,0.0049769496819621626,retired,Ac^ --> Ac^^,BLSTM
kitty,20,0.004980229052221582,retired,Ac^ --> Ac^^,BLSTM
kitty,21,0.004983604777761419,retired,Ac^ --> Ac^^,BLSTM
kitty,22,0.004983571373350123,retired,Ac^ --> Ac^^,BLSTM
kitty,23,0.004551930268738333,retired,Ac^ --> Ac^^,BLSTM
knox,1,0.9035426398618113,graduated,Ac^ --> Ac^^,BLSTM
knox,2,0.9888318186402133,graduated,Ac^ --> Ac^^,BLSTM
knox,3,0.9889602726805002,graduated,Ac^ --> Ac^^,BLSTM
knox,4,0.9888401115983919,graduated,Ac^ --> Ac^^,BLSTM
knox,5,0.9890079083601137,graduated,Ac^ --> Ac^^,BLSTM
knox,6,0.9891229384088847,graduated,Ac^ --> Ac^^,BLSTM
knox,7,0.9891442809211559,graduated,Ac^ --> Ac^^,BLSTM
knox,8,0.9889402843814795,graduated,Ac^ --> Ac^^,BLSTM
knox,9,0.9889005890781298,graduated,Ac^ --> Ac^^,BLSTM
knox,10,0.9888145752344116,graduated,Ac^ --> Ac^^,BLSTM
knox,11,0.9037966221373627,graduated,Ac^ --> Ac^^,BLSTM
kudu,1,0.9043248880926552,graduated,Ac^ --> Ac^^,BLSTM
kudu,2,0.9895998439755266,graduated,Ac^ --> Ac^^,BLSTM
kudu,3,0.9896721287540303,graduated,Ac^ --> Ac^^,BLSTM
kudu,4,0.9896545475447966,graduated,Ac^ --> Ac^^,BLSTM
kudu,5,0.9896443236624028,graduated,Ac^ --> Ac^^,BLSTM
kudu,6,0.9895166615527241,graduated,Ac^ --> Ac^^,BLSTM
kudu,7,0.9043009775614366,graduated,Ac^ --> Ac^^,BLSTM
kylin,1,0.8958427279979302,graduated,Ac^ --> Ac^^,BLSTM
kylin,2,0.987777539226956,graduated,Ac^ --> Ac^^,BLSTM
kylin,3,0.9889857822815646,graduated,Ac^ --> Ac^^,BLSTM
kylin,4,0.9890946567737569,graduated,Ac^ --> Ac^^,BLSTM
kylin,5,0.9891348832308365,graduated,Ac^ --> Ac^^,BLSTM
kylin,6,0.9891620482222969,graduated,Ac^ --> Ac^^,BLSTM
kylin,7,0.9891825919206007,graduated,Ac^ --> Ac^^,BLSTM
kylin,8,0.9891942192768379,graduated,Ac^ --> Ac^^,BLSTM
kylin,9,0.989201039857116,graduated,Ac^ --> Ac^^,BLSTM
kylin,10,0.9891134429905173,graduated,Ac^ --> Ac^^,BLSTM
kylin,11,0.9039962575630014,graduated,Ac^ --> Ac^^,BLSTM
lens,1,0.9041088415514446,graduated,Ac^ --> Ac^^,BLSTM
lens,2,0.9891856056908479,graduated,Ac^ --> Ac^^,BLSTM
lens,3,0.989381432343297,graduated,Ac^ --> Ac^^,BLSTM
lens,4,0.9894892517415211,graduated,Ac^ --> Ac^^,BLSTM
lens,5,0.9894467997223636,graduated,Ac^ --> Ac^^,BLSTM
lens,6,0.9894248824160852,graduated,Ac^ --> Ac^^,BLSTM
lens,7,0.9894111619045244,graduated,Ac^ --> Ac^^,BLSTM
lens,8,0.9892926238121506,graduated,Ac^ --> Ac^^,BLSTM
lens,9,0.9041326736540961,graduated,Ac^ --> Ac^^,BLSTM
libcloud,1,0.8968402983783961,graduated,Ac^ --> Ac^^,BLSTM
libcloud,2,0.9860157097695333,graduated,Ac^ --> Ac^^,BLSTM
libcloud,3,0.9871870143502223,graduated,Ac^ --> Ac^^,BLSTM
libcloud,4,0.9873368975852405,graduated,Ac^ --> Ac^^,BLSTM
libcloud,5,0.9875745865184888,graduated,Ac^ --> Ac^^,BLSTM
libcloud,6,0.9876672352470212,graduated,Ac^ --> Ac^^,BLSTM
libcloud,7,0.9878387673098746,graduated,Ac^ --> Ac^^,BLSTM
libcloud,8,0.9878770148590384,graduated,Ac^ --> Ac^^,BLSTM
libcloud,9,0.988114537544208,graduated,Ac^ --> Ac^^,BLSTM
libcloud,10,0.9882337901582238,graduated,Ac^ --> Ac^^,BLSTM
libcloud,11,0.9884880755120519,graduated,Ac^ --> Ac^^,BLSTM
libcloud,12,0.9883986748462029,graduated,Ac^ --> Ac^^,BLSTM
libcloud,13,0.9883374366947717,graduated,Ac^ --> Ac^^,BLSTM
libcloud,14,0.9883428583939294,graduated,Ac^ --> Ac^^,BLSTM
libcloud,15,0.988364652392974,graduated,Ac^ --> Ac^^,BLSTM
libcloud,16,0.9883880257224182,graduated,Ac^ --> Ac^^,BLSTM
libcloud,17,0.9884412132348118,graduated,Ac^ --> Ac^^,BLSTM
libcloud,18,0.9033388295226563,graduated,Ac^ --> Ac^^,BLSTM
lokahi,1,0.01066422044271973,retired,Ac^ --> Ac^^,BLSTM
lokahi,2,0.021167439845853116,retired,Ac^ --> Ac^^,BLSTM
lokahi,3,0.057133289108267024,retired,Ac^ --> Ac^^,BLSTM
lokahi,4,0.02850049452644166,retired,Ac^ --> Ac^^,BLSTM
lokahi,5,0.0997297322005297,retired,Ac^ --> Ac^^,BLSTM
lokahi,6,0.8755975131066437,retired,Ac^ --> Ac^^,BLSTM
lokahi,7,0.9718081937085399,retired,Ac^ --> Ac^^,BLSTM
lokahi,8,0.8924358466043593,retired,Ac^ --> Ac^^,BLSTM
lokahi,9,0.16789350490835567,retired,Ac^ --> Ac^^,BLSTM
lokahi,10,0.720791686236935,retired,Ac^ --> Ac^^,BLSTM
lokahi,11,0.07955218812204236,retired,Ac^ --> Ac^^,BLSTM
lokahi,12,0.005079640663502369,retired,Ac^ --> Ac^^,BLSTM
lokahi,13,0.005068112862283716,retired,Ac^ --> Ac^^,BLSTM
lokahi,14,0.08418430705204162,retired,Ac^ --> Ac^^,BLSTM
lokahi,15,0.7670640793997884,retired,Ac^ --> Ac^^,BLSTM
lokahi,16,0.08416436776642876,retired,Ac^ --> Ac^^,BLSTM
lokahi,17,0.005003768841526682,retired,Ac^ --> Ac^^,BLSTM
lokahi,18,0.00501071762560663,retired,Ac^ --> Ac^^,BLSTM
lokahi,19,0.0872144674864593,retired,Ac^ --> Ac^^,BLSTM
lokahi,20,0.8778339310461506,retired,Ac^ --> Ac^^,BLSTM
lokahi,21,0.876878588180143,retired,Ac^ --> Ac^^,BLSTM
lokahi,22,0.16490725420962202,retired,Ac^ --> Ac^^,BLSTM
lokahi,23,0.8231926135787274,retired,Ac^ --> Ac^^,BLSTM
lokahi,24,0.7592531182024681,retired,Ac^ --> Ac^^,BLSTM
lokahi,25,0.0752808062196327,retired,Ac^ --> Ac^^,BLSTM
lokahi,26,0.004937509694222737,retired,Ac^ --> Ac^^,BLSTM
lokahi,27,0.004876970062704114,retired,Ac^ --> Ac^^,BLSTM
lokahi,28,0.004881941860267086,retired,Ac^ --> Ac^^,BLSTM
lokahi,29,0.004883919961498996,retired,Ac^ --> Ac^^,BLSTM
lokahi,30,0.004885373439185859,retired,Ac^ --> Ac^^,BLSTM
lokahi,31,0.004886828586533284,retired,Ac^ --> Ac^^,BLSTM
lokahi,32,0.004888374468341791,retired,Ac^ --> Ac^^,BLSTM
lokahi,33,0.004889979551617024,retired,Ac^ --> Ac^^,BLSTM
lokahi,34,0.004891593219412035,retired,Ac^ --> Ac^^,BLSTM
lokahi,35,0.004894598320799796,retired,Ac^ --> Ac^^,BLSTM
lokahi,36,0.004910153609997269,retired,Ac^ --> Ac^^,BLSTM
lokahi,37,0.004915964664868197,retired,Ac^ --> Ac^^,BLSTM
lokahi,38,0.004918033931636913,retired,Ac^ --> Ac^^,BLSTM
lokahi,39,0.004918780372677991,retired,Ac^ --> Ac^^,BLSTM
lokahi,40,0.004918355307444771,retired,Ac^ --> Ac^^,BLSTM
lokahi,41,0.00449362971814944,retired,Ac^ --> Ac^^,BLSTM
lucenenet,1,0.9009188408833549,graduated,Ac^ --> Ac^^,BLSTM
lucenenet,2,0.9883439154239665,graduated,Ac^ --> Ac^^,BLSTM
lucenenet,3,0.9889474695921506,graduated,Ac^ --> Ac^^,BLSTM
lucenenet,4,0.9889383551252942,graduated,Ac^ --> Ac^^,BLSTM
lucenenet,5,0.9886969499963364,graduated,Ac^ --> Ac^^,BLSTM
lucenenet,6,0.988849151292468,graduated,Ac^ --> Ac^^,BLSTM
lucenenet,7,0.9889606250672183,graduated,Ac^ --> Ac^^,BLSTM
lucenenet,8,0.9888804977267597,graduated,Ac^ --> Ac^^,BLSTM
lucenenet,9,0.9887818519449092,graduated,Ac^ --> Ac^^,BLSTM
lucenenet,10,0.9889342329268559,graduated,Ac^ --> Ac^^,BLSTM
lucenenet,11,0.9888087381041433,graduated,Ac^ --> Ac^^,BLSTM
lucenenet,12,0.9887753895525353,graduated,Ac^ --> Ac^^,BLSTM
lucenenet,13,0.9888742950671914,graduated,Ac^ --> Ac^^,BLSTM
lucenenet,14,0.9889251807938515,graduated,Ac^ --> Ac^^,BLSTM
lucenenet,15,0.9889233110421102,graduated,Ac^ --> Ac^^,BLSTM
lucenenet,16,0.9889185662569077,graduated,Ac^ --> Ac^^,BLSTM
lucenenet,17,0.9888580803505109,graduated,Ac^ --> Ac^^,BLSTM
lucenenet,18,0.9037233234210292,graduated,Ac^ --> Ac^^,BLSTM
lucy,1,0.841051517139958,graduated,Ac^ --> Ac^^,BLSTM
lucy,2,0.5858436511187269,graduated,Ac^ --> Ac^^,BLSTM
lucy,3,0.9404095990178608,graduated,Ac^ --> Ac^^,BLSTM
lucy,4,0.9606860434690846,graduated,Ac^ --> Ac^^,BLSTM
lucy,5,0.9823104529740303,graduated,Ac^ --> Ac^^,BLSTM
lucy,6,0.9847418442784929,graduated,Ac^ --> Ac^^,BLSTM
lucy,7,0.9836252201551728,graduated,Ac^ --> Ac^^,BLSTM
lucy,8,0.9736019518488893,graduated,Ac^ --> Ac^^,BLSTM
lucy,9,0.9315608283686799,graduated,Ac^ --> Ac^^,BLSTM
lucy,10,0.977851843307933,graduated,Ac^ --> Ac^^,BLSTM
lucy,11,0.9811295410664607,graduated,Ac^ --> Ac^^,BLSTM
lucy,12,0.9811335575712495,graduated,Ac^ --> Ac^^,BLSTM
lucy,13,0.9759208521522837,graduated,Ac^ --> Ac^^,BLSTM
lucy,14,0.9827140824710647,graduated,Ac^ --> Ac^^,BLSTM
lucy,15,0.9843893143585339,graduated,Ac^ --> Ac^^,BLSTM
lucy,16,0.9852390996488709,graduated,Ac^ --> Ac^^,BLSTM
lucy,17,0.9859536517856768,graduated,Ac^ --> Ac^^,BLSTM
lucy,18,0.9863049017486352,graduated,Ac^ --> Ac^^,BLSTM
lucy,19,0.9017283175960431,graduated,Ac^ --> Ac^^,BLSTM
madlib,1,0.7968722529885601,graduated,Ac^ --> Ac^^,BLSTM
madlib,2,0.17299193833306878,graduated,Ac^ --> Ac^^,BLSTM
madlib,3,0.9006641083868724,graduated,Ac^ --> Ac^^,BLSTM
madlib,4,0.9853817367592234,graduated,Ac^ --> Ac^^,BLSTM
madlib,5,0.9854825686047327,graduated,Ac^ --> Ac^^,BLSTM
madlib,6,0.9855412946983759,graduated,Ac^ --> Ac^^,BLSTM
madlib,7,0.9871117377572167,graduated,Ac^ --> Ac^^,BLSTM
madlib,8,0.987663433296147,graduated,Ac^ --> Ac^^,BLSTM
madlib,9,0.987601436788748,graduated,Ac^ --> Ac^^,BLSTM
madlib,10,0.9874054325165412,graduated,Ac^ --> Ac^^,BLSTM
madlib,11,0.9873416551715866,graduated,Ac^ --> Ac^^,BLSTM
madlib,12,0.9874321549599188,graduated,Ac^ --> Ac^^,BLSTM
madlib,13,0.9877966310201219,graduated,Ac^ --> Ac^^,BLSTM
madlib,14,0.9877282532028743,graduated,Ac^ --> Ac^^,BLSTM
madlib,15,0.987677860850905,graduated,Ac^ --> Ac^^,BLSTM
madlib,16,0.987613751875234,graduated,Ac^ --> Ac^^,BLSTM
madlib,17,0.987606611707981,graduated,Ac^ --> Ac^^,BLSTM
madlib,18,0.9876387027631288,graduated,Ac^ --> Ac^^,BLSTM
madlib,19,0.9879410162817853,graduated,Ac^ --> Ac^^,BLSTM
madlib,20,0.9879288779814268,graduated,Ac^ --> Ac^^,BLSTM
madlib,21,0.9879876653681514,graduated,Ac^ --> Ac^^,BLSTM
madlib,22,0.9029169780144194,graduated,Ac^ --> Ac^^,BLSTM
manifoldcf,1,0.8928015769757408,graduated,Ac^ --> Ac^^,BLSTM
manifoldcf,2,0.9865011550740224,graduated,Ac^ --> Ac^^,BLSTM
manifoldcf,3,0.9874881352512251,graduated,Ac^ --> Ac^^,BLSTM
manifoldcf,4,0.9866609428258537,graduated,Ac^ --> Ac^^,BLSTM
manifoldcf,5,0.9866785550073663,graduated,Ac^ --> Ac^^,BLSTM
manifoldcf,6,0.9865437240273204,graduated,Ac^ --> Ac^^,BLSTM
manifoldcf,7,0.986524493676792,graduated,Ac^ --> Ac^^,BLSTM
manifoldcf,8,0.9863524243989191,graduated,Ac^ --> Ac^^,BLSTM
manifoldcf,9,0.9862899451873669,graduated,Ac^ --> Ac^^,BLSTM
manifoldcf,10,0.9867188583212452,graduated,Ac^ --> Ac^^,BLSTM
manifoldcf,11,0.9867296927882776,graduated,Ac^ --> Ac^^,BLSTM
manifoldcf,12,0.9867035669328009,graduated,Ac^ --> Ac^^,BLSTM
manifoldcf,13,0.9867570450096999,graduated,Ac^ --> Ac^^,BLSTM
manifoldcf,14,0.9867643874391977,graduated,Ac^ --> Ac^^,BLSTM
manifoldcf,15,0.9867820817295394,graduated,Ac^ --> Ac^^,BLSTM
manifoldcf,16,0.9868021714839431,graduated,Ac^ --> Ac^^,BLSTM
manifoldcf,17,0.9868539979097014,graduated,Ac^ --> Ac^^,BLSTM
manifoldcf,18,0.9871327744088616,graduated,Ac^ --> Ac^^,BLSTM
manifoldcf,19,0.9872425880506931,graduated,Ac^ --> Ac^^,BLSTM
manifoldcf,20,0.9873179595178669,graduated,Ac^ --> Ac^^,BLSTM
manifoldcf,21,0.987299301635294,graduated,Ac^ --> Ac^^,BLSTM
manifoldcf,22,0.9874212777299308,graduated,Ac^ --> Ac^^,BLSTM
manifoldcf,23,0.9876521480872679,graduated,Ac^ --> Ac^^,BLSTM
manifoldcf,24,0.9878293845624792,graduated,Ac^ --> Ac^^,BLSTM
manifoldcf,25,0.9878242955373437,graduated,Ac^ --> Ac^^,BLSTM
manifoldcf,26,0.9878596045170381,graduated,Ac^ --> Ac^^,BLSTM
manifoldcf,27,0.9878233453400755,graduated,Ac^ --> Ac^^,BLSTM
manifoldcf,28,0.9028084768942092,graduated,Ac^ --> Ac^^,BLSTM
marmotta,1,0.8989562975277058,graduated,Ac^ --> Ac^^,BLSTM
marmotta,2,0.9879373141279146,graduated,Ac^ --> Ac^^,BLSTM
marmotta,3,0.9887842907474673,graduated,Ac^ --> Ac^^,BLSTM
marmotta,4,0.9888721055913969,graduated,Ac^ --> Ac^^,BLSTM
marmotta,5,0.9888111760419641,graduated,Ac^ --> Ac^^,BLSTM
marmotta,6,0.9889132955391357,graduated,Ac^ --> Ac^^,BLSTM
marmotta,7,0.9890071391158728,graduated,Ac^ --> Ac^^,BLSTM
marmotta,8,0.9889997799475512,graduated,Ac^ --> Ac^^,BLSTM
marmotta,9,0.9890680263224025,graduated,Ac^ --> Ac^^,BLSTM
marmotta,10,0.9889608546981736,graduated,Ac^ --> Ac^^,BLSTM
marmotta,11,0.9038544578951341,graduated,Ac^ --> Ac^^,BLSTM
mesos,1,0.904191810619881,graduated,Ac^ --> Ac^^,BLSTM
mesos,2,0.9111074126243164,graduated,Ac^ --> Ac^^,BLSTM
mesos,3,0.16055187653475014,graduated,Ac^ --> Ac^^,BLSTM
mesos,4,0.01256779122099129,graduated,Ac^ --> Ac^^,BLSTM
mesos,5,0.08865836813970435,graduated,Ac^ --> Ac^^,BLSTM
mesos,6,0.8923172879166134,graduated,Ac^ --> Ac^^,BLSTM
mesos,7,0.9810317456714724,graduated,Ac^ --> Ac^^,BLSTM
mesos,8,0.9815414239808098,graduated,Ac^ --> Ac^^,BLSTM
mesos,9,0.9811313564254606,graduated,Ac^ --> Ac^^,BLSTM
mesos,10,0.9831639465722051,graduated,Ac^ --> Ac^^,BLSTM
mesos,11,0.9837003827752361,graduated,Ac^ --> Ac^^,BLSTM
mesos,12,0.9839753063759311,graduated,Ac^ --> Ac^^,BLSTM
mesos,13,0.9841422420921484,graduated,Ac^ --> Ac^^,BLSTM
mesos,14,0.984410631233256,graduated,Ac^ --> Ac^^,BLSTM
mesos,15,0.9845668335603656,graduated,Ac^ --> Ac^^,BLSTM
mesos,16,0.9849590001282195,graduated,Ac^ --> Ac^^,BLSTM
mesos,17,0.9854609520046921,graduated,Ac^ --> Ac^^,BLSTM
mesos,18,0.9855448932596205,graduated,Ac^ --> Ac^^,BLSTM
mesos,19,0.9855387494899327,graduated,Ac^ --> Ac^^,BLSTM
mesos,20,0.9855712943648149,graduated,Ac^ --> Ac^^,BLSTM
mesos,21,0.9859077275283317,graduated,Ac^ --> Ac^^,BLSTM
mesos,22,0.9864439621831216,graduated,Ac^ --> Ac^^,BLSTM
mesos,23,0.9867568894083515,graduated,Ac^ --> Ac^^,BLSTM
mesos,24,0.9870944879173236,graduated,Ac^ --> Ac^^,BLSTM
mesos,25,0.9871862895211211,graduated,Ac^ --> Ac^^,BLSTM
mesos,26,0.9871704209308372,graduated,Ac^ --> Ac^^,BLSTM
mesos,27,0.9871516759118806,graduated,Ac^ --> Ac^^,BLSTM
mesos,28,0.987026823717359,graduated,Ac^ --> Ac^^,BLSTM
mesos,29,0.9020162001377484,graduated,Ac^ --> Ac^^,BLSTM
metamodel,1,0.9025328626227931,graduated,Ac^ --> Ac^^,BLSTM
metamodel,2,0.9888036928015144,graduated,Ac^ --> Ac^^,BLSTM
metamodel,3,0.988576793948515,graduated,Ac^ --> Ac^^,BLSTM
metamodel,4,0.988182234317064,graduated,Ac^ --> Ac^^,BLSTM
metamodel,5,0.9879888060788682,graduated,Ac^ --> Ac^^,BLSTM
metamodel,6,0.9878086024296127,graduated,Ac^ --> Ac^^,BLSTM
metamodel,7,0.9881771817587174,graduated,Ac^ --> Ac^^,BLSTM
metamodel,8,0.988084404297751,graduated,Ac^ --> Ac^^,BLSTM
metamodel,9,0.9883369134994907,graduated,Ac^ --> Ac^^,BLSTM
metamodel,10,0.9881918763663299,graduated,Ac^ --> Ac^^,BLSTM
metamodel,11,0.9882472359936806,graduated,Ac^ --> Ac^^,BLSTM
metamodel,12,0.9881989788063912,graduated,Ac^ --> Ac^^,BLSTM
metamodel,13,0.9882143346820103,graduated,Ac^ --> Ac^^,BLSTM
metamodel,14,0.9880934247593153,graduated,Ac^ --> Ac^^,BLSTM
metamodel,15,0.9881197768333585,graduated,Ac^ --> Ac^^,BLSTM
metamodel,16,0.9881164282022927,graduated,Ac^ --> Ac^^,BLSTM
metamodel,17,0.9030128544260434,graduated,Ac^ --> Ac^^,BLSTM
metron,1,0.9041927417754336,graduated,Ac^ --> Ac^^,BLSTM
metron,2,0.9895271611190457,graduated,Ac^ --> Ac^^,BLSTM
metron,3,0.9896523604333535,graduated,Ac^ --> Ac^^,BLSTM
metron,4,0.9895985707716314,graduated,Ac^ --> Ac^^,BLSTM
metron,5,0.9895516674651137,graduated,Ac^ --> Ac^^,BLSTM
metron,6,0.9895198264529931,graduated,Ac^ --> Ac^^,BLSTM
metron,7,0.9894771805950991,graduated,Ac^ --> Ac^^,BLSTM
metron,8,0.9892882812979887,graduated,Ac^ --> Ac^^,BLSTM
metron,9,0.9893259063503181,graduated,Ac^ --> Ac^^,BLSTM
metron,10,0.9892951088244061,graduated,Ac^ --> Ac^^,BLSTM
metron,11,0.9892942858080299,graduated,Ac^ --> Ac^^,BLSTM
metron,12,0.9892577638738697,graduated,Ac^ --> Ac^^,BLSTM
metron,13,0.9892741041409866,graduated,Ac^ --> Ac^^,BLSTM
metron,14,0.9892350799115768,graduated,Ac^ --> Ac^^,BLSTM
metron,15,0.9891083732091851,graduated,Ac^ --> Ac^^,BLSTM
metron,16,0.9040020229597036,graduated,Ac^ --> Ac^^,BLSTM
mnemonic,1,0.899412975686431,graduated,Ac^ --> Ac^^,BLSTM
mnemonic,2,0.9877215768498753,graduated,Ac^ --> Ac^^,BLSTM
mnemonic,3,0.9884144616074558,graduated,Ac^ --> Ac^^,BLSTM
mnemonic,4,0.9885864952773847,graduated,Ac^ --> Ac^^,BLSTM
mnemonic,5,0.9883512827717765,graduated,Ac^ --> Ac^^,BLSTM
mnemonic,6,0.9882588667793698,graduated,Ac^ --> Ac^^,BLSTM
mnemonic,7,0.9883386404092295,graduated,Ac^ --> Ac^^,BLSTM
mnemonic,8,0.9883235885152984,graduated,Ac^ --> Ac^^,BLSTM
mnemonic,9,0.9886144794150228,graduated,Ac^ --> Ac^^,BLSTM
mnemonic,10,0.988637913944452,graduated,Ac^ --> Ac^^,BLSTM
mnemonic,11,0.9882950669859502,graduated,Ac^ --> Ac^^,BLSTM
mnemonic,12,0.9882956935714974,graduated,Ac^ --> Ac^^,BLSTM
mnemonic,13,0.9883231060305324,graduated,Ac^ --> Ac^^,BLSTM
mnemonic,14,0.9883788146465411,graduated,Ac^ --> Ac^^,BLSTM
mnemonic,15,0.9883851921714563,graduated,Ac^ --> Ac^^,BLSTM
mnemonic,16,0.9884079315395691,graduated,Ac^ --> Ac^^,BLSTM
mnemonic,17,0.9885059152608364,graduated,Ac^ --> Ac^^,BLSTM
mnemonic,18,0.9885381375096174,graduated,Ac^ --> Ac^^,BLSTM
mnemonic,19,0.9884151300231457,graduated,Ac^ --> Ac^^,BLSTM
mnemonic,20,0.9033676819018703,graduated,Ac^ --> Ac^^,BLSTM
mod_ftp,1,0.8171028787753781,graduated,Ac^ --> Ac^^,BLSTM
mod_ftp,2,0.09247131638293087,graduated,Ac^ --> Ac^^,BLSTM
mod_ftp,3,0.005573234822922379,graduated,Ac^ --> Ac^^,BLSTM
mod_ftp,4,0.005191879049762011,graduated,Ac^ --> Ac^^,BLSTM
mod_ftp,5,0.005065270183842516,graduated,Ac^ --> Ac^^,BLSTM
mod_ftp,6,0.004981700315402223,graduated,Ac^ --> Ac^^,BLSTM
mod_ftp,7,0.005052969983892805,graduated,Ac^ --> Ac^^,BLSTM
mod_ftp,8,0.0050548436175088,graduated,Ac^ --> Ac^^,BLSTM
mod_ftp,9,0.004999963216446045,graduated,Ac^ --> Ac^^,BLSTM
mod_ftp,10,0.004988795584329243,graduated,Ac^ --> Ac^^,BLSTM
mod_ftp,11,0.004985005272919692,graduated,Ac^ --> Ac^^,BLSTM
mod_ftp,12,0.0050153508705276595,graduated,Ac^ --> Ac^^,BLSTM
mod_ftp,13,0.0837916340301524,graduated,Ac^ --> Ac^^,BLSTM
mod_ftp,14,0.845836154007233,graduated,Ac^ --> Ac^^,BLSTM
mod_ftp,15,0.9621881124433738,graduated,Ac^ --> Ac^^,BLSTM
mod_ftp,16,0.9674394096077584,graduated,Ac^ --> Ac^^,BLSTM
mod_ftp,17,0.8851255414085284,graduated,Ac^ --> Ac^^,BLSTM
mrql,1,0.9033071936314535,retired,Ac^ --> Ac^^,BLSTM
mrql,2,0.9876381235924325,retired,Ac^ --> Ac^^,BLSTM
mrql,3,0.9864231612768963,retired,Ac^ --> Ac^^,BLSTM
mrql,4,0.9716691352709294,retired,Ac^ --> Ac^^,BLSTM
mrql,5,0.899199650086073,retired,Ac^ --> Ac^^,BLSTM
mrql,6,0.5295685907433719,retired,Ac^ --> Ac^^,BLSTM
mrql,7,0.9014536115164582,retired,Ac^ --> Ac^^,BLSTM
mrql,8,0.9167407731444464,retired,Ac^ --> Ac^^,BLSTM
mrql,9,0.31438499719247726,retired,Ac^ --> Ac^^,BLSTM
mrql,10,0.1188558424081499,retired,Ac^ --> Ac^^,BLSTM
mrql,11,0.8883010764383542,retired,Ac^ --> Ac^^,BLSTM
mrql,12,0.9822590500721299,retired,Ac^ --> Ac^^,BLSTM
mrql,13,0.9835937394100628,retired,Ac^ --> Ac^^,BLSTM
mrql,14,0.98373647281935,retired,Ac^ --> Ac^^,BLSTM
mrql,15,0.9840168313871548,retired,Ac^ --> Ac^^,BLSTM
mrql,16,0.9841914747488978,retired,Ac^ --> Ac^^,BLSTM
mrql,17,0.9844642109724463,retired,Ac^ --> Ac^^,BLSTM
mrql,18,0.9846383906018557,retired,Ac^ --> Ac^^,BLSTM
mrql,19,0.9850071261947243,retired,Ac^ --> Ac^^,BLSTM
mrql,20,0.9849879299460608,retired,Ac^ --> Ac^^,BLSTM
mrql,21,0.9836727204605832,retired,Ac^ --> Ac^^,BLSTM
mrql,22,0.9844467210228579,retired,Ac^ --> Ac^^,BLSTM
mrql,23,0.9848176501936445,retired,Ac^ --> Ac^^,BLSTM
mrql,24,0.9844811311355832,retired,Ac^ --> Ac^^,BLSTM
mrql,25,0.9848355576098439,retired,Ac^ --> Ac^^,BLSTM
mrql,26,0.9848242784382474,retired,Ac^ --> Ac^^,BLSTM
mrql,27,0.9829697999368389,retired,Ac^ --> Ac^^,BLSTM
mrql,28,0.8972300639012882,retired,Ac^ --> Ac^^,BLSTM
mrql,29,0.08929295354464602,retired,Ac^ --> Ac^^,BLSTM
mrql,30,0.005285936888496397,retired,Ac^ --> Ac^^,BLSTM
mrql,31,0.005133114117341728,retired,Ac^ --> Ac^^,BLSTM
mrql,32,0.005073536570262322,retired,Ac^ --> Ac^^,BLSTM
mrql,33,0.0050824348506274195,retired,Ac^ --> Ac^^,BLSTM
mrql,34,0.005161932340702489,retired,Ac^ --> Ac^^,BLSTM
mrql,35,0.0879582175403545,retired,Ac^ --> Ac^^,BLSTM
mrql,36,0.8856474967899103,retired,Ac^ --> Ac^^,BLSTM
mrql,37,0.9766558717558628,retired,Ac^ --> Ac^^,BLSTM
mrql,38,0.8944186178940899,retired,Ac^ --> Ac^^,BLSTM
mrql,39,0.0887743997896358,retired,Ac^ --> Ac^^,BLSTM
mrql,40,0.0049850975530476155,retired,Ac^ --> Ac^^,BLSTM
mrql,41,0.004866743889241904,retired,Ac^ --> Ac^^,BLSTM
mrql,42,0.004895484493816277,retired,Ac^ --> Ac^^,BLSTM
mrql,43,0.004924161082270089,retired,Ac^ --> Ac^^,BLSTM
mrql,44,0.08838109374944032,retired,Ac^ --> Ac^^,BLSTM
mrql,45,0.8911169947200932,retired,Ac^ --> Ac^^,BLSTM
mrql,46,0.9748789000448222,retired,Ac^ --> Ac^^,BLSTM
mrql,47,0.875729690938094,retired,Ac^ --> Ac^^,BLSTM
mrql,48,0.15471481026512707,retired,Ac^ --> Ac^^,BLSTM
mrql,49,0.6581714296965537,retired,Ac^ --> Ac^^,BLSTM
mrql,50,0.07276757060581292,retired,Ac^ --> Ac^^,BLSTM
mrql,51,0.004950626636953562,retired,Ac^ --> Ac^^,BLSTM
mrql,52,0.004890365602051734,retired,Ac^ --> Ac^^,BLSTM
mrql,53,0.004478638507065491,retired,Ac^ --> Ac^^,BLSTM
mrunit,1,0.8120305964630156,graduated,Ac^ --> Ac^^,BLSTM
mrunit,2,0.10012823085171758,graduated,Ac^ --> Ac^^,BLSTM
mrunit,3,0.018408204508916098,graduated,Ac^ --> Ac^^,BLSTM
mrunit,4,0.006868010863370492,graduated,Ac^ --> Ac^^,BLSTM
mrunit,5,0.005423200532149151,graduated,Ac^ --> Ac^^,BLSTM
mrunit,6,0.07826945810810533,graduated,Ac^ --> Ac^^,BLSTM
mrunit,7,0.7908382223716306,graduated,Ac^ --> Ac^^,BLSTM
mrunit,8,0.9632199186093069,graduated,Ac^ --> Ac^^,BLSTM
mrunit,9,0.9745491390824097,graduated,Ac^ --> Ac^^,BLSTM
mrunit,10,0.9767494477611048,graduated,Ac^ --> Ac^^,BLSTM
mrunit,11,0.978360861745921,graduated,Ac^ --> Ac^^,BLSTM
mrunit,12,0.9794793224389902,graduated,Ac^ --> Ac^^,BLSTM
mrunit,13,0.9801002210291344,graduated,Ac^ --> Ac^^,BLSTM
mrunit,14,0.8961835966750253,graduated,Ac^ --> Ac^^,BLSTM
muse,1,0.9008326544769321,graduated,Ac^ --> Ac^^,BLSTM
muse,2,0.9880847112491887,graduated,Ac^ --> Ac^^,BLSTM
muse,3,0.9887066138770971,graduated,Ac^ --> Ac^^,BLSTM
muse,4,0.9889327978943077,graduated,Ac^ --> Ac^^,BLSTM
muse,5,0.9890117167526996,graduated,Ac^ --> Ac^^,BLSTM
muse,6,0.9888665260543948,graduated,Ac^ --> Ac^^,BLSTM
muse,7,0.9034844769557488,graduated,Ac^ --> Ac^^,BLSTM
myfaces,1,0.9016514096579654,graduated,Ac^ --> Ac^^,BLSTM
myfaces,2,0.9875829579082249,graduated,Ac^ --> Ac^^,BLSTM
myfaces,3,0.9887608293839576,graduated,Ac^ --> Ac^^,BLSTM
myfaces,4,0.9888831135667747,graduated,Ac^ --> Ac^^,BLSTM
myfaces,5,0.9037746169299827,graduated,Ac^ --> Ac^^,BLSTM
mynewt,1,0.9042114772357777,graduated,Ac^ --> Ac^^,BLSTM
mynewt,2,0.9895556639079942,graduated,Ac^ --> Ac^^,BLSTM
mynewt,3,0.9896563539752967,graduated,Ac^ --> Ac^^,BLSTM
mynewt,4,0.9896193069199076,graduated,Ac^ --> Ac^^,BLSTM
mynewt,5,0.989561031170145,graduated,Ac^ --> Ac^^,BLSTM
mynewt,6,0.9895105348119009,graduated,Ac^ --> Ac^^,BLSTM
mynewt,7,0.989474095342213,graduated,Ac^ --> Ac^^,BLSTM
mynewt,8,0.9894564869702034,graduated,Ac^ --> Ac^^,BLSTM
mynewt,9,0.9894480360308125,graduated,Ac^ --> Ac^^,BLSTM
mynewt,10,0.9894439728996277,graduated,Ac^ --> Ac^^,BLSTM
mynewt,11,0.9894343823462689,graduated,Ac^ --> Ac^^,BLSTM
mynewt,12,0.9894206040094067,graduated,Ac^ --> Ac^^,BLSTM
mynewt,13,0.9894084711084462,graduated,Ac^ --> Ac^^,BLSTM
mynewt,14,0.9893988868561606,graduated,Ac^ --> Ac^^,BLSTM
mynewt,15,0.9893922911791643,graduated,Ac^ --> Ac^^,BLSTM
mynewt,16,0.989386076726991,graduated,Ac^ --> Ac^^,BLSTM
mynewt,17,0.9893799673523757,graduated,Ac^ --> Ac^^,BLSTM
mynewt,18,0.98937539797474,graduated,Ac^ --> Ac^^,BLSTM
mynewt,19,0.9892764668131385,graduated,Ac^ --> Ac^^,BLSTM
mynewt,20,0.9041174148662231,graduated,Ac^ --> Ac^^,BLSTM
myriad,1,0.9043290698872871,retired,Ac^ --> Ac^^,BLSTM
myriad,2,0.9895928831359305,retired,Ac^ --> Ac^^,BLSTM
myriad,3,0.9896301941185122,retired,Ac^ --> Ac^^,BLSTM
myriad,4,0.9893213995284061,retired,Ac^ --> Ac^^,BLSTM
myriad,5,0.9891185083650154,retired,Ac^ --> Ac^^,BLSTM
myriad,6,0.9886878114342362,retired,Ac^ --> Ac^^,BLSTM
myriad,7,0.9884531087817349,retired,Ac^ --> Ac^^,BLSTM
myriad,8,0.9882617930574932,retired,Ac^ --> Ac^^,BLSTM
myriad,9,0.988178494330203,retired,Ac^ --> Ac^^,BLSTM
myriad,10,0.9882199110546533,retired,Ac^ --> Ac^^,BLSTM
myriad,11,0.9884791023127214,retired,Ac^ --> Ac^^,BLSTM
myriad,12,0.9885775817897019,retired,Ac^ --> Ac^^,BLSTM
myriad,13,0.9884685579020435,retired,Ac^ --> Ac^^,BLSTM
myriad,14,0.988377985936388,retired,Ac^ --> Ac^^,BLSTM
myriad,15,0.9882560874504852,retired,Ac^ --> Ac^^,BLSTM
myriad,16,0.9877568836912116,retired,Ac^ --> Ac^^,BLSTM
myriad,17,0.9844775207912699,retired,Ac^ --> Ac^^,BLSTM
myriad,18,0.8799112450850922,retired,Ac^ --> Ac^^,BLSTM
myriad,19,0.08777271534380088,retired,Ac^ --> Ac^^,BLSTM
myriad,20,0.005543055464476617,retired,Ac^ --> Ac^^,BLSTM
myriad,21,0.005353537665819397,retired,Ac^ --> Ac^^,BLSTM
myriad,22,0.0052939878014237225,retired,Ac^ --> Ac^^,BLSTM
myriad,23,0.005235321653444393,retired,Ac^ --> Ac^^,BLSTM
myriad,24,0.005192754628823121,retired,Ac^ --> Ac^^,BLSTM
myriad,25,0.00516494394295044,retired,Ac^ --> Ac^^,BLSTM
myriad,26,0.005141995029198727,retired,Ac^ --> Ac^^,BLSTM
myriad,27,0.005120694253270411,retired,Ac^ --> Ac^^,BLSTM
myriad,28,0.00510442854985158,retired,Ac^ --> Ac^^,BLSTM
myriad,29,0.005092968371233781,retired,Ac^ --> Ac^^,BLSTM
myriad,30,0.005079033133770529,retired,Ac^ --> Ac^^,BLSTM
myriad,31,0.005060902711179076,retired,Ac^ --> Ac^^,BLSTM
myriad,32,0.00505234125387081,retired,Ac^ --> Ac^^,BLSTM
myriad,33,0.00504616069143836,retired,Ac^ --> Ac^^,BLSTM
myriad,34,0.005034784476310321,retired,Ac^ --> Ac^^,BLSTM
myriad,35,0.005123693330094786,retired,Ac^ --> Ac^^,BLSTM
myriad,36,0.08593285726353879,retired,Ac^ --> Ac^^,BLSTM
myriad,37,0.8632495439681894,retired,Ac^ --> Ac^^,BLSTM
myriad,38,0.9465015319606719,retired,Ac^ --> Ac^^,BLSTM
myriad,39,0.867216402621602,retired,Ac^ --> Ac^^,BLSTM
myriad,40,0.08632011935654947,retired,Ac^ --> Ac^^,BLSTM
myriad,41,0.005096507726495929,retired,Ac^ --> Ac^^,BLSTM
myriad,42,0.005063200133864929,retired,Ac^ --> Ac^^,BLSTM
myriad,43,0.08704603447983132,retired,Ac^ --> Ac^^,BLSTM
myriad,44,0.7942863435443551,retired,Ac^ --> Ac^^,BLSTM
myriad,45,0.08702857748655161,retired,Ac^ --> Ac^^,BLSTM
myriad,46,0.005135767486167427,retired,Ac^ --> Ac^^,BLSTM
myriad,47,0.08754660205435084,retired,Ac^ --> Ac^^,BLSTM
myriad,48,0.8813444542121183,retired,Ac^ --> Ac^^,BLSTM
myriad,49,0.9618932328365299,retired,Ac^ --> Ac^^,BLSTM
myriad,50,0.8542408659511811,retired,Ac^ --> Ac^^,BLSTM
myriad,51,0.08472088821283011,retired,Ac^ --> Ac^^,BLSTM
myriad,52,0.005017608588508632,retired,Ac^ --> Ac^^,BLSTM
myriad,53,0.004940427443144175,retired,Ac^ --> Ac^^,BLSTM
myriad,54,0.0049509912609995215,retired,Ac^ --> Ac^^,BLSTM
myriad,55,0.004957954135440337,retired,Ac^ --> Ac^^,BLSTM
myriad,56,0.004967006643865582,retired,Ac^ --> Ac^^,BLSTM
myriad,57,0.004968025739051744,retired,Ac^ --> Ac^^,BLSTM
myriad,58,0.004541615176944214,retired,Ac^ --> Ac^^,BLSTM
netbeans,1,0.8990609278788176,graduated,Ac^ --> Ac^^,BLSTM
netbeans,2,0.9852230150928359,graduated,Ac^ --> Ac^^,BLSTM
netbeans,3,0.9858380364780088,graduated,Ac^ --> Ac^^,BLSTM
netbeans,4,0.9861425148222634,graduated,Ac^ --> Ac^^,BLSTM
netbeans,5,0.9856729411383858,graduated,Ac^ --> Ac^^,BLSTM
netbeans,6,0.9850818540138808,graduated,Ac^ --> Ac^^,BLSTM
netbeans,7,0.9848643326073792,graduated,Ac^ --> Ac^^,BLSTM
netbeans,8,0.9845960514058509,graduated,Ac^ --> Ac^^,BLSTM
netbeans,9,0.9846011498427925,graduated,Ac^ --> Ac^^,BLSTM
netbeans,10,0.9848988024380547,graduated,Ac^ --> Ac^^,BLSTM
netbeans,11,0.987138131799768,graduated,Ac^ --> Ac^^,BLSTM
netbeans,12,0.987772547825186,graduated,Ac^ --> Ac^^,BLSTM
netbeans,13,0.9880000844224376,graduated,Ac^ --> Ac^^,BLSTM
netbeans,14,0.9881191664107734,graduated,Ac^ --> Ac^^,BLSTM
netbeans,15,0.9880897055758504,graduated,Ac^ --> Ac^^,BLSTM
netbeans,16,0.9880750921310628,graduated,Ac^ --> Ac^^,BLSTM
netbeans,17,0.9880617112179847,graduated,Ac^ --> Ac^^,BLSTM
netbeans,18,0.9880612843183929,graduated,Ac^ --> Ac^^,BLSTM
netbeans,19,0.9881202483669546,graduated,Ac^ --> Ac^^,BLSTM
netbeans,20,0.9882939664039108,graduated,Ac^ --> Ac^^,BLSTM
netbeans,21,0.9884232908292911,graduated,Ac^ --> Ac^^,BLSTM
netbeans,22,0.9885043276875568,graduated,Ac^ --> Ac^^,BLSTM
netbeans,23,0.9884871099558546,graduated,Ac^ --> Ac^^,BLSTM
netbeans,24,0.9885473968852241,graduated,Ac^ --> Ac^^,BLSTM
netbeans,25,0.9885031647581288,graduated,Ac^ --> Ac^^,BLSTM
netbeans,26,0.9885804722294479,graduated,Ac^ --> Ac^^,BLSTM
netbeans,27,0.9886449141126183,graduated,Ac^ --> Ac^^,BLSTM
netbeans,28,0.9886677415886262,graduated,Ac^ --> Ac^^,BLSTM
netbeans,29,0.988512401672669,graduated,Ac^ --> Ac^^,BLSTM
netbeans,30,0.9034753391872199,graduated,Ac^ --> Ac^^,BLSTM
nifi,1,0.9017656018461637,graduated,Ac^ --> Ac^^,BLSTM
nifi,2,0.9888789426495646,graduated,Ac^ --> Ac^^,BLSTM
nifi,3,0.9893576450280762,graduated,Ac^ --> Ac^^,BLSTM
nifi,4,0.9893948487284926,graduated,Ac^ --> Ac^^,BLSTM
nifi,5,0.9893833151064232,graduated,Ac^ --> Ac^^,BLSTM
nifi,6,0.9893853945259147,graduated,Ac^ --> Ac^^,BLSTM
nifi,7,0.9892671655124754,graduated,Ac^ --> Ac^^,BLSTM
nifi,8,0.9041062788361673,graduated,Ac^ --> Ac^^,BLSTM
nmaven,1,0.7917685019799504,retired,Ac^ --> Ac^^,BLSTM
nmaven,2,0.12458510695395267,retired,Ac^ --> Ac^^,BLSTM
nmaven,3,0.038703735614137834,retired,Ac^ --> Ac^^,BLSTM
nmaven,4,0.07412540561201642,retired,Ac^ --> Ac^^,BLSTM
nmaven,5,0.03226267330968611,retired,Ac^ --> Ac^^,BLSTM
nmaven,6,0.13606494332927305,retired,Ac^ --> Ac^^,BLSTM
nmaven,7,0.7936642117972466,retired,Ac^ --> Ac^^,BLSTM
nmaven,8,0.9492398588728805,retired,Ac^ --> Ac^^,BLSTM
nmaven,9,0.9559737782211577,retired,Ac^ --> Ac^^,BLSTM
nmaven,10,0.9696667656495432,retired,Ac^ --> Ac^^,BLSTM
nmaven,11,0.9710222807304545,retired,Ac^ --> Ac^^,BLSTM
nmaven,12,0.9750934356597886,retired,Ac^ --> Ac^^,BLSTM
nmaven,13,0.9772663663456617,retired,Ac^ --> Ac^^,BLSTM
nmaven,14,0.9783614603994166,retired,Ac^ --> Ac^^,BLSTM
nmaven,15,0.9795267415706373,retired,Ac^ --> Ac^^,BLSTM
nmaven,16,0.980064367012177,retired,Ac^ --> Ac^^,BLSTM
nmaven,17,0.9806414496221285,retired,Ac^ --> Ac^^,BLSTM
nmaven,18,0.9810023397890464,retired,Ac^ --> Ac^^,BLSTM
nmaven,19,0.9812657860900433,retired,Ac^ --> Ac^^,BLSTM
nmaven,20,0.9814766772072014,retired,Ac^ --> Ac^^,BLSTM
nmaven,21,0.9814590608498035,retired,Ac^ --> Ac^^,BLSTM
nmaven,22,0.9815001019884158,retired,Ac^ --> Ac^^,BLSTM
nmaven,23,0.8972067784808841,retired,Ac^ --> Ac^^,BLSTM
npanday,1,0.9032439311290879,retired,Ac^ --> Ac^^,BLSTM
npanday,2,0.9887945225274433,retired,Ac^ --> Ac^^,BLSTM
npanday,3,0.9887150560886159,retired,Ac^ --> Ac^^,BLSTM
npanday,4,0.9885558043899076,retired,Ac^ --> Ac^^,BLSTM
npanday,5,0.9889108019095967,retired,Ac^ --> Ac^^,BLSTM
npanday,6,0.9887898247293267,retired,Ac^ --> Ac^^,BLSTM
npanday,7,0.9888424308380122,retired,Ac^ --> Ac^^,BLSTM
npanday,8,0.9889367802478605,retired,Ac^ --> Ac^^,BLSTM
npanday,9,0.9889535356166042,retired,Ac^ --> Ac^^,BLSTM
npanday,10,0.9888465808636798,retired,Ac^ --> Ac^^,BLSTM
npanday,11,0.9887992749570822,retired,Ac^ --> Ac^^,BLSTM
npanday,12,0.9888201092788624,retired,Ac^ --> Ac^^,BLSTM
npanday,13,0.988748693849357,retired,Ac^ --> Ac^^,BLSTM
npanday,14,0.9886689547089388,retired,Ac^ --> Ac^^,BLSTM
npanday,15,0.9887981271033159,retired,Ac^ --> Ac^^,BLSTM
npanday,16,0.988860903897817,retired,Ac^ --> Ac^^,BLSTM
npanday,17,0.9888723473966347,retired,Ac^ --> Ac^^,BLSTM
npanday,18,0.9887698161885201,retired,Ac^ --> Ac^^,BLSTM
npanday,19,0.9887371940375446,retired,Ac^ --> Ac^^,BLSTM
npanday,20,0.988792907750649,retired,Ac^ --> Ac^^,BLSTM
npanday,21,0.9887917121767987,retired,Ac^ --> Ac^^,BLSTM
npanday,22,0.9887975240663214,retired,Ac^ --> Ac^^,BLSTM
npanday,23,0.9876884863784701,retired,Ac^ --> Ac^^,BLSTM
npanday,24,0.9779397874890706,retired,Ac^ --> Ac^^,BLSTM
npanday,25,0.9869416891444648,retired,Ac^ --> Ac^^,BLSTM
npanday,26,0.8986269190734948,retired,Ac^ --> Ac^^,BLSTM
npanday,27,0.0893041556993004,retired,Ac^ --> Ac^^,BLSTM
npanday,28,0.005281640414181307,retired,Ac^ --> Ac^^,BLSTM
npanday,29,0.005138302495990092,retired,Ac^ --> Ac^^,BLSTM
npanday,30,0.005286385955983928,retired,Ac^ --> Ac^^,BLSTM
npanday,31,0.08946564570591352,retired,Ac^ --> Ac^^,BLSTM
npanday,32,0.8928951665703883,retired,Ac^ --> Ac^^,BLSTM
npanday,33,0.9827610382006294,retired,Ac^ --> Ac^^,BLSTM
npanday,34,0.984513238766824,retired,Ac^ --> Ac^^,BLSTM
npanday,35,0.9850586226543542,retired,Ac^ --> Ac^^,BLSTM
npanday,36,0.9852888378244317,retired,Ac^ --> Ac^^,BLSTM
npanday,37,0.9840444975507564,retired,Ac^ --> Ac^^,BLSTM
npanday,38,0.8882376459445573,retired,Ac^ --> Ac^^,BLSTM
npanday,39,0.08831340653712696,retired,Ac^ --> Ac^^,BLSTM
npanday,40,0.0053086658880018775,retired,Ac^ --> Ac^^,BLSTM
npanday,41,0.005187689557786424,retired,Ac^ --> Ac^^,BLSTM
npanday,42,0.08935658235876281,retired,Ac^ --> Ac^^,BLSTM
npanday,43,0.8967537056247021,retired,Ac^ --> Ac^^,BLSTM
npanday,44,0.9823291634526791,retired,Ac^ --> Ac^^,BLSTM
npanday,45,0.8983052780889524,retired,Ac^ --> Ac^^,BLSTM
npanday,46,0.14024429090480658,retired,Ac^ --> Ac^^,BLSTM
npanday,47,0.5526862992604492,retired,Ac^ --> Ac^^,BLSTM
npanday,48,0.9446577059508805,retired,Ac^ --> Ac^^,BLSTM
npanday,49,0.8930376944572017,retired,Ac^ --> Ac^^,BLSTM
npanday,50,0.08863278483998326,retired,Ac^ --> Ac^^,BLSTM
npanday,51,0.005037412955106219,retired,Ac^ --> Ac^^,BLSTM
npanday,52,0.004961829341293593,retired,Ac^ --> Ac^^,BLSTM
npanday,53,0.004544233222489844,retired,Ac^ --> Ac^^,BLSTM
nutch,1,0.5030063901617962,graduated,Ac^ --> Ac^^,BLSTM
nutch,2,0.9444589294736939,graduated,Ac^ --> Ac^^,BLSTM
nutch,3,0.987041831653134,graduated,Ac^ --> Ac^^,BLSTM
nutch,4,0.9872939103208065,graduated,Ac^ --> Ac^^,BLSTM
nutch,5,0.9022989449410596,graduated,Ac^ --> Ac^^,BLSTM
nuvem,1,0.09097711641336068,graduated,Ac^ --> Ac^^,BLSTM
nuvem,2,0.8959082002758033,graduated,Ac^ --> Ac^^,BLSTM
nuvem,3,0.9850737487020834,graduated,Ac^ --> Ac^^,BLSTM
nuvem,4,0.986424632217455,graduated,Ac^ --> Ac^^,BLSTM
nuvem,5,0.9865359478086231,graduated,Ac^ --> Ac^^,BLSTM
nuvem,6,0.9866525652385209,graduated,Ac^ --> Ac^^,BLSTM
nuvem,7,0.9855875560943667,graduated,Ac^ --> Ac^^,BLSTM
nuvem,8,0.9869939701846773,graduated,Ac^ --> Ac^^,BLSTM
nuvem,9,0.9871134889025214,graduated,Ac^ --> Ac^^,BLSTM
nuvem,10,0.9873928786724364,graduated,Ac^ --> Ac^^,BLSTM
nuvem,11,0.9876525117730998,graduated,Ac^ --> Ac^^,BLSTM
nuvem,12,0.9876843217629303,graduated,Ac^ --> Ac^^,BLSTM
nuvem,13,0.9877895075311578,graduated,Ac^ --> Ac^^,BLSTM
nuvem,14,0.9878936733495699,graduated,Ac^ --> Ac^^,BLSTM
nuvem,15,0.9045542974282089,graduated,Ac^ --> Ac^^,BLSTM
nuvem,16,0.0949541039967021,graduated,Ac^ --> Ac^^,BLSTM
nuvem,17,0.005748826416720263,graduated,Ac^ --> Ac^^,BLSTM
nuvem,18,0.005201538341435275,graduated,Ac^ --> Ac^^,BLSTM
nuvem,19,0.005155558228274613,graduated,Ac^ --> Ac^^,BLSTM
nuvem,20,0.005197189023121604,graduated,Ac^ --> Ac^^,BLSTM
nuvem,21,0.0865920297464429,graduated,Ac^ --> Ac^^,BLSTM
nuvem,22,0.7892828887924273,graduated,Ac^ --> Ac^^,BLSTM
nuvem,23,0.08697042994875973,graduated,Ac^ --> Ac^^,BLSTM
nuvem,24,0.005125506492436363,graduated,Ac^ --> Ac^^,BLSTM
nuvem,25,0.004957440881848013,graduated,Ac^ --> Ac^^,BLSTM
nuvem,26,0.004957108555774666,graduated,Ac^ --> Ac^^,BLSTM
nuvem,27,0.004969294948709369,graduated,Ac^ --> Ac^^,BLSTM
nuvem,28,0.004541979888706151,graduated,Ac^ --> Ac^^,BLSTM
ode,1,0.7081833299186077,graduated,Ac^ --> Ac^^,BLSTM
ode,2,0.9657502287797746,graduated,Ac^ --> Ac^^,BLSTM
ode,3,0.9773602551791629,graduated,Ac^ --> Ac^^,BLSTM
ode,4,0.909292987952153,graduated,Ac^ --> Ac^^,BLSTM
ode,5,0.9754278754785876,graduated,Ac^ --> Ac^^,BLSTM
ode,6,0.9861617396300973,graduated,Ac^ --> Ac^^,BLSTM
ode,7,0.9871717175152024,graduated,Ac^ --> Ac^^,BLSTM
ode,8,0.9876013768330095,graduated,Ac^ --> Ac^^,BLSTM
ode,9,0.9878699386716412,graduated,Ac^ --> Ac^^,BLSTM
ode,10,0.9880164155847945,graduated,Ac^ --> Ac^^,BLSTM
ode,11,0.9880757841115367,graduated,Ac^ --> Ac^^,BLSTM
ode,12,0.9881717500281613,graduated,Ac^ --> Ac^^,BLSTM
ode,13,0.9882692206067037,graduated,Ac^ --> Ac^^,BLSTM
ode,14,0.9883458188960224,graduated,Ac^ --> Ac^^,BLSTM
ode,15,0.9883948732412096,graduated,Ac^ --> Ac^^,BLSTM
ode,16,0.988287875633176,graduated,Ac^ --> Ac^^,BLSTM
ode,17,0.9032297173297642,graduated,Ac^ --> Ac^^,BLSTM
odf,1,0.9043710605145994,retired,Ac^ --> Ac^^,BLSTM
odf,2,0.9895384151543847,retired,Ac^ --> Ac^^,BLSTM
odf,3,0.9894359264141405,retired,Ac^ --> Ac^^,BLSTM
odf,4,0.9891409760570015,retired,Ac^ --> Ac^^,BLSTM
odf,5,0.9888923615806101,retired,Ac^ --> Ac^^,BLSTM
odf,6,0.9889494066493912,retired,Ac^ --> Ac^^,BLSTM
odf,7,0.9890037897845876,retired,Ac^ --> Ac^^,BLSTM
odf,8,0.9888120873407632,retired,Ac^ --> Ac^^,BLSTM
odf,9,0.9887005596208929,retired,Ac^ --> Ac^^,BLSTM
odf,10,0.9885636105653716,retired,Ac^ --> Ac^^,BLSTM
odf,11,0.9883370220797181,retired,Ac^ --> Ac^^,BLSTM
odf,12,0.9878586062412038,retired,Ac^ --> Ac^^,BLSTM
odf,13,0.9878267304581203,retired,Ac^ --> Ac^^,BLSTM
odf,14,0.9876930901813445,retired,Ac^ --> Ac^^,BLSTM
odf,15,0.9876991419534467,retired,Ac^ --> Ac^^,BLSTM
odf,16,0.9879912423774436,retired,Ac^ --> Ac^^,BLSTM
odf,17,0.9880583900788364,retired,Ac^ --> Ac^^,BLSTM
odf,18,0.9880597065703294,retired,Ac^ --> Ac^^,BLSTM
odf,19,0.9880818622389157,retired,Ac^ --> Ac^^,BLSTM
odf,20,0.9880790307504532,retired,Ac^ --> Ac^^,BLSTM
odf,21,0.9880648062869313,retired,Ac^ --> Ac^^,BLSTM
odf,22,0.9879895560895744,retired,Ac^ --> Ac^^,BLSTM
odf,23,0.987830538663054,retired,Ac^ --> Ac^^,BLSTM
odf,24,0.9877506183983563,retired,Ac^ --> Ac^^,BLSTM
odf,25,0.9876312459233143,retired,Ac^ --> Ac^^,BLSTM
odf,26,0.9874024370096566,retired,Ac^ --> Ac^^,BLSTM
odf,27,0.9869825839906254,retired,Ac^ --> Ac^^,BLSTM
odf,28,0.9693049084329682,retired,Ac^ --> Ac^^,BLSTM
odf,29,0.738539199362239,retired,Ac^ --> Ac^^,BLSTM
odf,30,0.10458502794864047,retired,Ac^ --> Ac^^,BLSTM
odf,31,0.16788171344623526,retired,Ac^ --> Ac^^,BLSTM
odf,32,0.022125840439001773,retired,Ac^ --> Ac^^,BLSTM
odf,33,0.005369704662238516,retired,Ac^ --> Ac^^,BLSTM
odf,34,0.0052775880940418105,retired,Ac^ --> Ac^^,BLSTM
odf,35,0.005222663547475473,retired,Ac^ --> Ac^^,BLSTM
odf,36,0.005186321422442128,retired,Ac^ --> Ac^^,BLSTM
odf,37,0.0051656680256060425,retired,Ac^ --> Ac^^,BLSTM
odf,38,0.005141307490670362,retired,Ac^ --> Ac^^,BLSTM
odf,39,0.005130259857431757,retired,Ac^ --> Ac^^,BLSTM
odf,40,0.005120635592490379,retired,Ac^ --> Ac^^,BLSTM
odf,41,0.0051097776897884835,retired,Ac^ --> Ac^^,BLSTM
odf,42,0.005105252418468476,retired,Ac^ --> Ac^^,BLSTM
odf,43,0.005100071138848765,retired,Ac^ --> Ac^^,BLSTM
odf,44,0.005089492322901195,retired,Ac^ --> Ac^^,BLSTM
odf,45,0.0050766643418925905,retired,Ac^ --> Ac^^,BLSTM
odf,46,0.005071854942404145,retired,Ac^ --> Ac^^,BLSTM
odf,47,0.005070399315362048,retired,Ac^ --> Ac^^,BLSTM
odf,48,0.005161667263055204,retired,Ac^ --> Ac^^,BLSTM
odf,49,0.0858832692510694,retired,Ac^ --> Ac^^,BLSTM
odf,50,0.8623784566678985,retired,Ac^ --> Ac^^,BLSTM
odf,51,0.9455701600016816,retired,Ac^ --> Ac^^,BLSTM
odf,52,0.9472411378652021,retired,Ac^ --> Ac^^,BLSTM
odf,53,0.9351367339291692,retired,Ac^ --> Ac^^,BLSTM
odf,54,0.9493615678812671,retired,Ac^ --> Ac^^,BLSTM
odf,55,0.9521715622004444,retired,Ac^ --> Ac^^,BLSTM
odf,56,0.9521906781529167,retired,Ac^ --> Ac^^,BLSTM
odf,57,0.9558116484000843,retired,Ac^ --> Ac^^,BLSTM
odf,58,0.9535617409106751,retired,Ac^ --> Ac^^,BLSTM
odf,59,0.8634649117972566,retired,Ac^ --> Ac^^,BLSTM
odf,60,0.08590001038904291,retired,Ac^ --> Ac^^,BLSTM
odf,61,0.005134776269320342,retired,Ac^ --> Ac^^,BLSTM
odf,62,0.005040449959942072,retired,Ac^ --> Ac^^,BLSTM
odf,63,0.005038796860503865,retired,Ac^ --> Ac^^,BLSTM
odf,64,0.005039701563806828,retired,Ac^ --> Ac^^,BLSTM
odf,65,0.005037374780090201,retired,Ac^ --> Ac^^,BLSTM
odf,66,0.005038091851449738,retired,Ac^ --> Ac^^,BLSTM
odf,67,0.005130976732866217,retired,Ac^ --> Ac^^,BLSTM
odf,68,0.08690459304281554,retired,Ac^ --> Ac^^,BLSTM
odf,69,0.8736205649950026,retired,Ac^ --> Ac^^,BLSTM
odf,70,0.958163762873334,retired,Ac^ --> Ac^^,BLSTM
odf,71,0.9600914841776765,retired,Ac^ --> Ac^^,BLSTM
odf,72,0.9612955599572847,retired,Ac^ --> Ac^^,BLSTM
odf,73,0.9593001936483883,retired,Ac^ --> Ac^^,BLSTM
odf,74,0.958547159610152,retired,Ac^ --> Ac^^,BLSTM
odf,75,0.8767311357515464,retired,Ac^ --> Ac^^,BLSTM
odf,76,0.08720035080276313,retired,Ac^ --> Ac^^,BLSTM
odf,77,0.00510113804436193,retired,Ac^ --> Ac^^,BLSTM
odf,78,0.0050019979504439885,retired,Ac^ --> Ac^^,BLSTM
odf,79,0.005009430211752788,retired,Ac^ --> Ac^^,BLSTM
odf,80,0.005018860625347489,retired,Ac^ --> Ac^^,BLSTM
odf,81,0.005106868280516287,retired,Ac^ --> Ac^^,BLSTM
odf,82,0.08025100805428244,retired,Ac^ --> Ac^^,BLSTM
odf,83,0.7286782529551628,retired,Ac^ --> Ac^^,BLSTM
odf,84,0.0802611581538433,retired,Ac^ --> Ac^^,BLSTM
odf,85,0.0051007021721181335,retired,Ac^ --> Ac^^,BLSTM
odf,86,0.00501945227937018,retired,Ac^ --> Ac^^,BLSTM
odf,87,0.004553939242118204,retired,Ac^ --> Ac^^,BLSTM
ofbiz,1,0.9040447078109909,graduated,Ac^ --> Ac^^,BLSTM
ofbiz,2,0.9895135478757665,graduated,Ac^ --> Ac^^,BLSTM
ofbiz,3,0.9895337882440604,graduated,Ac^ --> Ac^^,BLSTM
ofbiz,4,0.9895777713764196,graduated,Ac^ --> Ac^^,BLSTM
ofbiz,5,0.9893822956014362,graduated,Ac^ --> Ac^^,BLSTM
ofbiz,6,0.9893244464439173,graduated,Ac^ --> Ac^^,BLSTM
ofbiz,7,0.9890258684887252,graduated,Ac^ --> Ac^^,BLSTM
ofbiz,8,0.9037626419928813,graduated,Ac^ --> Ac^^,BLSTM
olingo,1,0.9030968029408006,graduated,Ac^ --> Ac^^,BLSTM
olingo,2,0.9894122146703769,graduated,Ac^ --> Ac^^,BLSTM
olingo,3,0.9895877013563167,graduated,Ac^ --> Ac^^,BLSTM
olingo,4,0.9896214336585775,graduated,Ac^ --> Ac^^,BLSTM
olingo,5,0.9895713569004881,graduated,Ac^ --> Ac^^,BLSTM
olingo,6,0.9895405490996129,graduated,Ac^ --> Ac^^,BLSTM
olingo,7,0.9893948261953085,graduated,Ac^ --> Ac^^,BLSTM
olingo,8,0.9041930905742952,graduated,Ac^ --> Ac^^,BLSTM
olio,1,0.9039545890236332,retired,Ac^ --> Ac^^,BLSTM
olio,2,0.9886032501412707,retired,Ac^ --> Ac^^,BLSTM
olio,3,0.9890230798431882,retired,Ac^ --> Ac^^,BLSTM
olio,4,0.9887442103354591,retired,Ac^ --> Ac^^,BLSTM
olio,5,0.9888088197184478,retired,Ac^ --> Ac^^,BLSTM
olio,6,0.9889124269748177,retired,Ac^ --> Ac^^,BLSTM
olio,7,0.988930506711378,retired,Ac^ --> Ac^^,BLSTM
olio,8,0.98876104027353,retired,Ac^ --> Ac^^,BLSTM
olio,9,0.9888880095179965,retired,Ac^ --> Ac^^,BLSTM
olio,10,0.9890253436626454,retired,Ac^ --> Ac^^,BLSTM
olio,11,0.9886996189252785,retired,Ac^ --> Ac^^,BLSTM
olio,12,0.9886715120301217,retired,Ac^ --> Ac^^,BLSTM
olio,13,0.9886856327316075,retired,Ac^ --> Ac^^,BLSTM
olio,14,0.9888079029094214,retired,Ac^ --> Ac^^,BLSTM
olio,15,0.988790879420188,retired,Ac^ --> Ac^^,BLSTM
olio,16,0.9887398452785114,retired,Ac^ --> Ac^^,BLSTM
olio,17,0.9884880192691136,retired,Ac^ --> Ac^^,BLSTM
olio,18,0.9031419403381861,retired,Ac^ --> Ac^^,BLSTM
olio,19,0.08994933342060012,retired,Ac^ --> Ac^^,BLSTM
olio,20,0.005520761033769111,retired,Ac^ --> Ac^^,BLSTM
olio,21,0.08940851457811039,retired,Ac^ --> Ac^^,BLSTM
olio,22,0.8125335690858393,retired,Ac^ --> Ac^^,BLSTM
olio,23,0.09014852484247934,retired,Ac^ --> Ac^^,BLSTM
olio,24,0.005331403173930418,retired,Ac^ --> Ac^^,BLSTM
olio,25,0.005096088159684268,retired,Ac^ --> Ac^^,BLSTM
olio,26,0.005078972878039868,retired,Ac^ --> Ac^^,BLSTM
olio,27,0.005060784279323211,retired,Ac^ --> Ac^^,BLSTM
olio,28,0.005046791385597839,retired,Ac^ --> Ac^^,BLSTM
olio,29,0.005029952399678398,retired,Ac^ --> Ac^^,BLSTM
olio,30,0.005021443642185915,retired,Ac^ --> Ac^^,BLSTM
olio,31,0.005011409664564268,retired,Ac^ --> Ac^^,BLSTM
olio,32,0.005002707335691954,retired,Ac^ --> Ac^^,BLSTM
olio,33,0.004996067976197205,retired,Ac^ --> Ac^^,BLSTM
olio,34,0.004989816283896664,retired,Ac^ --> Ac^^,BLSTM
olio,35,0.00498739417561134,retired,Ac^ --> Ac^^,BLSTM
olio,36,0.0049853018205895175,retired,Ac^ --> Ac^^,BLSTM
olio,37,0.004552048411703089,retired,Ac^ --> Ac^^,BLSTM
oltu,1,0.9016725667879031,graduated,Ac^ --> Ac^^,BLSTM
oltu,2,0.9885179805301828,graduated,Ac^ --> Ac^^,BLSTM
oltu,3,0.9884217800658477,graduated,Ac^ --> Ac^^,BLSTM
oltu,4,0.9879609852905312,graduated,Ac^ --> Ac^^,BLSTM
oltu,5,0.9839183237869761,graduated,Ac^ --> Ac^^,BLSTM
oltu,6,0.9868087880561374,graduated,Ac^ --> Ac^^,BLSTM
oltu,7,0.9846168437366841,graduated,Ac^ --> Ac^^,BLSTM
oltu,8,0.8998839248944543,graduated,Ac^ --> Ac^^,BLSTM
oltu,9,0.09522797024752054,graduated,Ac^ --> Ac^^,BLSTM
oltu,10,0.005944213368940392,graduated,Ac^ --> Ac^^,BLSTM
oltu,11,0.005365880385588328,graduated,Ac^ --> Ac^^,BLSTM
oltu,12,0.08908349108300581,graduated,Ac^ --> Ac^^,BLSTM
oltu,13,0.8953117628564345,graduated,Ac^ --> Ac^^,BLSTM
oltu,14,0.9821642940256359,graduated,Ac^ --> Ac^^,BLSTM
oltu,15,0.9783762647479392,graduated,Ac^ --> Ac^^,BLSTM
oltu,16,0.8548858129614842,graduated,Ac^ --> Ac^^,BLSTM
oltu,17,0.16772168138311566,graduated,Ac^ --> Ac^^,BLSTM
oltu,18,0.883335151657565,graduated,Ac^ --> Ac^^,BLSTM
oltu,19,0.9796070169386603,graduated,Ac^ --> Ac^^,BLSTM
oltu,20,0.9824900517519662,graduated,Ac^ --> Ac^^,BLSTM
oltu,21,0.9832534293696852,graduated,Ac^ --> Ac^^,BLSTM
oltu,22,0.9837030930105665,graduated,Ac^ --> Ac^^,BLSTM
oltu,23,0.9840196600980365,graduated,Ac^ --> Ac^^,BLSTM
oltu,24,0.9844355999218187,graduated,Ac^ --> Ac^^,BLSTM
oltu,25,0.9847181898387506,graduated,Ac^ --> Ac^^,BLSTM
oltu,26,0.9847987703572295,graduated,Ac^ --> Ac^^,BLSTM
oltu,27,0.9845183045000174,graduated,Ac^ --> Ac^^,BLSTM
oltu,28,0.9842203909559035,graduated,Ac^ --> Ac^^,BLSTM
oltu,29,0.9839168911598931,graduated,Ac^ --> Ac^^,BLSTM
oltu,30,0.9836501361773314,graduated,Ac^ --> Ac^^,BLSTM
oltu,31,0.9800462104737316,graduated,Ac^ --> Ac^^,BLSTM
oltu,32,0.8994056713097414,graduated,Ac^ --> Ac^^,BLSTM
omid,1,0.41857988323837236,graduated,Ac^ --> Ac^^,BLSTM
omid,2,0.9248228923942249,graduated,Ac^ --> Ac^^,BLSTM
omid,3,0.9849943473890764,graduated,Ac^ --> Ac^^,BLSTM
omid,4,0.9824312151905159,graduated,Ac^ --> Ac^^,BLSTM
omid,5,0.9868641827482544,graduated,Ac^ --> Ac^^,BLSTM
omid,6,0.9028331890012419,graduated,Ac^ --> Ac^^,BLSTM
omid,7,0.09021531011157898,graduated,Ac^ --> Ac^^,BLSTM
omid,8,0.0052392001069733836,graduated,Ac^ --> Ac^^,BLSTM
omid,9,0.005115464297713187,graduated,Ac^ --> Ac^^,BLSTM
omid,10,0.005098012041000968,graduated,Ac^ --> Ac^^,BLSTM
omid,11,0.005072878679818911,graduated,Ac^ --> Ac^^,BLSTM
omid,12,0.005052201555518838,graduated,Ac^ --> Ac^^,BLSTM
omid,13,0.005032982584560411,graduated,Ac^ --> Ac^^,BLSTM
omid,14,0.005018524893150583,graduated,Ac^ --> Ac^^,BLSTM
omid,15,0.005103772171464986,graduated,Ac^ --> Ac^^,BLSTM
omid,16,0.08705423237116047,graduated,Ac^ --> Ac^^,BLSTM
omid,17,0.8745522998009659,graduated,Ac^ --> Ac^^,BLSTM
omid,18,0.9507166337455445,graduated,Ac^ --> Ac^^,BLSTM
omid,19,0.8821549241799365,graduated,Ac^ --> Ac^^,BLSTM
omid,20,0.2080253078383157,graduated,Ac^ --> Ac^^,BLSTM
omid,21,0.8852784733183675,graduated,Ac^ --> Ac^^,BLSTM
omid,22,0.9653677087568145,graduated,Ac^ --> Ac^^,BLSTM
omid,23,0.9676450830190962,graduated,Ac^ --> Ac^^,BLSTM
omid,24,0.9690419970069565,graduated,Ac^ --> Ac^^,BLSTM
omid,25,0.9696959092963502,graduated,Ac^ --> Ac^^,BLSTM
omid,26,0.9702526361522908,graduated,Ac^ --> Ac^^,BLSTM
omid,27,0.9714146575522359,graduated,Ac^ --> Ac^^,BLSTM
omid,28,0.972226371634674,graduated,Ac^ --> Ac^^,BLSTM
omid,29,0.9726841565318923,graduated,Ac^ --> Ac^^,BLSTM
omid,30,0.9733355479495127,graduated,Ac^ --> Ac^^,BLSTM
omid,31,0.9739163376970436,graduated,Ac^ --> Ac^^,BLSTM
omid,32,0.9745675588133028,graduated,Ac^ --> Ac^^,BLSTM
omid,33,0.9752392682041272,graduated,Ac^ --> Ac^^,BLSTM
omid,34,0.9756236359116119,graduated,Ac^ --> Ac^^,BLSTM
omid,35,0.9761131879857363,graduated,Ac^ --> Ac^^,BLSTM
omid,36,0.9764720993688722,graduated,Ac^ --> Ac^^,BLSTM
omid,37,0.9769619943446881,graduated,Ac^ --> Ac^^,BLSTM
omid,38,0.977451034286331,graduated,Ac^ --> Ac^^,BLSTM
omid,39,0.9781313379355852,graduated,Ac^ --> Ac^^,BLSTM
omid,40,0.896388426968864,graduated,Ac^ --> Ac^^,BLSTM
omid,41,0.08908552761659934,graduated,Ac^ --> Ac^^,BLSTM
omid,42,0.0052812891441079285,graduated,Ac^ --> Ac^^,BLSTM
omid,43,0.004759698170134795,graduated,Ac^ --> Ac^^,BLSTM
onami,1,0.9039238813081711,graduated,Ac^ --> Ac^^,BLSTM
onami,2,0.9893822779188215,graduated,Ac^ --> Ac^^,BLSTM
onami,3,0.9895430815802103,graduated,Ac^ --> Ac^^,BLSTM
onami,4,0.9893844443345957,graduated,Ac^ --> Ac^^,BLSTM
onami,5,0.9041755698349854,graduated,Ac^ --> Ac^^,BLSTM
oodt,1,0.9038138832011821,graduated,Ac^ --> Ac^^,BLSTM
oodt,2,0.9882720823843218,graduated,Ac^ --> Ac^^,BLSTM
oodt,3,0.9880449118632985,graduated,Ac^ --> Ac^^,BLSTM
oodt,4,0.9836972720303696,graduated,Ac^ --> Ac^^,BLSTM
oodt,5,0.9878065296535602,graduated,Ac^ --> Ac^^,BLSTM
oodt,6,0.9880757594582186,graduated,Ac^ --> Ac^^,BLSTM
oodt,7,0.9883625487220191,graduated,Ac^ --> Ac^^,BLSTM
oodt,8,0.9880631919272396,graduated,Ac^ --> Ac^^,BLSTM
oodt,9,0.9029073796723883,graduated,Ac^ --> Ac^^,BLSTM
oozie,1,0.12490601326661155,graduated,Ac^ --> Ac^^,BLSTM
oozie,2,0.9031846694564821,graduated,Ac^ --> Ac^^,BLSTM
oozie,3,0.9860380721535928,graduated,Ac^ --> Ac^^,BLSTM
oozie,4,0.9869099659973982,graduated,Ac^ --> Ac^^,BLSTM
oozie,5,0.9874703402870555,graduated,Ac^ --> Ac^^,BLSTM
oozie,6,0.9876823240380922,graduated,Ac^ --> Ac^^,BLSTM
oozie,7,0.988047118054673,graduated,Ac^ --> Ac^^,BLSTM
oozie,8,0.987968816820796,graduated,Ac^ --> Ac^^,BLSTM
oozie,9,0.987991985234019,graduated,Ac^ --> Ac^^,BLSTM
oozie,10,0.9879618806437418,graduated,Ac^ --> Ac^^,BLSTM
oozie,11,0.9880557514232828,graduated,Ac^ --> Ac^^,BLSTM
oozie,12,0.9882257580631856,graduated,Ac^ --> Ac^^,BLSTM
oozie,13,0.9031009424972607,graduated,Ac^ --> Ac^^,BLSTM
openaz,1,0.8070726224979988,retired,Ac^ --> Ac^^,BLSTM
openaz,2,0.15586555151859774,retired,Ac^ --> Ac^^,BLSTM
openaz,3,0.09603651049114638,retired,Ac^ --> Ac^^,BLSTM
openaz,4,0.8924754437903291,retired,Ac^ --> Ac^^,BLSTM
openaz,5,0.9759729282991358,retired,Ac^ --> Ac^^,BLSTM
openaz,6,0.8615958701402372,retired,Ac^ --> Ac^^,BLSTM
openaz,7,0.21044272341948667,retired,Ac^ --> Ac^^,BLSTM
openaz,8,0.0184330474756353,retired,Ac^ --> Ac^^,BLSTM
openaz,9,0.005178258304484326,retired,Ac^ --> Ac^^,BLSTM
openaz,10,0.005101582567769494,retired,Ac^ --> Ac^^,BLSTM
openaz,11,0.005059725913609971,retired,Ac^ --> Ac^^,BLSTM
openaz,12,0.0050633771587317335,retired,Ac^ --> Ac^^,BLSTM
openaz,13,0.08719232922046914,retired,Ac^ --> Ac^^,BLSTM
openaz,14,0.8750190128187589,retired,Ac^ --> Ac^^,BLSTM
openaz,15,0.9392991831003776,retired,Ac^ --> Ac^^,BLSTM
openaz,16,0.9661486073890702,retired,Ac^ --> Ac^^,BLSTM
openaz,17,0.9530673524485453,retired,Ac^ --> Ac^^,BLSTM
openaz,18,0.7171173258226508,retired,Ac^ --> Ac^^,BLSTM
openaz,19,0.07125513542718921,retired,Ac^ --> Ac^^,BLSTM
openjpa,1,0.8967653631305834,graduated,Ac^ --> Ac^^,BLSTM
openjpa,2,0.9716930031055172,graduated,Ac^ --> Ac^^,BLSTM
openjpa,3,0.9764257405830995,graduated,Ac^ --> Ac^^,BLSTM
openjpa,4,0.9818704753539291,graduated,Ac^ --> Ac^^,BLSTM
openjpa,5,0.9827226612280217,graduated,Ac^ --> Ac^^,BLSTM
openjpa,6,0.9826769399557281,graduated,Ac^ --> Ac^^,BLSTM
openjpa,7,0.9827470138200581,graduated,Ac^ --> Ac^^,BLSTM
openjpa,8,0.9841970027730883,graduated,Ac^ --> Ac^^,BLSTM
openjpa,9,0.9845360476340842,graduated,Ac^ --> Ac^^,BLSTM
openjpa,10,0.9845649622364107,graduated,Ac^ --> Ac^^,BLSTM
openjpa,11,0.9844984680530968,graduated,Ac^ --> Ac^^,BLSTM
openjpa,12,0.8997938981695002,graduated,Ac^ --> Ac^^,BLSTM
openmeetings,1,0.9042211390106005,graduated,Ac^ --> Ac^^,BLSTM
openmeetings,2,0.9892546309298978,graduated,Ac^ --> Ac^^,BLSTM
openmeetings,3,0.9892432608582515,graduated,Ac^ --> Ac^^,BLSTM
openmeetings,4,0.9891840139608944,graduated,Ac^ --> Ac^^,BLSTM
openmeetings,5,0.989037142588915,graduated,Ac^ --> Ac^^,BLSTM
openmeetings,6,0.989066805803631,graduated,Ac^ --> Ac^^,BLSTM
openmeetings,7,0.9889841692186787,graduated,Ac^ --> Ac^^,BLSTM
openmeetings,8,0.9890598515892066,graduated,Ac^ --> Ac^^,BLSTM
openmeetings,9,0.9890439283702753,graduated,Ac^ --> Ac^^,BLSTM
openmeetings,10,0.9890540289600036,graduated,Ac^ --> Ac^^,BLSTM
openmeetings,11,0.9890241588132433,graduated,Ac^ --> Ac^^,BLSTM
openmeetings,12,0.9888691328638862,graduated,Ac^ --> Ac^^,BLSTM
openmeetings,13,0.9037438632408311,graduated,Ac^ --> Ac^^,BLSTM
opennlp,1,0.9043060788699577,graduated,Ac^ --> Ac^^,BLSTM
opennlp,2,0.9893219583824945,graduated,Ac^ --> Ac^^,BLSTM
opennlp,3,0.9889642514849147,graduated,Ac^ --> Ac^^,BLSTM
opennlp,4,0.9886667733704549,graduated,Ac^ --> Ac^^,BLSTM
opennlp,5,0.9884959479655986,graduated,Ac^ --> Ac^^,BLSTM
opennlp,6,0.9888868170508903,graduated,Ac^ --> Ac^^,BLSTM
opennlp,7,0.9886627894968999,graduated,Ac^ --> Ac^^,BLSTM
opennlp,8,0.9887495085282538,graduated,Ac^ --> Ac^^,BLSTM
opennlp,9,0.9889060627165822,graduated,Ac^ --> Ac^^,BLSTM
opennlp,10,0.9888460914283697,graduated,Ac^ --> Ac^^,BLSTM
opennlp,11,0.9887912239551889,graduated,Ac^ --> Ac^^,BLSTM
opennlp,12,0.988891937945718,graduated,Ac^ --> Ac^^,BLSTM
opennlp,13,0.9888084690210804,graduated,Ac^ --> Ac^^,BLSTM
opennlp,14,0.9036462880193719,graduated,Ac^ --> Ac^^,BLSTM
openoffice,1,0.9012366446423046,graduated,Ac^ --> Ac^^,BLSTM
openoffice,2,0.9865936547615939,graduated,Ac^ --> Ac^^,BLSTM
openoffice,3,0.9887751240339506,graduated,Ac^ --> Ac^^,BLSTM
openoffice,4,0.9891423882507477,graduated,Ac^ --> Ac^^,BLSTM
openoffice,5,0.9892437698607752,graduated,Ac^ --> Ac^^,BLSTM
openoffice,6,0.9893179540597233,graduated,Ac^ --> Ac^^,BLSTM
openoffice,7,0.9893375948360754,graduated,Ac^ --> Ac^^,BLSTM
openoffice,8,0.9893364593628118,graduated,Ac^ --> Ac^^,BLSTM
openoffice,9,0.9892298501776772,graduated,Ac^ --> Ac^^,BLSTM
openoffice,10,0.989142557070642,graduated,Ac^ --> Ac^^,BLSTM
openoffice,11,0.9890949734632563,graduated,Ac^ --> Ac^^,BLSTM
openoffice,12,0.989070806395261,graduated,Ac^ --> Ac^^,BLSTM
openoffice,13,0.989067063513439,graduated,Ac^ --> Ac^^,BLSTM
openoffice,14,0.9890967804614356,graduated,Ac^ --> Ac^^,BLSTM
openoffice,15,0.9889794840154665,graduated,Ac^ --> Ac^^,BLSTM
openoffice,16,0.9038695422338805,graduated,Ac^ --> Ac^^,BLSTM
openwebbeans,1,0.03275063048743052,graduated,Ac^ --> Ac^^,BLSTM
openwebbeans,2,0.15100747037289897,graduated,Ac^ --> Ac^^,BLSTM
openwebbeans,3,0.8824380996180193,graduated,Ac^ --> Ac^^,BLSTM
openwebbeans,4,0.9787338542528478,graduated,Ac^ --> Ac^^,BLSTM
openwebbeans,5,0.9836185899351672,graduated,Ac^ --> Ac^^,BLSTM
openwebbeans,6,0.9853789047184377,graduated,Ac^ --> Ac^^,BLSTM
openwebbeans,7,0.9864311691239857,graduated,Ac^ --> Ac^^,BLSTM
openwebbeans,8,0.9870500161873972,graduated,Ac^ --> Ac^^,BLSTM
openwebbeans,9,0.9874310709902906,graduated,Ac^ --> Ac^^,BLSTM
openwebbeans,10,0.987604838758439,graduated,Ac^ --> Ac^^,BLSTM
openwebbeans,11,0.9877154889192513,graduated,Ac^ --> Ac^^,BLSTM
openwebbeans,12,0.9878320494283936,graduated,Ac^ --> Ac^^,BLSTM
openwebbeans,13,0.902922496325087,graduated,Ac^ --> Ac^^,BLSTM
openwhisk,1,0.8951157436016763,graduated,Ac^ --> Ac^^,BLSTM
openwhisk,2,0.978347920116033,graduated,Ac^ --> Ac^^,BLSTM
openwhisk,3,0.9810559873498164,graduated,Ac^ --> Ac^^,BLSTM
openwhisk,4,0.9867567301404533,graduated,Ac^ --> Ac^^,BLSTM
openwhisk,5,0.9879731223663956,graduated,Ac^ --> Ac^^,BLSTM
openwhisk,6,0.9883160191980798,graduated,Ac^ --> Ac^^,BLSTM
openwhisk,7,0.9885231697579527,graduated,Ac^ --> Ac^^,BLSTM
openwhisk,8,0.988659576277789,graduated,Ac^ --> Ac^^,BLSTM
openwhisk,9,0.988721214863505,graduated,Ac^ --> Ac^^,BLSTM
openwhisk,10,0.9887958472595764,graduated,Ac^ --> Ac^^,BLSTM
openwhisk,11,0.9888237230272235,graduated,Ac^ --> Ac^^,BLSTM
openwhisk,12,0.9888890280648737,graduated,Ac^ --> Ac^^,BLSTM
openwhisk,13,0.9889411422234772,graduated,Ac^ --> Ac^^,BLSTM
openwhisk,14,0.9889803613781138,graduated,Ac^ --> Ac^^,BLSTM
openwhisk,15,0.9890134184262627,graduated,Ac^ --> Ac^^,BLSTM
openwhisk,16,0.9890346419294357,graduated,Ac^ --> Ac^^,BLSTM
openwhisk,17,0.9890506507091821,graduated,Ac^ --> Ac^^,BLSTM
openwhisk,18,0.9890653447877905,graduated,Ac^ --> Ac^^,BLSTM
openwhisk,19,0.9890686892577323,graduated,Ac^ --> Ac^^,BLSTM
openwhisk,20,0.9890661545392844,graduated,Ac^ --> Ac^^,BLSTM
openwhisk,21,0.9890642286801204,graduated,Ac^ --> Ac^^,BLSTM
openwhisk,22,0.9890883574854021,graduated,Ac^ --> Ac^^,BLSTM
openwhisk,23,0.9890823440268743,graduated,Ac^ --> Ac^^,BLSTM
openwhisk,24,0.9890882149617078,graduated,Ac^ --> Ac^^,BLSTM
openwhisk,25,0.9890914612111023,graduated,Ac^ --> Ac^^,BLSTM
openwhisk,26,0.989109041541647,graduated,Ac^ --> Ac^^,BLSTM
openwhisk,27,0.9891165756468996,graduated,Ac^ --> Ac^^,BLSTM
openwhisk,28,0.9891166814268942,graduated,Ac^ --> Ac^^,BLSTM
openwhisk,29,0.9891346347712868,graduated,Ac^ --> Ac^^,BLSTM
openwhisk,30,0.9890439496402951,graduated,Ac^ --> Ac^^,BLSTM
openwhisk,31,0.903860976946286,graduated,Ac^ --> Ac^^,BLSTM
parquet,1,0.8997124247422577,graduated,Ac^ --> Ac^^,BLSTM
parquet,2,0.9883096358529209,graduated,Ac^ --> Ac^^,BLSTM
parquet,3,0.988372545463347,graduated,Ac^ --> Ac^^,BLSTM
parquet,4,0.9884430681214714,graduated,Ac^ --> Ac^^,BLSTM
parquet,5,0.9883501772666795,graduated,Ac^ --> Ac^^,BLSTM
parquet,6,0.9883492434701197,graduated,Ac^ --> Ac^^,BLSTM
parquet,7,0.9884873938769484,graduated,Ac^ --> Ac^^,BLSTM
parquet,8,0.988497288303327,graduated,Ac^ --> Ac^^,BLSTM
parquet,9,0.988779833092663,graduated,Ac^ --> Ac^^,BLSTM
parquet,10,0.988765537699526,graduated,Ac^ --> Ac^^,BLSTM
parquet,11,0.903746632883082,graduated,Ac^ --> Ac^^,BLSTM
pdfbox,1,0.587668910794231,graduated,Ac^ --> Ac^^,BLSTM
pdfbox,2,0.06649876613368226,graduated,Ac^ --> Ac^^,BLSTM
pdfbox,3,0.012080150499203492,graduated,Ac^ --> Ac^^,BLSTM
pdfbox,4,0.14905956879186216,graduated,Ac^ --> Ac^^,BLSTM
pdfbox,5,0.8951588790698616,graduated,Ac^ --> Ac^^,BLSTM
pdfbox,6,0.9791037264419842,graduated,Ac^ --> Ac^^,BLSTM
pdfbox,7,0.9808823640672872,graduated,Ac^ --> Ac^^,BLSTM
pdfbox,8,0.9817745581310906,graduated,Ac^ --> Ac^^,BLSTM
pdfbox,9,0.9829375164650372,graduated,Ac^ --> Ac^^,BLSTM
pdfbox,10,0.9833856489365016,graduated,Ac^ --> Ac^^,BLSTM
pdfbox,11,0.9839244335993214,graduated,Ac^ --> Ac^^,BLSTM
pdfbox,12,0.9843291028762031,graduated,Ac^ --> Ac^^,BLSTM
pdfbox,13,0.9848721151289229,graduated,Ac^ --> Ac^^,BLSTM
pdfbox,14,0.9852155411859017,graduated,Ac^ --> Ac^^,BLSTM
pdfbox,15,0.9854205290341533,graduated,Ac^ --> Ac^^,BLSTM
pdfbox,16,0.9855722355378213,graduated,Ac^ --> Ac^^,BLSTM
pdfbox,17,0.9857932950784695,graduated,Ac^ --> Ac^^,BLSTM
pdfbox,18,0.9859929519071973,graduated,Ac^ --> Ac^^,BLSTM
pdfbox,19,0.9860712981994207,graduated,Ac^ --> Ac^^,BLSTM
pdfbox,20,0.9012590390232202,graduated,Ac^ --> Ac^^,BLSTM
phoenix,1,0.1465697555954195,graduated,Ac^ --> Ac^^,BLSTM
phoenix,2,0.9038408286097852,graduated,Ac^ --> Ac^^,BLSTM
phoenix,3,0.9871291505959784,graduated,Ac^ --> Ac^^,BLSTM
phoenix,4,0.9882022024770989,graduated,Ac^ --> Ac^^,BLSTM
phoenix,5,0.9032514094291749,graduated,Ac^ --> Ac^^,BLSTM
photark,1,0.9008776128629294,retired,Ac^ --> Ac^^,BLSTM
photark,2,0.9868664572424631,retired,Ac^ --> Ac^^,BLSTM
photark,3,0.9030717817908462,retired,Ac^ --> Ac^^,BLSTM
photark,4,0.09310397046456456,retired,Ac^ --> Ac^^,BLSTM
photark,5,0.0059297113469290895,retired,Ac^ --> Ac^^,BLSTM
photark,6,0.005260871164552464,retired,Ac^ --> Ac^^,BLSTM
photark,7,0.005206980361495565,retired,Ac^ --> Ac^^,BLSTM
photark,8,0.005156041836990551,retired,Ac^ --> Ac^^,BLSTM
photark,9,0.005122232714368834,retired,Ac^ --> Ac^^,BLSTM
photark,10,0.005086867441402013,retired,Ac^ --> Ac^^,BLSTM
photark,11,0.005052799549286321,retired,Ac^ --> Ac^^,BLSTM
photark,12,0.005024712102701574,retired,Ac^ --> Ac^^,BLSTM
photark,13,0.005084671395768862,retired,Ac^ --> Ac^^,BLSTM
photark,14,0.08590202092657588,retired,Ac^ --> Ac^^,BLSTM
photark,15,0.8643526179783084,retired,Ac^ --> Ac^^,BLSTM
photark,16,0.9580218974288327,retired,Ac^ --> Ac^^,BLSTM
photark,17,0.9635086467840681,retired,Ac^ --> Ac^^,BLSTM
photark,18,0.9660594223212421,retired,Ac^ --> Ac^^,BLSTM
photark,19,0.9680325860738004,retired,Ac^ --> Ac^^,BLSTM
photark,20,0.969378771100346,retired,Ac^ --> Ac^^,BLSTM
photark,21,0.9706013108459454,retired,Ac^ --> Ac^^,BLSTM
photark,22,0.9717554602010656,retired,Ac^ --> Ac^^,BLSTM
photark,23,0.9724500970042066,retired,Ac^ --> Ac^^,BLSTM
photark,24,0.9731820334625996,retired,Ac^ --> Ac^^,BLSTM
photark,25,0.973751804506661,retired,Ac^ --> Ac^^,BLSTM
photark,26,0.9742737995866815,retired,Ac^ --> Ac^^,BLSTM
photark,27,0.9747044607558972,retired,Ac^ --> Ac^^,BLSTM
photark,28,0.9752755140933356,retired,Ac^ --> Ac^^,BLSTM
photark,29,0.9752542755450139,retired,Ac^ --> Ac^^,BLSTM
photark,30,0.975646445864882,retired,Ac^ --> Ac^^,BLSTM
photark,31,0.9760546668657123,retired,Ac^ --> Ac^^,BLSTM
photark,32,0.9760629902498813,retired,Ac^ --> Ac^^,BLSTM
photark,33,0.9763320106243593,retired,Ac^ --> Ac^^,BLSTM
photark,34,0.9767524853828911,retired,Ac^ --> Ac^^,BLSTM
photark,35,0.9771786151420356,retired,Ac^ --> Ac^^,BLSTM
photark,36,0.9775982070646161,retired,Ac^ --> Ac^^,BLSTM
photark,37,0.9781866207236312,retired,Ac^ --> Ac^^,BLSTM
photark,38,0.8956818055379513,retired,Ac^ --> Ac^^,BLSTM
photark,39,0.08911522004110893,retired,Ac^ --> Ac^^,BLSTM
photark,40,0.005231181792315645,retired,Ac^ --> Ac^^,BLSTM
photark,41,0.005145289804390411,retired,Ac^ --> Ac^^,BLSTM
photark,42,0.005126280914968264,retired,Ac^ --> Ac^^,BLSTM
photark,43,0.005113232063128663,retired,Ac^ --> Ac^^,BLSTM
photark,44,0.00520504188834763,retired,Ac^ --> Ac^^,BLSTM
photark,45,0.08844506999855833,retired,Ac^ --> Ac^^,BLSTM
photark,46,0.8893387345268687,retired,Ac^ --> Ac^^,BLSTM
photark,47,0.974688532883443,retired,Ac^ --> Ac^^,BLSTM
photark,48,0.9759920794864961,retired,Ac^ --> Ac^^,BLSTM
photark,49,0.8949493247811627,retired,Ac^ --> Ac^^,BLSTM
photark,50,0.11220453863555357,retired,Ac^ --> Ac^^,BLSTM
photark,51,0.05559710007129164,retired,Ac^ --> Ac^^,BLSTM
pig,1,0.9033095604062481,graduated,Ac^ --> Ac^^,BLSTM
pig,2,0.9890581273505802,graduated,Ac^ --> Ac^^,BLSTM
pig,3,0.9893000144434954,graduated,Ac^ --> Ac^^,BLSTM
pig,4,0.9890884860703013,graduated,Ac^ --> Ac^^,BLSTM
pig,5,0.9890396830090338,graduated,Ac^ --> Ac^^,BLSTM
pig,6,0.9891052215149828,graduated,Ac^ --> Ac^^,BLSTM
pig,7,0.989144223113421,graduated,Ac^ --> Ac^^,BLSTM
pig,8,0.9891359917026006,graduated,Ac^ --> Ac^^,BLSTM
pig,9,0.9891328297311538,graduated,Ac^ --> Ac^^,BLSTM
pig,10,0.9891160095287639,graduated,Ac^ --> Ac^^,BLSTM
pig,11,0.9889367170700154,graduated,Ac^ --> Ac^^,BLSTM
pig,12,0.9038251857213474,graduated,Ac^ --> Ac^^,BLSTM
pinot,1,0.11242137447610971,graduated,Ac^ --> Ac^^,BLSTM
pinot,2,0.9053539710619292,graduated,Ac^ --> Ac^^,BLSTM
pinot,3,0.9881588938975278,graduated,Ac^ --> Ac^^,BLSTM
pinot,4,0.9886664458139187,graduated,Ac^ --> Ac^^,BLSTM
pinot,5,0.9888084956414501,graduated,Ac^ --> Ac^^,BLSTM
pinot,6,0.9888833998678572,graduated,Ac^ --> Ac^^,BLSTM
pinot,7,0.9889488523613355,graduated,Ac^ --> Ac^^,BLSTM
pinot,8,0.9890047967344525,graduated,Ac^ --> Ac^^,BLSTM
pinot,9,0.9890455117907769,graduated,Ac^ --> Ac^^,BLSTM
pinot,10,0.9890709962891671,graduated,Ac^ --> Ac^^,BLSTM
pinot,11,0.9890871382967338,graduated,Ac^ --> Ac^^,BLSTM
pinot,12,0.9891033899337743,graduated,Ac^ --> Ac^^,BLSTM
pinot,13,0.9891155617221797,graduated,Ac^ --> Ac^^,BLSTM
pinot,14,0.9891338948210433,graduated,Ac^ --> Ac^^,BLSTM
pinot,15,0.9891425104078205,graduated,Ac^ --> Ac^^,BLSTM
pinot,16,0.9891438982476504,graduated,Ac^ --> Ac^^,BLSTM
pinot,17,0.9891590922863877,graduated,Ac^ --> Ac^^,BLSTM
pinot,18,0.989179256237331,graduated,Ac^ --> Ac^^,BLSTM
pinot,19,0.9891958430628042,graduated,Ac^ --> Ac^^,BLSTM
pinot,20,0.989206201922679,graduated,Ac^ --> Ac^^,BLSTM
pinot,21,0.989212358611312,graduated,Ac^ --> Ac^^,BLSTM
pinot,22,0.9892149568448645,graduated,Ac^ --> Ac^^,BLSTM
pinot,23,0.9892122473051214,graduated,Ac^ --> Ac^^,BLSTM
pinot,24,0.9892152862554205,graduated,Ac^ --> Ac^^,BLSTM
pinot,25,0.9892164826775743,graduated,Ac^ --> Ac^^,BLSTM
pinot,26,0.9892178557081833,graduated,Ac^ --> Ac^^,BLSTM
pinot,27,0.989220022854295,graduated,Ac^ --> Ac^^,BLSTM
pinot,28,0.9892212119092736,graduated,Ac^ --> Ac^^,BLSTM
pinot,29,0.9892280663239966,graduated,Ac^ --> Ac^^,BLSTM
pinot,30,0.9892316958043886,graduated,Ac^ --> Ac^^,BLSTM
pinot,31,0.9892363127189525,graduated,Ac^ --> Ac^^,BLSTM
pinot,32,0.9891432121129579,graduated,Ac^ --> Ac^^,BLSTM
pinot,33,0.9040025524357997,graduated,Ac^ --> Ac^^,BLSTM
pirk,1,0.09827391552173949,retired,Ac^ --> Ac^^,BLSTM
pirk,2,0.8940651736767816,retired,Ac^ --> Ac^^,BLSTM
pirk,3,0.98664398666545,retired,Ac^ --> Ac^^,BLSTM
pirk,4,0.9882493559134046,retired,Ac^ --> Ac^^,BLSTM
pirk,5,0.9881315917452047,retired,Ac^ --> Ac^^,BLSTM
pirk,6,0.9338561988013653,retired,Ac^ --> Ac^^,BLSTM
pirk,7,0.37851027421730327,retired,Ac^ --> Ac^^,BLSTM
pirk,8,0.035406223291906826,retired,Ac^ --> Ac^^,BLSTM
pirk,9,0.005383061976580514,retired,Ac^ --> Ac^^,BLSTM
pirk,10,0.004832821554660929,retired,Ac^ --> Ac^^,BLSTM
pivot,1,0.8951224885759086,graduated,Ac^ --> Ac^^,BLSTM
pivot,2,0.9842621850606129,graduated,Ac^ --> Ac^^,BLSTM
pivot,3,0.9879122411589839,graduated,Ac^ --> Ac^^,BLSTM
pivot,4,0.988442792372394,graduated,Ac^ --> Ac^^,BLSTM
pivot,5,0.9884508845711797,graduated,Ac^ --> Ac^^,BLSTM
pivot,6,0.988734404980673,graduated,Ac^ --> Ac^^,BLSTM
pivot,7,0.9887681167748652,graduated,Ac^ --> Ac^^,BLSTM
pivot,8,0.9887663352608256,graduated,Ac^ --> Ac^^,BLSTM
pivot,9,0.9888722276288054,graduated,Ac^ --> Ac^^,BLSTM
pivot,10,0.9888420274225627,graduated,Ac^ --> Ac^^,BLSTM
pivot,11,0.9036625993214016,graduated,Ac^ --> Ac^^,BLSTM
plc4x,1,0.9041856874293724,graduated,Ac^ --> Ac^^,BLSTM
plc4x,2,0.9894648788035645,graduated,Ac^ --> Ac^^,BLSTM
plc4x,3,0.9896713474092524,graduated,Ac^ --> Ac^^,BLSTM
plc4x,4,0.9895894168302393,graduated,Ac^ --> Ac^^,BLSTM
plc4x,5,0.989512629452379,graduated,Ac^ --> Ac^^,BLSTM
plc4x,6,0.9894543123807821,graduated,Ac^ --> Ac^^,BLSTM
plc4x,7,0.9894068148438444,graduated,Ac^ --> Ac^^,BLSTM
plc4x,8,0.9893499214745862,graduated,Ac^ --> Ac^^,BLSTM
plc4x,9,0.9893253987465902,graduated,Ac^ --> Ac^^,BLSTM
plc4x,10,0.9893205358399069,graduated,Ac^ --> Ac^^,BLSTM
plc4x,11,0.9893260298960258,graduated,Ac^ --> Ac^^,BLSTM
plc4x,12,0.989325401778508,graduated,Ac^ --> Ac^^,BLSTM
plc4x,13,0.9893084836171696,graduated,Ac^ --> Ac^^,BLSTM
plc4x,14,0.9892915891927563,graduated,Ac^ --> Ac^^,BLSTM
plc4x,15,0.9891705215559288,graduated,Ac^ --> Ac^^,BLSTM
plc4x,16,0.9040312445712476,graduated,Ac^ --> Ac^^,BLSTM
predictionio,1,0.9040462395476323,graduated,Ac^ --> Ac^^,BLSTM
predictionio,2,0.989451879170688,graduated,Ac^ --> Ac^^,BLSTM
predictionio,3,0.9895779998537648,graduated,Ac^ --> Ac^^,BLSTM
predictionio,4,0.9894534679505126,graduated,Ac^ --> Ac^^,BLSTM
predictionio,5,0.9893511039686622,graduated,Ac^ --> Ac^^,BLSTM
predictionio,6,0.9892591402283847,graduated,Ac^ --> Ac^^,BLSTM
predictionio,7,0.989097044531639,graduated,Ac^ --> Ac^^,BLSTM
predictionio,8,0.989245475618107,graduated,Ac^ --> Ac^^,BLSTM
predictionio,9,0.9893153844893048,graduated,Ac^ --> Ac^^,BLSTM
predictionio,10,0.9893331867994567,graduated,Ac^ --> Ac^^,BLSTM
predictionio,11,0.9893369812602114,graduated,Ac^ --> Ac^^,BLSTM
predictionio,12,0.9893253019395915,graduated,Ac^ --> Ac^^,BLSTM
predictionio,13,0.9893246463489455,graduated,Ac^ --> Ac^^,BLSTM
predictionio,14,0.9893289760913515,graduated,Ac^ --> Ac^^,BLSTM
predictionio,15,0.9892281527095489,graduated,Ac^ --> Ac^^,BLSTM
predictionio,16,0.9040722882682357,graduated,Ac^ --> Ac^^,BLSTM
provisionr,1,0.8829710861601069,retired,Ac^ --> Ac^^,BLSTM
provisionr,2,0.7211376194441785,retired,Ac^ --> Ac^^,BLSTM
provisionr,3,0.28461699723659595,retired,Ac^ --> Ac^^,BLSTM
provisionr,4,0.9077140614380027,retired,Ac^ --> Ac^^,BLSTM
provisionr,5,0.9639579951479311,retired,Ac^ --> Ac^^,BLSTM
provisionr,6,0.8826877704221756,retired,Ac^ --> Ac^^,BLSTM
provisionr,7,0.08892336729301466,retired,Ac^ --> Ac^^,BLSTM
provisionr,8,0.004918846639069335,retired,Ac^ --> Ac^^,BLSTM
pubscribe,1,0.613347639705474,graduated,Ac^ --> Ac^^,BLSTM
pubscribe,2,0.9553836117460763,graduated,Ac^ --> Ac^^,BLSTM
pubscribe,3,0.9877149290762464,graduated,Ac^ --> Ac^^,BLSTM
pubscribe,4,0.9883438397331553,graduated,Ac^ --> Ac^^,BLSTM
pubscribe,5,0.9884801645796812,graduated,Ac^ --> Ac^^,BLSTM
pubscribe,6,0.9883841685125806,graduated,Ac^ --> Ac^^,BLSTM
pubscribe,7,0.9032612828033337,graduated,Ac^ --> Ac^^,BLSTM
pulsar,1,0.8911480824188105,graduated,Ac^ --> Ac^^,BLSTM
pulsar,2,0.9667650243705649,graduated,Ac^ --> Ac^^,BLSTM
pulsar,3,0.95804921791036,graduated,Ac^ --> Ac^^,BLSTM
pulsar,4,0.9728653767239248,graduated,Ac^ --> Ac^^,BLSTM
pulsar,5,0.9777250476209559,graduated,Ac^ --> Ac^^,BLSTM
pulsar,6,0.980063841842159,graduated,Ac^ --> Ac^^,BLSTM
pulsar,7,0.9854524525629066,graduated,Ac^ --> Ac^^,BLSTM
pulsar,8,0.986666872357177,graduated,Ac^ --> Ac^^,BLSTM
pulsar,9,0.987066076825572,graduated,Ac^ --> Ac^^,BLSTM
pulsar,10,0.9873574008081929,graduated,Ac^ --> Ac^^,BLSTM
pulsar,11,0.9875848968323645,graduated,Ac^ --> Ac^^,BLSTM
pulsar,12,0.9877710011447397,graduated,Ac^ --> Ac^^,BLSTM
pulsar,13,0.9879240804496981,graduated,Ac^ --> Ac^^,BLSTM
pulsar,14,0.9879538255677324,graduated,Ac^ --> Ac^^,BLSTM
pulsar,15,0.903005406069213,graduated,Ac^ --> Ac^^,BLSTM
qpid,1,0.9043734865888411,graduated,Ac^ --> Ac^^,BLSTM
qpid,2,0.9896274411822125,graduated,Ac^ --> Ac^^,BLSTM
qpid,3,0.98963960047362,graduated,Ac^ --> Ac^^,BLSTM
qpid,4,0.9895672433655278,graduated,Ac^ --> Ac^^,BLSTM
qpid,5,0.9895133617462704,graduated,Ac^ --> Ac^^,BLSTM
qpid,6,0.9894824019738584,graduated,Ac^ --> Ac^^,BLSTM
qpid,7,0.9894505583782749,graduated,Ac^ --> Ac^^,BLSTM
qpid,8,0.9894265396984111,graduated,Ac^ --> Ac^^,BLSTM
qpid,9,0.9894033279644973,graduated,Ac^ --> Ac^^,BLSTM
qpid,10,0.9893964256860683,graduated,Ac^ --> Ac^^,BLSTM
qpid,11,0.9893831134030815,graduated,Ac^ --> Ac^^,BLSTM
qpid,12,0.9893701042994485,graduated,Ac^ --> Ac^^,BLSTM
qpid,13,0.9893620383864653,graduated,Ac^ --> Ac^^,BLSTM
qpid,14,0.9893578751387988,graduated,Ac^ --> Ac^^,BLSTM
qpid,15,0.9893546646405068,graduated,Ac^ --> Ac^^,BLSTM
qpid,16,0.9893389835376712,graduated,Ac^ --> Ac^^,BLSTM
qpid,17,0.9893425692049393,graduated,Ac^ --> Ac^^,BLSTM
qpid,18,0.9893403538824908,graduated,Ac^ --> Ac^^,BLSTM
qpid,19,0.9893373594666003,graduated,Ac^ --> Ac^^,BLSTM
qpid,20,0.9893352493993551,graduated,Ac^ --> Ac^^,BLSTM
qpid,21,0.9893280189130799,graduated,Ac^ --> Ac^^,BLSTM
qpid,22,0.9893242661298794,graduated,Ac^ --> Ac^^,BLSTM
qpid,23,0.9893274637553177,graduated,Ac^ --> Ac^^,BLSTM
qpid,24,0.9893289348738403,graduated,Ac^ --> Ac^^,BLSTM
qpid,25,0.9893259148556052,graduated,Ac^ --> Ac^^,BLSTM
qpid,26,0.9893233172179665,graduated,Ac^ --> Ac^^,BLSTM
qpid,27,0.9892188887353193,graduated,Ac^ --> Ac^^,BLSTM
qpid,28,0.9040581540747001,graduated,Ac^ --> Ac^^,BLSTM
quickstep,1,0.9042761989863493,retired,Ac^ --> Ac^^,BLSTM
quickstep,2,0.9895480963569359,retired,Ac^ --> Ac^^,BLSTM
quickstep,3,0.9896173286962808,retired,Ac^ --> Ac^^,BLSTM
quickstep,4,0.989571199490098,retired,Ac^ --> Ac^^,BLSTM
quickstep,5,0.9895091103163203,retired,Ac^ --> Ac^^,BLSTM
quickstep,6,0.9894782012258071,retired,Ac^ --> Ac^^,BLSTM
quickstep,7,0.9894550710372183,retired,Ac^ --> Ac^^,BLSTM
quickstep,8,0.9894297306463324,retired,Ac^ --> Ac^^,BLSTM
quickstep,9,0.9894180552911506,retired,Ac^ --> Ac^^,BLSTM
quickstep,10,0.9893942621753318,retired,Ac^ --> Ac^^,BLSTM
quickstep,11,0.9893779961871907,retired,Ac^ --> Ac^^,BLSTM
quickstep,12,0.9893647583594622,retired,Ac^ --> Ac^^,BLSTM
quickstep,13,0.989344603470174,retired,Ac^ --> Ac^^,BLSTM
quickstep,14,0.9893419372236194,retired,Ac^ --> Ac^^,BLSTM
quickstep,15,0.9893429747723136,retired,Ac^ --> Ac^^,BLSTM
quickstep,16,0.9892574256291761,retired,Ac^ --> Ac^^,BLSTM
quickstep,17,0.9892271364513812,retired,Ac^ --> Ac^^,BLSTM
quickstep,18,0.9892091300584089,retired,Ac^ --> Ac^^,BLSTM
quickstep,19,0.9892355429556194,retired,Ac^ --> Ac^^,BLSTM
quickstep,20,0.9892410014544755,retired,Ac^ --> Ac^^,BLSTM
quickstep,21,0.9892423834737927,retired,Ac^ --> Ac^^,BLSTM
quickstep,22,0.9892072039903489,retired,Ac^ --> Ac^^,BLSTM
quickstep,23,0.989203459661248,retired,Ac^ --> Ac^^,BLSTM
quickstep,24,0.9891564279972549,retired,Ac^ --> Ac^^,BLSTM
quickstep,25,0.9891586708756441,retired,Ac^ --> Ac^^,BLSTM
quickstep,26,0.9891667207686821,retired,Ac^ --> Ac^^,BLSTM
quickstep,27,0.9890779557165122,retired,Ac^ --> Ac^^,BLSTM
quickstep,28,0.9071780672676625,retired,Ac^ --> Ac^^,BLSTM
quickstep,29,0.11454293645292164,retired,Ac^ --> Ac^^,BLSTM
quickstep,30,0.007916070532991848,retired,Ac^ --> Ac^^,BLSTM
quickstep,31,0.08822277636981336,retired,Ac^ --> Ac^^,BLSTM
quickstep,32,0.8049425813939,retired,Ac^ --> Ac^^,BLSTM
ranger,1,0.09544028196936348,graduated,Ac^ --> Ac^^,BLSTM
ranger,2,0.9029990504940981,graduated,Ac^ --> Ac^^,BLSTM
ranger,3,0.9876577053391442,graduated,Ac^ --> Ac^^,BLSTM
ranger,4,0.9882373573159303,graduated,Ac^ --> Ac^^,BLSTM
ranger,5,0.9885390848590708,graduated,Ac^ --> Ac^^,BLSTM
ranger,6,0.9887257551348604,graduated,Ac^ --> Ac^^,BLSTM
ranger,7,0.9888531732247074,graduated,Ac^ --> Ac^^,BLSTM
ranger,8,0.988916264771226,graduated,Ac^ --> Ac^^,BLSTM
ranger,9,0.9889722095455588,graduated,Ac^ --> Ac^^,BLSTM
ranger,10,0.9890174692188712,graduated,Ac^ --> Ac^^,BLSTM
ranger,11,0.9890380531584044,graduated,Ac^ --> Ac^^,BLSTM
ranger,12,0.9890317428643051,graduated,Ac^ --> Ac^^,BLSTM
ranger,13,0.9889300637709485,graduated,Ac^ --> Ac^^,BLSTM
ranger,14,0.9889843698316758,graduated,Ac^ --> Ac^^,BLSTM
ranger,15,0.9890402491314566,graduated,Ac^ --> Ac^^,BLSTM
ranger,16,0.9890631289248866,graduated,Ac^ --> Ac^^,BLSTM
ranger,17,0.9890010020007932,graduated,Ac^ --> Ac^^,BLSTM
ranger,18,0.9889968329512129,graduated,Ac^ --> Ac^^,BLSTM
ranger,19,0.9889801107527368,graduated,Ac^ --> Ac^^,BLSTM
ranger,20,0.9890306273537653,graduated,Ac^ --> Ac^^,BLSTM
ranger,21,0.989067625095543,graduated,Ac^ --> Ac^^,BLSTM
ranger,22,0.9890847142322897,graduated,Ac^ --> Ac^^,BLSTM
ranger,23,0.9890925766110498,graduated,Ac^ --> Ac^^,BLSTM
ranger,24,0.9891097403917813,graduated,Ac^ --> Ac^^,BLSTM
ranger,25,0.9891158374979089,graduated,Ac^ --> Ac^^,BLSTM
ranger,26,0.9891108138536158,graduated,Ac^ --> Ac^^,BLSTM
ranger,27,0.9891183377376948,graduated,Ac^ --> Ac^^,BLSTM
ranger,28,0.9890780747698271,graduated,Ac^ --> Ac^^,BLSTM
ranger,29,0.9889739640866237,graduated,Ac^ --> Ac^^,BLSTM
ranger,30,0.9038329178140049,graduated,Ac^ --> Ac^^,BLSTM
ratis,1,0.8970634627613018,graduated,Ac^ --> Ac^^,BLSTM
ratis,2,0.9881124163893493,graduated,Ac^ --> Ac^^,BLSTM
ratis,3,0.9891084688540992,graduated,Ac^ --> Ac^^,BLSTM
ratis,4,0.9892025802318493,graduated,Ac^ --> Ac^^,BLSTM
ratis,5,0.9892303453732966,graduated,Ac^ --> Ac^^,BLSTM
ratis,6,0.9892040080601451,graduated,Ac^ --> Ac^^,BLSTM
ratis,7,0.9891031108298427,graduated,Ac^ --> Ac^^,BLSTM
ratis,8,0.9891315562460101,graduated,Ac^ --> Ac^^,BLSTM
ratis,9,0.9891257740201719,graduated,Ac^ --> Ac^^,BLSTM
ratis,10,0.9890346853269776,graduated,Ac^ --> Ac^^,BLSTM
ratis,11,0.9890662958820808,graduated,Ac^ --> Ac^^,BLSTM
ratis,12,0.9890466966504217,graduated,Ac^ --> Ac^^,BLSTM
ratis,13,0.9890232740203982,graduated,Ac^ --> Ac^^,BLSTM
ratis,14,0.9890490659725915,graduated,Ac^ --> Ac^^,BLSTM
ratis,15,0.9890227826198769,graduated,Ac^ --> Ac^^,BLSTM
ratis,16,0.9889928294731246,graduated,Ac^ --> Ac^^,BLSTM
ratis,17,0.9889326784610571,graduated,Ac^ --> Ac^^,BLSTM
ratis,18,0.9889303949562086,graduated,Ac^ --> Ac^^,BLSTM
ratis,19,0.9889011864327647,graduated,Ac^ --> Ac^^,BLSTM
ratis,20,0.9888859581475148,graduated,Ac^ --> Ac^^,BLSTM
ratis,21,0.9889662817448516,graduated,Ac^ --> Ac^^,BLSTM
ratis,22,0.9890133183061613,graduated,Ac^ --> Ac^^,BLSTM
ratis,23,0.9890375077730075,graduated,Ac^ --> Ac^^,BLSTM
ratis,24,0.9890362838695268,graduated,Ac^ --> Ac^^,BLSTM
ratis,25,0.98899221136313,graduated,Ac^ --> Ac^^,BLSTM
ratis,26,0.9889521102908982,graduated,Ac^ --> Ac^^,BLSTM
ratis,27,0.9889764553889413,graduated,Ac^ --> Ac^^,BLSTM
ratis,28,0.9889701993684702,graduated,Ac^ --> Ac^^,BLSTM
ratis,29,0.9890028614450076,graduated,Ac^ --> Ac^^,BLSTM
ratis,30,0.9890016110273719,graduated,Ac^ --> Ac^^,BLSTM
ratis,31,0.9889915608971874,graduated,Ac^ --> Ac^^,BLSTM
ratis,32,0.9889620658348973,graduated,Ac^ --> Ac^^,BLSTM
ratis,33,0.9889680971398294,graduated,Ac^ --> Ac^^,BLSTM
ratis,34,0.9889991232766571,graduated,Ac^ --> Ac^^,BLSTM
ratis,35,0.9890194072060222,graduated,Ac^ --> Ac^^,BLSTM
ratis,36,0.989022503130084,graduated,Ac^ --> Ac^^,BLSTM
ratis,37,0.9890178723117854,graduated,Ac^ --> Ac^^,BLSTM
ratis,38,0.9890164868748679,graduated,Ac^ --> Ac^^,BLSTM
ratis,39,0.9889992917035154,graduated,Ac^ --> Ac^^,BLSTM
ratis,40,0.9890109669252265,graduated,Ac^ --> Ac^^,BLSTM
ratis,41,0.989000810778499,graduated,Ac^ --> Ac^^,BLSTM
ratis,42,0.988993215133374,graduated,Ac^ --> Ac^^,BLSTM
ratis,43,0.9889774400391542,graduated,Ac^ --> Ac^^,BLSTM
ratis,44,0.9889870175533995,graduated,Ac^ --> Ac^^,BLSTM
ratis,45,0.9890010502499731,graduated,Ac^ --> Ac^^,BLSTM
ratis,46,0.9890164450863906,graduated,Ac^ --> Ac^^,BLSTM
ratis,47,0.989030639416395,graduated,Ac^ --> Ac^^,BLSTM
ratis,48,0.9889416890761394,graduated,Ac^ --> Ac^^,BLSTM
ratis,49,0.903801248515256,graduated,Ac^ --> Ac^^,BLSTM
rave,1,0.9018409564738202,graduated,Ac^ --> Ac^^,BLSTM
rave,2,0.9888837865477125,graduated,Ac^ --> Ac^^,BLSTM
rave,3,0.9892544668009331,graduated,Ac^ --> Ac^^,BLSTM
rave,4,0.9890223197671589,graduated,Ac^ --> Ac^^,BLSTM
rave,5,0.9891730706805154,graduated,Ac^ --> Ac^^,BLSTM
rave,6,0.9892419454785291,graduated,Ac^ --> Ac^^,BLSTM
rave,7,0.9891979203279275,graduated,Ac^ --> Ac^^,BLSTM
rave,8,0.9891781222288561,graduated,Ac^ --> Ac^^,BLSTM
rave,9,0.989147297856219,graduated,Ac^ --> Ac^^,BLSTM
rave,10,0.9890850207680411,graduated,Ac^ --> Ac^^,BLSTM
rave,11,0.98899364713662,graduated,Ac^ --> Ac^^,BLSTM
rave,12,0.903856991634824,graduated,Ac^ --> Ac^^,BLSTM
reef,1,0.9032895437268412,graduated,Ac^ --> Ac^^,BLSTM
reef,2,0.9893456041035161,graduated,Ac^ --> Ac^^,BLSTM
reef,3,0.9895206898368684,graduated,Ac^ --> Ac^^,BLSTM
reef,4,0.9895619503306787,graduated,Ac^ --> Ac^^,BLSTM
reef,5,0.989570762363964,graduated,Ac^ --> Ac^^,BLSTM
reef,6,0.9895415388190916,graduated,Ac^ --> Ac^^,BLSTM
reef,7,0.9895012233684245,graduated,Ac^ --> Ac^^,BLSTM
reef,8,0.9894642693985266,graduated,Ac^ --> Ac^^,BLSTM
reef,9,0.9894422533988281,graduated,Ac^ --> Ac^^,BLSTM
reef,10,0.9894270024124147,graduated,Ac^ --> Ac^^,BLSTM
reef,11,0.9894164126433842,graduated,Ac^ --> Ac^^,BLSTM
reef,12,0.989400554756699,graduated,Ac^ --> Ac^^,BLSTM
reef,13,0.989299086218616,graduated,Ac^ --> Ac^^,BLSTM
reef,14,0.9041356567618379,graduated,Ac^ --> Ac^^,BLSTM
ripple,1,0.8858024629298167,retired,Ac^ --> Ac^^,BLSTM
ripple,2,0.9860198636736107,retired,Ac^ --> Ac^^,BLSTM
ripple,3,0.9872237024548993,retired,Ac^ --> Ac^^,BLSTM
ripple,4,0.9873381982910584,retired,Ac^ --> Ac^^,BLSTM
ripple,5,0.9872284376339494,retired,Ac^ --> Ac^^,BLSTM
ripple,6,0.987384475002076,retired,Ac^ --> Ac^^,BLSTM
ripple,7,0.9876205588228122,retired,Ac^ --> Ac^^,BLSTM
ripple,8,0.9872944138248222,retired,Ac^ --> Ac^^,BLSTM
ripple,9,0.9874847416180268,retired,Ac^ --> Ac^^,BLSTM
ripple,10,0.9879083000673512,retired,Ac^ --> Ac^^,BLSTM
ripple,11,0.9878827782810706,retired,Ac^ --> Ac^^,BLSTM
ripple,12,0.9877603922101815,retired,Ac^ --> Ac^^,BLSTM
ripple,13,0.9874969832531408,retired,Ac^ --> Ac^^,BLSTM
ripple,14,0.9874622767657348,retired,Ac^ --> Ac^^,BLSTM
ripple,15,0.987231729194538,retired,Ac^ --> Ac^^,BLSTM
ripple,16,0.9870790933701267,retired,Ac^ --> Ac^^,BLSTM
ripple,17,0.9867160022595972,retired,Ac^ --> Ac^^,BLSTM
ripple,18,0.9835219760702767,retired,Ac^ --> Ac^^,BLSTM
ripple,19,0.9648690007730255,retired,Ac^ --> Ac^^,BLSTM
ripple,20,0.9832626949860273,retired,Ac^ --> Ac^^,BLSTM
ripple,21,0.9833400277316834,retired,Ac^ --> Ac^^,BLSTM
ripple,22,0.9856904236777763,retired,Ac^ --> Ac^^,BLSTM
ripple,23,0.9841808041026262,retired,Ac^ --> Ac^^,BLSTM
ripple,24,0.9839130563498533,retired,Ac^ --> Ac^^,BLSTM
ripple,25,0.9843207311178809,retired,Ac^ --> Ac^^,BLSTM
ripple,26,0.9856909973910063,retired,Ac^ --> Ac^^,BLSTM
ripple,27,0.9860183657870079,retired,Ac^ --> Ac^^,BLSTM
ripple,28,0.9861135646974992,retired,Ac^ --> Ac^^,BLSTM
ripple,29,0.986393954228319,retired,Ac^ --> Ac^^,BLSTM
ripple,30,0.9865619461877252,retired,Ac^ --> Ac^^,BLSTM
ripple,31,0.9866315411686595,retired,Ac^ --> Ac^^,BLSTM
ripple,32,0.9866356082251831,retired,Ac^ --> Ac^^,BLSTM
ripple,33,0.9866695787294051,retired,Ac^ --> Ac^^,BLSTM
ripple,34,0.9864430449649076,retired,Ac^ --> Ac^^,BLSTM
ripple,35,0.9016297773478082,retired,Ac^ --> Ac^^,BLSTM
ripple,36,0.08991084047399861,retired,Ac^ --> Ac^^,BLSTM
ripple,37,0.00505846551833639,retired,Ac^ --> Ac^^,BLSTM
river,1,0.9002466634959927,graduated,Ac^ --> Ac^^,BLSTM
river,2,0.9839404605913474,graduated,Ac^ --> Ac^^,BLSTM
river,3,0.983601990945957,graduated,Ac^ --> Ac^^,BLSTM
river,4,0.9831359264553541,graduated,Ac^ --> Ac^^,BLSTM
river,5,0.9828480450917056,graduated,Ac^ --> Ac^^,BLSTM
river,6,0.9827234105811762,graduated,Ac^ --> Ac^^,BLSTM
river,7,0.9828505330844007,graduated,Ac^ --> Ac^^,BLSTM
river,8,0.9830380030632296,graduated,Ac^ --> Ac^^,BLSTM
river,9,0.9833888606129403,graduated,Ac^ --> Ac^^,BLSTM
river,10,0.9856532662405332,graduated,Ac^ --> Ac^^,BLSTM
river,11,0.985784426368245,graduated,Ac^ --> Ac^^,BLSTM
river,12,0.9856956706343134,graduated,Ac^ --> Ac^^,BLSTM
river,13,0.9857356428217039,graduated,Ac^ --> Ac^^,BLSTM
river,14,0.9859907790468041,graduated,Ac^ --> Ac^^,BLSTM
river,15,0.9863215652697662,graduated,Ac^ --> Ac^^,BLSTM
river,16,0.9867123065174388,graduated,Ac^ --> Ac^^,BLSTM
river,17,0.9867809297989397,graduated,Ac^ --> Ac^^,BLSTM
river,18,0.9868822842355665,graduated,Ac^ --> Ac^^,BLSTM
river,19,0.9579669648555275,graduated,Ac^ --> Ac^^,BLSTM
river,20,0.6271606550286766,graduated,Ac^ --> Ac^^,BLSTM
river,21,0.22209144113628498,graduated,Ac^ --> Ac^^,BLSTM
river,22,0.9070689919425284,graduated,Ac^ --> Ac^^,BLSTM
river,23,0.9837126796759028,graduated,Ac^ --> Ac^^,BLSTM
river,24,0.9852030319039811,graduated,Ac^ --> Ac^^,BLSTM
river,25,0.9267221058789054,graduated,Ac^ --> Ac^^,BLSTM
river,26,0.4157087352011966,graduated,Ac^ --> Ac^^,BLSTM
river,27,0.8951653187707433,graduated,Ac^ --> Ac^^,BLSTM
river,28,0.9826123103198114,graduated,Ac^ --> Ac^^,BLSTM
river,29,0.9860644862944501,graduated,Ac^ --> Ac^^,BLSTM
river,30,0.9860305438292087,graduated,Ac^ --> Ac^^,BLSTM
river,31,0.9859071963470057,graduated,Ac^ --> Ac^^,BLSTM
river,32,0.9853309914556266,graduated,Ac^ --> Ac^^,BLSTM
river,33,0.9856768743278004,graduated,Ac^ --> Ac^^,BLSTM
river,34,0.9859614867719745,graduated,Ac^ --> Ac^^,BLSTM
river,35,0.9860706093724004,graduated,Ac^ --> Ac^^,BLSTM
river,36,0.9861135699592064,graduated,Ac^ --> Ac^^,BLSTM
river,37,0.9861567301669645,graduated,Ac^ --> Ac^^,BLSTM
river,38,0.986170708295956,graduated,Ac^ --> Ac^^,BLSTM
river,39,0.9862125211488013,graduated,Ac^ --> Ac^^,BLSTM
river,40,0.9863347202566227,graduated,Ac^ --> Ac^^,BLSTM
river,41,0.9863384643287328,graduated,Ac^ --> Ac^^,BLSTM
river,42,0.9863678116378,graduated,Ac^ --> Ac^^,BLSTM
river,43,0.9863747300531792,graduated,Ac^ --> Ac^^,BLSTM
river,44,0.9864529319024556,graduated,Ac^ --> Ac^^,BLSTM
river,45,0.9866904988033748,graduated,Ac^ --> Ac^^,BLSTM
river,46,0.9867876569919876,graduated,Ac^ --> Ac^^,BLSTM
river,47,0.9868267603495742,graduated,Ac^ --> Ac^^,BLSTM
river,48,0.9019833596518717,graduated,Ac^ --> Ac^^,BLSTM
rocketmq,1,0.9043681397889609,graduated,Ac^ --> Ac^^,BLSTM
rocketmq,2,0.9895876746374692,graduated,Ac^ --> Ac^^,BLSTM
rocketmq,3,0.9894539526531578,graduated,Ac^ --> Ac^^,BLSTM
rocketmq,4,0.9895498598034583,graduated,Ac^ --> Ac^^,BLSTM
rocketmq,5,0.9895549989782193,graduated,Ac^ --> Ac^^,BLSTM
rocketmq,6,0.9895060399895671,graduated,Ac^ --> Ac^^,BLSTM
rocketmq,7,0.9894867489435244,graduated,Ac^ --> Ac^^,BLSTM
rocketmq,8,0.9893000856688914,graduated,Ac^ --> Ac^^,BLSTM
rocketmq,9,0.9041391526235701,graduated,Ac^ --> Ac^^,BLSTM
roller,1,0.9031102926403856,graduated,Ac^ --> Ac^^,BLSTM
roller,2,0.9892816377968242,graduated,Ac^ --> Ac^^,BLSTM
roller,3,0.9895429046064801,graduated,Ac^ --> Ac^^,BLSTM
roller,4,0.9895190178572743,graduated,Ac^ --> Ac^^,BLSTM
roller,5,0.9895019787100855,graduated,Ac^ --> Ac^^,BLSTM
roller,6,0.9894185034928287,graduated,Ac^ --> Ac^^,BLSTM
roller,7,0.9893383421180275,graduated,Ac^ --> Ac^^,BLSTM
roller,8,0.9892903832172275,graduated,Ac^ --> Ac^^,BLSTM
roller,9,0.9892531120876756,graduated,Ac^ --> Ac^^,BLSTM
roller,10,0.9891522912716946,graduated,Ac^ --> Ac^^,BLSTM
roller,11,0.9892198567950026,graduated,Ac^ --> Ac^^,BLSTM
roller,12,0.9892520273818819,graduated,Ac^ --> Ac^^,BLSTM
roller,13,0.989239649601843,graduated,Ac^ --> Ac^^,BLSTM
roller,14,0.9892150807369086,graduated,Ac^ --> Ac^^,BLSTM
roller,15,0.9892083536753224,graduated,Ac^ --> Ac^^,BLSTM
roller,16,0.9892108143873449,graduated,Ac^ --> Ac^^,BLSTM
roller,17,0.9892283613934304,graduated,Ac^ --> Ac^^,BLSTM
roller,18,0.9891982739147788,graduated,Ac^ --> Ac^^,BLSTM
roller,19,0.9890765088770953,graduated,Ac^ --> Ac^^,BLSTM
roller,20,0.9039372553822665,graduated,Ac^ --> Ac^^,BLSTM
rya,1,0.9031360068915837,graduated,Ac^ --> Ac^^,BLSTM
rya,2,0.9887465012343678,graduated,Ac^ --> Ac^^,BLSTM
rya,3,0.9892880367678757,graduated,Ac^ --> Ac^^,BLSTM
rya,4,0.98894362720021,graduated,Ac^ --> Ac^^,BLSTM
rya,5,0.9889423659607545,graduated,Ac^ --> Ac^^,BLSTM
rya,6,0.9889554145981141,graduated,Ac^ --> Ac^^,BLSTM
rya,7,0.9888547410218332,graduated,Ac^ --> Ac^^,BLSTM
rya,8,0.9889477479501506,graduated,Ac^ --> Ac^^,BLSTM
rya,9,0.9890453395841936,graduated,Ac^ --> Ac^^,BLSTM
rya,10,0.989034009776164,graduated,Ac^ --> Ac^^,BLSTM
rya,11,0.9890920154805546,graduated,Ac^ --> Ac^^,BLSTM
rya,12,0.9889990157301295,graduated,Ac^ --> Ac^^,BLSTM
rya,13,0.9890650712482557,graduated,Ac^ --> Ac^^,BLSTM
rya,14,0.9890250874434555,graduated,Ac^ --> Ac^^,BLSTM
rya,15,0.9890511165788802,graduated,Ac^ --> Ac^^,BLSTM
rya,16,0.9889670280295206,graduated,Ac^ --> Ac^^,BLSTM
rya,17,0.9889419110080565,graduated,Ac^ --> Ac^^,BLSTM
rya,18,0.9889994214180904,graduated,Ac^ --> Ac^^,BLSTM
rya,19,0.9890168612516093,graduated,Ac^ --> Ac^^,BLSTM
rya,20,0.9889525371129935,graduated,Ac^ --> Ac^^,BLSTM
rya,21,0.9889958056785644,graduated,Ac^ --> Ac^^,BLSTM
rya,22,0.9889345739220752,graduated,Ac^ --> Ac^^,BLSTM
rya,23,0.988989201795226,graduated,Ac^ --> Ac^^,BLSTM
rya,24,0.9889947183502661,graduated,Ac^ --> Ac^^,BLSTM
rya,25,0.989001370468289,graduated,Ac^ --> Ac^^,BLSTM
rya,26,0.988970657568612,graduated,Ac^ --> Ac^^,BLSTM
rya,27,0.9889660494275365,graduated,Ac^ --> Ac^^,BLSTM
rya,28,0.9889867331309147,graduated,Ac^ --> Ac^^,BLSTM
rya,29,0.9889261217005529,graduated,Ac^ --> Ac^^,BLSTM
rya,30,0.9889358997293475,graduated,Ac^ --> Ac^^,BLSTM
rya,31,0.9889705798514347,graduated,Ac^ --> Ac^^,BLSTM
rya,32,0.9889775684488796,graduated,Ac^ --> Ac^^,BLSTM
rya,33,0.9889283218680255,graduated,Ac^ --> Ac^^,BLSTM
rya,34,0.924981534452005,graduated,Ac^ --> Ac^^,BLSTM
rya,35,0.2900038240668246,graduated,Ac^ --> Ac^^,BLSTM
rya,36,0.1184328968113831,graduated,Ac^ --> Ac^^,BLSTM
rya,37,0.9046542646388627,graduated,Ac^ --> Ac^^,BLSTM
rya,38,0.9883280133276656,graduated,Ac^ --> Ac^^,BLSTM
rya,39,0.9035491338659956,graduated,Ac^ --> Ac^^,BLSTM
rya,40,0.08989940398814564,graduated,Ac^ --> Ac^^,BLSTM
rya,41,0.005263554081053435,graduated,Ac^ --> Ac^^,BLSTM
rya,42,0.005168546582984229,graduated,Ac^ --> Ac^^,BLSTM
rya,43,0.005153195341168867,graduated,Ac^ --> Ac^^,BLSTM
rya,44,0.005221001436081911,graduated,Ac^ --> Ac^^,BLSTM
rya,45,0.08759746560600921,graduated,Ac^ --> Ac^^,BLSTM
rya,46,0.8817762405966363,graduated,Ac^ --> Ac^^,BLSTM
rya,47,0.8936018602392208,graduated,Ac^ --> Ac^^,BLSTM
s2graph,1,0.09619833069624842,retired,Ac^ --> Ac^^,BLSTM
s2graph,2,0.8884224348715383,retired,Ac^ --> Ac^^,BLSTM
s2graph,3,0.9800576211499429,retired,Ac^ --> Ac^^,BLSTM
s2graph,4,0.9849577372230403,retired,Ac^ --> Ac^^,BLSTM
s2graph,5,0.9856244044720697,retired,Ac^ --> Ac^^,BLSTM
s2graph,6,0.9857959959720047,retired,Ac^ --> Ac^^,BLSTM
s2graph,7,0.98629620496549,retired,Ac^ --> Ac^^,BLSTM
s2graph,8,0.9864897577241848,retired,Ac^ --> Ac^^,BLSTM
s2graph,9,0.98666014229032,retired,Ac^ --> Ac^^,BLSTM
s2graph,10,0.9866803712664628,retired,Ac^ --> Ac^^,BLSTM
s2graph,11,0.986913411639076,retired,Ac^ --> Ac^^,BLSTM
s2graph,12,0.987365446940667,retired,Ac^ --> Ac^^,BLSTM
s2graph,13,0.9876131175953231,retired,Ac^ --> Ac^^,BLSTM
s2graph,14,0.9048582765132036,retired,Ac^ --> Ac^^,BLSTM
s2graph,15,0.10088111021789714,retired,Ac^ --> Ac^^,BLSTM
s2graph,16,0.006427122433233296,retired,Ac^ --> Ac^^,BLSTM
s2graph,17,0.005261847178061546,retired,Ac^ --> Ac^^,BLSTM
s2graph,18,0.005213887626898674,retired,Ac^ --> Ac^^,BLSTM
s2graph,19,0.005244098315259721,retired,Ac^ --> Ac^^,BLSTM
s2graph,20,0.08630836858146691,retired,Ac^ --> Ac^^,BLSTM
s2graph,21,0.8671563737249852,retired,Ac^ --> Ac^^,BLSTM
s2graph,22,0.9575228968214304,retired,Ac^ --> Ac^^,BLSTM
s2graph,23,0.975274687467366,retired,Ac^ --> Ac^^,BLSTM
s2graph,24,0.9789179767203635,retired,Ac^ --> Ac^^,BLSTM
s2graph,25,0.9801338315984206,retired,Ac^ --> Ac^^,BLSTM
s2graph,26,0.9809270219698002,retired,Ac^ --> Ac^^,BLSTM
s2graph,27,0.9808517146960951,retired,Ac^ --> Ac^^,BLSTM
s2graph,28,0.9814380047564952,retired,Ac^ --> Ac^^,BLSTM
s2graph,29,0.9819685118775,retired,Ac^ --> Ac^^,BLSTM
s2graph,30,0.9823080580029736,retired,Ac^ --> Ac^^,BLSTM
s2graph,31,0.9826847699193877,retired,Ac^ --> Ac^^,BLSTM
s2graph,32,0.9830595946888326,retired,Ac^ --> Ac^^,BLSTM
s2graph,33,0.9833087004257012,retired,Ac^ --> Ac^^,BLSTM
s2graph,34,0.983419859559226,retired,Ac^ --> Ac^^,BLSTM
s2graph,35,0.983227240346356,retired,Ac^ --> Ac^^,BLSTM
s2graph,36,0.9832429945759232,retired,Ac^ --> Ac^^,BLSTM
s2graph,37,0.9835944532996651,retired,Ac^ --> Ac^^,BLSTM
s2graph,38,0.9837806628460117,retired,Ac^ --> Ac^^,BLSTM
s2graph,39,0.9839766033155634,retired,Ac^ --> Ac^^,BLSTM
s2graph,40,0.9837646364166857,retired,Ac^ --> Ac^^,BLSTM
s2graph,41,0.8991967856515135,retired,Ac^ --> Ac^^,BLSTM
s2graph,42,0.0895298464184005,retired,Ac^ --> Ac^^,BLSTM
s2graph,43,0.005293565803626188,retired,Ac^ --> Ac^^,BLSTM
s2graph,44,0.005158771426651422,retired,Ac^ --> Ac^^,BLSTM
s2graph,45,0.005104046977530109,retired,Ac^ --> Ac^^,BLSTM
s2graph,46,0.00506926319588372,retired,Ac^ --> Ac^^,BLSTM
s2graph,47,0.005030626105325223,retired,Ac^ --> Ac^^,BLSTM
s2graph,48,0.005001248836906424,retired,Ac^ --> Ac^^,BLSTM
s2graph,49,0.0049910449587303365,retired,Ac^ --> Ac^^,BLSTM
s2graph,50,0.004978083691488177,retired,Ac^ --> Ac^^,BLSTM
s2graph,51,0.004969026133045334,retired,Ac^ --> Ac^^,BLSTM
s2graph,52,0.004959953838306663,retired,Ac^ --> Ac^^,BLSTM
s2graph,53,0.0049519236399668334,retired,Ac^ --> Ac^^,BLSTM
s2graph,54,0.004948471297406672,retired,Ac^ --> Ac^^,BLSTM
s2graph,55,0.004946577774816113,retired,Ac^ --> Ac^^,BLSTM
s2graph,56,0.004943595288912968,retired,Ac^ --> Ac^^,BLSTM
s2graph,57,0.0049388113832744916,retired,Ac^ --> Ac^^,BLSTM
s2graph,58,0.004936106354214293,retired,Ac^ --> Ac^^,BLSTM
s2graph,59,0.00450982945215315,retired,Ac^ --> Ac^^,BLSTM
s4,1,0.8990051814738874,retired,Ac^ --> Ac^^,BLSTM
s4,2,0.9849809613555637,retired,Ac^ --> Ac^^,BLSTM
s4,3,0.9881183375550924,retired,Ac^ --> Ac^^,BLSTM
s4,4,0.9883323520258224,retired,Ac^ --> Ac^^,BLSTM
s4,5,0.9884710571058343,retired,Ac^ --> Ac^^,BLSTM
s4,6,0.9882825969161183,retired,Ac^ --> Ac^^,BLSTM
s4,7,0.9886447049491346,retired,Ac^ --> Ac^^,BLSTM
s4,8,0.9886207772220065,retired,Ac^ --> Ac^^,BLSTM
s4,9,0.9886432162356359,retired,Ac^ --> Ac^^,BLSTM
s4,10,0.988400639349289,retired,Ac^ --> Ac^^,BLSTM
s4,11,0.9883647674835447,retired,Ac^ --> Ac^^,BLSTM
s4,12,0.9882955805020538,retired,Ac^ --> Ac^^,BLSTM
s4,13,0.9883449537879543,retired,Ac^ --> Ac^^,BLSTM
s4,14,0.9883794706319807,retired,Ac^ --> Ac^^,BLSTM
s4,15,0.9885100200034351,retired,Ac^ --> Ac^^,BLSTM
s4,16,0.988554893936847,retired,Ac^ --> Ac^^,BLSTM
s4,17,0.9885866537104211,retired,Ac^ --> Ac^^,BLSTM
s4,18,0.9884310268946096,retired,Ac^ --> Ac^^,BLSTM
s4,19,0.9883783227838883,retired,Ac^ --> Ac^^,BLSTM
s4,20,0.9884278831813991,retired,Ac^ --> Ac^^,BLSTM
s4,21,0.9883343926754747,retired,Ac^ --> Ac^^,BLSTM
s4,22,0.9882732473625757,retired,Ac^ --> Ac^^,BLSTM
s4,23,0.9880169739424549,retired,Ac^ --> Ac^^,BLSTM
s4,24,0.9811870488730522,retired,Ac^ --> Ac^^,BLSTM
s4,25,0.8406680832727841,retired,Ac^ --> Ac^^,BLSTM
s4,26,0.08353381313949572,retired,Ac^ --> Ac^^,BLSTM
s4,27,0.005407621057608974,retired,Ac^ --> Ac^^,BLSTM
s4,28,0.005219183547300743,retired,Ac^ --> Ac^^,BLSTM
s4,29,0.005148534532341264,retired,Ac^ --> Ac^^,BLSTM
s4,30,0.005102234338287974,retired,Ac^ --> Ac^^,BLSTM
s4,31,0.005073389661990834,retired,Ac^ --> Ac^^,BLSTM
s4,32,0.004622250723524775,retired,Ac^ --> Ac^^,BLSTM
samoa,1,0.902887835802491,retired,Ac^ --> Ac^^,BLSTM
samoa,2,0.9892223651637748,retired,Ac^ --> Ac^^,BLSTM
samoa,3,0.9894518653631028,retired,Ac^ --> Ac^^,BLSTM
samoa,4,0.9891750743194074,retired,Ac^ --> Ac^^,BLSTM
samoa,5,0.9889841276963423,retired,Ac^ --> Ac^^,BLSTM
samoa,6,0.9891301660280596,retired,Ac^ --> Ac^^,BLSTM
samoa,7,0.9891677569599213,retired,Ac^ --> Ac^^,BLSTM
samoa,8,0.9887658693593692,retired,Ac^ --> Ac^^,BLSTM
samoa,9,0.9885338911677992,retired,Ac^ --> Ac^^,BLSTM
samoa,10,0.9884429878637442,retired,Ac^ --> Ac^^,BLSTM
samoa,11,0.9883642088322241,retired,Ac^ --> Ac^^,BLSTM
samoa,12,0.9883130300335435,retired,Ac^ --> Ac^^,BLSTM
samoa,13,0.9882578789915675,retired,Ac^ --> Ac^^,BLSTM
samoa,14,0.9881619201441191,retired,Ac^ --> Ac^^,BLSTM
samoa,15,0.9883018902225754,retired,Ac^ --> Ac^^,BLSTM
samoa,16,0.9883248931910646,retired,Ac^ --> Ac^^,BLSTM
samoa,17,0.9884743592386828,retired,Ac^ --> Ac^^,BLSTM
samoa,18,0.9882579030746262,retired,Ac^ --> Ac^^,BLSTM
samoa,19,0.9877613735175994,retired,Ac^ --> Ac^^,BLSTM
samoa,20,0.9872517080634041,retired,Ac^ --> Ac^^,BLSTM
samoa,21,0.9875486199625643,retired,Ac^ --> Ac^^,BLSTM
samoa,22,0.987345948004868,retired,Ac^ --> Ac^^,BLSTM
samoa,23,0.9861621508036075,retired,Ac^ --> Ac^^,BLSTM
samoa,24,0.8908824458510256,retired,Ac^ --> Ac^^,BLSTM
samoa,25,0.08863183946228259,retired,Ac^ --> Ac^^,BLSTM
samoa,26,0.005359298737548743,retired,Ac^ --> Ac^^,BLSTM
samoa,27,0.005219613952424153,retired,Ac^ --> Ac^^,BLSTM
samoa,28,0.005150961744624216,retired,Ac^ --> Ac^^,BLSTM
samoa,29,0.005212317728261118,retired,Ac^ --> Ac^^,BLSTM
samoa,30,0.0855737052772267,retired,Ac^ --> Ac^^,BLSTM
samoa,31,0.7788018505263361,retired,Ac^ --> Ac^^,BLSTM
samoa,32,0.08554395281125377,retired,Ac^ --> Ac^^,BLSTM
samoa,33,0.005128187978743573,retired,Ac^ --> Ac^^,BLSTM
samoa,34,0.00503286585628392,retired,Ac^ --> Ac^^,BLSTM
samoa,35,0.0050185383047311105,retired,Ac^ --> Ac^^,BLSTM
samoa,36,0.0050285602806084614,retired,Ac^ --> Ac^^,BLSTM
samoa,37,0.005030560916414865,retired,Ac^ --> Ac^^,BLSTM
samoa,38,0.005027496095503759,retired,Ac^ --> Ac^^,BLSTM
samoa,39,0.00502612238186226,retired,Ac^ --> Ac^^,BLSTM
samoa,40,0.005022068431713058,retired,Ac^ --> Ac^^,BLSTM
samoa,41,0.005013685472682921,retired,Ac^ --> Ac^^,BLSTM
samoa,42,0.005006732193435225,retired,Ac^ --> Ac^^,BLSTM
samoa,43,0.005002614588488073,retired,Ac^ --> Ac^^,BLSTM
samoa,44,0.004998004766863777,retired,Ac^ --> Ac^^,BLSTM
samoa,45,0.004996044745254676,retired,Ac^ --> Ac^^,BLSTM
samoa,46,0.004995685626359715,retired,Ac^ --> Ac^^,BLSTM
samoa,47,0.004992843412442491,retired,Ac^ --> Ac^^,BLSTM
samoa,48,0.004988895951019236,retired,Ac^ --> Ac^^,BLSTM
samoa,49,0.0049860065016932385,retired,Ac^ --> Ac^^,BLSTM
samoa,50,0.004984391226374555,retired,Ac^ --> Ac^^,BLSTM
samoa,51,0.00498246022081156,retired,Ac^ --> Ac^^,BLSTM
samoa,52,0.004981378857346801,retired,Ac^ --> Ac^^,BLSTM
samoa,53,0.0049782294907572185,retired,Ac^ --> Ac^^,BLSTM
samoa,54,0.004976425851213252,retired,Ac^ --> Ac^^,BLSTM
samoa,55,0.004976043666552622,retired,Ac^ --> Ac^^,BLSTM
samoa,56,0.004973607075159453,retired,Ac^ --> Ac^^,BLSTM
samoa,57,0.004971104580929107,retired,Ac^ --> Ac^^,BLSTM
samoa,58,0.004969742108742597,retired,Ac^ --> Ac^^,BLSTM
samoa,59,0.00505477983921478,retired,Ac^ --> Ac^^,BLSTM
samoa,60,0.08520057597046755,retired,Ac^ --> Ac^^,BLSTM
samoa,61,0.856418508028852,retired,Ac^ --> Ac^^,BLSTM
samoa,62,0.9408015185150174,retired,Ac^ --> Ac^^,BLSTM
samoa,63,0.860198027181411,retired,Ac^ --> Ac^^,BLSTM
samoa,64,0.08558474050190708,retired,Ac^ --> Ac^^,BLSTM
samoa,65,0.00503195661788165,retired,Ac^ --> Ac^^,BLSTM
samoa,66,0.004944594732517598,retired,Ac^ --> Ac^^,BLSTM
samoa,67,0.004947928972780567,retired,Ac^ --> Ac^^,BLSTM
samoa,68,0.004949442964087501,retired,Ac^ --> Ac^^,BLSTM
samoa,69,0.004949561087076663,retired,Ac^ --> Ac^^,BLSTM
samoa,70,0.004949167189544934,retired,Ac^ --> Ac^^,BLSTM
samoa,71,0.004949397169648624,retired,Ac^ --> Ac^^,BLSTM
samoa,72,0.004950218289782079,retired,Ac^ --> Ac^^,BLSTM
samoa,73,0.004950419488574025,retired,Ac^ --> Ac^^,BLSTM
samoa,74,0.004524432332277339,retired,Ac^ --> Ac^^,BLSTM
samza,1,0.9039048981735646,graduated,Ac^ --> Ac^^,BLSTM
samza,2,0.9890478540409284,graduated,Ac^ --> Ac^^,BLSTM
samza,3,0.9891767238177205,graduated,Ac^ --> Ac^^,BLSTM
samza,4,0.9889991860738551,graduated,Ac^ --> Ac^^,BLSTM
samza,5,0.9891711237822811,graduated,Ac^ --> Ac^^,BLSTM
samza,6,0.9892389962992036,graduated,Ac^ --> Ac^^,BLSTM
samza,7,0.9891757547662088,graduated,Ac^ --> Ac^^,BLSTM
samza,8,0.9891294304269204,graduated,Ac^ --> Ac^^,BLSTM
samza,9,0.989100759691474,graduated,Ac^ --> Ac^^,BLSTM
samza,10,0.9891119053421571,graduated,Ac^ --> Ac^^,BLSTM
samza,11,0.9891409642434889,graduated,Ac^ --> Ac^^,BLSTM
samza,12,0.9891680837167431,graduated,Ac^ --> Ac^^,BLSTM
samza,13,0.9891795396238151,graduated,Ac^ --> Ac^^,BLSTM
samza,14,0.9891236931596289,graduated,Ac^ --> Ac^^,BLSTM
samza,15,0.9890494362605047,graduated,Ac^ --> Ac^^,BLSTM
samza,16,0.9889723616592394,graduated,Ac^ --> Ac^^,BLSTM
samza,17,0.9038518953964654,graduated,Ac^ --> Ac^^,BLSTM
sanselan,1,0.8939641689366035,graduated,Ac^ --> Ac^^,BLSTM
sanselan,2,0.9867890834204129,graduated,Ac^ --> Ac^^,BLSTM
sanselan,3,0.9881353608088613,graduated,Ac^ --> Ac^^,BLSTM
sanselan,4,0.9883979571570426,graduated,Ac^ --> Ac^^,BLSTM
sanselan,5,0.9881133208824302,graduated,Ac^ --> Ac^^,BLSTM
sanselan,6,0.9880166334070515,graduated,Ac^ --> Ac^^,BLSTM
sanselan,7,0.9862158508517987,graduated,Ac^ --> Ac^^,BLSTM
sanselan,8,0.9025993969247149,graduated,Ac^ --> Ac^^,BLSTM
sanselan,9,0.1749292823983618,graduated,Ac^ --> Ac^^,BLSTM
sanselan,10,0.9010733150404362,graduated,Ac^ --> Ac^^,BLSTM
sanselan,11,0.9865379748040486,graduated,Ac^ --> Ac^^,BLSTM
sanselan,12,0.9865175518427572,graduated,Ac^ --> Ac^^,BLSTM
sanselan,13,0.9701310114766137,graduated,Ac^ --> Ac^^,BLSTM
sanselan,14,0.8303766878970985,graduated,Ac^ --> Ac^^,BLSTM
sanselan,15,0.9687281497463468,graduated,Ac^ --> Ac^^,BLSTM
sanselan,16,0.9854863083372253,graduated,Ac^ --> Ac^^,BLSTM
sanselan,17,0.914475260755735,graduated,Ac^ --> Ac^^,BLSTM
sanselan,18,0.24056487728891893,graduated,Ac^ --> Ac^^,BLSTM
sanselan,19,0.02106041457627145,graduated,Ac^ --> Ac^^,BLSTM
sanselan,20,0.005243219324784731,graduated,Ac^ --> Ac^^,BLSTM
sanselan,21,0.00473529687637238,graduated,Ac^ --> Ac^^,BLSTM
sentry,1,0.9041315735075122,graduated,Ac^ --> Ac^^,BLSTM
sentry,2,0.9892669122495173,graduated,Ac^ --> Ac^^,BLSTM
sentry,3,0.9889460019483979,graduated,Ac^ --> Ac^^,BLSTM
sentry,4,0.9890750784186351,graduated,Ac^ --> Ac^^,BLSTM
sentry,5,0.9890947213562854,graduated,Ac^ --> Ac^^,BLSTM
sentry,6,0.9891447734594643,graduated,Ac^ --> Ac^^,BLSTM
sentry,7,0.9891928879075287,graduated,Ac^ --> Ac^^,BLSTM
sentry,8,0.9889800371856128,graduated,Ac^ --> Ac^^,BLSTM
sentry,9,0.9890429618305453,graduated,Ac^ --> Ac^^,BLSTM
sentry,10,0.9890493797892316,graduated,Ac^ --> Ac^^,BLSTM
sentry,11,0.9889587964827519,graduated,Ac^ --> Ac^^,BLSTM
sentry,12,0.9889610890049979,graduated,Ac^ --> Ac^^,BLSTM
sentry,13,0.9890264169804537,graduated,Ac^ --> Ac^^,BLSTM
sentry,14,0.9890301687083083,graduated,Ac^ --> Ac^^,BLSTM
sentry,15,0.9890679305569899,graduated,Ac^ --> Ac^^,BLSTM
sentry,16,0.9890888848290615,graduated,Ac^ --> Ac^^,BLSTM
sentry,17,0.9889909818781965,graduated,Ac^ --> Ac^^,BLSTM
sentry,18,0.9890340243435716,graduated,Ac^ --> Ac^^,BLSTM
sentry,19,0.9890074168381197,graduated,Ac^ --> Ac^^,BLSTM
sentry,20,0.989015522103016,graduated,Ac^ --> Ac^^,BLSTM
sentry,21,0.9889684576764488,graduated,Ac^ --> Ac^^,BLSTM
sentry,22,0.9889701009772874,graduated,Ac^ --> Ac^^,BLSTM
sentry,23,0.9890125928781112,graduated,Ac^ --> Ac^^,BLSTM
sentry,24,0.9890408753820106,graduated,Ac^ --> Ac^^,BLSTM
sentry,25,0.9889977362825767,graduated,Ac^ --> Ac^^,BLSTM
sentry,26,0.9889856049447268,graduated,Ac^ --> Ac^^,BLSTM
sentry,27,0.9889945966854632,graduated,Ac^ --> Ac^^,BLSTM
sentry,28,0.9889707538934548,graduated,Ac^ --> Ac^^,BLSTM
sentry,29,0.9890152475093241,graduated,Ac^ --> Ac^^,BLSTM
sentry,30,0.9889406282959,graduated,Ac^ --> Ac^^,BLSTM
sentry,31,0.9038348241098172,graduated,Ac^ --> Ac^^,BLSTM
servicecomb,1,0.9043745920784544,graduated,Ac^ --> Ac^^,BLSTM
servicecomb,2,0.9896448102654561,graduated,Ac^ --> Ac^^,BLSTM
servicecomb,3,0.9897144238271207,graduated,Ac^ --> Ac^^,BLSTM
servicecomb,4,0.9896623879046402,graduated,Ac^ --> Ac^^,BLSTM
servicecomb,5,0.989611802650543,graduated,Ac^ --> Ac^^,BLSTM
servicecomb,6,0.9895789834340154,graduated,Ac^ --> Ac^^,BLSTM
servicecomb,7,0.9895481143358631,graduated,Ac^ --> Ac^^,BLSTM
servicecomb,8,0.9895222363741452,graduated,Ac^ --> Ac^^,BLSTM
servicecomb,9,0.9894034470848398,graduated,Ac^ --> Ac^^,BLSTM
servicecomb,10,0.9042234033520533,graduated,Ac^ --> Ac^^,BLSTM
servicemix,1,0.9037921626898899,graduated,Ac^ --> Ac^^,BLSTM
servicemix,2,0.9893720708379814,graduated,Ac^ --> Ac^^,BLSTM
servicemix,3,0.9895670444197096,graduated,Ac^ --> Ac^^,BLSTM
servicemix,4,0.9894156528488111,graduated,Ac^ --> Ac^^,BLSTM
servicemix,5,0.9892734927940178,graduated,Ac^ --> Ac^^,BLSTM
servicemix,6,0.9893570258859032,graduated,Ac^ --> Ac^^,BLSTM
servicemix,7,0.9893585243095947,graduated,Ac^ --> Ac^^,BLSTM
servicemix,8,0.9891794633923633,graduated,Ac^ --> Ac^^,BLSTM
servicemix,9,0.9891597378652666,graduated,Ac^ --> Ac^^,BLSTM
servicemix,10,0.9892077699520875,graduated,Ac^ --> Ac^^,BLSTM
servicemix,11,0.9891944146015287,graduated,Ac^ --> Ac^^,BLSTM
servicemix,12,0.9891751354625119,graduated,Ac^ --> Ac^^,BLSTM
servicemix,13,0.9891217090212713,graduated,Ac^ --> Ac^^,BLSTM
servicemix,14,0.9891310192123417,graduated,Ac^ --> Ac^^,BLSTM
servicemix,15,0.9891231350781101,graduated,Ac^ --> Ac^^,BLSTM
servicemix,16,0.9890601534488327,graduated,Ac^ --> Ac^^,BLSTM
servicemix,17,0.9890257616797717,graduated,Ac^ --> Ac^^,BLSTM
servicemix,18,0.988982639484463,graduated,Ac^ --> Ac^^,BLSTM
servicemix,19,0.988957526958642,graduated,Ac^ --> Ac^^,BLSTM
servicemix,20,0.9888482484332651,graduated,Ac^ --> Ac^^,BLSTM
servicemix,21,0.9037645669778495,graduated,Ac^ --> Ac^^,BLSTM
shardingsphere,1,0.9035559755108565,graduated,Ac^ --> Ac^^,BLSTM
shardingsphere,2,0.9885222186257487,graduated,Ac^ --> Ac^^,BLSTM
shardingsphere,3,0.9885880044247267,graduated,Ac^ --> Ac^^,BLSTM
shardingsphere,4,0.9886619137768189,graduated,Ac^ --> Ac^^,BLSTM
shardingsphere,5,0.9884897497168934,graduated,Ac^ --> Ac^^,BLSTM
shardingsphere,6,0.9883470935871377,graduated,Ac^ --> Ac^^,BLSTM
shardingsphere,7,0.9883223184842294,graduated,Ac^ --> Ac^^,BLSTM
shardingsphere,8,0.9871180026947765,graduated,Ac^ --> Ac^^,BLSTM
shardingsphere,9,0.9813571546915669,graduated,Ac^ --> Ac^^,BLSTM
shardingsphere,10,0.9732829248181664,graduated,Ac^ --> Ac^^,BLSTM
shardingsphere,11,0.9701433440636764,graduated,Ac^ --> Ac^^,BLSTM
shardingsphere,12,0.9464547510428009,graduated,Ac^ --> Ac^^,BLSTM
shardingsphere,13,0.9705560498507825,graduated,Ac^ --> Ac^^,BLSTM
shardingsphere,14,0.9754083262254802,graduated,Ac^ --> Ac^^,BLSTM
shardingsphere,15,0.976044461662808,graduated,Ac^ --> Ac^^,BLSTM
shardingsphere,16,0.9765158565534409,graduated,Ac^ --> Ac^^,BLSTM
shardingsphere,17,0.892853347805441,graduated,Ac^ --> Ac^^,BLSTM
shindig,1,0.9036899264683474,graduated,Ac^ --> Ac^^,BLSTM
shindig,2,0.9888071640249103,graduated,Ac^ --> Ac^^,BLSTM
shindig,3,0.988959870613416,graduated,Ac^ --> Ac^^,BLSTM
shindig,4,0.9890773818053251,graduated,Ac^ --> Ac^^,BLSTM
shindig,5,0.9889923063292619,graduated,Ac^ --> Ac^^,BLSTM
shindig,6,0.989220805045287,graduated,Ac^ --> Ac^^,BLSTM
shindig,7,0.9893083434601713,graduated,Ac^ --> Ac^^,BLSTM
shindig,8,0.9893052136619214,graduated,Ac^ --> Ac^^,BLSTM
shindig,9,0.9893254944264277,graduated,Ac^ --> Ac^^,BLSTM
shindig,10,0.9893150210816641,graduated,Ac^ --> Ac^^,BLSTM
shindig,11,0.9892700247719549,graduated,Ac^ --> Ac^^,BLSTM
shindig,12,0.9892608837185219,graduated,Ac^ --> Ac^^,BLSTM
shindig,13,0.9892029072857061,graduated,Ac^ --> Ac^^,BLSTM
shindig,14,0.9892453981774589,graduated,Ac^ --> Ac^^,BLSTM
shindig,15,0.9892735296999683,graduated,Ac^ --> Ac^^,BLSTM
shindig,16,0.9892862608850903,graduated,Ac^ --> Ac^^,BLSTM
shindig,17,0.9892583138519947,graduated,Ac^ --> Ac^^,BLSTM
shindig,18,0.9892282803616126,graduated,Ac^ --> Ac^^,BLSTM
shindig,19,0.98921011386778,graduated,Ac^ --> Ac^^,BLSTM
shindig,20,0.9891909874247463,graduated,Ac^ --> Ac^^,BLSTM
shindig,21,0.9891525805541131,graduated,Ac^ --> Ac^^,BLSTM
shindig,22,0.9891628886087132,graduated,Ac^ --> Ac^^,BLSTM
shindig,23,0.9891219872585102,graduated,Ac^ --> Ac^^,BLSTM
shindig,24,0.989008231356696,graduated,Ac^ --> Ac^^,BLSTM
shindig,25,0.903889857246649,graduated,Ac^ --> Ac^^,BLSTM
shiro,1,0.9030526338021514,graduated,Ac^ --> Ac^^,BLSTM
shiro,2,0.9872285767887953,graduated,Ac^ --> Ac^^,BLSTM
shiro,3,0.9884435478750052,graduated,Ac^ --> Ac^^,BLSTM
shiro,4,0.9879328437328411,graduated,Ac^ --> Ac^^,BLSTM
shiro,5,0.9884526358917426,graduated,Ac^ --> Ac^^,BLSTM
shiro,6,0.9881764319736697,graduated,Ac^ --> Ac^^,BLSTM
shiro,7,0.9879722885479499,graduated,Ac^ --> Ac^^,BLSTM
shiro,8,0.9880976760881985,graduated,Ac^ --> Ac^^,BLSTM
shiro,9,0.9880812354680482,graduated,Ac^ --> Ac^^,BLSTM
shiro,10,0.9880415305735011,graduated,Ac^ --> Ac^^,BLSTM
shiro,11,0.9880608581350155,graduated,Ac^ --> Ac^^,BLSTM
shiro,12,0.9880083931065253,graduated,Ac^ --> Ac^^,BLSTM
shiro,13,0.9880281535999267,graduated,Ac^ --> Ac^^,BLSTM
shiro,14,0.9880560015751545,graduated,Ac^ --> Ac^^,BLSTM
shiro,15,0.9880508909949098,graduated,Ac^ --> Ac^^,BLSTM
shiro,16,0.9881468526165554,graduated,Ac^ --> Ac^^,BLSTM
shiro,17,0.9881751969107738,graduated,Ac^ --> Ac^^,BLSTM
shiro,18,0.9882556035168856,graduated,Ac^ --> Ac^^,BLSTM
shiro,19,0.9883737509712693,graduated,Ac^ --> Ac^^,BLSTM
shiro,20,0.988296415478279,graduated,Ac^ --> Ac^^,BLSTM
shiro,21,0.9882800102451099,graduated,Ac^ --> Ac^^,BLSTM
shiro,22,0.9882851113624352,graduated,Ac^ --> Ac^^,BLSTM
shiro,23,0.9882662296168124,graduated,Ac^ --> Ac^^,BLSTM
shiro,24,0.9882173254159474,graduated,Ac^ --> Ac^^,BLSTM
shiro,25,0.9881422546750952,graduated,Ac^ --> Ac^^,BLSTM
shiro,26,0.9879677833386126,graduated,Ac^ --> Ac^^,BLSTM
shiro,27,0.9027965759751945,graduated,Ac^ --> Ac^^,BLSTM
singa,1,0.9032216497871395,graduated,Ac^ --> Ac^^,BLSTM
singa,2,0.9892698552095884,graduated,Ac^ --> Ac^^,BLSTM
singa,3,0.9893928923848883,graduated,Ac^ --> Ac^^,BLSTM
singa,4,0.9894233339883054,graduated,Ac^ --> Ac^^,BLSTM
singa,5,0.9894136945256811,graduated,Ac^ --> Ac^^,BLSTM
singa,6,0.9893739636079105,graduated,Ac^ --> Ac^^,BLSTM
singa,7,0.9892008474348584,graduated,Ac^ --> Ac^^,BLSTM
singa,8,0.989264370224183,graduated,Ac^ --> Ac^^,BLSTM
singa,9,0.9892823660183436,graduated,Ac^ --> Ac^^,BLSTM
singa,10,0.989139539709202,graduated,Ac^ --> Ac^^,BLSTM
singa,11,0.9891520837867995,graduated,Ac^ --> Ac^^,BLSTM
singa,12,0.9891526310598545,graduated,Ac^ --> Ac^^,BLSTM
singa,13,0.9890766441280511,graduated,Ac^ --> Ac^^,BLSTM
singa,14,0.9891151266730196,graduated,Ac^ --> Ac^^,BLSTM
singa,15,0.989146120701811,graduated,Ac^ --> Ac^^,BLSTM
singa,16,0.9891666590898445,graduated,Ac^ --> Ac^^,BLSTM
singa,17,0.9891511214540669,graduated,Ac^ --> Ac^^,BLSTM
singa,18,0.9891504706084678,graduated,Ac^ --> Ac^^,BLSTM
singa,19,0.9891229222560867,graduated,Ac^ --> Ac^^,BLSTM
singa,20,0.9891399897796845,graduated,Ac^ --> Ac^^,BLSTM
singa,21,0.989151876516345,graduated,Ac^ --> Ac^^,BLSTM
singa,22,0.9891522314865864,graduated,Ac^ --> Ac^^,BLSTM
singa,23,0.9891174116284837,graduated,Ac^ --> Ac^^,BLSTM
singa,24,0.9891277877598466,graduated,Ac^ --> Ac^^,BLSTM
singa,25,0.989133913756497,graduated,Ac^ --> Ac^^,BLSTM
singa,26,0.9891163320578447,graduated,Ac^ --> Ac^^,BLSTM
singa,27,0.9890912467044134,graduated,Ac^ --> Ac^^,BLSTM
singa,28,0.9890971252575962,graduated,Ac^ --> Ac^^,BLSTM
singa,29,0.9891230470530179,graduated,Ac^ --> Ac^^,BLSTM
singa,30,0.9890226351936444,graduated,Ac^ --> Ac^^,BLSTM
singa,31,0.903709577310566,graduated,Ac^ --> Ac^^,BLSTM
singa,32,0.08997216817573153,graduated,Ac^ --> Ac^^,BLSTM
singa,33,0.005506612347729677,graduated,Ac^ --> Ac^^,BLSTM
singa,34,0.005141362774200808,graduated,Ac^ --> Ac^^,BLSTM
singa,35,0.005229425883200568,graduated,Ac^ --> Ac^^,BLSTM
singa,36,0.08942544281508921,graduated,Ac^ --> Ac^^,BLSTM
singa,37,0.9016055801781475,graduated,Ac^ --> Ac^^,BLSTM
singa,38,0.9871276570490826,graduated,Ac^ --> Ac^^,BLSTM
singa,39,0.9875589614845179,graduated,Ac^ --> Ac^^,BLSTM
singa,40,0.9877141605920434,graduated,Ac^ --> Ac^^,BLSTM
singa,41,0.9878723836631285,graduated,Ac^ --> Ac^^,BLSTM
singa,42,0.988274800955921,graduated,Ac^ --> Ac^^,BLSTM
singa,43,0.9880024101517646,graduated,Ac^ --> Ac^^,BLSTM
singa,44,0.9876014141074735,graduated,Ac^ --> Ac^^,BLSTM
singa,45,0.9874860408151347,graduated,Ac^ --> Ac^^,BLSTM
singa,46,0.9871460846315088,graduated,Ac^ --> Ac^^,BLSTM
singa,47,0.9873211058948312,graduated,Ac^ --> Ac^^,BLSTM
singa,48,0.9876135372016331,graduated,Ac^ --> Ac^^,BLSTM
singa,49,0.9876024330346256,graduated,Ac^ --> Ac^^,BLSTM
singa,50,0.9875954686305397,graduated,Ac^ --> Ac^^,BLSTM
singa,51,0.9876986080022345,graduated,Ac^ --> Ac^^,BLSTM
singa,52,0.9877349706700244,graduated,Ac^ --> Ac^^,BLSTM
singa,53,0.9876336261590531,graduated,Ac^ --> Ac^^,BLSTM
singa,54,0.9026665261964976,graduated,Ac^ --> Ac^^,BLSTM
sirona,1,0.9042202692712512,retired,Ac^ --> Ac^^,BLSTM
sirona,2,0.9896022461619511,retired,Ac^ --> Ac^^,BLSTM
sirona,3,0.9895403887498274,retired,Ac^ --> Ac^^,BLSTM
sirona,4,0.9893377804045365,retired,Ac^ --> Ac^^,BLSTM
sirona,5,0.9893782469233161,retired,Ac^ --> Ac^^,BLSTM
sirona,6,0.9893241805016294,retired,Ac^ --> Ac^^,BLSTM
sirona,7,0.9892101884874728,retired,Ac^ --> Ac^^,BLSTM
sirona,8,0.9890259308545638,retired,Ac^ --> Ac^^,BLSTM
sirona,9,0.988889541923764,retired,Ac^ --> Ac^^,BLSTM
sirona,10,0.989052580117519,retired,Ac^ --> Ac^^,BLSTM
sirona,11,0.9887588432668121,retired,Ac^ --> Ac^^,BLSTM
sirona,12,0.9882762481529466,retired,Ac^ --> Ac^^,BLSTM
sirona,13,0.9881931658329236,retired,Ac^ --> Ac^^,BLSTM
sirona,14,0.9833280369679547,retired,Ac^ --> Ac^^,BLSTM
sirona,15,0.9411931105033008,retired,Ac^ --> Ac^^,BLSTM
sirona,16,0.9833227738980012,retired,Ac^ --> Ac^^,BLSTM
sirona,17,0.9880045485187829,retired,Ac^ --> Ac^^,BLSTM
sirona,18,0.9880003810545971,retired,Ac^ --> Ac^^,BLSTM
sirona,19,0.9882043225059898,retired,Ac^ --> Ac^^,BLSTM
sirona,20,0.9878862207758309,retired,Ac^ --> Ac^^,BLSTM
sirona,21,0.9881035302107815,retired,Ac^ --> Ac^^,BLSTM
sirona,22,0.9880336824066855,retired,Ac^ --> Ac^^,BLSTM
sirona,23,0.9861997109676028,retired,Ac^ --> Ac^^,BLSTM
sirona,24,0.9189392606489016,retired,Ac^ --> Ac^^,BLSTM
sirona,25,0.4047029370509746,retired,Ac^ --> Ac^^,BLSTM
sirona,26,0.9241913961903055,retired,Ac^ --> Ac^^,BLSTM
sirona,27,0.9864535148592833,retired,Ac^ --> Ac^^,BLSTM
sirona,28,0.9021322514875292,retired,Ac^ --> Ac^^,BLSTM
sirona,29,0.08974715488180447,retired,Ac^ --> Ac^^,BLSTM
sirona,30,0.08195851170256035,retired,Ac^ --> Ac^^,BLSTM
sirona,31,0.7445231806313906,retired,Ac^ --> Ac^^,BLSTM
sirona,32,0.08173424572035026,retired,Ac^ --> Ac^^,BLSTM
sirona,33,0.004959826793132263,retired,Ac^ --> Ac^^,BLSTM
sirona,34,0.004840335725233032,retired,Ac^ --> Ac^^,BLSTM
sirona,35,0.004914467772917909,retired,Ac^ --> Ac^^,BLSTM
sirona,36,0.004939908125374757,retired,Ac^ --> Ac^^,BLSTM
sirona,37,0.004940229291932677,retired,Ac^ --> Ac^^,BLSTM
sirona,38,0.0049547257671601124,retired,Ac^ --> Ac^^,BLSTM
sirona,39,0.0049527605567352235,retired,Ac^ --> Ac^^,BLSTM
sirona,40,0.004949731902243198,retired,Ac^ --> Ac^^,BLSTM
sirona,41,0.0049476122495515805,retired,Ac^ --> Ac^^,BLSTM
sirona,42,0.0049471405914990945,retired,Ac^ --> Ac^^,BLSTM
sirona,43,0.004948245927460034,retired,Ac^ --> Ac^^,BLSTM
sirona,44,0.004947449763527254,retired,Ac^ --> Ac^^,BLSTM
sirona,45,0.004518001607443023,retired,Ac^ --> Ac^^,BLSTM
sis,1,0.21307864236889257,graduated,Ac^ --> Ac^^,BLSTM
sis,2,0.9125147063982191,graduated,Ac^ --> Ac^^,BLSTM
sis,3,0.8933588413142054,graduated,Ac^ --> Ac^^,BLSTM
sis,4,0.08905138164839581,graduated,Ac^ --> Ac^^,BLSTM
sis,5,0.005384358050123226,graduated,Ac^ --> Ac^^,BLSTM
sis,6,0.005146611050626491,graduated,Ac^ --> Ac^^,BLSTM
sis,7,0.0051310672483080395,graduated,Ac^ --> Ac^^,BLSTM
sis,8,0.005120047236161076,graduated,Ac^ --> Ac^^,BLSTM
sis,9,0.005019978696772667,graduated,Ac^ --> Ac^^,BLSTM
sis,10,0.004999756956768468,graduated,Ac^ --> Ac^^,BLSTM
sis,11,0.005017099667289858,graduated,Ac^ --> Ac^^,BLSTM
sis,12,0.005026048075435028,graduated,Ac^ --> Ac^^,BLSTM
sis,13,0.0050276362022316536,graduated,Ac^ --> Ac^^,BLSTM
sis,14,0.005021187566601518,graduated,Ac^ --> Ac^^,BLSTM
sis,15,0.0050139823338291225,graduated,Ac^ --> Ac^^,BLSTM
sis,16,0.005004442091222793,graduated,Ac^ --> Ac^^,BLSTM
sis,17,0.004999584491111484,graduated,Ac^ --> Ac^^,BLSTM
sis,18,0.004994040702709464,graduated,Ac^ --> Ac^^,BLSTM
sis,19,0.0049901610010489005,graduated,Ac^ --> Ac^^,BLSTM
sis,20,0.004988811881583145,graduated,Ac^ --> Ac^^,BLSTM
sis,21,0.0049855260819278635,graduated,Ac^ --> Ac^^,BLSTM
sis,22,0.004980595061017065,graduated,Ac^ --> Ac^^,BLSTM
sis,23,0.0049800783785237425,graduated,Ac^ --> Ac^^,BLSTM
sis,24,0.004976816471744979,graduated,Ac^ --> Ac^^,BLSTM
sis,25,0.0049729304933579825,graduated,Ac^ --> Ac^^,BLSTM
sis,26,0.0049638067443062055,graduated,Ac^ --> Ac^^,BLSTM
sis,27,0.00503758640739599,graduated,Ac^ --> Ac^^,BLSTM
sis,28,0.08451103299758711,graduated,Ac^ --> Ac^^,BLSTM
sis,29,0.8494331903697827,graduated,Ac^ --> Ac^^,BLSTM
sis,30,0.9370931753749998,graduated,Ac^ --> Ac^^,BLSTM
sis,31,0.8594248530031702,graduated,Ac^ --> Ac^^,BLSTM
skywalking,1,0.9042947006175804,graduated,Ac^ --> Ac^^,BLSTM
skywalking,2,0.9895903674314038,graduated,Ac^ --> Ac^^,BLSTM
skywalking,3,0.989687844088325,graduated,Ac^ --> Ac^^,BLSTM
skywalking,4,0.9896608240764565,graduated,Ac^ --> Ac^^,BLSTM
skywalking,5,0.9895867204170296,graduated,Ac^ --> Ac^^,BLSTM
skywalking,6,0.9895120053186969,graduated,Ac^ --> Ac^^,BLSTM
skywalking,7,0.989475657696371,graduated,Ac^ --> Ac^^,BLSTM
skywalking,8,0.9894361104768694,graduated,Ac^ --> Ac^^,BLSTM
skywalking,9,0.9894114182571291,graduated,Ac^ --> Ac^^,BLSTM
skywalking,10,0.9894056784657561,graduated,Ac^ --> Ac^^,BLSTM
skywalking,11,0.9893978477185944,graduated,Ac^ --> Ac^^,BLSTM
skywalking,12,0.9893764807304005,graduated,Ac^ --> Ac^^,BLSTM
skywalking,13,0.9893670044531633,graduated,Ac^ --> Ac^^,BLSTM
skywalking,14,0.9893614007895308,graduated,Ac^ --> Ac^^,BLSTM
skywalking,15,0.9892578006070626,graduated,Ac^ --> Ac^^,BLSTM
skywalking,16,0.9041016370612664,graduated,Ac^ --> Ac^^,BLSTM
slider,1,0.9042119785993848,retired,Ac^ --> Ac^^,BLSTM
slider,2,0.9895163397823228,retired,Ac^ --> Ac^^,BLSTM
slider,3,0.9896005814353013,retired,Ac^ --> Ac^^,BLSTM
slider,4,0.9895475727816513,retired,Ac^ --> Ac^^,BLSTM
slider,5,0.9894820959945544,retired,Ac^ --> Ac^^,BLSTM
slider,6,0.989435266826057,retired,Ac^ --> Ac^^,BLSTM
slider,7,0.9894210210147073,retired,Ac^ --> Ac^^,BLSTM
slider,8,0.9893926389103855,retired,Ac^ --> Ac^^,BLSTM
slider,9,0.9893668651616045,retired,Ac^ --> Ac^^,BLSTM
slider,10,0.9893708336612096,retired,Ac^ --> Ac^^,BLSTM
slider,11,0.9893545004191038,retired,Ac^ --> Ac^^,BLSTM
slider,12,0.9893105289663237,retired,Ac^ --> Ac^^,BLSTM
slider,13,0.9892524509368005,retired,Ac^ --> Ac^^,BLSTM
slider,14,0.9891748196899199,retired,Ac^ --> Ac^^,BLSTM
slider,15,0.9891148078814597,retired,Ac^ --> Ac^^,BLSTM
slider,16,0.9890633975065642,retired,Ac^ --> Ac^^,BLSTM
slider,17,0.9890365585459906,retired,Ac^ --> Ac^^,BLSTM
slider,18,0.9890922019963891,retired,Ac^ --> Ac^^,BLSTM
slider,19,0.9891346462717276,retired,Ac^ --> Ac^^,BLSTM
slider,20,0.9891002244015183,retired,Ac^ --> Ac^^,BLSTM
slider,21,0.9890545385928117,retired,Ac^ --> Ac^^,BLSTM
slider,22,0.9890588499490198,retired,Ac^ --> Ac^^,BLSTM
slider,23,0.9890945742254882,retired,Ac^ --> Ac^^,BLSTM
slider,24,0.9890993760390565,retired,Ac^ --> Ac^^,BLSTM
slider,25,0.9890792462464529,retired,Ac^ --> Ac^^,BLSTM
slider,26,0.9890981133490372,retired,Ac^ --> Ac^^,BLSTM
slider,27,0.9890910098445405,retired,Ac^ --> Ac^^,BLSTM
slider,28,0.989110059735,retired,Ac^ --> Ac^^,BLSTM
slider,29,0.9890635075800877,retired,Ac^ --> Ac^^,BLSTM
slider,30,0.9890614688088826,retired,Ac^ --> Ac^^,BLSTM
slider,31,0.9890062221014094,retired,Ac^ --> Ac^^,BLSTM
slider,32,0.9889000158682051,retired,Ac^ --> Ac^^,BLSTM
slider,33,0.9888593984279874,retired,Ac^ --> Ac^^,BLSTM
slider,34,0.988887231437853,retired,Ac^ --> Ac^^,BLSTM
slider,35,0.9888824083564861,retired,Ac^ --> Ac^^,BLSTM
slider,36,0.9888882552627548,retired,Ac^ --> Ac^^,BLSTM
slider,37,0.9885298624969057,retired,Ac^ --> Ac^^,BLSTM
slider,38,0.9842401397150284,retired,Ac^ --> Ac^^,BLSTM
slider,39,0.971234329475677,retired,Ac^ --> Ac^^,BLSTM
slider,40,0.9865486250883803,retired,Ac^ --> Ac^^,BLSTM
slider,41,0.9884133853954512,retired,Ac^ --> Ac^^,BLSTM
slider,42,0.9884301984092874,retired,Ac^ --> Ac^^,BLSTM
slider,43,0.9036171593496333,retired,Ac^ --> Ac^^,BLSTM
slider,44,0.0898857957478099,retired,Ac^ --> Ac^^,BLSTM
slider,45,0.005430522596092117,retired,Ac^ --> Ac^^,BLSTM
slider,46,0.08942889465767294,retired,Ac^ --> Ac^^,BLSTM
slider,47,0.8333461813091565,retired,Ac^ --> Ac^^,BLSTM
slider,48,0.2664163003874707,retired,Ac^ --> Ac^^,BLSTM
sling,1,0.9037412834601075,graduated,Ac^ --> Ac^^,BLSTM
sling,2,0.9890736023139065,graduated,Ac^ --> Ac^^,BLSTM
sling,3,0.9893989403137303,graduated,Ac^ --> Ac^^,BLSTM
sling,4,0.9893594241203314,graduated,Ac^ --> Ac^^,BLSTM
sling,5,0.9892763668149519,graduated,Ac^ --> Ac^^,BLSTM
sling,6,0.9891706901026995,graduated,Ac^ --> Ac^^,BLSTM
sling,7,0.9891351930348795,graduated,Ac^ --> Ac^^,BLSTM
sling,8,0.989058692947261,graduated,Ac^ --> Ac^^,BLSTM
sling,9,0.989138904471318,graduated,Ac^ --> Ac^^,BLSTM
sling,10,0.9890480432030062,graduated,Ac^ --> Ac^^,BLSTM
sling,11,0.9889838224626993,graduated,Ac^ --> Ac^^,BLSTM
sling,12,0.9889676642463027,graduated,Ac^ --> Ac^^,BLSTM
sling,13,0.9889985462245148,graduated,Ac^ --> Ac^^,BLSTM
sling,14,0.9889633675363672,graduated,Ac^ --> Ac^^,BLSTM
sling,15,0.9889718887166791,graduated,Ac^ --> Ac^^,BLSTM
sling,16,0.9889941526361814,graduated,Ac^ --> Ac^^,BLSTM
sling,17,0.9889878786255406,graduated,Ac^ --> Ac^^,BLSTM
sling,18,0.9890071120316145,graduated,Ac^ --> Ac^^,BLSTM
sling,19,0.9889725052093176,graduated,Ac^ --> Ac^^,BLSTM
sling,20,0.9889007978173578,graduated,Ac^ --> Ac^^,BLSTM
sling,21,0.9037722524935904,graduated,Ac^ --> Ac^^,BLSTM
solr,1,0.9014980480009903,graduated,Ac^ --> Ac^^,BLSTM
solr,2,0.9881392564910042,graduated,Ac^ --> Ac^^,BLSTM
solr,3,0.9885624169899162,graduated,Ac^ --> Ac^^,BLSTM
solr,4,0.9884506960588554,graduated,Ac^ --> Ac^^,BLSTM
solr,5,0.9884164269092234,graduated,Ac^ --> Ac^^,BLSTM
solr,6,0.988320924147599,graduated,Ac^ --> Ac^^,BLSTM
solr,7,0.9884655665475974,graduated,Ac^ --> Ac^^,BLSTM
solr,8,0.9884392570637259,graduated,Ac^ --> Ac^^,BLSTM
solr,9,0.9884176663875386,graduated,Ac^ --> Ac^^,BLSTM
solr,10,0.9883588184525933,graduated,Ac^ --> Ac^^,BLSTM
solr,11,0.9884426375969246,graduated,Ac^ --> Ac^^,BLSTM
solr,12,0.9033486687224194,graduated,Ac^ --> Ac^^,BLSTM
spark,1,0.9043589525951445,graduated,Ac^ --> Ac^^,BLSTM
spark,2,0.9893570751471429,graduated,Ac^ --> Ac^^,BLSTM
spark,3,0.9895162342629055,graduated,Ac^ --> Ac^^,BLSTM
spark,4,0.9895151519502812,graduated,Ac^ --> Ac^^,BLSTM
spark,5,0.9894239923197011,graduated,Ac^ --> Ac^^,BLSTM
spark,6,0.9894513851243509,graduated,Ac^ --> Ac^^,BLSTM
spark,7,0.9893510778423773,graduated,Ac^ --> Ac^^,BLSTM
spark,8,0.9041544232351968,graduated,Ac^ --> Ac^^,BLSTM
sqoop,1,0.8946056006504318,graduated,Ac^ --> Ac^^,BLSTM
sqoop,2,0.986684592587604,graduated,Ac^ --> Ac^^,BLSTM
sqoop,3,0.98754784322785,graduated,Ac^ --> Ac^^,BLSTM
sqoop,4,0.9879711922092785,graduated,Ac^ --> Ac^^,BLSTM
sqoop,5,0.9880149278039062,graduated,Ac^ --> Ac^^,BLSTM
sqoop,6,0.9881298495373021,graduated,Ac^ --> Ac^^,BLSTM
sqoop,7,0.9882061454276292,graduated,Ac^ --> Ac^^,BLSTM
sqoop,8,0.9880684307696767,graduated,Ac^ --> Ac^^,BLSTM
sqoop,9,0.9029608173427558,graduated,Ac^ --> Ac^^,BLSTM
stanbol,1,0.9015123017394135,graduated,Ac^ --> Ac^^,BLSTM
stanbol,2,0.9884891467411793,graduated,Ac^ --> Ac^^,BLSTM
stanbol,3,0.9891426567303164,graduated,Ac^ --> Ac^^,BLSTM
stanbol,4,0.9892328850360206,graduated,Ac^ --> Ac^^,BLSTM
stanbol,5,0.9893097995031497,graduated,Ac^ --> Ac^^,BLSTM
stanbol,6,0.9893458862338582,graduated,Ac^ --> Ac^^,BLSTM
stanbol,7,0.9893471510200295,graduated,Ac^ --> Ac^^,BLSTM
stanbol,8,0.9893389726808091,graduated,Ac^ --> Ac^^,BLSTM
stanbol,9,0.9893361457782176,graduated,Ac^ --> Ac^^,BLSTM
stanbol,10,0.9892879069645032,graduated,Ac^ --> Ac^^,BLSTM
stanbol,11,0.9892678527232166,graduated,Ac^ --> Ac^^,BLSTM
stanbol,12,0.9892844156582294,graduated,Ac^ --> Ac^^,BLSTM
stanbol,13,0.9892893053638666,graduated,Ac^ --> Ac^^,BLSTM
stanbol,14,0.9892920737846921,graduated,Ac^ --> Ac^^,BLSTM
stanbol,15,0.9892930514194016,graduated,Ac^ --> Ac^^,BLSTM
stanbol,16,0.9892948888885007,graduated,Ac^ --> Ac^^,BLSTM
stanbol,17,0.9892956725642208,graduated,Ac^ --> Ac^^,BLSTM
stanbol,18,0.9892562188503319,graduated,Ac^ --> Ac^^,BLSTM
stanbol,19,0.9892508498892918,graduated,Ac^ --> Ac^^,BLSTM
stanbol,20,0.9892569413636595,graduated,Ac^ --> Ac^^,BLSTM
stanbol,21,0.9891650757760866,graduated,Ac^ --> Ac^^,BLSTM
stanbol,22,0.9039983502316916,graduated,Ac^ --> Ac^^,BLSTM
stdcxx,1,0.8991585312304984,graduated,Ac^ --> Ac^^,BLSTM
stdcxx,2,0.9856086609804346,graduated,Ac^ --> Ac^^,BLSTM
stdcxx,3,0.9869083819627981,graduated,Ac^ --> Ac^^,BLSTM
stdcxx,4,0.9867283825439104,graduated,Ac^ --> Ac^^,BLSTM
stdcxx,5,0.9850338811256677,graduated,Ac^ --> Ac^^,BLSTM
stdcxx,6,0.9854762336330315,graduated,Ac^ --> Ac^^,BLSTM
stdcxx,7,0.985480261441861,graduated,Ac^ --> Ac^^,BLSTM
stdcxx,8,0.9861644665941419,graduated,Ac^ --> Ac^^,BLSTM
stdcxx,9,0.9866754740227001,graduated,Ac^ --> Ac^^,BLSTM
stdcxx,10,0.9868640409489206,graduated,Ac^ --> Ac^^,BLSTM
stdcxx,11,0.9870354008423993,graduated,Ac^ --> Ac^^,BLSTM
stdcxx,12,0.9873428145537263,graduated,Ac^ --> Ac^^,BLSTM
stdcxx,13,0.9874842273222839,graduated,Ac^ --> Ac^^,BLSTM
stdcxx,14,0.987468298197866,graduated,Ac^ --> Ac^^,BLSTM
stdcxx,15,0.9876137608711278,graduated,Ac^ --> Ac^^,BLSTM
stdcxx,16,0.9877538534508798,graduated,Ac^ --> Ac^^,BLSTM
stdcxx,17,0.9878714474560563,graduated,Ac^ --> Ac^^,BLSTM
stdcxx,18,0.9879128928342851,graduated,Ac^ --> Ac^^,BLSTM
stdcxx,19,0.9879782972777608,graduated,Ac^ --> Ac^^,BLSTM
stdcxx,20,0.988069911141252,graduated,Ac^ --> Ac^^,BLSTM
stdcxx,21,0.9881655061132284,graduated,Ac^ --> Ac^^,BLSTM
stdcxx,22,0.9881736111345253,graduated,Ac^ --> Ac^^,BLSTM
stdcxx,23,0.9882928824632288,graduated,Ac^ --> Ac^^,BLSTM
stdcxx,24,0.9883764588554775,graduated,Ac^ --> Ac^^,BLSTM
stdcxx,25,0.9883796815878513,graduated,Ac^ --> Ac^^,BLSTM
stdcxx,26,0.988360936023842,graduated,Ac^ --> Ac^^,BLSTM
stdcxx,27,0.9883398722161153,graduated,Ac^ --> Ac^^,BLSTM
stdcxx,28,0.9032862296089815,graduated,Ac^ --> Ac^^,BLSTM
stonehenge,1,0.0890067185139497,retired,Ac^ --> Ac^^,BLSTM
stonehenge,2,0.860084796326439,retired,Ac^ --> Ac^^,BLSTM
stonehenge,3,0.972831561567309,retired,Ac^ --> Ac^^,BLSTM
stonehenge,4,0.9347207080059138,retired,Ac^ --> Ac^^,BLSTM
stonehenge,5,0.9759840487127452,retired,Ac^ --> Ac^^,BLSTM
stonehenge,6,0.9837344843335986,retired,Ac^ --> Ac^^,BLSTM
stonehenge,7,0.9843201349917656,retired,Ac^ --> Ac^^,BLSTM
stonehenge,8,0.9852715859455563,retired,Ac^ --> Ac^^,BLSTM
stonehenge,9,0.9860165445234796,retired,Ac^ --> Ac^^,BLSTM
stonehenge,10,0.9865180826586231,retired,Ac^ --> Ac^^,BLSTM
stonehenge,11,0.9868449487224901,retired,Ac^ --> Ac^^,BLSTM
stonehenge,12,0.9870354958349802,retired,Ac^ --> Ac^^,BLSTM
stonehenge,13,0.9873034828622582,retired,Ac^ --> Ac^^,BLSTM
stonehenge,14,0.9873910296148379,retired,Ac^ --> Ac^^,BLSTM
stonehenge,15,0.9874526439720631,retired,Ac^ --> Ac^^,BLSTM
stonehenge,16,0.9875756436755783,retired,Ac^ --> Ac^^,BLSTM
stonehenge,17,0.9876959199250374,retired,Ac^ --> Ac^^,BLSTM
stonehenge,18,0.987751993597042,retired,Ac^ --> Ac^^,BLSTM
stonehenge,19,0.9877089465965244,retired,Ac^ --> Ac^^,BLSTM
stonehenge,20,0.9875525707002548,retired,Ac^ --> Ac^^,BLSTM
stonehenge,21,0.9846121491092111,retired,Ac^ --> Ac^^,BLSTM
stonehenge,22,0.8748905162904356,retired,Ac^ --> Ac^^,BLSTM
stonehenge,23,0.08691793632599393,retired,Ac^ --> Ac^^,BLSTM
stonehenge,24,0.005370244422190173,retired,Ac^ --> Ac^^,BLSTM
stonehenge,25,0.005217212292342308,retired,Ac^ --> Ac^^,BLSTM
stonehenge,26,0.005162385564984213,retired,Ac^ --> Ac^^,BLSTM
stonehenge,27,0.0051236379610429825,retired,Ac^ --> Ac^^,BLSTM
stonehenge,28,0.005078337874204219,retired,Ac^ --> Ac^^,BLSTM
stonehenge,29,0.00505295125933679,retired,Ac^ --> Ac^^,BLSTM
stonehenge,30,0.00503307622868292,retired,Ac^ --> Ac^^,BLSTM
stonehenge,31,0.005011979619984804,retired,Ac^ --> Ac^^,BLSTM
stonehenge,32,0.004575315039563602,retired,Ac^ --> Ac^^,BLSTM
storm,1,0.902070250228178,graduated,Ac^ --> Ac^^,BLSTM
storm,2,0.988784588767755,graduated,Ac^ --> Ac^^,BLSTM
storm,3,0.9887539367830979,graduated,Ac^ --> Ac^^,BLSTM
storm,4,0.9884543889569748,graduated,Ac^ --> Ac^^,BLSTM
storm,5,0.9882422331829019,graduated,Ac^ --> Ac^^,BLSTM
storm,6,0.988398787521097,graduated,Ac^ --> Ac^^,BLSTM
storm,7,0.988796608406675,graduated,Ac^ --> Ac^^,BLSTM
storm,8,0.9886726267125165,graduated,Ac^ --> Ac^^,BLSTM
storm,9,0.9886403170873537,graduated,Ac^ --> Ac^^,BLSTM
storm,10,0.9885487484388683,graduated,Ac^ --> Ac^^,BLSTM
storm,11,0.903427011871581,graduated,Ac^ --> Ac^^,BLSTM
stratos,1,0.9028801430350851,graduated,Ac^ --> Ac^^,BLSTM
stratos,2,0.9894050099338231,graduated,Ac^ --> Ac^^,BLSTM
stratos,3,0.9895541584793605,graduated,Ac^ --> Ac^^,BLSTM
stratos,4,0.9895139800880847,graduated,Ac^ --> Ac^^,BLSTM
stratos,5,0.9894905972689507,graduated,Ac^ --> Ac^^,BLSTM
stratos,6,0.9894831204818699,graduated,Ac^ --> Ac^^,BLSTM
stratos,7,0.9894292063028877,graduated,Ac^ --> Ac^^,BLSTM
stratos,8,0.9894313359998729,graduated,Ac^ --> Ac^^,BLSTM
stratos,9,0.9893934367455185,graduated,Ac^ --> Ac^^,BLSTM
stratos,10,0.9892629028490445,graduated,Ac^ --> Ac^^,BLSTM
stratos,11,0.9041116009834872,graduated,Ac^ --> Ac^^,BLSTM
streams,1,0.8960392804086215,graduated,Ac^ --> Ac^^,BLSTM
streams,2,0.9855746477807018,graduated,Ac^ --> Ac^^,BLSTM
streams,3,0.986781214488352,graduated,Ac^ --> Ac^^,BLSTM
streams,4,0.9873331459525966,graduated,Ac^ --> Ac^^,BLSTM
streams,5,0.9032430306793646,graduated,Ac^ --> Ac^^,BLSTM
streams,6,0.09212356817295006,graduated,Ac^ --> Ac^^,BLSTM
streams,7,0.00569828496615241,graduated,Ac^ --> Ac^^,BLSTM
streams,8,0.00546043382300988,graduated,Ac^ --> Ac^^,BLSTM
streams,9,0.0860441509616392,graduated,Ac^ --> Ac^^,BLSTM
streams,10,0.8645833877846483,graduated,Ac^ --> Ac^^,BLSTM
streams,11,0.9764220909383091,graduated,Ac^ --> Ac^^,BLSTM
streams,12,0.9814843580183291,graduated,Ac^ --> Ac^^,BLSTM
streams,13,0.9819664231453793,graduated,Ac^ --> Ac^^,BLSTM
streams,14,0.9831774513249524,graduated,Ac^ --> Ac^^,BLSTM
streams,15,0.983835479898782,graduated,Ac^ --> Ac^^,BLSTM
streams,16,0.9841797131593664,graduated,Ac^ --> Ac^^,BLSTM
streams,17,0.9847313572489653,graduated,Ac^ --> Ac^^,BLSTM
streams,18,0.9851816108509993,graduated,Ac^ --> Ac^^,BLSTM
streams,19,0.9856717178791721,graduated,Ac^ --> Ac^^,BLSTM
streams,20,0.9859325751757502,graduated,Ac^ --> Ac^^,BLSTM
streams,21,0.9861627224882018,graduated,Ac^ --> Ac^^,BLSTM
streams,22,0.9863495548040743,graduated,Ac^ --> Ac^^,BLSTM
streams,23,0.9865311119961234,graduated,Ac^ --> Ac^^,BLSTM
streams,24,0.986670294928464,graduated,Ac^ --> Ac^^,BLSTM
streams,25,0.9867672803471698,graduated,Ac^ --> Ac^^,BLSTM
streams,26,0.9868739974949101,graduated,Ac^ --> Ac^^,BLSTM
streams,27,0.9869387340344443,graduated,Ac^ --> Ac^^,BLSTM
streams,28,0.9870824942608492,graduated,Ac^ --> Ac^^,BLSTM
streams,29,0.9871969318210582,graduated,Ac^ --> Ac^^,BLSTM
streams,30,0.9872984539196747,graduated,Ac^ --> Ac^^,BLSTM
streams,31,0.9874817829933958,graduated,Ac^ --> Ac^^,BLSTM
streams,32,0.9875581474338855,graduated,Ac^ --> Ac^^,BLSTM
streams,33,0.9874124952854237,graduated,Ac^ --> Ac^^,BLSTM
streams,34,0.9873070408125033,graduated,Ac^ --> Ac^^,BLSTM
streams,35,0.9873532333336197,graduated,Ac^ --> Ac^^,BLSTM
streams,36,0.9873109741456575,graduated,Ac^ --> Ac^^,BLSTM
streams,37,0.9873825637271678,graduated,Ac^ --> Ac^^,BLSTM
streams,38,0.9872127683856984,graduated,Ac^ --> Ac^^,BLSTM
streams,39,0.9061074109964217,graduated,Ac^ --> Ac^^,BLSTM
streams,40,0.2024244433079469,graduated,Ac^ --> Ac^^,BLSTM
streams,41,0.8743600555420226,graduated,Ac^ --> Ac^^,BLSTM
streams,42,0.9689494191781446,graduated,Ac^ --> Ac^^,BLSTM
streams,43,0.9837636351401094,graduated,Ac^ --> Ac^^,BLSTM
streams,44,0.9861248661599286,graduated,Ac^ --> Ac^^,BLSTM
streams,45,0.9008351396366747,graduated,Ac^ --> Ac^^,BLSTM
streams,46,0.17321628911704023,graduated,Ac^ --> Ac^^,BLSTM
streams,47,0.8959295227957416,graduated,Ac^ --> Ac^^,BLSTM
streams,48,0.98571572462683,graduated,Ac^ --> Ac^^,BLSTM
streams,49,0.9866483846164358,graduated,Ac^ --> Ac^^,BLSTM
streams,50,0.9867652658488629,graduated,Ac^ --> Ac^^,BLSTM
streams,51,0.9868198010390841,graduated,Ac^ --> Ac^^,BLSTM
streams,52,0.9868828566691229,graduated,Ac^ --> Ac^^,BLSTM
streams,53,0.9869317296084594,graduated,Ac^ --> Ac^^,BLSTM
streams,54,0.9869798551505716,graduated,Ac^ --> Ac^^,BLSTM
streams,55,0.986950975031446,graduated,Ac^ --> Ac^^,BLSTM
streams,56,0.9019530703158961,graduated,Ac^ --> Ac^^,BLSTM
struts,1,0.0851084984212935,graduated,Ac^ --> Ac^^,BLSTM
struts,2,0.9026885900660272,graduated,Ac^ --> Ac^^,BLSTM
struts,3,0.9883388850391441,graduated,Ac^ --> Ac^^,BLSTM
struts,4,0.9886000569435109,graduated,Ac^ --> Ac^^,BLSTM
subversion,1,0.9896624088287354,graduated,Ac^ --> Ac^^,BLSTM
subversion,2,0.9896071553230286,graduated,Ac^ --> Ac^^,BLSTM
subversion,3,0.9895022511482239,graduated,Ac^ --> Ac^^,BLSTM
superset,1,0.8757823231909571,graduated,Ac^ --> Ac^^,BLSTM
superset,2,0.9846781887904665,graduated,Ac^ --> Ac^^,BLSTM
superset,3,0.9884905213912308,graduated,Ac^ --> Ac^^,BLSTM
superset,4,0.9888805714850207,graduated,Ac^ --> Ac^^,BLSTM
superset,5,0.9889482087417495,graduated,Ac^ --> Ac^^,BLSTM
superset,6,0.9890319133805316,graduated,Ac^ --> Ac^^,BLSTM
superset,7,0.9890788522744742,graduated,Ac^ --> Ac^^,BLSTM
superset,8,0.9891022380868165,graduated,Ac^ --> Ac^^,BLSTM
superset,9,0.9891360228562179,graduated,Ac^ --> Ac^^,BLSTM
superset,10,0.9891658087123534,graduated,Ac^ --> Ac^^,BLSTM
superset,11,0.9891926595089794,graduated,Ac^ --> Ac^^,BLSTM
superset,12,0.9892006449629561,graduated,Ac^ --> Ac^^,BLSTM
superset,13,0.989216704764255,graduated,Ac^ --> Ac^^,BLSTM
superset,14,0.9892171092470613,graduated,Ac^ --> Ac^^,BLSTM
superset,15,0.9892230783509782,graduated,Ac^ --> Ac^^,BLSTM
superset,16,0.9892391878390203,graduated,Ac^ --> Ac^^,BLSTM
superset,17,0.9892515825966424,graduated,Ac^ --> Ac^^,BLSTM
superset,18,0.9892534777029753,graduated,Ac^ --> Ac^^,BLSTM
superset,19,0.9892543538935284,graduated,Ac^ --> Ac^^,BLSTM
superset,20,0.9892639156281183,graduated,Ac^ --> Ac^^,BLSTM
superset,21,0.9892649184344812,graduated,Ac^ --> Ac^^,BLSTM
superset,22,0.9892597848988375,graduated,Ac^ --> Ac^^,BLSTM
superset,23,0.9892617747055175,graduated,Ac^ --> Ac^^,BLSTM
superset,24,0.9892528578784366,graduated,Ac^ --> Ac^^,BLSTM
superset,25,0.9892626700644555,graduated,Ac^ --> Ac^^,BLSTM
superset,26,0.9892648538140824,graduated,Ac^ --> Ac^^,BLSTM
superset,27,0.9892582761324943,graduated,Ac^ --> Ac^^,BLSTM
superset,28,0.9892630170960245,graduated,Ac^ --> Ac^^,BLSTM
superset,29,0.9892724943437464,graduated,Ac^ --> Ac^^,BLSTM
superset,30,0.9892788876237948,graduated,Ac^ --> Ac^^,BLSTM
superset,31,0.9892622252917128,graduated,Ac^ --> Ac^^,BLSTM
superset,32,0.9892556076638136,graduated,Ac^ --> Ac^^,BLSTM
superset,33,0.9892507350215314,graduated,Ac^ --> Ac^^,BLSTM
superset,34,0.9892561098188203,graduated,Ac^ --> Ac^^,BLSTM
superset,35,0.989266532216165,graduated,Ac^ --> Ac^^,BLSTM
superset,36,0.9892749321485248,graduated,Ac^ --> Ac^^,BLSTM
superset,37,0.9892800062837624,graduated,Ac^ --> Ac^^,BLSTM
superset,38,0.9892862451316506,graduated,Ac^ --> Ac^^,BLSTM
superset,39,0.989288892950131,graduated,Ac^ --> Ac^^,BLSTM
superset,40,0.9892931394212315,graduated,Ac^ --> Ac^^,BLSTM
superset,41,0.9892018864952601,graduated,Ac^ --> Ac^^,BLSTM
superset,42,0.9040553416363357,graduated,Ac^ --> Ac^^,BLSTM
synapse,1,0.900788243398228,graduated,Ac^ --> Ac^^,BLSTM
synapse,2,0.9834273183083607,graduated,Ac^ --> Ac^^,BLSTM
synapse,3,0.9873667305302879,graduated,Ac^ --> Ac^^,BLSTM
synapse,4,0.9883996284574641,graduated,Ac^ --> Ac^^,BLSTM
synapse,5,0.9883953172007439,graduated,Ac^ --> Ac^^,BLSTM
synapse,6,0.9884884181721795,graduated,Ac^ --> Ac^^,BLSTM
synapse,7,0.9886398137782137,graduated,Ac^ --> Ac^^,BLSTM
synapse,8,0.9887667551418482,graduated,Ac^ --> Ac^^,BLSTM
synapse,9,0.9888448946325269,graduated,Ac^ --> Ac^^,BLSTM
synapse,10,0.9888692673179931,graduated,Ac^ --> Ac^^,BLSTM
synapse,11,0.988901612110519,graduated,Ac^ --> Ac^^,BLSTM
synapse,12,0.988859003813413,graduated,Ac^ --> Ac^^,BLSTM
synapse,13,0.9888666510216049,graduated,Ac^ --> Ac^^,BLSTM
synapse,14,0.988857113311599,graduated,Ac^ --> Ac^^,BLSTM
synapse,15,0.9888471090620714,graduated,Ac^ --> Ac^^,BLSTM
synapse,16,0.988785202495913,graduated,Ac^ --> Ac^^,BLSTM
synapse,17,0.9037032979304711,graduated,Ac^ --> Ac^^,BLSTM
syncope,1,0.9036562413560415,graduated,Ac^ --> Ac^^,BLSTM
syncope,2,0.9893146536340496,graduated,Ac^ --> Ac^^,BLSTM
syncope,3,0.9895227873590703,graduated,Ac^ --> Ac^^,BLSTM
syncope,4,0.9894177066238242,graduated,Ac^ --> Ac^^,BLSTM
syncope,5,0.9892134140065487,graduated,Ac^ --> Ac^^,BLSTM
syncope,6,0.9891882344722909,graduated,Ac^ --> Ac^^,BLSTM
syncope,7,0.9892257377140027,graduated,Ac^ --> Ac^^,BLSTM
syncope,8,0.9891388806991471,graduated,Ac^ --> Ac^^,BLSTM
syncope,9,0.9040128529036552,graduated,Ac^ --> Ac^^,BLSTM
systemml,1,0.9043800946305988,graduated,Ac^ --> Ac^^,BLSTM
systemml,2,0.9896017460172035,graduated,Ac^ --> Ac^^,BLSTM
systemml,3,0.989638401291645,graduated,Ac^ --> Ac^^,BLSTM
systemml,4,0.9895938355875231,graduated,Ac^ --> Ac^^,BLSTM
systemml,5,0.9895589440891887,graduated,Ac^ --> Ac^^,BLSTM
systemml,6,0.9895263532944976,graduated,Ac^ --> Ac^^,BLSTM
systemml,7,0.989470749154212,graduated,Ac^ --> Ac^^,BLSTM
systemml,8,0.989469475576283,graduated,Ac^ --> Ac^^,BLSTM
systemml,9,0.9894603938794081,graduated,Ac^ --> Ac^^,BLSTM
systemml,10,0.9894335904136262,graduated,Ac^ --> Ac^^,BLSTM
systemml,11,0.9894225143757401,graduated,Ac^ --> Ac^^,BLSTM
systemml,12,0.9894023098600534,graduated,Ac^ --> Ac^^,BLSTM
systemml,13,0.9893939739525062,graduated,Ac^ --> Ac^^,BLSTM
systemml,14,0.9893840511157448,graduated,Ac^ --> Ac^^,BLSTM
systemml,15,0.9893616206639526,graduated,Ac^ --> Ac^^,BLSTM
systemml,16,0.9893568240601545,graduated,Ac^ --> Ac^^,BLSTM
systemml,17,0.9892570998396896,graduated,Ac^ --> Ac^^,BLSTM
systemml,18,0.9041007280868344,graduated,Ac^ --> Ac^^,BLSTM
tajo,1,0.9042248075178823,graduated,Ac^ --> Ac^^,BLSTM
tajo,2,0.9892996720753192,graduated,Ac^ --> Ac^^,BLSTM
tajo,3,0.9895090249021715,graduated,Ac^ --> Ac^^,BLSTM
tajo,4,0.9892917411971457,graduated,Ac^ --> Ac^^,BLSTM
tajo,5,0.9894099255976967,graduated,Ac^ --> Ac^^,BLSTM
tajo,6,0.9894520664674291,graduated,Ac^ --> Ac^^,BLSTM
tajo,7,0.9894392257846092,graduated,Ac^ --> Ac^^,BLSTM
tajo,8,0.989420531424425,graduated,Ac^ --> Ac^^,BLSTM
tajo,9,0.9893948921679592,graduated,Ac^ --> Ac^^,BLSTM
tajo,10,0.9893609888273114,graduated,Ac^ --> Ac^^,BLSTM
tajo,11,0.9893560281185255,graduated,Ac^ --> Ac^^,BLSTM
tajo,12,0.9892406123927385,graduated,Ac^ --> Ac^^,BLSTM
tajo,13,0.9040797283098669,graduated,Ac^ --> Ac^^,BLSTM
tamaya,1,0.9041529900865367,retired,Ac^ --> Ac^^,BLSTM
tamaya,2,0.9893300791121276,retired,Ac^ --> Ac^^,BLSTM
tamaya,3,0.989339309517675,retired,Ac^ --> Ac^^,BLSTM
tamaya,4,0.9893534945471704,retired,Ac^ --> Ac^^,BLSTM
tamaya,5,0.9893281925984378,retired,Ac^ --> Ac^^,BLSTM
tamaya,6,0.989293581120963,retired,Ac^ --> Ac^^,BLSTM
tamaya,7,0.9892925313882308,retired,Ac^ --> Ac^^,BLSTM
tamaya,8,0.9891538486363843,retired,Ac^ --> Ac^^,BLSTM
tamaya,9,0.9891120570590556,retired,Ac^ --> Ac^^,BLSTM
tamaya,10,0.989114411148676,retired,Ac^ --> Ac^^,BLSTM
tamaya,11,0.9891450499772801,retired,Ac^ --> Ac^^,BLSTM
tamaya,12,0.9891544028477416,retired,Ac^ --> Ac^^,BLSTM
tamaya,13,0.9891018174273437,retired,Ac^ --> Ac^^,BLSTM
tamaya,14,0.9891157897399422,retired,Ac^ --> Ac^^,BLSTM
tamaya,15,0.9891138827947242,retired,Ac^ --> Ac^^,BLSTM
tamaya,16,0.9891030181947181,retired,Ac^ --> Ac^^,BLSTM
tamaya,17,0.9890682749219015,retired,Ac^ --> Ac^^,BLSTM
tamaya,18,0.9890585569936964,retired,Ac^ --> Ac^^,BLSTM
tamaya,19,0.9890553069903115,retired,Ac^ --> Ac^^,BLSTM
tamaya,20,0.9890652975828004,retired,Ac^ --> Ac^^,BLSTM
tamaya,21,0.9890754186649715,retired,Ac^ --> Ac^^,BLSTM
tamaya,22,0.9890665830884487,retired,Ac^ --> Ac^^,BLSTM
tamaya,23,0.9890959302703192,retired,Ac^ --> Ac^^,BLSTM
tamaya,24,0.9891067305408743,retired,Ac^ --> Ac^^,BLSTM
tamaya,25,0.9890932497357194,retired,Ac^ --> Ac^^,BLSTM
tamaya,26,0.9890877908339277,retired,Ac^ --> Ac^^,BLSTM
tamaya,27,0.9890800816915796,retired,Ac^ --> Ac^^,BLSTM
tamaya,28,0.9890858906996203,retired,Ac^ --> Ac^^,BLSTM
tamaya,29,0.9890888031435157,retired,Ac^ --> Ac^^,BLSTM
tamaya,30,0.9890846477646392,retired,Ac^ --> Ac^^,BLSTM
tamaya,31,0.9890856767748262,retired,Ac^ --> Ac^^,BLSTM
tamaya,32,0.9890933363176202,retired,Ac^ --> Ac^^,BLSTM
tamaya,33,0.9890307841714829,retired,Ac^ --> Ac^^,BLSTM
tamaya,34,0.9890335699245473,retired,Ac^ --> Ac^^,BLSTM
tamaya,35,0.9890504544165845,retired,Ac^ --> Ac^^,BLSTM
tamaya,36,0.9890558377045113,retired,Ac^ --> Ac^^,BLSTM
tamaya,37,0.9890618556489188,retired,Ac^ --> Ac^^,BLSTM
tamaya,38,0.989067178170431,retired,Ac^ --> Ac^^,BLSTM
tamaya,39,0.9890673313196005,retired,Ac^ --> Ac^^,BLSTM
tamaya,40,0.9890682002549898,retired,Ac^ --> Ac^^,BLSTM
tamaya,41,0.9890639549416105,retired,Ac^ --> Ac^^,BLSTM
tamaya,42,0.989063775461245,retired,Ac^ --> Ac^^,BLSTM
tamaya,43,0.9890609754271652,retired,Ac^ --> Ac^^,BLSTM
tamaya,44,0.9890508474648578,retired,Ac^ --> Ac^^,BLSTM
tamaya,45,0.98903102626903,retired,Ac^ --> Ac^^,BLSTM
tamaya,46,0.9890274112793037,retired,Ac^ --> Ac^^,BLSTM
tamaya,47,0.9890094726735874,retired,Ac^ --> Ac^^,BLSTM
tamaya,48,0.9889881197357798,retired,Ac^ --> Ac^^,BLSTM
tamaya,49,0.9890004501655699,retired,Ac^ --> Ac^^,BLSTM
tamaya,50,0.9890082695781919,retired,Ac^ --> Ac^^,BLSTM
tamaya,51,0.9890133557683679,retired,Ac^ --> Ac^^,BLSTM
tamaya,52,0.9890166426664571,retired,Ac^ --> Ac^^,BLSTM
tamaya,53,0.9889929591083576,retired,Ac^ --> Ac^^,BLSTM
tamaya,54,0.9889981066372296,retired,Ac^ --> Ac^^,BLSTM
tamaya,55,0.9890087660994423,retired,Ac^ --> Ac^^,BLSTM
tamaya,56,0.98902006118523,retired,Ac^ --> Ac^^,BLSTM
tamaya,57,0.989023598827315,retired,Ac^ --> Ac^^,BLSTM
tamaya,58,0.9889563157478142,retired,Ac^ --> Ac^^,BLSTM
tamaya,59,0.9889424929440734,retired,Ac^ --> Ac^^,BLSTM
tamaya,60,0.9889566995971432,retired,Ac^ --> Ac^^,BLSTM
tamaya,61,0.988947166727487,retired,Ac^ --> Ac^^,BLSTM
tamaya,62,0.9826078454701196,retired,Ac^ --> Ac^^,BLSTM
tamaya,63,0.8428807358099475,retired,Ac^ --> Ac^^,BLSTM
tamaya,64,0.08343368351521825,retired,Ac^ --> Ac^^,BLSTM
tamaya,65,0.00477636993618849,retired,Ac^ --> Ac^^,BLSTM
tashi,1,0.08806556928556097,retired,Ac^ --> Ac^^,BLSTM
tashi,2,0.7293848359002797,retired,Ac^ --> Ac^^,BLSTM
tashi,3,0.9605749947808001,retired,Ac^ --> Ac^^,BLSTM
tashi,4,0.9799501031948431,retired,Ac^ --> Ac^^,BLSTM
tashi,5,0.9830680966459772,retired,Ac^ --> Ac^^,BLSTM
tashi,6,0.9851325817038286,retired,Ac^ --> Ac^^,BLSTM
tashi,7,0.9857648001489736,retired,Ac^ --> Ac^^,BLSTM
tashi,8,0.9857268107885029,retired,Ac^ --> Ac^^,BLSTM
tashi,9,0.9861153686841133,retired,Ac^ --> Ac^^,BLSTM
tashi,10,0.9862899253101534,retired,Ac^ --> Ac^^,BLSTM
tashi,11,0.9829402358890276,retired,Ac^ --> Ac^^,BLSTM
tashi,12,0.8718748238083575,retired,Ac^ --> Ac^^,BLSTM
tashi,13,0.08676650442650292,retired,Ac^ --> Ac^^,BLSTM
tashi,14,0.09046702104615623,retired,Ac^ --> Ac^^,BLSTM
tashi,15,0.8997958273361117,retired,Ac^ --> Ac^^,BLSTM
tashi,16,0.9002733284796999,retired,Ac^ --> Ac^^,BLSTM
tashi,17,0.16897290815567834,retired,Ac^ --> Ac^^,BLSTM
tashi,18,0.7702431747847948,retired,Ac^ --> Ac^^,BLSTM
tashi,19,0.0849913884954027,retired,Ac^ --> Ac^^,BLSTM
tashi,20,0.005138983946835338,retired,Ac^ --> Ac^^,BLSTM
tashi,21,0.0895214448790466,retired,Ac^ --> Ac^^,BLSTM
tashi,22,0.8132310412537402,retired,Ac^ --> Ac^^,BLSTM
tashi,23,0.1740204639798341,retired,Ac^ --> Ac^^,BLSTM
tashi,24,0.8994447549604272,retired,Ac^ --> Ac^^,BLSTM
tashi,25,0.9839214603402378,retired,Ac^ --> Ac^^,BLSTM
tashi,26,0.9842336502679566,retired,Ac^ --> Ac^^,BLSTM
tashi,27,0.9844337454508653,retired,Ac^ --> Ac^^,BLSTM
tashi,28,0.9848230108104666,retired,Ac^ --> Ac^^,BLSTM
tashi,29,0.984675919088251,retired,Ac^ --> Ac^^,BLSTM
tashi,30,0.9809492505833524,retired,Ac^ --> Ac^^,BLSTM
tashi,31,0.9841475220080165,retired,Ac^ --> Ac^^,BLSTM
tashi,32,0.9840488515214328,retired,Ac^ --> Ac^^,BLSTM
tashi,33,0.9845774193355549,retired,Ac^ --> Ac^^,BLSTM
tashi,34,0.9848757607468636,retired,Ac^ --> Ac^^,BLSTM
tashi,35,0.9850347310169636,retired,Ac^ --> Ac^^,BLSTM
tashi,36,0.9850812795703914,retired,Ac^ --> Ac^^,BLSTM
tashi,37,0.9852398967171846,retired,Ac^ --> Ac^^,BLSTM
tashi,38,0.9852527857950389,retired,Ac^ --> Ac^^,BLSTM
tashi,39,0.9854183694008559,retired,Ac^ --> Ac^^,BLSTM
tashi,40,0.9854842928711527,retired,Ac^ --> Ac^^,BLSTM
tashi,41,0.9854874479846306,retired,Ac^ --> Ac^^,BLSTM
tashi,42,0.9854352923814886,retired,Ac^ --> Ac^^,BLSTM
tashi,43,0.985494984011053,retired,Ac^ --> Ac^^,BLSTM
tashi,44,0.9856592936832943,retired,Ac^ --> Ac^^,BLSTM
tashi,45,0.9857977999185128,retired,Ac^ --> Ac^^,BLSTM
tashi,46,0.9856259243353578,retired,Ac^ --> Ac^^,BLSTM
tashi,47,0.9014472698955148,retired,Ac^ --> Ac^^,BLSTM
tashi,48,0.0898457046741009,retired,Ac^ --> Ac^^,BLSTM
tashi,49,0.004814705606839965,retired,Ac^ --> Ac^^,BLSTM
taverna,1,0.8950982359774398,retired,Ac^ --> Ac^^,BLSTM
taverna,2,0.9849966588900693,retired,Ac^ --> Ac^^,BLSTM
taverna,3,0.9870484342337698,retired,Ac^ --> Ac^^,BLSTM
taverna,4,0.9883911460740036,retired,Ac^ --> Ac^^,BLSTM
taverna,5,0.9887562785476948,retired,Ac^ --> Ac^^,BLSTM
taverna,6,0.9883613830613769,retired,Ac^ --> Ac^^,BLSTM
taverna,7,0.9882044353589072,retired,Ac^ --> Ac^^,BLSTM
taverna,8,0.9883833446734733,retired,Ac^ --> Ac^^,BLSTM
taverna,9,0.9883557350561556,retired,Ac^ --> Ac^^,BLSTM
taverna,10,0.9884114225794862,retired,Ac^ --> Ac^^,BLSTM
taverna,11,0.9884726996099682,retired,Ac^ --> Ac^^,BLSTM
taverna,12,0.9886025112287589,retired,Ac^ --> Ac^^,BLSTM
taverna,13,0.988596662963481,retired,Ac^ --> Ac^^,BLSTM
taverna,14,0.9884022020363472,retired,Ac^ --> Ac^^,BLSTM
taverna,15,0.9882975245599122,retired,Ac^ --> Ac^^,BLSTM
taverna,16,0.9884855261959188,retired,Ac^ --> Ac^^,BLSTM
taverna,17,0.9885062043471199,retired,Ac^ --> Ac^^,BLSTM
taverna,18,0.9884840662314665,retired,Ac^ --> Ac^^,BLSTM
taverna,19,0.9885922628496038,retired,Ac^ --> Ac^^,BLSTM
taverna,20,0.9886593202553785,retired,Ac^ --> Ac^^,BLSTM
taverna,21,0.988672361700286,retired,Ac^ --> Ac^^,BLSTM
taverna,22,0.9886933341208713,retired,Ac^ --> Ac^^,BLSTM
taverna,23,0.9887514155553897,retired,Ac^ --> Ac^^,BLSTM
taverna,24,0.988775223791313,retired,Ac^ --> Ac^^,BLSTM
taverna,25,0.988714126036709,retired,Ac^ --> Ac^^,BLSTM
taverna,26,0.988668115554395,retired,Ac^ --> Ac^^,BLSTM
taverna,27,0.988670623199055,retired,Ac^ --> Ac^^,BLSTM
taverna,28,0.9886486563302395,retired,Ac^ --> Ac^^,BLSTM
taverna,29,0.9886523176474767,retired,Ac^ --> Ac^^,BLSTM
taverna,30,0.9885876763367057,retired,Ac^ --> Ac^^,BLSTM
taverna,31,0.9885322415924234,retired,Ac^ --> Ac^^,BLSTM
taverna,32,0.9885205024888888,retired,Ac^ --> Ac^^,BLSTM
taverna,33,0.9884443423086929,retired,Ac^ --> Ac^^,BLSTM
taverna,34,0.9030905312437449,retired,Ac^ --> Ac^^,BLSTM
taverna,35,0.08996378704340302,retired,Ac^ --> Ac^^,BLSTM
taverna,36,0.005560709349588129,retired,Ac^ --> Ac^^,BLSTM
taverna,37,0.0850958845428956,retired,Ac^ --> Ac^^,BLSTM
taverna,38,0.8561550295094534,retired,Ac^ --> Ac^^,BLSTM
taverna,39,0.9821134174831834,retired,Ac^ --> Ac^^,BLSTM
taverna,40,0.9873344148428778,retired,Ac^ --> Ac^^,BLSTM
taverna,41,0.9874042986653822,retired,Ac^ --> Ac^^,BLSTM
taverna,42,0.9874329256568916,retired,Ac^ --> Ac^^,BLSTM
taverna,43,0.9875368034295648,retired,Ac^ --> Ac^^,BLSTM
taverna,44,0.9876671973903776,retired,Ac^ --> Ac^^,BLSTM
taverna,45,0.9876868426352045,retired,Ac^ --> Ac^^,BLSTM
taverna,46,0.9877251069349318,retired,Ac^ --> Ac^^,BLSTM
taverna,47,0.9877558777272427,retired,Ac^ --> Ac^^,BLSTM
taverna,48,0.9878231347083268,retired,Ac^ --> Ac^^,BLSTM
taverna,49,0.9877991576528597,retired,Ac^ --> Ac^^,BLSTM
taverna,50,0.9877560001844486,retired,Ac^ --> Ac^^,BLSTM
taverna,51,0.9859104053744333,retired,Ac^ --> Ac^^,BLSTM
taverna,52,0.9699180520880366,retired,Ac^ --> Ac^^,BLSTM
taverna,53,0.9855639226494779,retired,Ac^ --> Ac^^,BLSTM
taverna,54,0.9015991160062667,retired,Ac^ --> Ac^^,BLSTM
taverna,55,0.09697973430974922,retired,Ac^ --> Ac^^,BLSTM
taverna,56,0.0059509341490145895,retired,Ac^ --> Ac^^,BLSTM
taverna,57,0.00510876543037484,retired,Ac^ --> Ac^^,BLSTM
taverna,58,0.005080674674321779,retired,Ac^ --> Ac^^,BLSTM
taverna,59,0.005050235127543433,retired,Ac^ --> Ac^^,BLSTM
taverna,60,0.005032237230120388,retired,Ac^ --> Ac^^,BLSTM
taverna,61,0.005019293370423601,retired,Ac^ --> Ac^^,BLSTM
taverna,62,0.0050083842636893805,retired,Ac^ --> Ac^^,BLSTM
taverna,63,0.004994717496964896,retired,Ac^ --> Ac^^,BLSTM
taverna,64,0.004559897952490911,retired,Ac^ --> Ac^^,BLSTM
tephra,1,0.8898957200521826,graduated,Ac^ --> Ac^^,BLSTM
tephra,2,0.859048104867805,graduated,Ac^ --> Ac^^,BLSTM
tephra,3,0.9531883512547928,graduated,Ac^ --> Ac^^,BLSTM
tephra,4,0.840284889367764,graduated,Ac^ --> Ac^^,BLSTM
tephra,5,0.9710401883490952,graduated,Ac^ --> Ac^^,BLSTM
tephra,6,0.9869831757053225,graduated,Ac^ --> Ac^^,BLSTM
tephra,7,0.9868784059370761,graduated,Ac^ --> Ac^^,BLSTM
tephra,8,0.9871731680167852,graduated,Ac^ --> Ac^^,BLSTM
tephra,9,0.9872239718110091,graduated,Ac^ --> Ac^^,BLSTM
tephra,10,0.9873539149285926,graduated,Ac^ --> Ac^^,BLSTM
tephra,11,0.987737889028308,graduated,Ac^ --> Ac^^,BLSTM
tephra,12,0.9876213720128562,graduated,Ac^ --> Ac^^,BLSTM
tephra,13,0.9876529978719983,graduated,Ac^ --> Ac^^,BLSTM
tephra,14,0.9879104861625543,graduated,Ac^ --> Ac^^,BLSTM
tephra,15,0.9877918309964104,graduated,Ac^ --> Ac^^,BLSTM
tephra,16,0.9873675735367982,graduated,Ac^ --> Ac^^,BLSTM
tephra,17,0.9880012704030958,graduated,Ac^ --> Ac^^,BLSTM
tephra,18,0.9877958484610403,graduated,Ac^ --> Ac^^,BLSTM
tephra,19,0.987577598662313,graduated,Ac^ --> Ac^^,BLSTM
tephra,20,0.987649605404486,graduated,Ac^ --> Ac^^,BLSTM
tephra,21,0.9874670043911822,graduated,Ac^ --> Ac^^,BLSTM
tephra,22,0.9860046822156086,graduated,Ac^ --> Ac^^,BLSTM
tephra,23,0.9872441282020011,graduated,Ac^ --> Ac^^,BLSTM
tephra,24,0.9874436573493317,graduated,Ac^ --> Ac^^,BLSTM
tephra,25,0.9872096080295886,graduated,Ac^ --> Ac^^,BLSTM
tephra,26,0.9871706867758095,graduated,Ac^ --> Ac^^,BLSTM
tephra,27,0.9868941687682665,graduated,Ac^ --> Ac^^,BLSTM
tephra,28,0.9870102971642588,graduated,Ac^ --> Ac^^,BLSTM
tephra,29,0.987321304987335,graduated,Ac^ --> Ac^^,BLSTM
tephra,30,0.9871082998198559,graduated,Ac^ --> Ac^^,BLSTM
tephra,31,0.9017040048852825,graduated,Ac^ --> Ac^^,BLSTM
tephra,32,0.08960818541508674,graduated,Ac^ --> Ac^^,BLSTM
tephra,33,0.0053000281021931646,graduated,Ac^ --> Ac^^,BLSTM
tephra,34,0.005123126498837684,graduated,Ac^ --> Ac^^,BLSTM
tephra,35,0.0050523614523644315,graduated,Ac^ --> Ac^^,BLSTM
tephra,36,0.005014707376476271,graduated,Ac^ --> Ac^^,BLSTM
tephra,37,0.004985735372374873,graduated,Ac^ --> Ac^^,BLSTM
tephra,38,0.004988861871388893,graduated,Ac^ --> Ac^^,BLSTM
tephra,39,0.004979485878106364,graduated,Ac^ --> Ac^^,BLSTM
tephra,40,0.004972599135071159,graduated,Ac^ --> Ac^^,BLSTM
tephra,41,0.004969055634246249,graduated,Ac^ --> Ac^^,BLSTM
tephra,42,0.004964741203906257,graduated,Ac^ --> Ac^^,BLSTM
tephra,43,0.00495984359950126,graduated,Ac^ --> Ac^^,BLSTM
tephra,44,0.0045302416848068796,graduated,Ac^ --> Ac^^,BLSTM
tez,1,0.08928135783587383,graduated,Ac^ --> Ac^^,BLSTM
tez,2,0.8691019335456054,graduated,Ac^ --> Ac^^,BLSTM
tez,3,0.9812009094762266,graduated,Ac^ --> Ac^^,BLSTM
tez,4,0.9868039999787166,graduated,Ac^ --> Ac^^,BLSTM
tez,5,0.9876335733566418,graduated,Ac^ --> Ac^^,BLSTM
tez,6,0.9879513638132696,graduated,Ac^ --> Ac^^,BLSTM
tez,7,0.9882024301869159,graduated,Ac^ --> Ac^^,BLSTM
tez,8,0.9883181684814016,graduated,Ac^ --> Ac^^,BLSTM
tez,9,0.9883826696391872,graduated,Ac^ --> Ac^^,BLSTM
tez,10,0.9884559555386947,graduated,Ac^ --> Ac^^,BLSTM
tez,11,0.9885796887487777,graduated,Ac^ --> Ac^^,BLSTM
tez,12,0.9886620903993756,graduated,Ac^ --> Ac^^,BLSTM
tez,13,0.9887155788080713,graduated,Ac^ --> Ac^^,BLSTM
tez,14,0.9886972070009054,graduated,Ac^ --> Ac^^,BLSTM
tez,15,0.9885935057549622,graduated,Ac^ --> Ac^^,BLSTM
tez,16,0.9035220643422874,graduated,Ac^ --> Ac^^,BLSTM
thrift,1,0.9040510801871875,graduated,Ac^ --> Ac^^,BLSTM
thrift,2,0.9890443514515648,graduated,Ac^ --> Ac^^,BLSTM
thrift,3,0.9887012714229788,graduated,Ac^ --> Ac^^,BLSTM
thrift,4,0.9883466093691555,graduated,Ac^ --> Ac^^,BLSTM
thrift,5,0.988170861523832,graduated,Ac^ --> Ac^^,BLSTM
thrift,6,0.9879835121994963,graduated,Ac^ --> Ac^^,BLSTM
thrift,7,0.9879481722660594,graduated,Ac^ --> Ac^^,BLSTM
thrift,8,0.9885831180183302,graduated,Ac^ --> Ac^^,BLSTM
thrift,9,0.9886790405829722,graduated,Ac^ --> Ac^^,BLSTM
thrift,10,0.9888781894599891,graduated,Ac^ --> Ac^^,BLSTM
thrift,11,0.9887995542532566,graduated,Ac^ --> Ac^^,BLSTM
thrift,12,0.9887151139080516,graduated,Ac^ --> Ac^^,BLSTM
thrift,13,0.9886494135292032,graduated,Ac^ --> Ac^^,BLSTM
thrift,14,0.9886175157802505,graduated,Ac^ --> Ac^^,BLSTM
thrift,15,0.9885556420203918,graduated,Ac^ --> Ac^^,BLSTM
thrift,16,0.9884823564870336,graduated,Ac^ --> Ac^^,BLSTM
thrift,17,0.9884134102671447,graduated,Ac^ --> Ac^^,BLSTM
thrift,18,0.9883830251542365,graduated,Ac^ --> Ac^^,BLSTM
thrift,19,0.9884456850441096,graduated,Ac^ --> Ac^^,BLSTM
thrift,20,0.9884390526365963,graduated,Ac^ --> Ac^^,BLSTM
thrift,21,0.9884568412569142,graduated,Ac^ --> Ac^^,BLSTM
thrift,22,0.9885046020897402,graduated,Ac^ --> Ac^^,BLSTM
thrift,23,0.988488894068473,graduated,Ac^ --> Ac^^,BLSTM
thrift,24,0.9884530255701842,graduated,Ac^ --> Ac^^,BLSTM
thrift,25,0.9884085947817086,graduated,Ac^ --> Ac^^,BLSTM
thrift,26,0.9883698005068592,graduated,Ac^ --> Ac^^,BLSTM
thrift,27,0.9884674995578111,graduated,Ac^ --> Ac^^,BLSTM
thrift,28,0.9883938338132359,graduated,Ac^ --> Ac^^,BLSTM
thrift,29,0.9033685497780382,graduated,Ac^ --> Ac^^,BLSTM
tika,1,0.8952136412852234,graduated,Ac^ --> Ac^^,BLSTM
tika,2,0.8923671002499151,graduated,Ac^ --> Ac^^,BLSTM
tika,3,0.18591933564563667,graduated,Ac^ --> Ac^^,BLSTM
tika,4,0.8874571070379851,graduated,Ac^ --> Ac^^,BLSTM
tika,5,0.9070514245177638,graduated,Ac^ --> Ac^^,BLSTM
tika,6,0.9745463232427856,graduated,Ac^ --> Ac^^,BLSTM
tika,7,0.9844013090560565,graduated,Ac^ --> Ac^^,BLSTM
tika,8,0.9854982180835968,graduated,Ac^ --> Ac^^,BLSTM
tika,9,0.9861748334574888,graduated,Ac^ --> Ac^^,BLSTM
tika,10,0.986308666133422,graduated,Ac^ --> Ac^^,BLSTM
tika,11,0.9868047118780545,graduated,Ac^ --> Ac^^,BLSTM
tika,12,0.9869246431659443,graduated,Ac^ --> Ac^^,BLSTM
tika,13,0.9870376023332937,graduated,Ac^ --> Ac^^,BLSTM
tika,14,0.9871447626645273,graduated,Ac^ --> Ac^^,BLSTM
tika,15,0.9872166658433195,graduated,Ac^ --> Ac^^,BLSTM
tika,16,0.9872774440973048,graduated,Ac^ --> Ac^^,BLSTM
tika,17,0.9872530014530069,graduated,Ac^ --> Ac^^,BLSTM
tika,18,0.9860136696983653,graduated,Ac^ --> Ac^^,BLSTM
tika,19,0.9020265873377302,graduated,Ac^ --> Ac^^,BLSTM
tinkerpop,1,0.8912263285120096,graduated,Ac^ --> Ac^^,BLSTM
tinkerpop,2,0.986527589731992,graduated,Ac^ --> Ac^^,BLSTM
tinkerpop,3,0.9886532072881256,graduated,Ac^ --> Ac^^,BLSTM
tinkerpop,4,0.988948384969338,graduated,Ac^ --> Ac^^,BLSTM
tinkerpop,5,0.9889990610661752,graduated,Ac^ --> Ac^^,BLSTM
tinkerpop,6,0.9890169359283921,graduated,Ac^ --> Ac^^,BLSTM
tinkerpop,7,0.9890715711281358,graduated,Ac^ --> Ac^^,BLSTM
tinkerpop,8,0.9890897463541891,graduated,Ac^ --> Ac^^,BLSTM
tinkerpop,9,0.9890879994850372,graduated,Ac^ --> Ac^^,BLSTM
tinkerpop,10,0.989083551043811,graduated,Ac^ --> Ac^^,BLSTM
tinkerpop,11,0.9890789060107652,graduated,Ac^ --> Ac^^,BLSTM
tinkerpop,12,0.9891171364543837,graduated,Ac^ --> Ac^^,BLSTM
tinkerpop,13,0.9891299831790868,graduated,Ac^ --> Ac^^,BLSTM
tinkerpop,14,0.9891464397634698,graduated,Ac^ --> Ac^^,BLSTM
tinkerpop,15,0.9890526429954836,graduated,Ac^ --> Ac^^,BLSTM
tinkerpop,16,0.903862996315868,graduated,Ac^ --> Ac^^,BLSTM
trafficcontrol,1,0.90435038654475,graduated,Ac^ --> Ac^^,BLSTM
trafficcontrol,2,0.9896112136751168,graduated,Ac^ --> Ac^^,BLSTM
trafficcontrol,3,0.9896781631799955,graduated,Ac^ --> Ac^^,BLSTM
trafficcontrol,4,0.9896241321705985,graduated,Ac^ --> Ac^^,BLSTM
trafficcontrol,5,0.989579869713664,graduated,Ac^ --> Ac^^,BLSTM
trafficcontrol,6,0.9895505899969254,graduated,Ac^ --> Ac^^,BLSTM
trafficcontrol,7,0.9895153190919759,graduated,Ac^ --> Ac^^,BLSTM
trafficcontrol,8,0.9895002144338518,graduated,Ac^ --> Ac^^,BLSTM
trafficcontrol,9,0.9894831459702803,graduated,Ac^ --> Ac^^,BLSTM
trafficcontrol,10,0.9894413610371198,graduated,Ac^ --> Ac^^,BLSTM
trafficcontrol,11,0.9894193776993913,graduated,Ac^ --> Ac^^,BLSTM
trafficcontrol,12,0.989275778121336,graduated,Ac^ --> Ac^^,BLSTM
trafficcontrol,13,0.9891886865446273,graduated,Ac^ --> Ac^^,BLSTM
trafficcontrol,14,0.9891854257356146,graduated,Ac^ --> Ac^^,BLSTM
trafficcontrol,15,0.9891845349948847,graduated,Ac^ --> Ac^^,BLSTM
trafficcontrol,16,0.9892238452717759,graduated,Ac^ --> Ac^^,BLSTM
trafficcontrol,17,0.9892625376429351,graduated,Ac^ --> Ac^^,BLSTM
trafficcontrol,18,0.9892801384237198,graduated,Ac^ --> Ac^^,BLSTM
trafficcontrol,19,0.9891957011035906,graduated,Ac^ --> Ac^^,BLSTM
trafficcontrol,20,0.9040536876224787,graduated,Ac^ --> Ac^^,BLSTM
trafficserver,1,0.9016630414830327,graduated,Ac^ --> Ac^^,BLSTM
trafficserver,2,0.988707774183817,graduated,Ac^ --> Ac^^,BLSTM
trafficserver,3,0.9891355549327796,graduated,Ac^ --> Ac^^,BLSTM
trafficserver,4,0.9892161429259375,graduated,Ac^ --> Ac^^,BLSTM
trafficserver,5,0.9892657289904261,graduated,Ac^ --> Ac^^,BLSTM
trafficserver,6,0.9892946563582373,graduated,Ac^ --> Ac^^,BLSTM
trafficserver,7,0.9891812590644914,graduated,Ac^ --> Ac^^,BLSTM
trafficserver,8,0.9038554738580451,graduated,Ac^ --> Ac^^,BLSTM
trafodion,1,0.9042066940738531,graduated,Ac^ --> Ac^^,BLSTM
trafodion,2,0.9895787654173503,graduated,Ac^ --> Ac^^,BLSTM
trafodion,3,0.9896845085362876,graduated,Ac^ --> Ac^^,BLSTM
trafodion,4,0.9894175110684713,graduated,Ac^ --> Ac^^,BLSTM
trafodion,5,0.9894716865477914,graduated,Ac^ --> Ac^^,BLSTM
trafodion,6,0.9894844316271052,graduated,Ac^ --> Ac^^,BLSTM
trafodion,7,0.9894666783412438,graduated,Ac^ --> Ac^^,BLSTM
trafodion,8,0.9894580220739916,graduated,Ac^ --> Ac^^,BLSTM
trafodion,9,0.9894396922792477,graduated,Ac^ --> Ac^^,BLSTM
trafodion,10,0.9894198982353639,graduated,Ac^ --> Ac^^,BLSTM
trafodion,11,0.9894070747302351,graduated,Ac^ --> Ac^^,BLSTM
trafodion,12,0.9894089510167422,graduated,Ac^ --> Ac^^,BLSTM
trafodion,13,0.9893899061649843,graduated,Ac^ --> Ac^^,BLSTM
trafodion,14,0.9893880737530824,graduated,Ac^ --> Ac^^,BLSTM
trafodion,15,0.9893791465969154,graduated,Ac^ --> Ac^^,BLSTM
trafodion,16,0.9893669834559451,graduated,Ac^ --> Ac^^,BLSTM
trafodion,17,0.989361513438148,graduated,Ac^ --> Ac^^,BLSTM
trafodion,18,0.9893544703884196,graduated,Ac^ --> Ac^^,BLSTM
trafodion,19,0.9893435811526836,graduated,Ac^ --> Ac^^,BLSTM
trafodion,20,0.9893425654093266,graduated,Ac^ --> Ac^^,BLSTM
trafodion,21,0.9893383178153714,graduated,Ac^ --> Ac^^,BLSTM
trafodion,22,0.9893365705321754,graduated,Ac^ --> Ac^^,BLSTM
trafodion,23,0.9893374672134991,graduated,Ac^ --> Ac^^,BLSTM
trafodion,24,0.9893287635045811,graduated,Ac^ --> Ac^^,BLSTM
trafodion,25,0.9892927355257145,graduated,Ac^ --> Ac^^,BLSTM
trafodion,26,0.9893029778882233,graduated,Ac^ --> Ac^^,BLSTM
trafodion,27,0.9893106666178303,graduated,Ac^ --> Ac^^,BLSTM
trafodion,28,0.9893110410500361,graduated,Ac^ --> Ac^^,BLSTM
trafodion,29,0.9893084686128178,graduated,Ac^ --> Ac^^,BLSTM
trafodion,30,0.9891524714713852,graduated,Ac^ --> Ac^^,BLSTM
trafodion,31,0.9039746643563283,graduated,Ac^ --> Ac^^,BLSTM
triplesoup,1,0.8360896475135133,retired,Ac^ --> Ac^^,BLSTM
triplesoup,2,0.9784896089643366,retired,Ac^ --> Ac^^,BLSTM
triplesoup,3,0.987502954241678,retired,Ac^ --> Ac^^,BLSTM
triplesoup,4,0.9860387071241478,retired,Ac^ --> Ac^^,BLSTM
triplesoup,5,0.8870184668781561,retired,Ac^ --> Ac^^,BLSTM
triplesoup,6,0.08807886794925825,retired,Ac^ --> Ac^^,BLSTM
triplesoup,7,0.005318757134327853,retired,Ac^ --> Ac^^,BLSTM
triplesoup,8,0.004739287396842076,retired,Ac^ --> Ac^^,BLSTM
tuscany,1,0.9043456460053316,graduated,Ac^ --> Ac^^,BLSTM
tuscany,2,0.9895751249338571,graduated,Ac^ --> Ac^^,BLSTM
tuscany,3,0.9896366842710779,graduated,Ac^ --> Ac^^,BLSTM
tuscany,4,0.9895920197853108,graduated,Ac^ --> Ac^^,BLSTM
tuscany,5,0.9895557599513932,graduated,Ac^ --> Ac^^,BLSTM
tuscany,6,0.9895253450884484,graduated,Ac^ --> Ac^^,BLSTM
tuscany,7,0.9894962757858936,graduated,Ac^ --> Ac^^,BLSTM
tuscany,8,0.989472910636253,graduated,Ac^ --> Ac^^,BLSTM
tuscany,9,0.9894517329215604,graduated,Ac^ --> Ac^^,BLSTM
tuscany,10,0.9894368996503733,graduated,Ac^ --> Ac^^,BLSTM
tuscany,11,0.9894253125734974,graduated,Ac^ --> Ac^^,BLSTM
tuscany,12,0.9894144814952037,graduated,Ac^ --> Ac^^,BLSTM
tuscany,13,0.9894073457922666,graduated,Ac^ --> Ac^^,BLSTM
tuscany,14,0.9894006518667641,graduated,Ac^ --> Ac^^,BLSTM
tuscany,15,0.9893957418137665,graduated,Ac^ --> Ac^^,BLSTM
tuscany,16,0.9893893034219158,graduated,Ac^ --> Ac^^,BLSTM
tuscany,17,0.9893823478395872,graduated,Ac^ --> Ac^^,BLSTM
tuscany,18,0.9893768957060962,graduated,Ac^ --> Ac^^,BLSTM
tuscany,19,0.9893684334878071,graduated,Ac^ --> Ac^^,BLSTM
tuscany,20,0.9893625350499639,graduated,Ac^ --> Ac^^,BLSTM
tuscany,21,0.9893606380234081,graduated,Ac^ --> Ac^^,BLSTM
tuscany,22,0.9893818631749067,graduated,Ac^ --> Ac^^,BLSTM
tuscany,23,0.989381899125946,graduated,Ac^ --> Ac^^,BLSTM
tuscany,24,0.9893610545521192,graduated,Ac^ --> Ac^^,BLSTM
tuscany,25,0.9893627063252756,graduated,Ac^ --> Ac^^,BLSTM
tuscany,26,0.9893620673844477,graduated,Ac^ --> Ac^^,BLSTM
tuscany,27,0.9893639850883278,graduated,Ac^ --> Ac^^,BLSTM
tuscany,28,0.9892667702891859,graduated,Ac^ --> Ac^^,BLSTM
tuscany,29,0.904112940397222,graduated,Ac^ --> Ac^^,BLSTM
tvm,1,0.9038032491424054,graduated,Ac^ --> Ac^^,BLSTM
tvm,2,0.98936341386273,graduated,Ac^ --> Ac^^,BLSTM
tvm,3,0.989557174579918,graduated,Ac^ --> Ac^^,BLSTM
tvm,4,0.9895554136374652,graduated,Ac^ --> Ac^^,BLSTM
tvm,5,0.9895399468611695,graduated,Ac^ --> Ac^^,BLSTM
tvm,6,0.989528005390585,graduated,Ac^ --> Ac^^,BLSTM
tvm,7,0.989512616732273,graduated,Ac^ --> Ac^^,BLSTM
tvm,8,0.9895021323878687,graduated,Ac^ --> Ac^^,BLSTM
tvm,9,0.9894893557419021,graduated,Ac^ --> Ac^^,BLSTM
tvm,10,0.98947617224382,graduated,Ac^ --> Ac^^,BLSTM
tvm,11,0.9894639405327992,graduated,Ac^ --> Ac^^,BLSTM
tvm,12,0.9894535983910558,graduated,Ac^ --> Ac^^,BLSTM
tvm,13,0.9894362500960844,graduated,Ac^ --> Ac^^,BLSTM
tvm,14,0.989306769793925,graduated,Ac^ --> Ac^^,BLSTM
tvm,15,0.9892180523370725,graduated,Ac^ --> Ac^^,BLSTM
tvm,16,0.9891489415465079,graduated,Ac^ --> Ac^^,BLSTM
tvm,17,0.9890992737138312,graduated,Ac^ --> Ac^^,BLSTM
tvm,18,0.9890119568638988,graduated,Ac^ --> Ac^^,BLSTM
tvm,19,0.9888469442051829,graduated,Ac^ --> Ac^^,BLSTM
tvm,20,0.9036783704516003,graduated,Ac^ --> Ac^^,BLSTM
twill,1,0.07549350823416039,graduated,Ac^ --> Ac^^,BLSTM
twill,2,0.7302651136002316,graduated,Ac^ --> Ac^^,BLSTM
twill,3,0.9657636597741966,graduated,Ac^ --> Ac^^,BLSTM
twill,4,0.9865852109582112,graduated,Ac^ --> Ac^^,BLSTM
twill,5,0.9873576728102964,graduated,Ac^ --> Ac^^,BLSTM
twill,6,0.9880090265669131,graduated,Ac^ --> Ac^^,BLSTM
twill,7,0.9879491174828956,graduated,Ac^ --> Ac^^,BLSTM
twill,8,0.9878873711087847,graduated,Ac^ --> Ac^^,BLSTM
twill,9,0.9880109010444685,graduated,Ac^ --> Ac^^,BLSTM
twill,10,0.9882615324693609,graduated,Ac^ --> Ac^^,BLSTM
twill,11,0.9883586489522588,graduated,Ac^ --> Ac^^,BLSTM
twill,12,0.9884376851622678,graduated,Ac^ --> Ac^^,BLSTM
twill,13,0.9885270529011126,graduated,Ac^ --> Ac^^,BLSTM
twill,14,0.9885195774921662,graduated,Ac^ --> Ac^^,BLSTM
twill,15,0.9885166092511576,graduated,Ac^ --> Ac^^,BLSTM
twill,16,0.9885882191319015,graduated,Ac^ --> Ac^^,BLSTM
twill,17,0.9885188493588227,graduated,Ac^ --> Ac^^,BLSTM
twill,18,0.9885520262165758,graduated,Ac^ --> Ac^^,BLSTM
twill,19,0.9886109186118988,graduated,Ac^ --> Ac^^,BLSTM
twill,20,0.9885837581188714,graduated,Ac^ --> Ac^^,BLSTM
twill,21,0.9886394342414909,graduated,Ac^ --> Ac^^,BLSTM
twill,22,0.9885765822300882,graduated,Ac^ --> Ac^^,BLSTM
twill,23,0.988558635202353,graduated,Ac^ --> Ac^^,BLSTM
twill,24,0.9885239206077774,graduated,Ac^ --> Ac^^,BLSTM
twill,25,0.9885317416945104,graduated,Ac^ --> Ac^^,BLSTM
twill,26,0.9886045046865569,graduated,Ac^ --> Ac^^,BLSTM
twill,27,0.9885335910912778,graduated,Ac^ --> Ac^^,BLSTM
twill,28,0.9447730692916232,graduated,Ac^ --> Ac^^,BLSTM
twill,29,0.484703270118993,graduated,Ac^ --> Ac^^,BLSTM
twill,30,0.14121278889240263,graduated,Ac^ --> Ac^^,BLSTM
twill,31,0.8192524362509358,graduated,Ac^ --> Ac^^,BLSTM
uima,1,0.9043128918059666,graduated,Ac^ --> Ac^^,BLSTM
uima,2,0.989571199614288,graduated,Ac^ --> Ac^^,BLSTM
uima,3,0.9896019413197733,graduated,Ac^ --> Ac^^,BLSTM
uima,4,0.9895630573522057,graduated,Ac^ --> Ac^^,BLSTM
uima,5,0.9895246477293892,graduated,Ac^ --> Ac^^,BLSTM
uima,6,0.9894900788521067,graduated,Ac^ --> Ac^^,BLSTM
uima,7,0.9894510640577304,graduated,Ac^ --> Ac^^,BLSTM
uima,8,0.9893805590321704,graduated,Ac^ --> Ac^^,BLSTM
uima,9,0.9893472135657371,graduated,Ac^ --> Ac^^,BLSTM
uima,10,0.989335936580785,graduated,Ac^ --> Ac^^,BLSTM
uima,11,0.9892849110055907,graduated,Ac^ --> Ac^^,BLSTM
uima,12,0.9892224009345254,graduated,Ac^ --> Ac^^,BLSTM
uima,13,0.9892510813589106,graduated,Ac^ --> Ac^^,BLSTM
uima,14,0.989206256158357,graduated,Ac^ --> Ac^^,BLSTM
uima,15,0.9892568571202984,graduated,Ac^ --> Ac^^,BLSTM
uima,16,0.9892672421954333,graduated,Ac^ --> Ac^^,BLSTM
uima,17,0.9892509702546295,graduated,Ac^ --> Ac^^,BLSTM
uima,18,0.9891996072583746,graduated,Ac^ --> Ac^^,BLSTM
uima,19,0.9891902135423144,graduated,Ac^ --> Ac^^,BLSTM
uima,20,0.9891685032200423,graduated,Ac^ --> Ac^^,BLSTM
uima,21,0.9891511365235702,graduated,Ac^ --> Ac^^,BLSTM
uima,22,0.9891433603381006,graduated,Ac^ --> Ac^^,BLSTM
uima,23,0.9891601208926528,graduated,Ac^ --> Ac^^,BLSTM
uima,24,0.9891664773132418,graduated,Ac^ --> Ac^^,BLSTM
uima,25,0.9891556618158054,graduated,Ac^ --> Ac^^,BLSTM
uima,26,0.9891348566148168,graduated,Ac^ --> Ac^^,BLSTM
uima,27,0.9891179481211931,graduated,Ac^ --> Ac^^,BLSTM
uima,28,0.9890975406155809,graduated,Ac^ --> Ac^^,BLSTM
uima,29,0.9891242332699773,graduated,Ac^ --> Ac^^,BLSTM
uima,30,0.9891196332867942,graduated,Ac^ --> Ac^^,BLSTM
uima,31,0.9891329711153226,graduated,Ac^ --> Ac^^,BLSTM
uima,32,0.9891467121032573,graduated,Ac^ --> Ac^^,BLSTM
uima,33,0.9891602806984903,graduated,Ac^ --> Ac^^,BLSTM
uima,34,0.9891633611379442,graduated,Ac^ --> Ac^^,BLSTM
uima,35,0.989168062274741,graduated,Ac^ --> Ac^^,BLSTM
uima,36,0.9891585143869303,graduated,Ac^ --> Ac^^,BLSTM
uima,37,0.9891406618522434,graduated,Ac^ --> Ac^^,BLSTM
uima,38,0.9891080563898492,graduated,Ac^ --> Ac^^,BLSTM
uima,39,0.9890050704699997,graduated,Ac^ --> Ac^^,BLSTM
uima,40,0.903883649440897,graduated,Ac^ --> Ac^^,BLSTM
unomi,1,0.9035263827385396,graduated,Ac^ --> Ac^^,BLSTM
unomi,2,0.9888346362860115,graduated,Ac^ --> Ac^^,BLSTM
unomi,3,0.9882053488408663,graduated,Ac^ --> Ac^^,BLSTM
unomi,4,0.9878871249875113,graduated,Ac^ --> Ac^^,BLSTM
unomi,5,0.9877558501298476,graduated,Ac^ --> Ac^^,BLSTM
unomi,6,0.9880601039855712,graduated,Ac^ --> Ac^^,BLSTM
unomi,7,0.9878675758415165,graduated,Ac^ --> Ac^^,BLSTM
unomi,8,0.9880443707288508,graduated,Ac^ --> Ac^^,BLSTM
unomi,9,0.9880536642832147,graduated,Ac^ --> Ac^^,BLSTM
unomi,10,0.9881156465893145,graduated,Ac^ --> Ac^^,BLSTM
unomi,11,0.9881659443953833,graduated,Ac^ --> Ac^^,BLSTM
unomi,12,0.9880789701103048,graduated,Ac^ --> Ac^^,BLSTM
unomi,13,0.9881437018397595,graduated,Ac^ --> Ac^^,BLSTM
unomi,14,0.9882348090303317,graduated,Ac^ --> Ac^^,BLSTM
unomi,15,0.9883592053530567,graduated,Ac^ --> Ac^^,BLSTM
unomi,16,0.9883400781171382,graduated,Ac^ --> Ac^^,BLSTM
unomi,17,0.9883401887160134,graduated,Ac^ --> Ac^^,BLSTM
unomi,18,0.9883471015277164,graduated,Ac^ --> Ac^^,BLSTM
unomi,19,0.9884333248465732,graduated,Ac^ --> Ac^^,BLSTM
unomi,20,0.9885073858409075,graduated,Ac^ --> Ac^^,BLSTM
unomi,21,0.9885488473380127,graduated,Ac^ --> Ac^^,BLSTM
unomi,22,0.9885783961704229,graduated,Ac^ --> Ac^^,BLSTM
unomi,23,0.9886170161120323,graduated,Ac^ --> Ac^^,BLSTM
unomi,24,0.9886469468572,graduated,Ac^ --> Ac^^,BLSTM
unomi,25,0.9886602949089752,graduated,Ac^ --> Ac^^,BLSTM
unomi,26,0.9886075348855398,graduated,Ac^ --> Ac^^,BLSTM
unomi,27,0.9886527891870446,graduated,Ac^ --> Ac^^,BLSTM
unomi,28,0.9886825079460362,graduated,Ac^ --> Ac^^,BLSTM
unomi,29,0.9886661796323206,graduated,Ac^ --> Ac^^,BLSTM
unomi,30,0.9886571870114009,graduated,Ac^ --> Ac^^,BLSTM
unomi,31,0.9886822130298312,graduated,Ac^ --> Ac^^,BLSTM
unomi,32,0.9886697310743537,graduated,Ac^ --> Ac^^,BLSTM
unomi,33,0.9886875133771507,graduated,Ac^ --> Ac^^,BLSTM
unomi,34,0.9886946818918744,graduated,Ac^ --> Ac^^,BLSTM
unomi,35,0.9886975564995507,graduated,Ac^ --> Ac^^,BLSTM
unomi,36,0.9886821490361669,graduated,Ac^ --> Ac^^,BLSTM
unomi,37,0.988707631120003,graduated,Ac^ --> Ac^^,BLSTM
unomi,38,0.9886900597647557,graduated,Ac^ --> Ac^^,BLSTM
unomi,39,0.9885525598846437,graduated,Ac^ --> Ac^^,BLSTM
unomi,40,0.9034209235390203,graduated,Ac^ --> Ac^^,BLSTM
usergrid,1,0.9042251877898121,graduated,Ac^ --> Ac^^,BLSTM
usergrid,2,0.989559503374231,graduated,Ac^ --> Ac^^,BLSTM
usergrid,3,0.9896544033039714,graduated,Ac^ --> Ac^^,BLSTM
usergrid,4,0.9896307562710661,graduated,Ac^ --> Ac^^,BLSTM
usergrid,5,0.9895575305013242,graduated,Ac^ --> Ac^^,BLSTM
usergrid,6,0.9895186051779398,graduated,Ac^ --> Ac^^,BLSTM
usergrid,7,0.9893171164408847,graduated,Ac^ --> Ac^^,BLSTM
usergrid,8,0.989360418713073,graduated,Ac^ --> Ac^^,BLSTM
usergrid,9,0.9893889837518417,graduated,Ac^ --> Ac^^,BLSTM
usergrid,10,0.9894033063923892,graduated,Ac^ --> Ac^^,BLSTM
usergrid,11,0.9894080594137169,graduated,Ac^ --> Ac^^,BLSTM
usergrid,12,0.9893890033997529,graduated,Ac^ --> Ac^^,BLSTM
usergrid,13,0.9893635384430814,graduated,Ac^ --> Ac^^,BLSTM
usergrid,14,0.989362027488336,graduated,Ac^ --> Ac^^,BLSTM
usergrid,15,0.9893435189088567,graduated,Ac^ --> Ac^^,BLSTM
usergrid,16,0.9893304098090541,graduated,Ac^ --> Ac^^,BLSTM
usergrid,17,0.9893356733513118,graduated,Ac^ --> Ac^^,BLSTM
usergrid,18,0.9893413811129564,graduated,Ac^ --> Ac^^,BLSTM
usergrid,19,0.9893275810015723,graduated,Ac^ --> Ac^^,BLSTM
usergrid,20,0.989321073611105,graduated,Ac^ --> Ac^^,BLSTM
usergrid,21,0.989220294461807,graduated,Ac^ --> Ac^^,BLSTM
usergrid,22,0.9040739896706492,graduated,Ac^ --> Ac^^,BLSTM
vcl,1,0.9029229364888489,graduated,Ac^ --> Ac^^,BLSTM
vcl,2,0.9888847372922934,graduated,Ac^ --> Ac^^,BLSTM
vcl,3,0.9888438751044093,graduated,Ac^ --> Ac^^,BLSTM
vcl,4,0.9888996390136048,graduated,Ac^ --> Ac^^,BLSTM
vcl,5,0.9889782049822599,graduated,Ac^ --> Ac^^,BLSTM
vcl,6,0.9889440169485036,graduated,Ac^ --> Ac^^,BLSTM
vcl,7,0.9889153980668222,graduated,Ac^ --> Ac^^,BLSTM
vcl,8,0.9888775082094783,graduated,Ac^ --> Ac^^,BLSTM
vcl,9,0.9888972642340549,graduated,Ac^ --> Ac^^,BLSTM
vcl,10,0.9889869316227359,graduated,Ac^ --> Ac^^,BLSTM
vcl,11,0.9888940195785848,graduated,Ac^ --> Ac^^,BLSTM
vcl,12,0.9888042571715281,graduated,Ac^ --> Ac^^,BLSTM
vcl,13,0.9887285627718905,graduated,Ac^ --> Ac^^,BLSTM
vcl,14,0.9887281427967062,graduated,Ac^ --> Ac^^,BLSTM
vcl,15,0.988755680586816,graduated,Ac^ --> Ac^^,BLSTM
vcl,16,0.9887086017408065,graduated,Ac^ --> Ac^^,BLSTM
vcl,17,0.9886889715599702,graduated,Ac^ --> Ac^^,BLSTM
vcl,18,0.9886601610731486,graduated,Ac^ --> Ac^^,BLSTM
vcl,19,0.9886212090849408,graduated,Ac^ --> Ac^^,BLSTM
vcl,20,0.988615332970321,graduated,Ac^ --> Ac^^,BLSTM
vcl,21,0.9886580676278642,graduated,Ac^ --> Ac^^,BLSTM
vcl,22,0.9886899701427588,graduated,Ac^ --> Ac^^,BLSTM
vcl,23,0.9886892855499568,graduated,Ac^ --> Ac^^,BLSTM
vcl,24,0.9886721279919639,graduated,Ac^ --> Ac^^,BLSTM
vcl,25,0.9886774550287045,graduated,Ac^ --> Ac^^,BLSTM
vcl,26,0.9886655498122285,graduated,Ac^ --> Ac^^,BLSTM
vcl,27,0.9886986117553609,graduated,Ac^ --> Ac^^,BLSTM
vcl,28,0.9886702128013105,graduated,Ac^ --> Ac^^,BLSTM
vcl,29,0.9886437292558645,graduated,Ac^ --> Ac^^,BLSTM
vcl,30,0.9886278823101948,graduated,Ac^ --> Ac^^,BLSTM
vcl,31,0.9886552300123045,graduated,Ac^ --> Ac^^,BLSTM
vcl,32,0.9886328342562661,graduated,Ac^ --> Ac^^,BLSTM
vcl,33,0.9886075994859218,graduated,Ac^ --> Ac^^,BLSTM
vcl,34,0.9886114514496545,graduated,Ac^ --> Ac^^,BLSTM
vcl,35,0.9886162726350858,graduated,Ac^ --> Ac^^,BLSTM
vcl,36,0.9886172980640451,graduated,Ac^ --> Ac^^,BLSTM
vcl,37,0.9886049606967071,graduated,Ac^ --> Ac^^,BLSTM
vcl,38,0.988576566868449,graduated,Ac^ --> Ac^^,BLSTM
vcl,39,0.9885600780255327,graduated,Ac^ --> Ac^^,BLSTM
vcl,40,0.9885674168425527,graduated,Ac^ --> Ac^^,BLSTM
vcl,41,0.9885784353952705,graduated,Ac^ --> Ac^^,BLSTM
vcl,42,0.9886121067451993,graduated,Ac^ --> Ac^^,BLSTM
vcl,43,0.9884929707408464,graduated,Ac^ --> Ac^^,BLSTM
vcl,44,0.9033908333554241,graduated,Ac^ --> Ac^^,BLSTM
vxquery,1,0.008308613453439286,graduated,Ac^ --> Ac^^,BLSTM
vxquery,2,0.006165434255723817,graduated,Ac^ --> Ac^^,BLSTM
vxquery,3,0.07219268135888521,graduated,Ac^ --> Ac^^,BLSTM
vxquery,4,0.7289281928727323,graduated,Ac^ --> Ac^^,BLSTM
vxquery,5,0.9605303651267061,graduated,Ac^ --> Ac^^,BLSTM
vxquery,6,0.9807621141375932,graduated,Ac^ --> Ac^^,BLSTM
vxquery,7,0.9825116601344113,graduated,Ac^ --> Ac^^,BLSTM
vxquery,8,0.9847103395585407,graduated,Ac^ --> Ac^^,BLSTM
vxquery,9,0.9838329280711662,graduated,Ac^ --> Ac^^,BLSTM
vxquery,10,0.9719188994754436,graduated,Ac^ --> Ac^^,BLSTM
vxquery,11,0.8982626520428945,graduated,Ac^ --> Ac^^,BLSTM
vxquery,12,0.08952466218085703,graduated,Ac^ --> Ac^^,BLSTM
vxquery,13,0.005133000539746649,graduated,Ac^ --> Ac^^,BLSTM
vxquery,14,0.00496287544861471,graduated,Ac^ --> Ac^^,BLSTM
vxquery,15,0.005006269441228516,graduated,Ac^ --> Ac^^,BLSTM
vxquery,16,0.004997131840231708,graduated,Ac^ --> Ac^^,BLSTM
vxquery,17,0.004974326614214409,graduated,Ac^ --> Ac^^,BLSTM
vxquery,18,0.004951894594408294,graduated,Ac^ --> Ac^^,BLSTM
vxquery,19,0.004941259155652597,graduated,Ac^ --> Ac^^,BLSTM
vxquery,20,0.0049320781254541006,graduated,Ac^ --> Ac^^,BLSTM
vxquery,21,0.004925948437863803,graduated,Ac^ --> Ac^^,BLSTM
vxquery,22,0.004922419976350338,graduated,Ac^ --> Ac^^,BLSTM
vxquery,23,0.004920750591278685,graduated,Ac^ --> Ac^^,BLSTM
vxquery,24,0.004919893877837755,graduated,Ac^ --> Ac^^,BLSTM
vxquery,25,0.004891083705870436,graduated,Ac^ --> Ac^^,BLSTM
vxquery,26,0.004855247927775926,graduated,Ac^ --> Ac^^,BLSTM
vxquery,27,0.004863448484161856,graduated,Ac^ --> Ac^^,BLSTM
vxquery,28,0.00486166897789751,graduated,Ac^ --> Ac^^,BLSTM
vxquery,29,0.004863078477217661,graduated,Ac^ --> Ac^^,BLSTM
vxquery,30,0.004867860670801465,graduated,Ac^ --> Ac^^,BLSTM
vxquery,31,0.004878760867709311,graduated,Ac^ --> Ac^^,BLSTM
vxquery,32,0.00486220909489338,graduated,Ac^ --> Ac^^,BLSTM
vxquery,33,0.004959148941454673,graduated,Ac^ --> Ac^^,BLSTM
vxquery,34,0.08632623132472339,graduated,Ac^ --> Ac^^,BLSTM
vxquery,35,0.8693964679140754,graduated,Ac^ --> Ac^^,BLSTM
vxquery,36,0.9544214315300932,graduated,Ac^ --> Ac^^,BLSTM
vxquery,37,0.9556504432308384,graduated,Ac^ --> Ac^^,BLSTM
vxquery,38,0.9562157119157386,graduated,Ac^ --> Ac^^,BLSTM
vxquery,39,0.9569578954314043,graduated,Ac^ --> Ac^^,BLSTM
vxquery,40,0.9575518851412385,graduated,Ac^ --> Ac^^,BLSTM
vxquery,41,0.9579963852473012,graduated,Ac^ --> Ac^^,BLSTM
vxquery,42,0.95841300651169,graduated,Ac^ --> Ac^^,BLSTM
vxquery,43,0.958741135327893,graduated,Ac^ --> Ac^^,BLSTM
vxquery,44,0.9590734357759495,graduated,Ac^ --> Ac^^,BLSTM
vxquery,45,0.9593673448739091,graduated,Ac^ --> Ac^^,BLSTM
vxquery,46,0.9596289934386201,graduated,Ac^ --> Ac^^,BLSTM
vxquery,47,0.9599106629362238,graduated,Ac^ --> Ac^^,BLSTM
vxquery,48,0.9602402023225304,graduated,Ac^ --> Ac^^,BLSTM
vxquery,49,0.9604666450592168,graduated,Ac^ --> Ac^^,BLSTM
vxquery,50,0.9607912794143539,graduated,Ac^ --> Ac^^,BLSTM
vxquery,51,0.9610394586206142,graduated,Ac^ --> Ac^^,BLSTM
vxquery,52,0.9614247832470083,graduated,Ac^ --> Ac^^,BLSTM
vxquery,53,0.9618236750842328,graduated,Ac^ --> Ac^^,BLSTM
vxquery,54,0.9622007188116845,graduated,Ac^ --> Ac^^,BLSTM
vxquery,55,0.9625316799820824,graduated,Ac^ --> Ac^^,BLSTM
vxquery,56,0.9628473735238625,graduated,Ac^ --> Ac^^,BLSTM
vxquery,57,0.9631417426962119,graduated,Ac^ --> Ac^^,BLSTM
vxquery,58,0.9633435993288834,graduated,Ac^ --> Ac^^,BLSTM
vxquery,59,0.9635094224057388,graduated,Ac^ --> Ac^^,BLSTM
vxquery,60,0.8807143887371417,graduated,Ac^ --> Ac^^,BLSTM
warble,1,0.04546441425397223,retired,Ac^ --> Ac^^,BLSTM
warble,2,0.1329610831836038,retired,Ac^ --> Ac^^,BLSTM
warble,3,0.018284849447540722,retired,Ac^ --> Ac^^,BLSTM
warble,4,0.005303589318353851,retired,Ac^ --> Ac^^,BLSTM
warble,5,0.005227147200344032,retired,Ac^ --> Ac^^,BLSTM
warble,6,0.005155013427064222,retired,Ac^ --> Ac^^,BLSTM
warble,7,0.005106051240458963,retired,Ac^ --> Ac^^,BLSTM
warble,8,0.005072388895674293,retired,Ac^ --> Ac^^,BLSTM
warble,9,0.00504591456273017,retired,Ac^ --> Ac^^,BLSTM
warble,10,0.005023636428056588,retired,Ac^ --> Ac^^,BLSTM
warble,11,0.005014343460099086,retired,Ac^ --> Ac^^,BLSTM
warble,12,0.005006096722187002,retired,Ac^ --> Ac^^,BLSTM
warble,13,0.004999135877064025,retired,Ac^ --> Ac^^,BLSTM
warble,14,0.0049936494210609,retired,Ac^ --> Ac^^,BLSTM
warble,15,0.004987452077597755,retired,Ac^ --> Ac^^,BLSTM
warble,16,0.004984233173904872,retired,Ac^ --> Ac^^,BLSTM
warble,17,0.004980329720264575,retired,Ac^ --> Ac^^,BLSTM
warble,18,0.004978278889322016,retired,Ac^ --> Ac^^,BLSTM
warble,19,0.004975101346176075,retired,Ac^ --> Ac^^,BLSTM
warble,20,0.004973373911268419,retired,Ac^ --> Ac^^,BLSTM
warble,21,0.004973343538701918,retired,Ac^ --> Ac^^,BLSTM
warble,22,0.004972782981511811,retired,Ac^ --> Ac^^,BLSTM
warble,23,0.004971778932078943,retired,Ac^ --> Ac^^,BLSTM
warble,24,0.004970038186963315,retired,Ac^ --> Ac^^,BLSTM
warble,25,0.004968509330865153,retired,Ac^ --> Ac^^,BLSTM
warble,26,0.004966577982182176,retired,Ac^ --> Ac^^,BLSTM
warble,27,0.00496588850479026,retired,Ac^ --> Ac^^,BLSTM
warble,28,0.0049647409531551326,retired,Ac^ --> Ac^^,BLSTM
warble,29,0.004537226917310731,retired,Ac^ --> Ac^^,BLSTM
wave,1,0.9007160454893681,retired,Ac^ --> Ac^^,BLSTM
wave,2,0.9857591304270115,retired,Ac^ --> Ac^^,BLSTM
wave,3,0.9861911341738329,retired,Ac^ --> Ac^^,BLSTM
wave,4,0.9862991165363796,retired,Ac^ --> Ac^^,BLSTM
wave,5,0.9860986434755293,retired,Ac^ --> Ac^^,BLSTM
wave,6,0.985871733650606,retired,Ac^ --> Ac^^,BLSTM
wave,7,0.9856554987526793,retired,Ac^ --> Ac^^,BLSTM
wave,8,0.9855562579175062,retired,Ac^ --> Ac^^,BLSTM
wave,9,0.9863401499493882,retired,Ac^ --> Ac^^,BLSTM
wave,10,0.9869678608908751,retired,Ac^ --> Ac^^,BLSTM
wave,11,0.9870076917604421,retired,Ac^ --> Ac^^,BLSTM
wave,12,0.9871700439398324,retired,Ac^ --> Ac^^,BLSTM
wave,13,0.9872522777902286,retired,Ac^ --> Ac^^,BLSTM
wave,14,0.987274761701715,retired,Ac^ --> Ac^^,BLSTM
wave,15,0.9873073936912252,retired,Ac^ --> Ac^^,BLSTM
wave,16,0.9875248650544247,retired,Ac^ --> Ac^^,BLSTM
wave,17,0.9875309104383382,retired,Ac^ --> Ac^^,BLSTM
wave,18,0.987515211442427,retired,Ac^ --> Ac^^,BLSTM
wave,19,0.9875265795875655,retired,Ac^ --> Ac^^,BLSTM
wave,20,0.9878354778477135,retired,Ac^ --> Ac^^,BLSTM
wave,21,0.9878025885025397,retired,Ac^ --> Ac^^,BLSTM
wave,22,0.9877967575576203,retired,Ac^ --> Ac^^,BLSTM
wave,23,0.9878409946439237,retired,Ac^ --> Ac^^,BLSTM
wave,24,0.9879316782156898,retired,Ac^ --> Ac^^,BLSTM
wave,25,0.9879160694474488,retired,Ac^ --> Ac^^,BLSTM
wave,26,0.9879025425300975,retired,Ac^ --> Ac^^,BLSTM
wave,27,0.9878922643549001,retired,Ac^ --> Ac^^,BLSTM
wave,28,0.9877881347688203,retired,Ac^ --> Ac^^,BLSTM
wave,29,0.9879550392623747,retired,Ac^ --> Ac^^,BLSTM
wave,30,0.9879427558780235,retired,Ac^ --> Ac^^,BLSTM
wave,31,0.9880108941716863,retired,Ac^ --> Ac^^,BLSTM
wave,32,0.9880057750328909,retired,Ac^ --> Ac^^,BLSTM
wave,33,0.9880418255124247,retired,Ac^ --> Ac^^,BLSTM
wave,34,0.988013898355693,retired,Ac^ --> Ac^^,BLSTM
wave,35,0.9880053509924551,retired,Ac^ --> Ac^^,BLSTM
wave,36,0.9880542531396476,retired,Ac^ --> Ac^^,BLSTM
wave,37,0.9879914327270521,retired,Ac^ --> Ac^^,BLSTM
wave,38,0.9879660811692292,retired,Ac^ --> Ac^^,BLSTM
wave,39,0.9879615579724321,retired,Ac^ --> Ac^^,BLSTM
wave,40,0.9879510302731788,retired,Ac^ --> Ac^^,BLSTM
wave,41,0.9880058065729725,retired,Ac^ --> Ac^^,BLSTM
wave,42,0.9880703097954477,retired,Ac^ --> Ac^^,BLSTM
wave,43,0.9881033905178478,retired,Ac^ --> Ac^^,BLSTM
wave,44,0.9880795332582739,retired,Ac^ --> Ac^^,BLSTM
wave,45,0.988065722845181,retired,Ac^ --> Ac^^,BLSTM
wave,46,0.9879888571578109,retired,Ac^ --> Ac^^,BLSTM
wave,47,0.9033553906506896,retired,Ac^ --> Ac^^,BLSTM
wave,48,0.08989221183264653,retired,Ac^ --> Ac^^,BLSTM
wave,49,0.005460788953296436,retired,Ac^ --> Ac^^,BLSTM
wave,50,0.005399745768692961,retired,Ac^ --> Ac^^,BLSTM
wave,51,0.09011391787743692,retired,Ac^ --> Ac^^,BLSTM
wave,52,0.902389936187978,retired,Ac^ --> Ac^^,BLSTM
wave,53,0.9870323106657167,retired,Ac^ --> Ac^^,BLSTM
wave,54,0.9871990437129085,retired,Ac^ --> Ac^^,BLSTM
wave,55,0.9872376313767615,retired,Ac^ --> Ac^^,BLSTM
wave,56,0.9873666363148966,retired,Ac^ --> Ac^^,BLSTM
wave,57,0.9873685006322442,retired,Ac^ --> Ac^^,BLSTM
wave,58,0.9873319164138047,retired,Ac^ --> Ac^^,BLSTM
wave,59,0.9874211758191177,retired,Ac^ --> Ac^^,BLSTM
wave,60,0.9874210613221357,retired,Ac^ --> Ac^^,BLSTM
wave,61,0.9874120332471117,retired,Ac^ --> Ac^^,BLSTM
wave,62,0.9874222458332219,retired,Ac^ --> Ac^^,BLSTM
wave,63,0.987471985696025,retired,Ac^ --> Ac^^,BLSTM
wave,64,0.987480975412979,retired,Ac^ --> Ac^^,BLSTM
wave,65,0.9874753490925243,retired,Ac^ --> Ac^^,BLSTM
wave,66,0.9870635679895894,retired,Ac^ --> Ac^^,BLSTM
wave,67,0.8994215100451057,retired,Ac^ --> Ac^^,BLSTM
wave,68,0.08944657246048365,retired,Ac^ --> Ac^^,BLSTM
wave,69,0.08975426808149013,retired,Ac^ --> Ac^^,BLSTM
wave,70,0.9005839544402159,retired,Ac^ --> Ac^^,BLSTM
wave,71,0.9867148254968662,retired,Ac^ --> Ac^^,BLSTM
wave,72,0.9870286411507683,retired,Ac^ --> Ac^^,BLSTM
wave,73,0.985893743458243,retired,Ac^ --> Ac^^,BLSTM
wave,74,0.9767601744311718,retired,Ac^ --> Ac^^,BLSTM
wave,75,0.9859226256714329,retired,Ac^ --> Ac^^,BLSTM
wave,76,0.9868936310082597,retired,Ac^ --> Ac^^,BLSTM
wave,77,0.9863574605196207,retired,Ac^ --> Ac^^,BLSTM
wave,78,0.9003921577994528,retired,Ac^ --> Ac^^,BLSTM
wave,79,0.08953712824645514,retired,Ac^ --> Ac^^,BLSTM
wave,80,0.005140122905986208,retired,Ac^ --> Ac^^,BLSTM
wave,81,0.005053686020063891,retired,Ac^ --> Ac^^,BLSTM
wave,82,0.005046464031543095,retired,Ac^ --> Ac^^,BLSTM
wave,83,0.005033779259417354,retired,Ac^ --> Ac^^,BLSTM
wave,84,0.005023704867866059,retired,Ac^ --> Ac^^,BLSTM
wave,85,0.004586124061268251,retired,Ac^ --> Ac^^,BLSTM
weex,1,0.9042736709708481,retired,Ac^ --> Ac^^,BLSTM
weex,2,0.9896006678074104,retired,Ac^ --> Ac^^,BLSTM
weex,3,0.9896503484627039,retired,Ac^ --> Ac^^,BLSTM
weex,4,0.9895871517471687,retired,Ac^ --> Ac^^,BLSTM
weex,5,0.9895314780989333,retired,Ac^ --> Ac^^,BLSTM
weex,6,0.9894990541277572,retired,Ac^ --> Ac^^,BLSTM
weex,7,0.9894392945890106,retired,Ac^ --> Ac^^,BLSTM
weex,8,0.9894324413474905,retired,Ac^ --> Ac^^,BLSTM
weex,9,0.9894306543833246,retired,Ac^ --> Ac^^,BLSTM
weex,10,0.9893661311546386,retired,Ac^ --> Ac^^,BLSTM
weex,11,0.9893773993063322,retired,Ac^ --> Ac^^,BLSTM
weex,12,0.9893818632743697,retired,Ac^ --> Ac^^,BLSTM
weex,13,0.9893820892582011,retired,Ac^ --> Ac^^,BLSTM
weex,14,0.9893819973759459,retired,Ac^ --> Ac^^,BLSTM
weex,15,0.9893759126376177,retired,Ac^ --> Ac^^,BLSTM
weex,16,0.989369231276586,retired,Ac^ --> Ac^^,BLSTM
weex,17,0.9893616144264858,retired,Ac^ --> Ac^^,BLSTM
weex,18,0.9893114018930379,retired,Ac^ --> Ac^^,BLSTM
weex,19,0.9892625230087814,retired,Ac^ --> Ac^^,BLSTM
weex,20,0.9892010239512048,retired,Ac^ --> Ac^^,BLSTM
weex,21,0.9891645083053144,retired,Ac^ --> Ac^^,BLSTM
weex,22,0.9891507356857063,retired,Ac^ --> Ac^^,BLSTM
weex,23,0.9892055021675656,retired,Ac^ --> Ac^^,BLSTM
weex,24,0.9892385682067502,retired,Ac^ --> Ac^^,BLSTM
weex,25,0.9892576801104366,retired,Ac^ --> Ac^^,BLSTM
weex,26,0.9892714228520573,retired,Ac^ --> Ac^^,BLSTM
weex,27,0.9892725511037063,retired,Ac^ --> Ac^^,BLSTM
weex,28,0.9892732957778202,retired,Ac^ --> Ac^^,BLSTM
weex,29,0.9892759305873222,retired,Ac^ --> Ac^^,BLSTM
weex,30,0.9892809932421291,retired,Ac^ --> Ac^^,BLSTM
weex,31,0.989285719521052,retired,Ac^ --> Ac^^,BLSTM
weex,32,0.9892854604399507,retired,Ac^ --> Ac^^,BLSTM
weex,33,0.9892853146861182,retired,Ac^ --> Ac^^,BLSTM
weex,34,0.9892862727616772,retired,Ac^ --> Ac^^,BLSTM
weex,35,0.9892843254299704,retired,Ac^ --> Ac^^,BLSTM
weex,36,0.9892835027087684,retired,Ac^ --> Ac^^,BLSTM
weex,37,0.9892878846674911,retired,Ac^ --> Ac^^,BLSTM
weex,38,0.9892973472522901,retired,Ac^ --> Ac^^,BLSTM
weex,39,0.9892602317096683,retired,Ac^ --> Ac^^,BLSTM
weex,40,0.9893256567871714,retired,Ac^ --> Ac^^,BLSTM
weex,41,0.9894038987057073,retired,Ac^ --> Ac^^,BLSTM
weex,42,0.9114795135556423,retired,Ac^ --> Ac^^,BLSTM
weex,43,0.15688028740998733,retired,Ac^ --> Ac^^,BLSTM
weex,44,0.022122625011825995,retired,Ac^ --> Ac^^,BLSTM
weex,45,0.10741287923522,retired,Ac^ --> Ac^^,BLSTM
weex,46,0.9057188710226176,retired,Ac^ --> Ac^^,BLSTM
weex,47,0.9884573400904384,retired,Ac^ --> Ac^^,BLSTM
weex,48,0.9872735697444485,retired,Ac^ --> Ac^^,BLSTM
weex,49,0.9033064845922134,retired,Ac^ --> Ac^^,BLSTM
weex,50,0.08966017326222808,retired,Ac^ --> Ac^^,BLSTM
weex,51,0.005013370230142358,retired,Ac^ --> Ac^^,BLSTM
weex,52,0.004957916876495014,retired,Ac^ --> Ac^^,BLSTM
weex,53,0.004407530588465638,retired,Ac^ --> Ac^^,BLSTM
whirr,1,0.90174982865763,graduated,Ac^ --> Ac^^,BLSTM
whirr,2,0.9873384266434243,graduated,Ac^ --> Ac^^,BLSTM
whirr,3,0.9875099753497228,graduated,Ac^ --> Ac^^,BLSTM
whirr,4,0.9875449205928811,graduated,Ac^ --> Ac^^,BLSTM
whirr,5,0.9876054665530504,graduated,Ac^ --> Ac^^,BLSTM
whirr,6,0.987508225253234,graduated,Ac^ --> Ac^^,BLSTM
whirr,7,0.9875785493482407,graduated,Ac^ --> Ac^^,BLSTM
whirr,8,0.9876347488489866,graduated,Ac^ --> Ac^^,BLSTM
whirr,9,0.987738075188163,graduated,Ac^ --> Ac^^,BLSTM
whirr,10,0.9878462427531413,graduated,Ac^ --> Ac^^,BLSTM
whirr,11,0.9880428258011773,graduated,Ac^ --> Ac^^,BLSTM
whirr,12,0.9880929042462108,graduated,Ac^ --> Ac^^,BLSTM
whirr,13,0.9880196252829264,graduated,Ac^ --> Ac^^,BLSTM
whirr,14,0.9029937795464814,graduated,Ac^ --> Ac^^,BLSTM
wicket,1,0.9043845933571897,graduated,Ac^ --> Ac^^,BLSTM
wicket,2,0.9895803817903757,graduated,Ac^ --> Ac^^,BLSTM
wicket,3,0.9896238792316978,graduated,Ac^ --> Ac^^,BLSTM
wicket,4,0.9895918282668572,graduated,Ac^ --> Ac^^,BLSTM
wicket,5,0.9895489284844998,graduated,Ac^ --> Ac^^,BLSTM
wicket,6,0.9895164264757248,graduated,Ac^ --> Ac^^,BLSTM
wicket,7,0.9894989987112105,graduated,Ac^ --> Ac^^,BLSTM
wicket,8,0.9893746813817291,graduated,Ac^ --> Ac^^,BLSTM
wicket,9,0.9041890800014599,graduated,Ac^ --> Ac^^,BLSTM
wink,1,0.903227517762653,graduated,Ac^ --> Ac^^,BLSTM
wink,2,0.9894966478421221,graduated,Ac^ --> Ac^^,BLSTM
wink,3,0.989643429452935,graduated,Ac^ --> Ac^^,BLSTM
wink,4,0.9895361105085245,graduated,Ac^ --> Ac^^,BLSTM
wink,5,0.9893386517610466,graduated,Ac^ --> Ac^^,BLSTM
wink,6,0.9892275506336052,graduated,Ac^ --> Ac^^,BLSTM
wink,7,0.9891366498790705,graduated,Ac^ --> Ac^^,BLSTM
wink,8,0.9890786911316585,graduated,Ac^ --> Ac^^,BLSTM
wink,9,0.9891267675711711,graduated,Ac^ --> Ac^^,BLSTM
wink,10,0.9891668476493708,graduated,Ac^ --> Ac^^,BLSTM
wink,11,0.9891404815956855,graduated,Ac^ --> Ac^^,BLSTM
wink,12,0.9890901611960927,graduated,Ac^ --> Ac^^,BLSTM
wink,13,0.9890824626024495,graduated,Ac^ --> Ac^^,BLSTM
wink,14,0.989124629072047,graduated,Ac^ --> Ac^^,BLSTM
wink,15,0.9890339619158048,graduated,Ac^ --> Ac^^,BLSTM
wink,16,0.9890752993990309,graduated,Ac^ --> Ac^^,BLSTM
wink,17,0.9891003083857811,graduated,Ac^ --> Ac^^,BLSTM
wink,18,0.9890189465946715,graduated,Ac^ --> Ac^^,BLSTM
wink,19,0.9889665911063357,graduated,Ac^ --> Ac^^,BLSTM
wink,20,0.9889250309249732,graduated,Ac^ --> Ac^^,BLSTM
wink,21,0.988908876081038,graduated,Ac^ --> Ac^^,BLSTM
wink,22,0.9888880297407711,graduated,Ac^ --> Ac^^,BLSTM
wink,23,0.9888598171322415,graduated,Ac^ --> Ac^^,BLSTM
wink,24,0.9888473931342584,graduated,Ac^ --> Ac^^,BLSTM
wink,25,0.9887401126409027,graduated,Ac^ --> Ac^^,BLSTM
wink,26,0.9881977284338037,graduated,Ac^ --> Ac^^,BLSTM
wink,27,0.9868581384518882,graduated,Ac^ --> Ac^^,BLSTM
wink,28,0.9876975524917776,graduated,Ac^ --> Ac^^,BLSTM
wink,29,0.9866865568762246,graduated,Ac^ --> Ac^^,BLSTM
wink,30,0.89505991049953,graduated,Ac^ --> Ac^^,BLSTM
wink,31,0.09327928991327816,graduated,Ac^ --> Ac^^,BLSTM
wink,32,0.0913960455264634,graduated,Ac^ --> Ac^^,BLSTM
wink,33,0.9002955078429756,graduated,Ac^ --> Ac^^,BLSTM
wink,34,0.9848744421995008,graduated,Ac^ --> Ac^^,BLSTM
wink,35,0.9862417978478117,graduated,Ac^ --> Ac^^,BLSTM
wink,36,0.9871133044534967,graduated,Ac^ --> Ac^^,BLSTM
wink,37,0.9869154284659839,graduated,Ac^ --> Ac^^,BLSTM
wink,38,0.9856348302065928,graduated,Ac^ --> Ac^^,BLSTM
wink,39,0.9854539195285716,graduated,Ac^ --> Ac^^,BLSTM
wink,40,0.9848365230977829,graduated,Ac^ --> Ac^^,BLSTM
wink,41,0.9834998709368243,graduated,Ac^ --> Ac^^,BLSTM
wink,42,0.9839511978341574,graduated,Ac^ --> Ac^^,BLSTM
wink,43,0.8998911022428743,graduated,Ac^ --> Ac^^,BLSTM
wookie,1,0.8987072827597803,graduated,Ac^ --> Ac^^,BLSTM
wookie,2,0.9816017131550314,graduated,Ac^ --> Ac^^,BLSTM
wookie,3,0.981104138576791,graduated,Ac^ --> Ac^^,BLSTM
wookie,4,0.9846208334277541,graduated,Ac^ --> Ac^^,BLSTM
wookie,5,0.9862846218378017,graduated,Ac^ --> Ac^^,BLSTM
wookie,6,0.9875182680153686,graduated,Ac^ --> Ac^^,BLSTM
wookie,7,0.9877927556661221,graduated,Ac^ --> Ac^^,BLSTM
wookie,8,0.9878104693940165,graduated,Ac^ --> Ac^^,BLSTM
wookie,9,0.988084195689917,graduated,Ac^ --> Ac^^,BLSTM
wookie,10,0.9880343634820387,graduated,Ac^ --> Ac^^,BLSTM
wookie,11,0.9881252795450731,graduated,Ac^ --> Ac^^,BLSTM
wookie,12,0.9879365901494793,graduated,Ac^ --> Ac^^,BLSTM
wookie,13,0.9880028850677786,graduated,Ac^ --> Ac^^,BLSTM
wookie,14,0.988037943104368,graduated,Ac^ --> Ac^^,BLSTM
wookie,15,0.988095240706626,graduated,Ac^ --> Ac^^,BLSTM
wookie,16,0.9880650502155519,graduated,Ac^ --> Ac^^,BLSTM
wookie,17,0.9882149890906733,graduated,Ac^ --> Ac^^,BLSTM
wookie,18,0.9882853340989497,graduated,Ac^ --> Ac^^,BLSTM
wookie,19,0.9883653385293751,graduated,Ac^ --> Ac^^,BLSTM
wookie,20,0.9884162116052078,graduated,Ac^ --> Ac^^,BLSTM
wookie,21,0.9883845333264842,graduated,Ac^ --> Ac^^,BLSTM
wookie,22,0.9883717552689189,graduated,Ac^ --> Ac^^,BLSTM
wookie,23,0.9884348706512106,graduated,Ac^ --> Ac^^,BLSTM
wookie,24,0.9884685911128466,graduated,Ac^ --> Ac^^,BLSTM
wookie,25,0.9885213493743525,graduated,Ac^ --> Ac^^,BLSTM
wookie,26,0.988565144737393,graduated,Ac^ --> Ac^^,BLSTM
wookie,27,0.9885323640361725,graduated,Ac^ --> Ac^^,BLSTM
wookie,28,0.9885168578956164,graduated,Ac^ --> Ac^^,BLSTM
wookie,29,0.9885529682804334,graduated,Ac^ --> Ac^^,BLSTM
wookie,30,0.9886138279429558,graduated,Ac^ --> Ac^^,BLSTM
wookie,31,0.9885676876784856,graduated,Ac^ --> Ac^^,BLSTM
wookie,32,0.9885603702555974,graduated,Ac^ --> Ac^^,BLSTM
wookie,33,0.9885904063024715,graduated,Ac^ --> Ac^^,BLSTM
wookie,34,0.9885672221183536,graduated,Ac^ --> Ac^^,BLSTM
wookie,35,0.9885711045330401,graduated,Ac^ --> Ac^^,BLSTM
wookie,36,0.9885688939040731,graduated,Ac^ --> Ac^^,BLSTM
wookie,37,0.9885584653658179,graduated,Ac^ --> Ac^^,BLSTM
wookie,38,0.9885708733605405,graduated,Ac^ --> Ac^^,BLSTM
wookie,39,0.9884850071097192,graduated,Ac^ --> Ac^^,BLSTM
wookie,40,0.9033756397686826,graduated,Ac^ --> Ac^^,BLSTM
xap,1,0.9042404113296875,retired,Ac^ --> Ac^^,BLSTM
xap,2,0.9895536246127602,retired,Ac^ --> Ac^^,BLSTM
xap,3,0.989626194160405,retired,Ac^ --> Ac^^,BLSTM
xap,4,0.9895070192474317,retired,Ac^ --> Ac^^,BLSTM
xap,5,0.9894523133742481,retired,Ac^ --> Ac^^,BLSTM
xap,6,0.9894081685043336,retired,Ac^ --> Ac^^,BLSTM
xap,7,0.9893401256490301,retired,Ac^ --> Ac^^,BLSTM
xap,8,0.9892946745245434,retired,Ac^ --> Ac^^,BLSTM
xap,9,0.9893029912531748,retired,Ac^ --> Ac^^,BLSTM
xap,10,0.9893054008226211,retired,Ac^ --> Ac^^,BLSTM
xap,11,0.9892053998659259,retired,Ac^ --> Ac^^,BLSTM
xap,12,0.9891667514094529,retired,Ac^ --> Ac^^,BLSTM
xap,13,0.9892154807520004,retired,Ac^ --> Ac^^,BLSTM
xap,14,0.9892297554539476,retired,Ac^ --> Ac^^,BLSTM
xap,15,0.9891990426353386,retired,Ac^ --> Ac^^,BLSTM
xap,16,0.9892072859869845,retired,Ac^ --> Ac^^,BLSTM
xap,17,0.989159136639661,retired,Ac^ --> Ac^^,BLSTM
xap,18,0.9891031352999694,retired,Ac^ --> Ac^^,BLSTM
xap,19,0.9892428513346235,retired,Ac^ --> Ac^^,BLSTM
xap,20,0.9889603838803541,retired,Ac^ --> Ac^^,BLSTM
xap,21,0.9888059125010703,retired,Ac^ --> Ac^^,BLSTM
xap,22,0.9885995789825591,retired,Ac^ --> Ac^^,BLSTM
xap,23,0.9039671795845219,retired,Ac^ --> Ac^^,BLSTM
xap,24,0.09057493224782694,retired,Ac^ --> Ac^^,BLSTM
xap,25,0.0054519698420811506,retired,Ac^ --> Ac^^,BLSTM
xap,26,0.0052361150136887805,retired,Ac^ --> Ac^^,BLSTM
xap,27,0.0051192701712877075,retired,Ac^ --> Ac^^,BLSTM
xap,28,0.0050732712777830915,retired,Ac^ --> Ac^^,BLSTM
xap,29,0.005043920958699922,retired,Ac^ --> Ac^^,BLSTM
xap,30,0.005021665731410839,retired,Ac^ --> Ac^^,BLSTM
xap,31,0.005004328597666632,retired,Ac^ --> Ac^^,BLSTM
xap,32,0.004562723059400749,retired,Ac^ --> Ac^^,BLSTM
yoko,1,0.8912349334029411,retired,Ac^ --> Ac^^,BLSTM
yoko,2,0.9845048693744796,retired,Ac^ --> Ac^^,BLSTM
yoko,3,0.9880203251781929,retired,Ac^ --> Ac^^,BLSTM
yoko,4,0.9886492363216097,retired,Ac^ --> Ac^^,BLSTM
yoko,5,0.9887823977971864,retired,Ac^ --> Ac^^,BLSTM
yoko,6,0.9887688071019081,retired,Ac^ --> Ac^^,BLSTM
yoko,7,0.98886852604721,retired,Ac^ --> Ac^^,BLSTM
yoko,8,0.9889276147447237,retired,Ac^ --> Ac^^,BLSTM
yoko,9,0.9889812543437546,retired,Ac^ --> Ac^^,BLSTM
yoko,10,0.9890203828643106,retired,Ac^ --> Ac^^,BLSTM
yoko,11,0.989020970092105,retired,Ac^ --> Ac^^,BLSTM
yoko,12,0.9890101800782712,retired,Ac^ --> Ac^^,BLSTM
yoko,13,0.9889426369387074,retired,Ac^ --> Ac^^,BLSTM
yoko,14,0.9889923578441687,retired,Ac^ --> Ac^^,BLSTM
yoko,15,0.9890055965990143,retired,Ac^ --> Ac^^,BLSTM
yoko,16,0.9890390880667576,retired,Ac^ --> Ac^^,BLSTM
yoko,17,0.9890347247461388,retired,Ac^ --> Ac^^,BLSTM
yoko,18,0.9890308445632191,retired,Ac^ --> Ac^^,BLSTM
yoko,19,0.9889717477343338,retired,Ac^ --> Ac^^,BLSTM
yoko,20,0.9889408843680375,retired,Ac^ --> Ac^^,BLSTM
yoko,21,0.9888274832989256,retired,Ac^ --> Ac^^,BLSTM
yoko,22,0.9038375974473094,retired,Ac^ --> Ac^^,BLSTM
zeppelin,1,0.9017356679342046,graduated,Ac^ --> Ac^^,BLSTM
zeppelin,2,0.9869298192517213,graduated,Ac^ --> Ac^^,BLSTM
zeppelin,3,0.9882892697764315,graduated,Ac^ --> Ac^^,BLSTM
zeppelin,4,0.9886887039768989,graduated,Ac^ --> Ac^^,BLSTM
zeppelin,5,0.9884682689960641,graduated,Ac^ --> Ac^^,BLSTM
zeppelin,6,0.9883228129621984,graduated,Ac^ --> Ac^^,BLSTM
zeppelin,7,0.9883941688332271,graduated,Ac^ --> Ac^^,BLSTM
zeppelin,8,0.9884241418833084,graduated,Ac^ --> Ac^^,BLSTM
zeppelin,9,0.9883543277655957,graduated,Ac^ --> Ac^^,BLSTM
zeppelin,10,0.9882838599114223,graduated,Ac^ --> Ac^^,BLSTM
zeppelin,11,0.98836225545631,graduated,Ac^ --> Ac^^,BLSTM
zeppelin,12,0.9884189792123993,graduated,Ac^ --> Ac^^,BLSTM
zeppelin,13,0.9884917771170677,graduated,Ac^ --> Ac^^,BLSTM
zeppelin,14,0.9885235129367046,graduated,Ac^ --> Ac^^,BLSTM
zeppelin,15,0.9884307835479492,graduated,Ac^ --> Ac^^,BLSTM
zeppelin,16,0.9033434140284206,graduated,Ac^ --> Ac^^,BLSTM
zeta,1,0.9024809288107465,retired,Ac^ --> Ac^^,BLSTM
zeta,2,0.9887651687181593,retired,Ac^ --> Ac^^,BLSTM
zeta,3,0.9885554054236609,retired,Ac^ --> Ac^^,BLSTM
zeta,4,0.9886786672426379,retired,Ac^ --> Ac^^,BLSTM
zeta,5,0.9887829555210554,retired,Ac^ --> Ac^^,BLSTM
zeta,6,0.988674231550328,retired,Ac^ --> Ac^^,BLSTM
zeta,7,0.9885673683240844,retired,Ac^ --> Ac^^,BLSTM
zeta,8,0.9885535241773149,retired,Ac^ --> Ac^^,BLSTM
zeta,9,0.9884413768736581,retired,Ac^ --> Ac^^,BLSTM
zeta,10,0.9883333981004848,retired,Ac^ --> Ac^^,BLSTM
zeta,11,0.9882458458559457,retired,Ac^ --> Ac^^,BLSTM
zeta,12,0.9881910832230525,retired,Ac^ --> Ac^^,BLSTM
zeta,13,0.9880532749324333,retired,Ac^ --> Ac^^,BLSTM
zeta,14,0.9879409940577878,retired,Ac^ --> Ac^^,BLSTM
zeta,15,0.9878618413424473,retired,Ac^ --> Ac^^,BLSTM
zeta,16,0.9879904022030311,retired,Ac^ --> Ac^^,BLSTM
zeta,17,0.9877988640223547,retired,Ac^ --> Ac^^,BLSTM
zeta,18,0.9878363990708752,retired,Ac^ --> Ac^^,BLSTM
zeta,19,0.9874981594095626,retired,Ac^ --> Ac^^,BLSTM
zeta,20,0.9872550345546787,retired,Ac^ --> Ac^^,BLSTM
zeta,21,0.9015657878776315,retired,Ac^ --> Ac^^,BLSTM
zeta,22,0.08932170072018283,retired,Ac^ --> Ac^^,BLSTM
zipkin,1,0.8720971872197562,retired,Ac^ --> Ac^^,BLSTM
zipkin,2,0.7991448387325988,retired,Ac^ --> Ac^^,BLSTM
zipkin,3,0.9653027534259464,retired,Ac^ --> Ac^^,BLSTM
zipkin,4,0.9849207873465068,retired,Ac^ --> Ac^^,BLSTM
zipkin,5,0.9864445248580086,retired,Ac^ --> Ac^^,BLSTM
zipkin,6,0.9872839779575178,retired,Ac^ --> Ac^^,BLSTM
zipkin,7,0.9878605609798674,retired,Ac^ --> Ac^^,BLSTM
zipkin,8,0.9880347480378203,retired,Ac^ --> Ac^^,BLSTM
zipkin,9,0.9028714405601418,retired,Ac^ --> Ac^^,BLSTM
