project,month,prediction,target,train_strategy,model_arch
AJDT - AspectJ Development Tools Project,1,0.6402981062978653,retired,Ec^ --> Ec^^,DLSTM
AJDT - AspectJ Development Tools Project,2,0.7017330985880115,retired,Ec^ --> Ec^^,DLSTM
AJDT - AspectJ Development Tools Project,3,0.6979019642247124,retired,Ec^ --> Ec^^,DLSTM
AJDT - AspectJ Development Tools Project,4,0.6985551655359649,retired,Ec^ --> Ec^^,DLSTM
AJDT - AspectJ Development Tools Project,5,0.7000893528414974,retired,Ec^ --> Ec^^,DLSTM
AJDT - AspectJ Development Tools Project,6,0.7056458575603289,retired,Ec^ --> Ec^^,DLSTM
AJDT - AspectJ Development Tools Project,7,0.6999462414978858,retired,Ec^ --> Ec^^,DLSTM
AJDT - AspectJ Development Tools Project,8,0.7051952630081322,retired,Ec^ --> Ec^^,DLSTM
AJDT - AspectJ Development Tools Project,9,0.6982081884991863,retired,Ec^ --> Ec^^,DLSTM
AJDT - AspectJ Development Tools Project,10,0.7020128893289055,retired,Ec^ --> Ec^^,DLSTM
AJDT - AspectJ Development Tools Project,11,0.6985560049502173,retired,Ec^ --> Ec^^,DLSTM
AJDT - AspectJ Development Tools Project,12,0.6977519748405512,retired,Ec^ --> Ec^^,DLSTM
AJDT - AspectJ Development Tools Project,13,0.6940264845719843,retired,Ec^ --> Ec^^,DLSTM
AJDT - AspectJ Development Tools Project,14,0.6941357556448741,retired,Ec^ --> Ec^^,DLSTM
AJDT - AspectJ Development Tools Project,15,0.6952902859655905,retired,Ec^ --> Ec^^,DLSTM
AJDT - AspectJ Development Tools Project,16,0.6963486255131337,retired,Ec^ --> Ec^^,DLSTM
AJDT - AspectJ Development Tools Project,17,0.6900536322164863,retired,Ec^ --> Ec^^,DLSTM
AJDT - AspectJ Development Tools Project,18,0.6911885179184266,retired,Ec^ --> Ec^^,DLSTM
AJDT - AspectJ Development Tools Project,19,0.6921681525501726,retired,Ec^ --> Ec^^,DLSTM
AJDT - AspectJ Development Tools Project,20,0.6928578241640865,retired,Ec^ --> Ec^^,DLSTM
AJDT - AspectJ Development Tools Project,21,0.6900435663647747,retired,Ec^ --> Ec^^,DLSTM
AJDT - AspectJ Development Tools Project,22,0.6915396898486871,retired,Ec^ --> Ec^^,DLSTM
AJDT - AspectJ Development Tools Project,23,0.6923096097170427,retired,Ec^ --> Ec^^,DLSTM
AJDT - AspectJ Development Tools Project,24,0.6908513437429102,retired,Ec^ --> Ec^^,DLSTM
AJDT - AspectJ Development Tools Project,25,0.6895018663920682,retired,Ec^ --> Ec^^,DLSTM
AJDT - AspectJ Development Tools Project,26,0.6879962153598217,retired,Ec^ --> Ec^^,DLSTM
AJDT - AspectJ Development Tools Project,27,0.6894171978127162,retired,Ec^ --> Ec^^,DLSTM
AJDT - AspectJ Development Tools Project,28,0.6906844921742517,retired,Ec^ --> Ec^^,DLSTM
AJDT - AspectJ Development Tools Project,29,0.6923452910153923,retired,Ec^ --> Ec^^,DLSTM
AJDT - AspectJ Development Tools Project,30,0.6916356197889324,retired,Ec^ --> Ec^^,DLSTM
AJDT - AspectJ Development Tools Project,31,0.6920374956125457,retired,Ec^ --> Ec^^,DLSTM
AJDT - AspectJ Development Tools Project,32,0.6916730727071018,retired,Ec^ --> Ec^^,DLSTM
AJDT - AspectJ Development Tools Project,33,0.6930219548168584,retired,Ec^ --> Ec^^,DLSTM
AJDT - AspectJ Development Tools Project,34,0.6900563223178224,retired,Ec^ --> Ec^^,DLSTM
AJDT - AspectJ Development Tools Project,35,0.6927576120225823,retired,Ec^ --> Ec^^,DLSTM
AJDT - AspectJ Development Tools Project,36,0.6938785509342728,retired,Ec^ --> Ec^^,DLSTM
AJDT - AspectJ Development Tools Project,37,0.6946364886875174,retired,Ec^ --> Ec^^,DLSTM
AJDT - AspectJ Development Tools Project,38,0.6923133417904817,retired,Ec^ --> Ec^^,DLSTM
AJDT - AspectJ Development Tools Project,39,0.6946718512625216,retired,Ec^ --> Ec^^,DLSTM
AJDT - AspectJ Development Tools Project,40,0.694207542105585,retired,Ec^ --> Ec^^,DLSTM
AJDT - AspectJ Development Tools Project,41,0.6931719935628035,retired,Ec^ --> Ec^^,DLSTM
AJDT - AspectJ Development Tools Project,42,0.6925894176753549,retired,Ec^ --> Ec^^,DLSTM
AJDT - AspectJ Development Tools Project,43,0.6935748068468868,retired,Ec^ --> Ec^^,DLSTM
AJDT - AspectJ Development Tools Project,44,0.6922235240049428,retired,Ec^ --> Ec^^,DLSTM
AJDT - AspectJ Development Tools Project,45,0.6935973732970104,retired,Ec^ --> Ec^^,DLSTM
AJDT - AspectJ Development Tools Project,46,0.6916874730119839,retired,Ec^ --> Ec^^,DLSTM
AJDT - AspectJ Development Tools Project,47,0.6936416456995697,retired,Ec^ --> Ec^^,DLSTM
AJDT - AspectJ Development Tools Project,48,0.693411365842645,retired,Ec^ --> Ec^^,DLSTM
AJDT - AspectJ Development Tools Project,49,0.6931582863559418,retired,Ec^ --> Ec^^,DLSTM
AJDT - AspectJ Development Tools Project,50,0.6927749552999732,retired,Ec^ --> Ec^^,DLSTM
AJDT - AspectJ Development Tools Project,51,0.6933376493140124,retired,Ec^ --> Ec^^,DLSTM
AJDT - AspectJ Development Tools Project,52,0.6927722869126381,retired,Ec^ --> Ec^^,DLSTM
AJDT - AspectJ Development Tools Project,53,0.6934464130884095,retired,Ec^ --> Ec^^,DLSTM
AJDT - AspectJ Development Tools Project,54,0.6929431523540586,retired,Ec^ --> Ec^^,DLSTM
AJDT - AspectJ Development Tools Project,55,0.693665689174135,retired,Ec^ --> Ec^^,DLSTM
AJDT - AspectJ Development Tools Project,56,0.69453534029575,retired,Ec^ --> Ec^^,DLSTM
AJDT - AspectJ Development Tools Project,57,0.6932414222625797,retired,Ec^ --> Ec^^,DLSTM
AJDT - AspectJ Development Tools Project,58,0.6934846286087771,retired,Ec^ --> Ec^^,DLSTM
AJDT - AspectJ Development Tools Project,59,0.694093764877402,retired,Ec^ --> Ec^^,DLSTM
AJDT - AspectJ Development Tools Project,60,0.6921884048510285,retired,Ec^ --> Ec^^,DLSTM
AJDT - AspectJ Development Tools Project,61,0.6939776724446084,retired,Ec^ --> Ec^^,DLSTM
AJDT - AspectJ Development Tools Project,62,0.6940642140533988,retired,Ec^ --> Ec^^,DLSTM
AJDT - AspectJ Development Tools Project,63,0.6931413983343685,retired,Ec^ --> Ec^^,DLSTM
AJDT - AspectJ Development Tools Project,64,0.6947886728178748,retired,Ec^ --> Ec^^,DLSTM
AJDT - AspectJ Development Tools Project,65,0.6940513304969425,retired,Ec^ --> Ec^^,DLSTM
AJDT - AspectJ Development Tools Project,66,0.6939071610496415,retired,Ec^ --> Ec^^,DLSTM
AJDT - AspectJ Development Tools Project,67,0.6945340276651016,retired,Ec^ --> Ec^^,DLSTM
AJDT - AspectJ Development Tools Project,68,0.6939677432755049,retired,Ec^ --> Ec^^,DLSTM
AJDT - AspectJ Development Tools Project,69,0.6952740672904777,retired,Ec^ --> Ec^^,DLSTM
AJDT - AspectJ Development Tools Project,70,0.6946289255146224,retired,Ec^ --> Ec^^,DLSTM
AJDT - AspectJ Development Tools Project,71,0.6944747486900478,retired,Ec^ --> Ec^^,DLSTM
AJDT - AspectJ Development Tools Project,72,0.6949669030287478,retired,Ec^ --> Ec^^,DLSTM
AJDT - AspectJ Development Tools Project,73,0.6955741643782168,retired,Ec^ --> Ec^^,DLSTM
AJDT - AspectJ Development Tools Project,74,0.6938093214269095,retired,Ec^ --> Ec^^,DLSTM
AJDT - AspectJ Development Tools Project,75,0.6951658869231224,retired,Ec^ --> Ec^^,DLSTM
AJDT - AspectJ Development Tools Project,76,0.6933767116668582,retired,Ec^ --> Ec^^,DLSTM
AJDT - AspectJ Development Tools Project,77,0.6952262389857156,retired,Ec^ --> Ec^^,DLSTM
AJDT - AspectJ Development Tools Project,78,0.6932808427133679,retired,Ec^ --> Ec^^,DLSTM
AJDT - AspectJ Development Tools Project,79,0.6937782242062566,retired,Ec^ --> Ec^^,DLSTM
AJDT - AspectJ Development Tools Project,80,0.6950431034008911,retired,Ec^ --> Ec^^,DLSTM
AJDT - AspectJ Development Tools Project,81,0.6950287255734293,retired,Ec^ --> Ec^^,DLSTM
AJDT - AspectJ Development Tools Project,82,0.6940971655661436,retired,Ec^ --> Ec^^,DLSTM
AJDT - AspectJ Development Tools Project,83,0.6949904821556693,retired,Ec^ --> Ec^^,DLSTM
AJDT - AspectJ Development Tools Project,84,0.6937946966357256,retired,Ec^ --> Ec^^,DLSTM
AJDT - AspectJ Development Tools Project,85,0.6951338660606038,retired,Ec^ --> Ec^^,DLSTM
AJDT - AspectJ Development Tools Project,86,0.6926781713522369,retired,Ec^ --> Ec^^,DLSTM
AJDT - AspectJ Development Tools Project,87,0.6942271021725139,retired,Ec^ --> Ec^^,DLSTM
AJDT - AspectJ Development Tools Project,88,0.6955609930807217,retired,Ec^ --> Ec^^,DLSTM
AJDT - AspectJ Development Tools Project,89,0.6948236804901612,retired,Ec^ --> Ec^^,DLSTM
AJDT - AspectJ Development Tools Project,90,0.6946178882689958,retired,Ec^ --> Ec^^,DLSTM
AJDT - AspectJ Development Tools Project,91,0.6954416126900651,retired,Ec^ --> Ec^^,DLSTM
AJDT - AspectJ Development Tools Project,92,0.6940438753130508,retired,Ec^ --> Ec^^,DLSTM
AJDT - AspectJ Development Tools Project,93,0.6950570580067901,retired,Ec^ --> Ec^^,DLSTM
AJDT - AspectJ Development Tools Project,94,0.692740849701753,retired,Ec^ --> Ec^^,DLSTM
AJDT - AspectJ Development Tools Project,95,0.6935977993692124,retired,Ec^ --> Ec^^,DLSTM
AJDT - AspectJ Development Tools Project,96,0.6958594098355955,retired,Ec^ --> Ec^^,DLSTM
AJDT - AspectJ Development Tools Project,97,0.6954169955044865,retired,Ec^ --> Ec^^,DLSTM
AJDT - AspectJ Development Tools Project,98,0.6950964827155656,retired,Ec^ --> Ec^^,DLSTM
AJDT - AspectJ Development Tools Project,99,0.6955615739024394,retired,Ec^ --> Ec^^,DLSTM
AJDT - AspectJ Development Tools Project,100,0.6950552658198812,retired,Ec^ --> Ec^^,DLSTM
AJDT - AspectJ Development Tools Project,101,0.6959648681536057,retired,Ec^ --> Ec^^,DLSTM
AJDT - AspectJ Development Tools Project,102,0.6937775527478371,retired,Ec^ --> Ec^^,DLSTM
AJDT - AspectJ Development Tools Project,103,0.6946613074972364,retired,Ec^ --> Ec^^,DLSTM
AJDT - AspectJ Development Tools Project,104,0.6960045302391255,retired,Ec^ --> Ec^^,DLSTM
AJDT - AspectJ Development Tools Project,105,0.6961720076458652,retired,Ec^ --> Ec^^,DLSTM
AJDT - AspectJ Development Tools Project,106,0.6958658856503613,retired,Ec^ --> Ec^^,DLSTM
AJDT - AspectJ Development Tools Project,107,0.6964318946018669,retired,Ec^ --> Ec^^,DLSTM
AJDT - AspectJ Development Tools Project,108,0.6960161970877216,retired,Ec^ --> Ec^^,DLSTM
AJDT - AspectJ Development Tools Project,109,0.6967235702111549,retired,Ec^ --> Ec^^,DLSTM
AJDT - AspectJ Development Tools Project,110,0.694583986166119,retired,Ec^ --> Ec^^,DLSTM
AJDT - AspectJ Development Tools Project,111,0.6952849897874885,retired,Ec^ --> Ec^^,DLSTM
AJDT - AspectJ Development Tools Project,112,0.696953273884302,retired,Ec^ --> Ec^^,DLSTM
AJDT - AspectJ Development Tools Project,113,0.6971146468645282,retired,Ec^ --> Ec^^,DLSTM
AJDT - AspectJ Development Tools Project,114,0.6966135273704279,retired,Ec^ --> Ec^^,DLSTM
AJDT - AspectJ Development Tools Project,115,0.6975092613485206,retired,Ec^ --> Ec^^,DLSTM
AJDT - AspectJ Development Tools Project,116,0.6972568736987078,retired,Ec^ --> Ec^^,DLSTM
AJDT - AspectJ Development Tools Project,117,0.6979966243636188,retired,Ec^ --> Ec^^,DLSTM
AJDT - AspectJ Development Tools Project,118,0.696105186428483,retired,Ec^ --> Ec^^,DLSTM
AJDT - AspectJ Development Tools Project,119,0.6967785471385255,retired,Ec^ --> Ec^^,DLSTM
AJDT - AspectJ Development Tools Project,120,0.6982714714755367,retired,Ec^ --> Ec^^,DLSTM
AJDT - AspectJ Development Tools Project,121,0.6977706693337071,retired,Ec^ --> Ec^^,DLSTM
AJDT - AspectJ Development Tools Project,122,0.6977644709631172,retired,Ec^ --> Ec^^,DLSTM
AJDT - AspectJ Development Tools Project,123,0.6985425359661315,retired,Ec^ --> Ec^^,DLSTM
AJDT - AspectJ Development Tools Project,124,0.6981665081502306,retired,Ec^ --> Ec^^,DLSTM
AJDT - AspectJ Development Tools Project,125,0.6986212588896904,retired,Ec^ --> Ec^^,DLSTM
AJDT - AspectJ Development Tools Project,126,0.6961669818115215,retired,Ec^ --> Ec^^,DLSTM
AJDT - AspectJ Development Tools Project,127,0.6970505463356774,retired,Ec^ --> Ec^^,DLSTM
AJDT - AspectJ Development Tools Project,128,0.6982502786579969,retired,Ec^ --> Ec^^,DLSTM
AJDT - AspectJ Development Tools Project,129,0.697785306688689,retired,Ec^ --> Ec^^,DLSTM
AJDT - AspectJ Development Tools Project,130,0.6974769721803011,retired,Ec^ --> Ec^^,DLSTM
AJDT - AspectJ Development Tools Project,131,0.6986632953158224,retired,Ec^ --> Ec^^,DLSTM
AJDT - AspectJ Development Tools Project,132,0.6982135997590956,retired,Ec^ --> Ec^^,DLSTM
AJDT - AspectJ Development Tools Project,133,0.698044859781553,retired,Ec^ --> Ec^^,DLSTM
AJDT - AspectJ Development Tools Project,134,0.6965362070293478,retired,Ec^ --> Ec^^,DLSTM
AJDT - AspectJ Development Tools Project,135,0.6972926634507035,retired,Ec^ --> Ec^^,DLSTM
AJDT - AspectJ Development Tools Project,136,0.6983708111737524,retired,Ec^ --> Ec^^,DLSTM
AJDT - AspectJ Development Tools Project,137,0.6980960428138632,retired,Ec^ --> Ec^^,DLSTM
AJDT - AspectJ Development Tools Project,138,0.6979695375367352,retired,Ec^ --> Ec^^,DLSTM
AJDT - AspectJ Development Tools Project,139,0.6990631497581161,retired,Ec^ --> Ec^^,DLSTM
AJDT - AspectJ Development Tools Project,140,0.6986711979593705,retired,Ec^ --> Ec^^,DLSTM
AJDT - AspectJ Development Tools Project,141,0.6986733434693025,retired,Ec^ --> Ec^^,DLSTM
AJDT - AspectJ Development Tools Project,142,0.6969160094581861,retired,Ec^ --> Ec^^,DLSTM
AJDT - AspectJ Development Tools Project,143,0.6981180482990414,retired,Ec^ --> Ec^^,DLSTM
AJDT - AspectJ Development Tools Project,144,0.6988325720281539,retired,Ec^ --> Ec^^,DLSTM
AJDT - AspectJ Development Tools Project,145,0.6989769050143062,retired,Ec^ --> Ec^^,DLSTM
AJDT - AspectJ Development Tools Project,146,0.6988368031186747,retired,Ec^ --> Ec^^,DLSTM
AJDT - AspectJ Development Tools Project,147,0.6998697424491452,retired,Ec^ --> Ec^^,DLSTM
AJDT - AspectJ Development Tools Project,148,0.6994306702368247,retired,Ec^ --> Ec^^,DLSTM
AJDT - AspectJ Development Tools Project,149,0.6992658877927508,retired,Ec^ --> Ec^^,DLSTM
AJDT - AspectJ Development Tools Project,150,0.6978075850110614,retired,Ec^ --> Ec^^,DLSTM
AJDT - AspectJ Development Tools Project,151,0.6987303650581351,retired,Ec^ --> Ec^^,DLSTM
AJDT - AspectJ Development Tools Project,152,0.6995955235143342,retired,Ec^ --> Ec^^,DLSTM
AJDT - AspectJ Development Tools Project,153,0.6998129342607855,retired,Ec^ --> Ec^^,DLSTM
AJDT - AspectJ Development Tools Project,154,0.6997112208430409,retired,Ec^ --> Ec^^,DLSTM
AJDT - AspectJ Development Tools Project,155,0.7007130146229253,retired,Ec^ --> Ec^^,DLSTM
AJDT - AspectJ Development Tools Project,156,0.7003202955860961,retired,Ec^ --> Ec^^,DLSTM
AJDT - AspectJ Development Tools Project,157,0.6998761013591355,retired,Ec^ --> Ec^^,DLSTM
AJDT - AspectJ Development Tools Project,158,0.6989218878757328,retired,Ec^ --> Ec^^,DLSTM
AJDT - AspectJ Development Tools Project,159,0.6998306771144825,retired,Ec^ --> Ec^^,DLSTM
AJDT - AspectJ Development Tools Project,160,0.7006778040879437,retired,Ec^ --> Ec^^,DLSTM
AJDT - AspectJ Development Tools Project,161,0.7008828107164417,retired,Ec^ --> Ec^^,DLSTM
AJDT - AspectJ Development Tools Project,162,0.7006924850697225,retired,Ec^ --> Ec^^,DLSTM
AJDT - AspectJ Development Tools Project,163,0.7012828077416906,retired,Ec^ --> Ec^^,DLSTM
AJDT - AspectJ Development Tools Project,164,0.7011364740783528,retired,Ec^ --> Ec^^,DLSTM
AJDT - AspectJ Development Tools Project,165,0.7005430995645725,retired,Ec^ --> Ec^^,DLSTM
AJDT - AspectJ Development Tools Project,166,0.7000060396340867,retired,Ec^ --> Ec^^,DLSTM
AJDT - AspectJ Development Tools Project,167,0.7004743231612326,retired,Ec^ --> Ec^^,DLSTM
AJDT - AspectJ Development Tools Project,168,0.7011769772139853,retired,Ec^ --> Ec^^,DLSTM
AJDT - AspectJ Development Tools Project,169,0.7011911436755308,retired,Ec^ --> Ec^^,DLSTM
AJDT - AspectJ Development Tools Project,170,0.701244278735208,retired,Ec^ --> Ec^^,DLSTM
AJDT - AspectJ Development Tools Project,171,0.7019441807571848,retired,Ec^ --> Ec^^,DLSTM
AJDT - AspectJ Development Tools Project,172,0.7015654088873371,retired,Ec^ --> Ec^^,DLSTM
AJDT - AspectJ Development Tools Project,173,0.701050102052315,retired,Ec^ --> Ec^^,DLSTM
AJDT - AspectJ Development Tools Project,174,0.7002670535387973,retired,Ec^ --> Ec^^,DLSTM
AJDT - AspectJ Development Tools Project,175,0.7005970452649759,retired,Ec^ --> Ec^^,DLSTM
AJDT - AspectJ Development Tools Project,176,0.7011869022937565,retired,Ec^ --> Ec^^,DLSTM
AJDT - AspectJ Development Tools Project,177,0.7012186078732163,retired,Ec^ --> Ec^^,DLSTM
AJDT - AspectJ Development Tools Project,178,0.701253868915075,retired,Ec^ --> Ec^^,DLSTM
AJDT - AspectJ Development Tools Project,179,0.6416295896291927,retired,Ec^ --> Ec^^,DLSTM
ATL,1,0.6307638358743386,graduated,Ec^ --> Ec^^,DLSTM
ATL,2,0.6911454565494981,graduated,Ec^ --> Ec^^,DLSTM
ATL,3,0.690724895120214,graduated,Ec^ --> Ec^^,DLSTM
ATL,4,0.691482842684213,graduated,Ec^ --> Ec^^,DLSTM
ATL,5,0.6903189417497999,graduated,Ec^ --> Ec^^,DLSTM
ATL,6,0.690257630076849,graduated,Ec^ --> Ec^^,DLSTM
ATL,7,0.6908799557355284,graduated,Ec^ --> Ec^^,DLSTM
ATL,8,0.6906515059677059,graduated,Ec^ --> Ec^^,DLSTM
ATL,9,0.6926931538003246,graduated,Ec^ --> Ec^^,DLSTM
ATL,10,0.6949227688312664,graduated,Ec^ --> Ec^^,DLSTM
ATL,11,0.696262685541466,graduated,Ec^ --> Ec^^,DLSTM
ATL,12,0.697209771618794,graduated,Ec^ --> Ec^^,DLSTM
ATL,13,0.6979444695537753,graduated,Ec^ --> Ec^^,DLSTM
ATL,14,0.6987557243057949,graduated,Ec^ --> Ec^^,DLSTM
ATL,15,0.6993562498798749,graduated,Ec^ --> Ec^^,DLSTM
ATL,16,0.699697129976898,graduated,Ec^ --> Ec^^,DLSTM
ATL,17,0.7017288414839488,graduated,Ec^ --> Ec^^,DLSTM
ATL,18,0.7030899417596526,graduated,Ec^ --> Ec^^,DLSTM
ATL,19,0.7035034489142131,graduated,Ec^ --> Ec^^,DLSTM
ATL,20,0.7048459508064446,graduated,Ec^ --> Ec^^,DLSTM
ATL,21,0.6439689865444936,graduated,Ec^ --> Ec^^,DLSTM
Acceleo,1,0.6231658527387142,graduated,Ec^ --> Ec^^,DLSTM
Acceleo,2,0.6893400747924802,graduated,Ec^ --> Ec^^,DLSTM
Acceleo,3,0.6870602333451601,graduated,Ec^ --> Ec^^,DLSTM
Acceleo,4,0.6923323788447888,graduated,Ec^ --> Ec^^,DLSTM
Acceleo,5,0.6921345114122153,graduated,Ec^ --> Ec^^,DLSTM
Acceleo,6,0.6925259272285916,graduated,Ec^ --> Ec^^,DLSTM
Acceleo,7,0.6895499045927618,graduated,Ec^ --> Ec^^,DLSTM
Acceleo,8,0.6883170645561364,graduated,Ec^ --> Ec^^,DLSTM
Acceleo,9,0.687824839098602,graduated,Ec^ --> Ec^^,DLSTM
Acceleo,10,0.6940183421970282,graduated,Ec^ --> Ec^^,DLSTM
Acceleo,11,0.6924465723576968,graduated,Ec^ --> Ec^^,DLSTM
Acceleo,12,0.631765213241964,graduated,Ec^ --> Ec^^,DLSTM
Accessibility Tools Framework,1,0.6435957876940733,graduated,Ec^ --> Ec^^,DLSTM
Accessibility Tools Framework,2,0.7019054999908615,graduated,Ec^ --> Ec^^,DLSTM
Accessibility Tools Framework,3,0.7102342734843772,graduated,Ec^ --> Ec^^,DLSTM
Accessibility Tools Framework,4,0.7081119383955212,graduated,Ec^ --> Ec^^,DLSTM
Accessibility Tools Framework,5,0.7097794362046848,graduated,Ec^ --> Ec^^,DLSTM
Accessibility Tools Framework,6,0.7101629787492277,graduated,Ec^ --> Ec^^,DLSTM
Accessibility Tools Framework,7,0.7104927216401183,graduated,Ec^ --> Ec^^,DLSTM
Accessibility Tools Framework,8,0.709433840754249,graduated,Ec^ --> Ec^^,DLSTM
Accessibility Tools Framework,9,0.7058673028971945,graduated,Ec^ --> Ec^^,DLSTM
Accessibility Tools Framework,10,0.7040470268992965,graduated,Ec^ --> Ec^^,DLSTM
Accessibility Tools Framework,11,0.7053491594328773,graduated,Ec^ --> Ec^^,DLSTM
Accessibility Tools Framework,12,0.7061737927249058,graduated,Ec^ --> Ec^^,DLSTM
Accessibility Tools Framework,13,0.7073222992648452,graduated,Ec^ --> Ec^^,DLSTM
Accessibility Tools Framework,14,0.7062195946244805,graduated,Ec^ --> Ec^^,DLSTM
Accessibility Tools Framework,15,0.7065433361252493,graduated,Ec^ --> Ec^^,DLSTM
Accessibility Tools Framework,16,0.7064358366052799,graduated,Ec^ --> Ec^^,DLSTM
Accessibility Tools Framework,17,0.699201122762436,graduated,Ec^ --> Ec^^,DLSTM
Accessibility Tools Framework,18,0.6968820988664867,graduated,Ec^ --> Ec^^,DLSTM
Accessibility Tools Framework,19,0.7013448366725586,graduated,Ec^ --> Ec^^,DLSTM
Accessibility Tools Framework,20,0.701953698635085,graduated,Ec^ --> Ec^^,DLSTM
Accessibility Tools Framework,21,0.7029785971381838,graduated,Ec^ --> Ec^^,DLSTM
Accessibility Tools Framework,22,0.7022822451932814,graduated,Ec^ --> Ec^^,DLSTM
Accessibility Tools Framework,23,0.7029906673760634,graduated,Ec^ --> Ec^^,DLSTM
Accessibility Tools Framework,24,0.7005975608458354,graduated,Ec^ --> Ec^^,DLSTM
Accessibility Tools Framework,25,0.6976729074772795,graduated,Ec^ --> Ec^^,DLSTM
Accessibility Tools Framework,26,0.6966031053080743,graduated,Ec^ --> Ec^^,DLSTM
Accessibility Tools Framework,27,0.6990536142029876,graduated,Ec^ --> Ec^^,DLSTM
Accessibility Tools Framework,28,0.7012401937506236,graduated,Ec^ --> Ec^^,DLSTM
Accessibility Tools Framework,29,0.7010132169471401,graduated,Ec^ --> Ec^^,DLSTM
Accessibility Tools Framework,30,0.7004012972376028,graduated,Ec^ --> Ec^^,DLSTM
Accessibility Tools Framework,31,0.69774863890401,graduated,Ec^ --> Ec^^,DLSTM
Accessibility Tools Framework,32,0.6995251037697616,graduated,Ec^ --> Ec^^,DLSTM
Accessibility Tools Framework,33,0.6977655307050045,graduated,Ec^ --> Ec^^,DLSTM
Accessibility Tools Framework,34,0.6974393722116113,graduated,Ec^ --> Ec^^,DLSTM
Accessibility Tools Framework,35,0.699510632400989,graduated,Ec^ --> Ec^^,DLSTM
Accessibility Tools Framework,36,0.7013449786693534,graduated,Ec^ --> Ec^^,DLSTM
Accessibility Tools Framework,37,0.7010147740963801,graduated,Ec^ --> Ec^^,DLSTM
Accessibility Tools Framework,38,0.7008874702570251,graduated,Ec^ --> Ec^^,DLSTM
Accessibility Tools Framework,39,0.699168943036351,graduated,Ec^ --> Ec^^,DLSTM
Accessibility Tools Framework,40,0.7008661288794042,graduated,Ec^ --> Ec^^,DLSTM
Accessibility Tools Framework,41,0.6998200778612084,graduated,Ec^ --> Ec^^,DLSTM
Accessibility Tools Framework,42,0.6990242680111836,graduated,Ec^ --> Ec^^,DLSTM
Accessibility Tools Framework,43,0.7002527146986018,graduated,Ec^ --> Ec^^,DLSTM
Accessibility Tools Framework,44,0.701551862772742,graduated,Ec^ --> Ec^^,DLSTM
Accessibility Tools Framework,45,0.6997068388407721,graduated,Ec^ --> Ec^^,DLSTM
Accessibility Tools Framework,46,0.7009335626157714,graduated,Ec^ --> Ec^^,DLSTM
Accessibility Tools Framework,47,0.6986225100960696,graduated,Ec^ --> Ec^^,DLSTM
Accessibility Tools Framework,48,0.7002823008550998,graduated,Ec^ --> Ec^^,DLSTM
Accessibility Tools Framework,49,0.6974302288920545,graduated,Ec^ --> Ec^^,DLSTM
Accessibility Tools Framework,50,0.6975410740902946,graduated,Ec^ --> Ec^^,DLSTM
Accessibility Tools Framework,51,0.6991088746810865,graduated,Ec^ --> Ec^^,DLSTM
Accessibility Tools Framework,52,0.6991342680508069,graduated,Ec^ --> Ec^^,DLSTM
Accessibility Tools Framework,53,0.6989123953422991,graduated,Ec^ --> Ec^^,DLSTM
Accessibility Tools Framework,54,0.6988095708754019,graduated,Ec^ --> Ec^^,DLSTM
Accessibility Tools Framework,55,0.6964362051871704,graduated,Ec^ --> Ec^^,DLSTM
Accessibility Tools Framework,56,0.6389536207728398,graduated,Ec^ --> Ec^^,DLSTM
Activation,1,0.6301379639555036,graduated,Ec^ --> Ec^^,DLSTM
Activation,2,0.686703811150394,graduated,Ec^ --> Ec^^,DLSTM
Activation,3,0.6867259862329572,graduated,Ec^ --> Ec^^,DLSTM
Activation,4,0.6866408181047172,graduated,Ec^ --> Ec^^,DLSTM
Activation,5,0.6845516125015635,graduated,Ec^ --> Ec^^,DLSTM
Activation,6,0.6833258078638184,graduated,Ec^ --> Ec^^,DLSTM
Activation,7,0.6834026743695603,graduated,Ec^ --> Ec^^,DLSTM
Activation,8,0.6853656098496813,graduated,Ec^ --> Ec^^,DLSTM
Activation,9,0.6878180134082457,graduated,Ec^ --> Ec^^,DLSTM
Activation,10,0.6913185987623093,graduated,Ec^ --> Ec^^,DLSTM
Activation,11,0.6954246738519211,graduated,Ec^ --> Ec^^,DLSTM
Activation,12,0.6943234323259333,graduated,Ec^ --> Ec^^,DLSTM
Activation,13,0.6947714346970726,graduated,Ec^ --> Ec^^,DLSTM
Activation,14,0.6964401287461255,graduated,Ec^ --> Ec^^,DLSTM
Activation,15,0.6971443186050369,graduated,Ec^ --> Ec^^,DLSTM
Activation,16,0.697910185971403,graduated,Ec^ --> Ec^^,DLSTM
Activation,17,0.7004498578272712,graduated,Ec^ --> Ec^^,DLSTM
Activation,18,0.7007194228083522,graduated,Ec^ --> Ec^^,DLSTM
Activation,19,0.7020845689485827,graduated,Ec^ --> Ec^^,DLSTM
Activation,20,0.702144081457503,graduated,Ec^ --> Ec^^,DLSTM
Activation,21,0.702717371655588,graduated,Ec^ --> Ec^^,DLSTM
Activation,22,0.7034657499025041,graduated,Ec^ --> Ec^^,DLSTM
Activation,23,0.7036004158353345,graduated,Ec^ --> Ec^^,DLSTM
Activation,24,0.7033718928286102,graduated,Ec^ --> Ec^^,DLSTM
Activation,25,0.7054397688137909,graduated,Ec^ --> Ec^^,DLSTM
Activation,26,0.704211292997741,graduated,Ec^ --> Ec^^,DLSTM
Activation,27,0.706871600769573,graduated,Ec^ --> Ec^^,DLSTM
Activation,28,0.7072081987822504,graduated,Ec^ --> Ec^^,DLSTM
Activation,29,0.6471811583898505,graduated,Ec^ --> Ec^^,DLSTM
Amalgam,1,0.6377001954384133,graduated,Ec^ --> Ec^^,DLSTM
Amalgam,2,0.6956068525581135,graduated,Ec^ --> Ec^^,DLSTM
Amalgam,3,0.6948544418267334,graduated,Ec^ --> Ec^^,DLSTM
Amalgam,4,0.6933603452736157,graduated,Ec^ --> Ec^^,DLSTM
Amalgam,5,0.6952661980539675,graduated,Ec^ --> Ec^^,DLSTM
Amalgam,6,0.6963835991085536,graduated,Ec^ --> Ec^^,DLSTM
Amalgam,7,0.6966437976447261,graduated,Ec^ --> Ec^^,DLSTM
Amalgam,8,0.6955928649427888,graduated,Ec^ --> Ec^^,DLSTM
Amalgam,9,0.6979615204432883,graduated,Ec^ --> Ec^^,DLSTM
Amalgam,10,0.697234846132354,graduated,Ec^ --> Ec^^,DLSTM
Amalgam,11,0.6970586017696344,graduated,Ec^ --> Ec^^,DLSTM
Amalgam,12,0.6980007035084428,graduated,Ec^ --> Ec^^,DLSTM
Amalgam,13,0.6988526825413945,graduated,Ec^ --> Ec^^,DLSTM
Amalgam,14,0.7007077233366534,graduated,Ec^ --> Ec^^,DLSTM
Amalgam,15,0.7004425083893566,graduated,Ec^ --> Ec^^,DLSTM
Amalgam,16,0.6994633978444663,graduated,Ec^ --> Ec^^,DLSTM
Amalgam,17,0.698335007042046,graduated,Ec^ --> Ec^^,DLSTM
Amalgam,18,0.699755358639825,graduated,Ec^ --> Ec^^,DLSTM
Amalgam,19,0.7001546273304526,graduated,Ec^ --> Ec^^,DLSTM
Amalgam,20,0.7013686814419982,graduated,Ec^ --> Ec^^,DLSTM
Amalgam,21,0.7015056469617758,graduated,Ec^ --> Ec^^,DLSTM
Amalgam,22,0.6415650047349178,graduated,Ec^ --> Ec^^,DLSTM
Angus,1,0.6342608450769702,graduated,Ec^ --> Ec^^,DLSTM
Angus,2,0.6894524876192182,graduated,Ec^ --> Ec^^,DLSTM
Angus,3,0.6907417085521923,graduated,Ec^ --> Ec^^,DLSTM
Angus,4,0.690895538102259,graduated,Ec^ --> Ec^^,DLSTM
Angus,5,0.6907127832681855,graduated,Ec^ --> Ec^^,DLSTM
Angus,6,0.6912219195496127,graduated,Ec^ --> Ec^^,DLSTM
Angus,7,0.6916519974060209,graduated,Ec^ --> Ec^^,DLSTM
Angus,8,0.6914548196403869,graduated,Ec^ --> Ec^^,DLSTM
Angus,9,0.6957083619807928,graduated,Ec^ --> Ec^^,DLSTM
Angus,10,0.6953161658071982,graduated,Ec^ --> Ec^^,DLSTM
Angus,11,0.6970175165936273,graduated,Ec^ --> Ec^^,DLSTM
Angus,12,0.698300281414739,graduated,Ec^ --> Ec^^,DLSTM
Angus,13,0.6992179772451487,graduated,Ec^ --> Ec^^,DLSTM
Angus,14,0.7006373850526937,graduated,Ec^ --> Ec^^,DLSTM
Angus,15,0.70326464498867,graduated,Ec^ --> Ec^^,DLSTM
Angus,16,0.7033876664170149,graduated,Ec^ --> Ec^^,DLSTM
Angus,17,0.645281012856995,graduated,Ec^ --> Ec^^,DLSTM
Annotations,1,0.6358959979723008,graduated,Ec^ --> Ec^^,DLSTM
Annotations,2,0.6935055517860529,graduated,Ec^ --> Ec^^,DLSTM
Annotations,3,0.69333345296867,graduated,Ec^ --> Ec^^,DLSTM
Annotations,4,0.6934697972139655,graduated,Ec^ --> Ec^^,DLSTM
Annotations,5,0.6946792877394002,graduated,Ec^ --> Ec^^,DLSTM
Annotations,6,0.6939447529132795,graduated,Ec^ --> Ec^^,DLSTM
Annotations,7,0.6951407587934539,graduated,Ec^ --> Ec^^,DLSTM
Annotations,8,0.6948072610954205,graduated,Ec^ --> Ec^^,DLSTM
Annotations,9,0.6976749025448906,graduated,Ec^ --> Ec^^,DLSTM
Annotations,10,0.6983275182520292,graduated,Ec^ --> Ec^^,DLSTM
Annotations,11,0.7000272119649646,graduated,Ec^ --> Ec^^,DLSTM
Annotations,12,0.7005176536061789,graduated,Ec^ --> Ec^^,DLSTM
Annotations,13,0.701948283593871,graduated,Ec^ --> Ec^^,DLSTM
Annotations,14,0.7036789893602522,graduated,Ec^ --> Ec^^,DLSTM
Annotations,15,0.7043898142839334,graduated,Ec^ --> Ec^^,DLSTM
Annotations,16,0.7056430050112266,graduated,Ec^ --> Ec^^,DLSTM
Annotations,17,0.7070578369635313,graduated,Ec^ --> Ec^^,DLSTM
Annotations,18,0.7071483559044998,graduated,Ec^ --> Ec^^,DLSTM
Annotations,19,0.7076182077082726,graduated,Ec^ --> Ec^^,DLSTM
Annotations,20,0.7079117428903773,graduated,Ec^ --> Ec^^,DLSTM
Annotations,21,0.7094853592804026,graduated,Ec^ --> Ec^^,DLSTM
Annotations,22,0.7106093702326235,graduated,Ec^ --> Ec^^,DLSTM
Annotations,23,0.7130370497374752,graduated,Ec^ --> Ec^^,DLSTM
Annotations,24,0.7117925733939234,graduated,Ec^ --> Ec^^,DLSTM
Annotations,25,0.7127071489545789,graduated,Ec^ --> Ec^^,DLSTM
Annotations,26,0.7123067453505181,graduated,Ec^ --> Ec^^,DLSTM
Annotations,27,0.7128399502481947,graduated,Ec^ --> Ec^^,DLSTM
Annotations,28,0.7128661708990187,graduated,Ec^ --> Ec^^,DLSTM
Annotations,29,0.7154189165037089,graduated,Ec^ --> Ec^^,DLSTM
Annotations,30,0.7152944742869135,graduated,Ec^ --> Ec^^,DLSTM
Annotations,31,0.7162931423282789,graduated,Ec^ --> Ec^^,DLSTM
Annotations,32,0.7156612041287385,graduated,Ec^ --> Ec^^,DLSTM
Annotations,33,0.7157757227851306,graduated,Ec^ --> Ec^^,DLSTM
Annotations,34,0.7152337389661483,graduated,Ec^ --> Ec^^,DLSTM
Annotations,35,0.6541616840065145,graduated,Ec^ --> Ec^^,DLSTM
AspectJ,1,0.6391034634173738,graduated,Ec^ --> Ec^^,DLSTM
AspectJ,2,0.698325203089511,graduated,Ec^ --> Ec^^,DLSTM
AspectJ,3,0.6992752030557381,graduated,Ec^ --> Ec^^,DLSTM
AspectJ,4,0.6956234603843513,graduated,Ec^ --> Ec^^,DLSTM
AspectJ,5,0.6994373605426859,graduated,Ec^ --> Ec^^,DLSTM
AspectJ,6,0.6941917048521071,graduated,Ec^ --> Ec^^,DLSTM
AspectJ,7,0.6960101084467458,graduated,Ec^ --> Ec^^,DLSTM
AspectJ,8,0.6961550851623612,graduated,Ec^ --> Ec^^,DLSTM
AspectJ,9,0.6957226825211954,graduated,Ec^ --> Ec^^,DLSTM
AspectJ,10,0.6983491233611286,graduated,Ec^ --> Ec^^,DLSTM
AspectJ,11,0.6985123626783808,graduated,Ec^ --> Ec^^,DLSTM
AspectJ,12,0.6963482091721083,graduated,Ec^ --> Ec^^,DLSTM
AspectJ,13,0.695128266755214,graduated,Ec^ --> Ec^^,DLSTM
AspectJ,14,0.6949027591530209,graduated,Ec^ --> Ec^^,DLSTM
AspectJ,15,0.6958940138652524,graduated,Ec^ --> Ec^^,DLSTM
AspectJ,16,0.6988225452038566,graduated,Ec^ --> Ec^^,DLSTM
AspectJ,17,0.6980889989627395,graduated,Ec^ --> Ec^^,DLSTM
AspectJ,18,0.6978737010374656,graduated,Ec^ --> Ec^^,DLSTM
AspectJ,19,0.6993711809036821,graduated,Ec^ --> Ec^^,DLSTM
AspectJ,20,0.6958539188684788,graduated,Ec^ --> Ec^^,DLSTM
AspectJ,21,0.6980289856105734,graduated,Ec^ --> Ec^^,DLSTM
AspectJ,22,0.6978712249042351,graduated,Ec^ --> Ec^^,DLSTM
AspectJ,23,0.636762223570496,graduated,Ec^ --> Ec^^,DLSTM
Authentication,1,0.6302608565314779,graduated,Ec^ --> Ec^^,DLSTM
Authentication,2,0.6898040006030686,graduated,Ec^ --> Ec^^,DLSTM
Authentication,3,0.6899215523791611,graduated,Ec^ --> Ec^^,DLSTM
Authentication,4,0.6904139621066292,graduated,Ec^ --> Ec^^,DLSTM
Authentication,5,0.6921878731854437,graduated,Ec^ --> Ec^^,DLSTM
Authentication,6,0.6916072779575916,graduated,Ec^ --> Ec^^,DLSTM
Authentication,7,0.6920603400440873,graduated,Ec^ --> Ec^^,DLSTM
Authentication,8,0.6904290589711138,graduated,Ec^ --> Ec^^,DLSTM
Authentication,9,0.693455149019922,graduated,Ec^ --> Ec^^,DLSTM
Authentication,10,0.6948561589752147,graduated,Ec^ --> Ec^^,DLSTM
Authentication,11,0.6966964713530686,graduated,Ec^ --> Ec^^,DLSTM
Authentication,12,0.6990478812642802,graduated,Ec^ --> Ec^^,DLSTM
Authentication,13,0.7002071804177863,graduated,Ec^ --> Ec^^,DLSTM
Authentication,14,0.7021615513666258,graduated,Ec^ --> Ec^^,DLSTM
Authentication,15,0.7031353759016915,graduated,Ec^ --> Ec^^,DLSTM
Authentication,16,0.7028795011957663,graduated,Ec^ --> Ec^^,DLSTM
Authentication,17,0.7042369564251197,graduated,Ec^ --> Ec^^,DLSTM
Authentication,18,0.7044718015663323,graduated,Ec^ --> Ec^^,DLSTM
Authentication,19,0.7056073004485433,graduated,Ec^ --> Ec^^,DLSTM
Authentication,20,0.7072387925675067,graduated,Ec^ --> Ec^^,DLSTM
Authentication,21,0.7087213783507862,graduated,Ec^ --> Ec^^,DLSTM
Authentication,22,0.7097313281605974,graduated,Ec^ --> Ec^^,DLSTM
Authentication,23,0.7103368071328756,graduated,Ec^ --> Ec^^,DLSTM
Authentication,24,0.7103989887117227,graduated,Ec^ --> Ec^^,DLSTM
Authentication,25,0.7111591543077901,graduated,Ec^ --> Ec^^,DLSTM
Authentication,26,0.7114430104961839,graduated,Ec^ --> Ec^^,DLSTM
Authentication,27,0.712000087417662,graduated,Ec^ --> Ec^^,DLSTM
Authentication,28,0.712901670475549,graduated,Ec^ --> Ec^^,DLSTM
Authentication,29,0.7123105934277022,graduated,Ec^ --> Ec^^,DLSTM
Authentication,30,0.7146589252811232,graduated,Ec^ --> Ec^^,DLSTM
Authentication,31,0.6537282613089933,graduated,Ec^ --> Ec^^,DLSTM
Authorization,1,0.6352376768298197,graduated,Ec^ --> Ec^^,DLSTM
Authorization,2,0.6936425659641722,graduated,Ec^ --> Ec^^,DLSTM
Authorization,3,0.6935919377012733,graduated,Ec^ --> Ec^^,DLSTM
Authorization,4,0.6942140593314563,graduated,Ec^ --> Ec^^,DLSTM
Authorization,5,0.6971271045890307,graduated,Ec^ --> Ec^^,DLSTM
Authorization,6,0.6954487191520485,graduated,Ec^ --> Ec^^,DLSTM
Authorization,7,0.695373044467044,graduated,Ec^ --> Ec^^,DLSTM
Authorization,8,0.6955460734080249,graduated,Ec^ --> Ec^^,DLSTM
Authorization,9,0.697365014270941,graduated,Ec^ --> Ec^^,DLSTM
Authorization,10,0.6983467399186307,graduated,Ec^ --> Ec^^,DLSTM
Authorization,11,0.70017494740552,graduated,Ec^ --> Ec^^,DLSTM
Authorization,12,0.7030192660980392,graduated,Ec^ --> Ec^^,DLSTM
Authorization,13,0.7044350247816471,graduated,Ec^ --> Ec^^,DLSTM
Authorization,14,0.7057585342942058,graduated,Ec^ --> Ec^^,DLSTM
Authorization,15,0.707575550688332,graduated,Ec^ --> Ec^^,DLSTM
Authorization,16,0.7065299307568169,graduated,Ec^ --> Ec^^,DLSTM
Authorization,17,0.7068981625308091,graduated,Ec^ --> Ec^^,DLSTM
Authorization,18,0.7075970385343503,graduated,Ec^ --> Ec^^,DLSTM
Authorization,19,0.7079724017284514,graduated,Ec^ --> Ec^^,DLSTM
Authorization,20,0.709637306813591,graduated,Ec^ --> Ec^^,DLSTM
Authorization,21,0.7119420156362527,graduated,Ec^ --> Ec^^,DLSTM
Authorization,22,0.7121701685066856,graduated,Ec^ --> Ec^^,DLSTM
Authorization,23,0.712218728277455,graduated,Ec^ --> Ec^^,DLSTM
Authorization,24,0.7116033044419703,graduated,Ec^ --> Ec^^,DLSTM
Authorization,25,0.712407823162106,graduated,Ec^ --> Ec^^,DLSTM
Authorization,26,0.7125972530078589,graduated,Ec^ --> Ec^^,DLSTM
Authorization,27,0.712522287081763,graduated,Ec^ --> Ec^^,DLSTM
Authorization,28,0.7134449280594171,graduated,Ec^ --> Ec^^,DLSTM
Authorization,29,0.6539600284344128,graduated,Ec^ --> Ec^^,DLSTM
BIRT (Business Intelligence and Reporting Tools),1,0.6383634997827863,graduated,Ec^ --> Ec^^,DLSTM
BIRT (Business Intelligence and Reporting Tools),2,0.6986119738107905,graduated,Ec^ --> Ec^^,DLSTM
BIRT (Business Intelligence and Reporting Tools),3,0.6985948178329314,graduated,Ec^ --> Ec^^,DLSTM
BIRT (Business Intelligence and Reporting Tools),4,0.6987200068915178,graduated,Ec^ --> Ec^^,DLSTM
BIRT (Business Intelligence and Reporting Tools),5,0.6989246926844177,graduated,Ec^ --> Ec^^,DLSTM
BIRT (Business Intelligence and Reporting Tools),6,0.6990516728155466,graduated,Ec^ --> Ec^^,DLSTM
BIRT (Business Intelligence and Reporting Tools),7,0.6992432954639969,graduated,Ec^ --> Ec^^,DLSTM
BIRT (Business Intelligence and Reporting Tools),8,0.6994178519710486,graduated,Ec^ --> Ec^^,DLSTM
BIRT (Business Intelligence and Reporting Tools),9,0.6995705157300752,graduated,Ec^ --> Ec^^,DLSTM
BIRT (Business Intelligence and Reporting Tools),10,0.6996566052803902,graduated,Ec^ --> Ec^^,DLSTM
BIRT (Business Intelligence and Reporting Tools),11,0.6996905678731112,graduated,Ec^ --> Ec^^,DLSTM
BIRT (Business Intelligence and Reporting Tools),12,0.6999463643268709,graduated,Ec^ --> Ec^^,DLSTM
BIRT (Business Intelligence and Reporting Tools),13,0.7001561817957654,graduated,Ec^ --> Ec^^,DLSTM
BIRT (Business Intelligence and Reporting Tools),14,0.7002283994431694,graduated,Ec^ --> Ec^^,DLSTM
BIRT (Business Intelligence and Reporting Tools),15,0.7003326717935802,graduated,Ec^ --> Ec^^,DLSTM
BIRT (Business Intelligence and Reporting Tools),16,0.700666893216693,graduated,Ec^ --> Ec^^,DLSTM
BIRT (Business Intelligence and Reporting Tools),17,0.700511737333171,graduated,Ec^ --> Ec^^,DLSTM
BIRT (Business Intelligence and Reporting Tools),18,0.7004278423212461,graduated,Ec^ --> Ec^^,DLSTM
BIRT (Business Intelligence and Reporting Tools),19,0.70010229320138,graduated,Ec^ --> Ec^^,DLSTM
BIRT (Business Intelligence and Reporting Tools),20,0.7006103997694697,graduated,Ec^ --> Ec^^,DLSTM
BIRT (Business Intelligence and Reporting Tools),21,0.7005954999541465,graduated,Ec^ --> Ec^^,DLSTM
BIRT (Business Intelligence and Reporting Tools),22,0.7004373074973905,graduated,Ec^ --> Ec^^,DLSTM
BIRT (Business Intelligence and Reporting Tools),23,0.6999420079633168,graduated,Ec^ --> Ec^^,DLSTM
BIRT (Business Intelligence and Reporting Tools),24,0.6955747275723076,graduated,Ec^ --> Ec^^,DLSTM
BIRT (Business Intelligence and Reporting Tools),25,0.6990794062305926,graduated,Ec^ --> Ec^^,DLSTM
BIRT (Business Intelligence and Reporting Tools),26,0.6991499318948129,graduated,Ec^ --> Ec^^,DLSTM
BIRT (Business Intelligence and Reporting Tools),27,0.6988589239306285,graduated,Ec^ --> Ec^^,DLSTM
BIRT (Business Intelligence and Reporting Tools),28,0.6991528109727163,graduated,Ec^ --> Ec^^,DLSTM
BIRT (Business Intelligence and Reporting Tools),29,0.6990790834035254,graduated,Ec^ --> Ec^^,DLSTM
BIRT (Business Intelligence and Reporting Tools),30,0.6989759377723849,graduated,Ec^ --> Ec^^,DLSTM
BIRT (Business Intelligence and Reporting Tools),31,0.6993722771797282,graduated,Ec^ --> Ec^^,DLSTM
BIRT (Business Intelligence and Reporting Tools),32,0.6989664202934599,graduated,Ec^ --> Ec^^,DLSTM
BIRT (Business Intelligence and Reporting Tools),33,0.6988937227153698,graduated,Ec^ --> Ec^^,DLSTM
BIRT (Business Intelligence and Reporting Tools),34,0.6984348965904621,graduated,Ec^ --> Ec^^,DLSTM
BIRT (Business Intelligence and Reporting Tools),35,0.6983049540234357,graduated,Ec^ --> Ec^^,DLSTM
BIRT (Business Intelligence and Reporting Tools),36,0.6985107528955824,graduated,Ec^ --> Ec^^,DLSTM
BIRT (Business Intelligence and Reporting Tools),37,0.6986116429984723,graduated,Ec^ --> Ec^^,DLSTM
BIRT (Business Intelligence and Reporting Tools),38,0.6983435432280966,graduated,Ec^ --> Ec^^,DLSTM
BIRT (Business Intelligence and Reporting Tools),39,0.6985164366607338,graduated,Ec^ --> Ec^^,DLSTM
BIRT (Business Intelligence and Reporting Tools),40,0.6985128855474146,graduated,Ec^ --> Ec^^,DLSTM
BIRT (Business Intelligence and Reporting Tools),41,0.6984396039194248,graduated,Ec^ --> Ec^^,DLSTM
BIRT (Business Intelligence and Reporting Tools),42,0.6979611491821656,graduated,Ec^ --> Ec^^,DLSTM
BIRT (Business Intelligence and Reporting Tools),43,0.6979078574896187,graduated,Ec^ --> Ec^^,DLSTM
BIRT (Business Intelligence and Reporting Tools),44,0.6980372823732633,graduated,Ec^ --> Ec^^,DLSTM
BIRT (Business Intelligence and Reporting Tools),45,0.6980515042413402,graduated,Ec^ --> Ec^^,DLSTM
BIRT (Business Intelligence and Reporting Tools),46,0.6976724923597304,graduated,Ec^ --> Ec^^,DLSTM
BIRT (Business Intelligence and Reporting Tools),47,0.6976572354086494,graduated,Ec^ --> Ec^^,DLSTM
BIRT (Business Intelligence and Reporting Tools),48,0.6976400956552153,graduated,Ec^ --> Ec^^,DLSTM
BIRT (Business Intelligence and Reporting Tools),49,0.6974398124666052,graduated,Ec^ --> Ec^^,DLSTM
BIRT (Business Intelligence and Reporting Tools),50,0.6969929076114796,graduated,Ec^ --> Ec^^,DLSTM
BIRT (Business Intelligence and Reporting Tools),51,0.6969188426259288,graduated,Ec^ --> Ec^^,DLSTM
BIRT (Business Intelligence and Reporting Tools),52,0.6371734248060402,graduated,Ec^ --> Ec^^,DLSTM
Batch,1,0.6222790684013296,graduated,Ec^ --> Ec^^,DLSTM
Batch,2,0.683338501542039,graduated,Ec^ --> Ec^^,DLSTM
Batch,3,0.6836484449640664,graduated,Ec^ --> Ec^^,DLSTM
Batch,4,0.6834869515218297,graduated,Ec^ --> Ec^^,DLSTM
Batch,5,0.6834700893243689,graduated,Ec^ --> Ec^^,DLSTM
Batch,6,0.6834697852010436,graduated,Ec^ --> Ec^^,DLSTM
Batch,7,0.6832169166125545,graduated,Ec^ --> Ec^^,DLSTM
Batch,8,0.6814158211953295,graduated,Ec^ --> Ec^^,DLSTM
Batch,9,0.6871164440904187,graduated,Ec^ --> Ec^^,DLSTM
Batch,10,0.6865761008381944,graduated,Ec^ --> Ec^^,DLSTM
Batch,11,0.6916796575555468,graduated,Ec^ --> Ec^^,DLSTM
Batch,12,0.693374183393547,graduated,Ec^ --> Ec^^,DLSTM
Batch,13,0.6959190175775395,graduated,Ec^ --> Ec^^,DLSTM
Batch,14,0.6961547646105832,graduated,Ec^ --> Ec^^,DLSTM
Batch,15,0.6359750800625577,graduated,Ec^ --> Ec^^,DLSTM
Bridge.IoT,1,0.6808913946151733,retired,Ec^ --> Ec^^,DLSTM
Buildship: Plug-ins for Gradle,1,0.6280349284971448,graduated,Ec^ --> Ec^^,DLSTM
Buildship: Plug-ins for Gradle,2,0.6872938344139643,graduated,Ec^ --> Ec^^,DLSTM
Buildship: Plug-ins for Gradle,3,0.6846708074923195,graduated,Ec^ --> Ec^^,DLSTM
Buildship: Plug-ins for Gradle,4,0.6904338557880648,graduated,Ec^ --> Ec^^,DLSTM
Buildship: Plug-ins for Gradle,5,0.6842297379393,graduated,Ec^ --> Ec^^,DLSTM
Buildship: Plug-ins for Gradle,6,0.6898273605562311,graduated,Ec^ --> Ec^^,DLSTM
Buildship: Plug-ins for Gradle,7,0.6868648852199774,graduated,Ec^ --> Ec^^,DLSTM
Buildship: Plug-ins for Gradle,8,0.6868687330298755,graduated,Ec^ --> Ec^^,DLSTM
Buildship: Plug-ins for Gradle,9,0.6889992030856509,graduated,Ec^ --> Ec^^,DLSTM
Buildship: Plug-ins for Gradle,10,0.6869154981842087,graduated,Ec^ --> Ec^^,DLSTM
Buildship: Plug-ins for Gradle,11,0.6892070778899111,graduated,Ec^ --> Ec^^,DLSTM
Buildship: Plug-ins for Gradle,12,0.6931233650969271,graduated,Ec^ --> Ec^^,DLSTM
Buildship: Plug-ins for Gradle,13,0.6922846113190907,graduated,Ec^ --> Ec^^,DLSTM
Buildship: Plug-ins for Gradle,14,0.6930713740546356,graduated,Ec^ --> Ec^^,DLSTM
Buildship: Plug-ins for Gradle,15,0.6888918752097213,graduated,Ec^ --> Ec^^,DLSTM
Buildship: Plug-ins for Gradle,16,0.6903687298362834,graduated,Ec^ --> Ec^^,DLSTM
Buildship: Plug-ins for Gradle,17,0.690993663983382,graduated,Ec^ --> Ec^^,DLSTM
Buildship: Plug-ins for Gradle,18,0.6897832885708218,graduated,Ec^ --> Ec^^,DLSTM
Buildship: Plug-ins for Gradle,19,0.6909885476850648,graduated,Ec^ --> Ec^^,DLSTM
Buildship: Plug-ins for Gradle,20,0.6931199062559907,graduated,Ec^ --> Ec^^,DLSTM
Buildship: Plug-ins for Gradle,21,0.6930452503487149,graduated,Ec^ --> Ec^^,DLSTM
Buildship: Plug-ins for Gradle,22,0.6324768076623196,graduated,Ec^ --> Ec^^,DLSTM
Bundle Recipes,1,0.6409764204129885,retired,Ec^ --> Ec^^,DLSTM
Bundle Recipes,2,0.7009613571823791,retired,Ec^ --> Ec^^,DLSTM
Bundle Recipes,3,0.7010973563049334,retired,Ec^ --> Ec^^,DLSTM
Bundle Recipes,4,0.7020335708850413,retired,Ec^ --> Ec^^,DLSTM
Bundle Recipes,5,0.7010973108404635,retired,Ec^ --> Ec^^,DLSTM
Bundle Recipes,6,0.7009888986429993,retired,Ec^ --> Ec^^,DLSTM
Bundle Recipes,7,0.7011009564011244,retired,Ec^ --> Ec^^,DLSTM
Bundle Recipes,8,0.7021935268392719,retired,Ec^ --> Ec^^,DLSTM
Bundle Recipes,9,0.7025316787486988,retired,Ec^ --> Ec^^,DLSTM
Bundle Recipes,10,0.7035198725994418,retired,Ec^ --> Ec^^,DLSTM
Bundle Recipes,11,0.7045217552142014,retired,Ec^ --> Ec^^,DLSTM
Bundle Recipes,12,0.7058572925402005,retired,Ec^ --> Ec^^,DLSTM
Bundle Recipes,13,0.7073869347824197,retired,Ec^ --> Ec^^,DLSTM
Bundle Recipes,14,0.7065346533892474,retired,Ec^ --> Ec^^,DLSTM
Bundle Recipes,15,0.7068271781634888,retired,Ec^ --> Ec^^,DLSTM
Bundle Recipes,16,0.7073117277093159,retired,Ec^ --> Ec^^,DLSTM
Bundle Recipes,17,0.7082508699543557,retired,Ec^ --> Ec^^,DLSTM
Bundle Recipes,18,0.7089321985096032,retired,Ec^ --> Ec^^,DLSTM
Bundle Recipes,19,0.7097977771242171,retired,Ec^ --> Ec^^,DLSTM
Bundle Recipes,20,0.7109005578654524,retired,Ec^ --> Ec^^,DLSTM
Bundle Recipes,21,0.7114686089628565,retired,Ec^ --> Ec^^,DLSTM
Bundle Recipes,22,0.7110540105550842,retired,Ec^ --> Ec^^,DLSTM
Bundle Recipes,23,0.7114419732051722,retired,Ec^ --> Ec^^,DLSTM
Bundle Recipes,24,0.7120104393601586,retired,Ec^ --> Ec^^,DLSTM
Bundle Recipes,25,0.7126063589419307,retired,Ec^ --> Ec^^,DLSTM
Bundle Recipes,26,0.7129628901447023,retired,Ec^ --> Ec^^,DLSTM
Bundle Recipes,27,0.7134232816163373,retired,Ec^ --> Ec^^,DLSTM
Bundle Recipes,28,0.7141503518402837,retired,Ec^ --> Ec^^,DLSTM
Bundle Recipes,29,0.7150575321839208,retired,Ec^ --> Ec^^,DLSTM
Bundle Recipes,30,0.7140780681951774,retired,Ec^ --> Ec^^,DLSTM
Bundle Recipes,31,0.7142187751138824,retired,Ec^ --> Ec^^,DLSTM
Bundle Recipes,32,0.7145862484220573,retired,Ec^ --> Ec^^,DLSTM
Bundle Recipes,33,0.7149596056331583,retired,Ec^ --> Ec^^,DLSTM
Bundle Recipes,34,0.7151679054133662,retired,Ec^ --> Ec^^,DLSTM
Bundle Recipes,35,0.7155629601504591,retired,Ec^ --> Ec^^,DLSTM
Bundle Recipes,36,0.7161158058419711,retired,Ec^ --> Ec^^,DLSTM
Bundle Recipes,37,0.716638394275724,retired,Ec^ --> Ec^^,DLSTM
Bundle Recipes,38,0.7157165497240555,retired,Ec^ --> Ec^^,DLSTM
Bundle Recipes,39,0.654149791195487,retired,Ec^ --> Ec^^,DLSTM
CDT (C_C++ Development Tooling),1,0.6441713624164627,graduated,Ec^ --> Ec^^,DLSTM
CDT (C_C++ Development Tooling),2,0.6998051378764768,graduated,Ec^ --> Ec^^,DLSTM
CDT (C_C++ Development Tooling),3,0.6945054774690178,graduated,Ec^ --> Ec^^,DLSTM
CDT (C_C++ Development Tooling),4,0.6999484311305811,graduated,Ec^ --> Ec^^,DLSTM
CDT (C_C++ Development Tooling),5,0.6997457477644029,graduated,Ec^ --> Ec^^,DLSTM
CDT (C_C++ Development Tooling),6,0.7009635351867383,graduated,Ec^ --> Ec^^,DLSTM
CDT (C_C++ Development Tooling),7,0.7031595377125639,graduated,Ec^ --> Ec^^,DLSTM
CDT (C_C++ Development Tooling),8,0.7048169635864459,graduated,Ec^ --> Ec^^,DLSTM
CDT (C_C++ Development Tooling),9,0.7061793878706544,graduated,Ec^ --> Ec^^,DLSTM
CDT (C_C++ Development Tooling),10,0.7053169674067816,graduated,Ec^ --> Ec^^,DLSTM
CDT (C_C++ Development Tooling),11,0.7057625523000255,graduated,Ec^ --> Ec^^,DLSTM
CDT (C_C++ Development Tooling),12,0.7042669372833062,graduated,Ec^ --> Ec^^,DLSTM
CDT (C_C++ Development Tooling),13,0.7037810009304746,graduated,Ec^ --> Ec^^,DLSTM
CDT (C_C++ Development Tooling),14,0.7041854953228305,graduated,Ec^ --> Ec^^,DLSTM
CDT (C_C++ Development Tooling),15,0.7035899924515512,graduated,Ec^ --> Ec^^,DLSTM
CDT (C_C++ Development Tooling),16,0.7042999433517495,graduated,Ec^ --> Ec^^,DLSTM
CDT (C_C++ Development Tooling),17,0.7045990834338084,graduated,Ec^ --> Ec^^,DLSTM
CDT (C_C++ Development Tooling),18,0.7041102296120064,graduated,Ec^ --> Ec^^,DLSTM
CDT (C_C++ Development Tooling),19,0.7043272446327341,graduated,Ec^ --> Ec^^,DLSTM
CDT (C_C++ Development Tooling),20,0.7036214041461205,graduated,Ec^ --> Ec^^,DLSTM
CDT (C_C++ Development Tooling),21,0.7031293409445952,graduated,Ec^ --> Ec^^,DLSTM
CDT (C_C++ Development Tooling),22,0.6430000079489419,graduated,Ec^ --> Ec^^,DLSTM
Capella,1,0.6375012233077869,graduated,Ec^ --> Ec^^,DLSTM
Capella,2,0.6972257994699346,graduated,Ec^ --> Ec^^,DLSTM
Capella,3,0.6962599175777288,graduated,Ec^ --> Ec^^,DLSTM
Capella,4,0.6965999113106023,graduated,Ec^ --> Ec^^,DLSTM
Capella,5,0.6888169295874953,graduated,Ec^ --> Ec^^,DLSTM
Capella,6,0.6955530749290776,graduated,Ec^ --> Ec^^,DLSTM
Capella,7,0.6900887726200777,graduated,Ec^ --> Ec^^,DLSTM
Capella,8,0.6956507576299353,graduated,Ec^ --> Ec^^,DLSTM
Capella,9,0.6928284700797458,graduated,Ec^ --> Ec^^,DLSTM
Capella,10,0.6982557859082172,graduated,Ec^ --> Ec^^,DLSTM
Capella,11,0.6992381504985231,graduated,Ec^ --> Ec^^,DLSTM
Capella,12,0.7000021989734089,graduated,Ec^ --> Ec^^,DLSTM
Capella,13,0.7000348470654106,graduated,Ec^ --> Ec^^,DLSTM
Capella,14,0.7006569715177262,graduated,Ec^ --> Ec^^,DLSTM
Capella,15,0.6994103880678346,graduated,Ec^ --> Ec^^,DLSTM
Capella,16,0.6995494417757028,graduated,Ec^ --> Ec^^,DLSTM
Capella,17,0.6944307388524544,graduated,Ec^ --> Ec^^,DLSTM
Capella,18,0.6986304052239892,graduated,Ec^ --> Ec^^,DLSTM
Capella,19,0.6999235868105276,graduated,Ec^ --> Ec^^,DLSTM
Capella,20,0.6973329562632445,graduated,Ec^ --> Ec^^,DLSTM
Capella,21,0.6966694428300585,graduated,Ec^ --> Ec^^,DLSTM
Capella,22,0.6968111473786819,graduated,Ec^ --> Ec^^,DLSTM
Capella,23,0.6973843670802491,graduated,Ec^ --> Ec^^,DLSTM
Capella,24,0.6964641907412821,graduated,Ec^ --> Ec^^,DLSTM
Capella,25,0.6952683012580748,graduated,Ec^ --> Ec^^,DLSTM
Capella,26,0.6968499880214059,graduated,Ec^ --> Ec^^,DLSTM
Capella,27,0.7011219546910792,graduated,Ec^ --> Ec^^,DLSTM
Capella,28,0.6998139709327739,graduated,Ec^ --> Ec^^,DLSTM
Capella,29,0.6953072900435614,graduated,Ec^ --> Ec^^,DLSTM
Capella,30,0.6961446315024237,graduated,Ec^ --> Ec^^,DLSTM
Capella,31,0.6356952886158749,graduated,Ec^ --> Ec^^,DLSTM
Cargo Tracker,1,0.6219747114371187,graduated,Ec^ --> Ec^^,DLSTM
Cargo Tracker,2,0.6809955036098223,graduated,Ec^ --> Ec^^,DLSTM
Cargo Tracker,3,0.6836715942450909,graduated,Ec^ --> Ec^^,DLSTM
Cargo Tracker,4,0.6839411803665401,graduated,Ec^ --> Ec^^,DLSTM
Cargo Tracker,5,0.6839414834976195,graduated,Ec^ --> Ec^^,DLSTM
Cargo Tracker,6,0.6839414834976195,graduated,Ec^ --> Ec^^,DLSTM
Cargo Tracker,7,0.6839416996860489,graduated,Ec^ --> Ec^^,DLSTM
Cargo Tracker,8,0.6841337808109677,graduated,Ec^ --> Ec^^,DLSTM
Cargo Tracker,9,0.6858321339974088,graduated,Ec^ --> Ec^^,DLSTM
Cargo Tracker,10,0.6845934275759737,graduated,Ec^ --> Ec^^,DLSTM
Cargo Tracker,11,0.6853919494013998,graduated,Ec^ --> Ec^^,DLSTM
Cargo Tracker,12,0.692663862696063,graduated,Ec^ --> Ec^^,DLSTM
Cargo Tracker,13,0.6886936820538685,graduated,Ec^ --> Ec^^,DLSTM
Cargo Tracker,14,0.6911270604037304,graduated,Ec^ --> Ec^^,DLSTM
Cargo Tracker,15,0.6951595678159233,graduated,Ec^ --> Ec^^,DLSTM
Cargo Tracker,16,0.6886255914663383,graduated,Ec^ --> Ec^^,DLSTM
Cargo Tracker,17,0.6924960617663541,graduated,Ec^ --> Ec^^,DLSTM
Cargo Tracker,18,0.6342628564876336,graduated,Ec^ --> Ec^^,DLSTM
Ceylon,1,0.6316615624069453,retired,Ec^ --> Ec^^,DLSTM
Ceylon,2,0.6874175053244073,retired,Ec^ --> Ec^^,DLSTM
Ceylon,3,0.6908576735003255,retired,Ec^ --> Ec^^,DLSTM
Ceylon,4,0.6876837182248687,retired,Ec^ --> Ec^^,DLSTM
Ceylon,5,0.6945165604569163,retired,Ec^ --> Ec^^,DLSTM
Ceylon,6,0.6889814889216297,retired,Ec^ --> Ec^^,DLSTM
Ceylon,7,0.6879937409619106,retired,Ec^ --> Ec^^,DLSTM
Ceylon,8,0.686879842518075,retired,Ec^ --> Ec^^,DLSTM
Ceylon,9,0.6906514217427446,retired,Ec^ --> Ec^^,DLSTM
Ceylon,10,0.6969577532085893,retired,Ec^ --> Ec^^,DLSTM
Ceylon,11,0.6910639275014326,retired,Ec^ --> Ec^^,DLSTM
Ceylon,12,0.6929982177382539,retired,Ec^ --> Ec^^,DLSTM
Ceylon,13,0.6957908786204979,retired,Ec^ --> Ec^^,DLSTM
Ceylon,14,0.6943186537195302,retired,Ec^ --> Ec^^,DLSTM
Ceylon,15,0.6946762826587277,retired,Ec^ --> Ec^^,DLSTM
Ceylon,16,0.6954378926999903,retired,Ec^ --> Ec^^,DLSTM
Ceylon,17,0.6979675554466105,retired,Ec^ --> Ec^^,DLSTM
Ceylon,18,0.7013819230035045,retired,Ec^ --> Ec^^,DLSTM
Ceylon,19,0.6974092990169186,retired,Ec^ --> Ec^^,DLSTM
Ceylon,20,0.6988747602698797,retired,Ec^ --> Ec^^,DLSTM
Ceylon,21,0.700829925740215,retired,Ec^ --> Ec^^,DLSTM
Ceylon,22,0.7002892579018929,retired,Ec^ --> Ec^^,DLSTM
Ceylon,23,0.7007818477391216,retired,Ec^ --> Ec^^,DLSTM
Ceylon,24,0.7015134737947541,retired,Ec^ --> Ec^^,DLSTM
Ceylon,25,0.703323417959671,retired,Ec^ --> Ec^^,DLSTM
Ceylon,26,0.7054964277390718,retired,Ec^ --> Ec^^,DLSTM
Ceylon,27,0.7026940745627757,retired,Ec^ --> Ec^^,DLSTM
Ceylon,28,0.64295561144992,retired,Ec^ --> Ec^^,DLSTM
Collections,1,0.6401826154992567,graduated,Ec^ --> Ec^^,DLSTM
Collections,2,0.6956638876432909,graduated,Ec^ --> Ec^^,DLSTM
Collections,3,0.6962699173621294,graduated,Ec^ --> Ec^^,DLSTM
Collections,4,0.6944149105846196,graduated,Ec^ --> Ec^^,DLSTM
Collections,5,0.644853164133293,graduated,Ec^ --> Ec^^,DLSTM
Communications Framework,1,0.636624460791328,graduated,Ec^ --> Ec^^,DLSTM
Communications Framework,2,0.695726691817645,graduated,Ec^ --> Ec^^,DLSTM
Communications Framework,3,0.696144965176092,graduated,Ec^ --> Ec^^,DLSTM
Communications Framework,4,0.6937461465081167,graduated,Ec^ --> Ec^^,DLSTM
Communications Framework,5,0.696226381783646,graduated,Ec^ --> Ec^^,DLSTM
Communications Framework,6,0.6942208902280244,graduated,Ec^ --> Ec^^,DLSTM
Communications Framework,7,0.6858493804801413,graduated,Ec^ --> Ec^^,DLSTM
Communications Framework,8,0.6859917477000802,graduated,Ec^ --> Ec^^,DLSTM
Communications Framework,9,0.6953186801730319,graduated,Ec^ --> Ec^^,DLSTM
Communications Framework,10,0.6935517787255675,graduated,Ec^ --> Ec^^,DLSTM
Communications Framework,11,0.692577179004686,graduated,Ec^ --> Ec^^,DLSTM
Communications Framework,12,0.6921992191563568,graduated,Ec^ --> Ec^^,DLSTM
Communications Framework,13,0.6957520351331619,graduated,Ec^ --> Ec^^,DLSTM
Communications Framework,14,0.6880599971018956,graduated,Ec^ --> Ec^^,DLSTM
Communications Framework,15,0.6896632850568131,graduated,Ec^ --> Ec^^,DLSTM
Communications Framework,16,0.6895041279991934,graduated,Ec^ --> Ec^^,DLSTM
Communications Framework,17,0.6922540595764088,graduated,Ec^ --> Ec^^,DLSTM
Communications Framework,18,0.6873722313251533,graduated,Ec^ --> Ec^^,DLSTM
Communications Framework,19,0.6904437529780512,graduated,Ec^ --> Ec^^,DLSTM
Communications Framework,20,0.6894348218568604,graduated,Ec^ --> Ec^^,DLSTM
Communications Framework,21,0.693404694413959,graduated,Ec^ --> Ec^^,DLSTM
Communications Framework,22,0.6874752945607636,graduated,Ec^ --> Ec^^,DLSTM
Communications Framework,23,0.6894222310476091,graduated,Ec^ --> Ec^^,DLSTM
Communications Framework,24,0.685434884430885,graduated,Ec^ --> Ec^^,DLSTM
Communications Framework,25,0.6873229603559435,graduated,Ec^ --> Ec^^,DLSTM
Communications Framework,26,0.6897270927681745,graduated,Ec^ --> Ec^^,DLSTM
Communications Framework,27,0.6907019631868191,graduated,Ec^ --> Ec^^,DLSTM
Communications Framework,28,0.6887864242316236,graduated,Ec^ --> Ec^^,DLSTM
Communications Framework,29,0.6899717972704703,graduated,Ec^ --> Ec^^,DLSTM
Communications Framework,30,0.6271244787930971,graduated,Ec^ --> Ec^^,DLSTM
Concierge,1,0.6447718586051541,retired,Ec^ --> Ec^^,DLSTM
Concierge,2,0.706946911846912,retired,Ec^ --> Ec^^,DLSTM
Concierge,3,0.7093921153277746,retired,Ec^ --> Ec^^,DLSTM
Concierge,4,0.7073284229657703,retired,Ec^ --> Ec^^,DLSTM
Concierge,5,0.7030836474112515,retired,Ec^ --> Ec^^,DLSTM
Concierge,6,0.7079218066948976,retired,Ec^ --> Ec^^,DLSTM
Concierge,7,0.7062648652990196,retired,Ec^ --> Ec^^,DLSTM
Concierge,8,0.7051462284435447,retired,Ec^ --> Ec^^,DLSTM
Concierge,9,0.7054505634979882,retired,Ec^ --> Ec^^,DLSTM
Concierge,10,0.7061929092881103,retired,Ec^ --> Ec^^,DLSTM
Concierge,11,0.7073947833570676,retired,Ec^ --> Ec^^,DLSTM
Concierge,12,0.7075306266041854,retired,Ec^ --> Ec^^,DLSTM
Concierge,13,0.7076956983621029,retired,Ec^ --> Ec^^,DLSTM
Concierge,14,0.707494008766025,retired,Ec^ --> Ec^^,DLSTM
Concierge,15,0.7109319237585756,retired,Ec^ --> Ec^^,DLSTM
Concierge,16,0.7123162548634007,retired,Ec^ --> Ec^^,DLSTM
Concierge,17,0.7084985685883413,retired,Ec^ --> Ec^^,DLSTM
Concierge,18,0.7082746873220108,retired,Ec^ --> Ec^^,DLSTM
Concierge,19,0.7084697673434935,retired,Ec^ --> Ec^^,DLSTM
Concierge,20,0.7086471790582431,retired,Ec^ --> Ec^^,DLSTM
Concierge,21,0.7084218747657248,retired,Ec^ --> Ec^^,DLSTM
Concierge,22,0.7088930868060999,retired,Ec^ --> Ec^^,DLSTM
Concierge,23,0.7102653360118357,retired,Ec^ --> Ec^^,DLSTM
Concierge,24,0.7106750136525133,retired,Ec^ --> Ec^^,DLSTM
Concierge,25,0.7090414304886737,retired,Ec^ --> Ec^^,DLSTM
Concierge,26,0.7094613533200044,retired,Ec^ --> Ec^^,DLSTM
Concierge,27,0.7100323445288579,retired,Ec^ --> Ec^^,DLSTM
Concierge,28,0.7117765681692193,retired,Ec^ --> Ec^^,DLSTM
Concierge,29,0.7102060240611742,retired,Ec^ --> Ec^^,DLSTM
Concierge,30,0.7104342589046169,retired,Ec^ --> Ec^^,DLSTM
Concierge,31,0.7117773841783567,retired,Ec^ --> Ec^^,DLSTM
Concierge,32,0.7128320273843296,retired,Ec^ --> Ec^^,DLSTM
Concierge,33,0.7111884100961056,retired,Ec^ --> Ec^^,DLSTM
Concierge,34,0.7116639863929403,retired,Ec^ --> Ec^^,DLSTM
Concierge,35,0.7123716237528535,retired,Ec^ --> Ec^^,DLSTM
Concierge,36,0.712936161834532,retired,Ec^ --> Ec^^,DLSTM
Concierge,37,0.7117457371965291,retired,Ec^ --> Ec^^,DLSTM
Concierge,38,0.7120654503921887,retired,Ec^ --> Ec^^,DLSTM
Concierge,39,0.7138637440743689,retired,Ec^ --> Ec^^,DLSTM
Concierge,40,0.7142505367212412,retired,Ec^ --> Ec^^,DLSTM
Concierge,41,0.7125412754711257,retired,Ec^ --> Ec^^,DLSTM
Concierge,42,0.7129298475833574,retired,Ec^ --> Ec^^,DLSTM
Concierge,43,0.7133825354753224,retired,Ec^ --> Ec^^,DLSTM
Concierge,44,0.7137906513835865,retired,Ec^ --> Ec^^,DLSTM
Concierge,45,0.712995268034503,retired,Ec^ --> Ec^^,DLSTM
Concierge,46,0.7133881398277528,retired,Ec^ --> Ec^^,DLSTM
Concierge,47,0.7145367125481148,retired,Ec^ --> Ec^^,DLSTM
Concierge,48,0.7148709428485643,retired,Ec^ --> Ec^^,DLSTM
Concierge,49,0.7134216347043327,retired,Ec^ --> Ec^^,DLSTM
Concierge,50,0.7137054379429069,retired,Ec^ --> Ec^^,DLSTM
Concierge,51,0.7139887248505465,retired,Ec^ --> Ec^^,DLSTM
Concierge,52,0.715176022114458,retired,Ec^ --> Ec^^,DLSTM
Concierge,53,0.7138791486158017,retired,Ec^ --> Ec^^,DLSTM
Concierge,54,0.714017832410413,retired,Ec^ --> Ec^^,DLSTM
Concierge,55,0.7143057503313729,retired,Ec^ --> Ec^^,DLSTM
Concierge,56,0.7152416137541268,retired,Ec^ --> Ec^^,DLSTM
Concierge,57,0.7140511343358306,retired,Ec^ --> Ec^^,DLSTM
Concierge,58,0.7144164029642845,retired,Ec^ --> Ec^^,DLSTM
Concierge,59,0.7151241803790211,retired,Ec^ --> Ec^^,DLSTM
Concierge,60,0.7156866834695924,retired,Ec^ --> Ec^^,DLSTM
Concierge,61,0.7142736256834941,retired,Ec^ --> Ec^^,DLSTM
Concierge,62,0.7143821484795438,retired,Ec^ --> Ec^^,DLSTM
Concierge,63,0.7145699592829948,retired,Ec^ --> Ec^^,DLSTM
Concierge,64,0.7154827104808942,retired,Ec^ --> Ec^^,DLSTM
Concierge,65,0.7144885407986578,retired,Ec^ --> Ec^^,DLSTM
Concierge,66,0.7148995166454616,retired,Ec^ --> Ec^^,DLSTM
Concierge,67,0.7154806379393784,retired,Ec^ --> Ec^^,DLSTM
Concierge,68,0.7160302998542701,retired,Ec^ --> Ec^^,DLSTM
Concierge,69,0.7148141999266723,retired,Ec^ --> Ec^^,DLSTM
Concierge,70,0.7149287291048497,retired,Ec^ --> Ec^^,DLSTM
Concierge,71,0.715141638237392,retired,Ec^ --> Ec^^,DLSTM
Concierge,72,0.7159782719143949,retired,Ec^ --> Ec^^,DLSTM
Concierge,73,0.715095403390135,retired,Ec^ --> Ec^^,DLSTM
Concierge,74,0.715489353189084,retired,Ec^ --> Ec^^,DLSTM
Concierge,75,0.7160366318223151,retired,Ec^ --> Ec^^,DLSTM
Concierge,76,0.7165505386704605,retired,Ec^ --> Ec^^,DLSTM
Concierge,77,0.7154813616776773,retired,Ec^ --> Ec^^,DLSTM
Concierge,78,0.7155972789894414,retired,Ec^ --> Ec^^,DLSTM
Concierge,79,0.7158149631412029,retired,Ec^ --> Ec^^,DLSTM
Concierge,80,0.716563107823427,retired,Ec^ --> Ec^^,DLSTM
Concierge,81,0.7157586845613599,retired,Ec^ --> Ec^^,DLSTM
Concierge,82,0.7161282528361269,retired,Ec^ --> Ec^^,DLSTM
Concierge,83,0.7166346539757614,retired,Ec^ --> Ec^^,DLSTM
Concierge,84,0.7171036638527689,retired,Ec^ --> Ec^^,DLSTM
Concierge,85,0.7161411203656588,retired,Ec^ --> Ec^^,DLSTM
Concierge,86,0.7162494396860379,retired,Ec^ --> Ec^^,DLSTM
Concierge,87,0.7164592320102525,retired,Ec^ --> Ec^^,DLSTM
Concierge,88,0.7171249619270169,retired,Ec^ --> Ec^^,DLSTM
Concierge,89,0.716381537333066,retired,Ec^ --> Ec^^,DLSTM
Concierge,90,0.7167250773562556,retired,Ec^ --> Ec^^,DLSTM
Concierge,91,0.7171908110618423,retired,Ec^ --> Ec^^,DLSTM
Concierge,92,0.7176165286460682,retired,Ec^ --> Ec^^,DLSTM
Concierge,93,0.716736942374497,retired,Ec^ --> Ec^^,DLSTM
Concierge,94,0.716835126380802,retired,Ec^ --> Ec^^,DLSTM
Concierge,95,0.7170320304284631,retired,Ec^ --> Ec^^,DLSTM
Concierge,96,0.7175570568814525,retired,Ec^ --> Ec^^,DLSTM
Concierge,97,0.6551312102996265,retired,Ec^ --> Ec^^,DLSTM
Concurrency,1,0.6364993440244027,graduated,Ec^ --> Ec^^,DLSTM
Concurrency,2,0.6942727034200963,graduated,Ec^ --> Ec^^,DLSTM
Concurrency,3,0.6938465722290754,graduated,Ec^ --> Ec^^,DLSTM
Concurrency,4,0.6941148475077978,graduated,Ec^ --> Ec^^,DLSTM
Concurrency,5,0.6942213400912521,graduated,Ec^ --> Ec^^,DLSTM
Concurrency,6,0.6950106095859147,graduated,Ec^ --> Ec^^,DLSTM
Concurrency,7,0.6958652852493395,graduated,Ec^ --> Ec^^,DLSTM
Concurrency,8,0.6976461493418997,graduated,Ec^ --> Ec^^,DLSTM
Concurrency,9,0.6998926865795315,graduated,Ec^ --> Ec^^,DLSTM
Concurrency,10,0.6991607510891368,graduated,Ec^ --> Ec^^,DLSTM
Concurrency,11,0.7010353731530317,graduated,Ec^ --> Ec^^,DLSTM
Concurrency,12,0.7018885873776006,graduated,Ec^ --> Ec^^,DLSTM
Concurrency,13,0.703459060346273,graduated,Ec^ --> Ec^^,DLSTM
Concurrency,14,0.7063012402777759,graduated,Ec^ --> Ec^^,DLSTM
Concurrency,15,0.7068171804665702,graduated,Ec^ --> Ec^^,DLSTM
Concurrency,16,0.7085114123588492,graduated,Ec^ --> Ec^^,DLSTM
Concurrency,17,0.709641622629678,graduated,Ec^ --> Ec^^,DLSTM
Concurrency,18,0.7082720752700206,graduated,Ec^ --> Ec^^,DLSTM
Concurrency,19,0.7101149191502559,graduated,Ec^ --> Ec^^,DLSTM
Concurrency,20,0.7089379807482511,graduated,Ec^ --> Ec^^,DLSTM
Concurrency,21,0.7105273513418792,graduated,Ec^ --> Ec^^,DLSTM
Concurrency,22,0.7116943687568323,graduated,Ec^ --> Ec^^,DLSTM
Concurrency,23,0.712017012851066,graduated,Ec^ --> Ec^^,DLSTM
Concurrency,24,0.7128174366635303,graduated,Ec^ --> Ec^^,DLSTM
Concurrency,25,0.7138638250382987,graduated,Ec^ --> Ec^^,DLSTM
Concurrency,26,0.7129001433974281,graduated,Ec^ --> Ec^^,DLSTM
Concurrency,27,0.7140346245187147,graduated,Ec^ --> Ec^^,DLSTM
Concurrency,28,0.713313550063791,graduated,Ec^ --> Ec^^,DLSTM
Concurrency,29,0.7138440718107381,graduated,Ec^ --> Ec^^,DLSTM
Concurrency,30,0.7158378621185754,graduated,Ec^ --> Ec^^,DLSTM
Concurrency,31,0.7149715887373455,graduated,Ec^ --> Ec^^,DLSTM
Concurrency,32,0.6544150160446527,graduated,Ec^ --> Ec^^,DLSTM
Connectors,1,0.6226977604008906,graduated,Ec^ --> Ec^^,DLSTM
Connectors,2,0.6841394991180227,graduated,Ec^ --> Ec^^,DLSTM
Connectors,3,0.6848388926743787,graduated,Ec^ --> Ec^^,DLSTM
Connectors,4,0.685410069124118,graduated,Ec^ --> Ec^^,DLSTM
Connectors,5,0.685824046157395,graduated,Ec^ --> Ec^^,DLSTM
Connectors,6,0.6866862417545083,graduated,Ec^ --> Ec^^,DLSTM
Connectors,7,0.6858368050081108,graduated,Ec^ --> Ec^^,DLSTM
Connectors,8,0.6857243259477757,graduated,Ec^ --> Ec^^,DLSTM
Connectors,9,0.687357264148792,graduated,Ec^ --> Ec^^,DLSTM
Connectors,10,0.6903994286765676,graduated,Ec^ --> Ec^^,DLSTM
Connectors,11,0.6948342739778077,graduated,Ec^ --> Ec^^,DLSTM
Connectors,12,0.6986177567760314,graduated,Ec^ --> Ec^^,DLSTM
Connectors,13,0.6994243301309977,graduated,Ec^ --> Ec^^,DLSTM
Connectors,14,0.6993439811089374,graduated,Ec^ --> Ec^^,DLSTM
Connectors,15,0.6995586924484075,graduated,Ec^ --> Ec^^,DLSTM
Connectors,16,0.7004873627158493,graduated,Ec^ --> Ec^^,DLSTM
Connectors,17,0.7006169244216074,graduated,Ec^ --> Ec^^,DLSTM
Connectors,18,0.7028099865729482,graduated,Ec^ --> Ec^^,DLSTM
Connectors,19,0.7052495420238305,graduated,Ec^ --> Ec^^,DLSTM
Connectors,20,0.7055334450356643,graduated,Ec^ --> Ec^^,DLSTM
Connectors,21,0.7069679485081608,graduated,Ec^ --> Ec^^,DLSTM
Connectors,22,0.7068216313273751,graduated,Ec^ --> Ec^^,DLSTM
Connectors,23,0.705488869422906,graduated,Ec^ --> Ec^^,DLSTM
Connectors,24,0.7076262967346755,graduated,Ec^ --> Ec^^,DLSTM
Connectors,25,0.7077391177026687,graduated,Ec^ --> Ec^^,DLSTM
Connectors,26,0.708885749786776,graduated,Ec^ --> Ec^^,DLSTM
Connectors,27,0.7116986205486138,graduated,Ec^ --> Ec^^,DLSTM
Connectors,28,0.7099047513855294,graduated,Ec^ --> Ec^^,DLSTM
Connectors,29,0.7120664375130926,graduated,Ec^ --> Ec^^,DLSTM
Connectors,30,0.7124247448211809,graduated,Ec^ --> Ec^^,DLSTM
Connectors,31,0.7107040374628127,graduated,Ec^ --> Ec^^,DLSTM
Connectors,32,0.651214281394138,graduated,Ec^ --> Ec^^,DLSTM
Contexts and Dependency Injection,1,0.636104416409111,graduated,Ec^ --> Ec^^,DLSTM
Contexts and Dependency Injection,2,0.6933669366319825,graduated,Ec^ --> Ec^^,DLSTM
Contexts and Dependency Injection,3,0.69299596667902,graduated,Ec^ --> Ec^^,DLSTM
Contexts and Dependency Injection,4,0.6926200013923386,graduated,Ec^ --> Ec^^,DLSTM
Contexts and Dependency Injection,5,0.6954693972492523,graduated,Ec^ --> Ec^^,DLSTM
Contexts and Dependency Injection,6,0.6984620620133457,graduated,Ec^ --> Ec^^,DLSTM
Contexts and Dependency Injection,7,0.6940906392341362,graduated,Ec^ --> Ec^^,DLSTM
Contexts and Dependency Injection,8,0.6944310456984026,graduated,Ec^ --> Ec^^,DLSTM
Contexts and Dependency Injection,9,0.6986551005256944,graduated,Ec^ --> Ec^^,DLSTM
Contexts and Dependency Injection,10,0.6959990863449624,graduated,Ec^ --> Ec^^,DLSTM
Contexts and Dependency Injection,11,0.6982765267067945,graduated,Ec^ --> Ec^^,DLSTM
Contexts and Dependency Injection,12,0.7015531866195445,graduated,Ec^ --> Ec^^,DLSTM
Contexts and Dependency Injection,13,0.7053740486880626,graduated,Ec^ --> Ec^^,DLSTM
Contexts and Dependency Injection,14,0.7033028888637971,graduated,Ec^ --> Ec^^,DLSTM
Contexts and Dependency Injection,15,0.706964074154066,graduated,Ec^ --> Ec^^,DLSTM
Contexts and Dependency Injection,16,0.7082398079018815,graduated,Ec^ --> Ec^^,DLSTM
Contexts and Dependency Injection,17,0.7082146383831511,graduated,Ec^ --> Ec^^,DLSTM
Contexts and Dependency Injection,18,0.7059087905935105,graduated,Ec^ --> Ec^^,DLSTM
Contexts and Dependency Injection,19,0.6467178425959027,graduated,Ec^ --> Ec^^,DLSTM
Dirigible,1,0.6225952834486915,graduated,Ec^ --> Ec^^,DLSTM
Dirigible,2,0.6879377204810803,graduated,Ec^ --> Ec^^,DLSTM
Dirigible,3,0.6919215476553889,graduated,Ec^ --> Ec^^,DLSTM
Dirigible,4,0.6913247073757325,graduated,Ec^ --> Ec^^,DLSTM
Dirigible,5,0.6872308566287694,graduated,Ec^ --> Ec^^,DLSTM
Dirigible,6,0.687692751521535,graduated,Ec^ --> Ec^^,DLSTM
Dirigible,7,0.691264551234124,graduated,Ec^ --> Ec^^,DLSTM
Dirigible,8,0.6914314350191861,graduated,Ec^ --> Ec^^,DLSTM
Dirigible,9,0.6903412517462584,graduated,Ec^ --> Ec^^,DLSTM
Dirigible,10,0.6892262188564294,graduated,Ec^ --> Ec^^,DLSTM
Dirigible,11,0.6882432652127282,graduated,Ec^ --> Ec^^,DLSTM
Dirigible,12,0.6836014741952451,graduated,Ec^ --> Ec^^,DLSTM
Dirigible,13,0.6899097235507603,graduated,Ec^ --> Ec^^,DLSTM
Dirigible,14,0.6882486246723354,graduated,Ec^ --> Ec^^,DLSTM
Dirigible,15,0.6850212559028579,graduated,Ec^ --> Ec^^,DLSTM
Dirigible,16,0.6855879201072959,graduated,Ec^ --> Ec^^,DLSTM
Dirigible,17,0.6921640318949998,graduated,Ec^ --> Ec^^,DLSTM
Dirigible,18,0.6906791114616763,graduated,Ec^ --> Ec^^,DLSTM
Dirigible,19,0.6836817751578038,graduated,Ec^ --> Ec^^,DLSTM
Dirigible,20,0.6874318277927445,graduated,Ec^ --> Ec^^,DLSTM
Dirigible,21,0.6917662997612356,graduated,Ec^ --> Ec^^,DLSTM
Dirigible,22,0.6890319931742306,graduated,Ec^ --> Ec^^,DLSTM
Dirigible,23,0.682745226016636,graduated,Ec^ --> Ec^^,DLSTM
Dirigible,24,0.6877075639863203,graduated,Ec^ --> Ec^^,DLSTM
Dirigible,25,0.6920697891690241,graduated,Ec^ --> Ec^^,DLSTM
Dirigible,26,0.6903646734317676,graduated,Ec^ --> Ec^^,DLSTM
Dirigible,27,0.6862211075997391,graduated,Ec^ --> Ec^^,DLSTM
Dirigible,28,0.6883054002842807,graduated,Ec^ --> Ec^^,DLSTM
Dirigible,29,0.687228185932129,graduated,Ec^ --> Ec^^,DLSTM
Dirigible,30,0.6293919615046415,graduated,Ec^ --> Ec^^,DLSTM
Ditto,1,0.6404688448086198,graduated,Ec^ --> Ec^^,DLSTM
Ditto,2,0.6985575465511878,graduated,Ec^ --> Ec^^,DLSTM
Ditto,3,0.6983908668067211,graduated,Ec^ --> Ec^^,DLSTM
Ditto,4,0.6983906030654907,graduated,Ec^ --> Ec^^,DLSTM
Ditto,5,0.6983915285019587,graduated,Ec^ --> Ec^^,DLSTM
Ditto,6,0.6992145848323676,graduated,Ec^ --> Ec^^,DLSTM
Ditto,7,0.7072100818360416,graduated,Ec^ --> Ec^^,DLSTM
Ditto,8,0.7087506294038899,graduated,Ec^ --> Ec^^,DLSTM
Ditto,9,0.7081111218962916,graduated,Ec^ --> Ec^^,DLSTM
Ditto,10,0.7072073748811204,graduated,Ec^ --> Ec^^,DLSTM
Ditto,11,0.7059182751673796,graduated,Ec^ --> Ec^^,DLSTM
Ditto,12,0.7054895654948443,graduated,Ec^ --> Ec^^,DLSTM
Ditto,13,0.704673198488234,graduated,Ec^ --> Ec^^,DLSTM
Ditto,14,0.7051338822781589,graduated,Ec^ --> Ec^^,DLSTM
Ditto,15,0.7062109503473036,graduated,Ec^ --> Ec^^,DLSTM
Ditto,16,0.7060938774724794,graduated,Ec^ --> Ec^^,DLSTM
Ditto,17,0.7054731044226972,graduated,Ec^ --> Ec^^,DLSTM
Ditto,18,0.7061087211463898,graduated,Ec^ --> Ec^^,DLSTM
Ditto,19,0.7057603027321233,graduated,Ec^ --> Ec^^,DLSTM
Ditto,20,0.7048856057526048,graduated,Ec^ --> Ec^^,DLSTM
Ditto,21,0.7042086694608425,graduated,Ec^ --> Ec^^,DLSTM
Ditto,22,0.704857859301886,graduated,Ec^ --> Ec^^,DLSTM
Ditto,23,0.7055737915066957,graduated,Ec^ --> Ec^^,DLSTM
Ditto,24,0.7059203739915102,graduated,Ec^ --> Ec^^,DLSTM
Ditto,25,0.7057233467540553,graduated,Ec^ --> Ec^^,DLSTM
Ditto,26,0.7054990291554817,graduated,Ec^ --> Ec^^,DLSTM
Ditto,27,0.7048947641940263,graduated,Ec^ --> Ec^^,DLSTM
Ditto,28,0.7043275735329722,graduated,Ec^ --> Ec^^,DLSTM
Ditto,29,0.7045283771028266,graduated,Ec^ --> Ec^^,DLSTM
Ditto,30,0.7045719541831705,graduated,Ec^ --> Ec^^,DLSTM
Ditto,31,0.7048954670473829,graduated,Ec^ --> Ec^^,DLSTM
Ditto,32,0.6438904115161209,graduated,Ec^ --> Ec^^,DLSTM
Dynamic Languages Toolkit,1,0.636261148676124,graduated,Ec^ --> Ec^^,DLSTM
Dynamic Languages Toolkit,2,0.6959716439288023,graduated,Ec^ --> Ec^^,DLSTM
Dynamic Languages Toolkit,3,0.6969095630637705,graduated,Ec^ --> Ec^^,DLSTM
Dynamic Languages Toolkit,4,0.6962047043598457,graduated,Ec^ --> Ec^^,DLSTM
Dynamic Languages Toolkit,5,0.6979757170543683,graduated,Ec^ --> Ec^^,DLSTM
Dynamic Languages Toolkit,6,0.6978651565435162,graduated,Ec^ --> Ec^^,DLSTM
Dynamic Languages Toolkit,7,0.6971936845419724,graduated,Ec^ --> Ec^^,DLSTM
Dynamic Languages Toolkit,8,0.69294440792826,graduated,Ec^ --> Ec^^,DLSTM
Dynamic Languages Toolkit,9,0.6913588263624091,graduated,Ec^ --> Ec^^,DLSTM
Dynamic Languages Toolkit,10,0.695232864101834,graduated,Ec^ --> Ec^^,DLSTM
Dynamic Languages Toolkit,11,0.6920679813795055,graduated,Ec^ --> Ec^^,DLSTM
Dynamic Languages Toolkit,12,0.6946153762049326,graduated,Ec^ --> Ec^^,DLSTM
Dynamic Languages Toolkit,13,0.693616143124466,graduated,Ec^ --> Ec^^,DLSTM
Dynamic Languages Toolkit,14,0.6948092140030554,graduated,Ec^ --> Ec^^,DLSTM
Dynamic Languages Toolkit,15,0.6958703581301819,graduated,Ec^ --> Ec^^,DLSTM
Dynamic Languages Toolkit,16,0.6931069064542495,graduated,Ec^ --> Ec^^,DLSTM
Dynamic Languages Toolkit,17,0.6926213604164575,graduated,Ec^ --> Ec^^,DLSTM
Dynamic Languages Toolkit,18,0.6952846069465892,graduated,Ec^ --> Ec^^,DLSTM
Dynamic Languages Toolkit,19,0.6917849530284466,graduated,Ec^ --> Ec^^,DLSTM
Dynamic Languages Toolkit,20,0.6950032254904508,graduated,Ec^ --> Ec^^,DLSTM
Dynamic Languages Toolkit,21,0.6936529937044436,graduated,Ec^ --> Ec^^,DLSTM
Dynamic Languages Toolkit,22,0.6945490180074784,graduated,Ec^ --> Ec^^,DLSTM
Dynamic Languages Toolkit,23,0.6940909917637484,graduated,Ec^ --> Ec^^,DLSTM
Dynamic Languages Toolkit,24,0.6924414484434315,graduated,Ec^ --> Ec^^,DLSTM
Dynamic Languages Toolkit,25,0.6917594792896616,graduated,Ec^ --> Ec^^,DLSTM
Dynamic Languages Toolkit,26,0.6944980879308953,graduated,Ec^ --> Ec^^,DLSTM
Dynamic Languages Toolkit,27,0.6938449798969278,graduated,Ec^ --> Ec^^,DLSTM
Dynamic Languages Toolkit,28,0.6345130367403988,graduated,Ec^ --> Ec^^,DLSTM
EE Platform,1,0.64083272335636,graduated,Ec^ --> Ec^^,DLSTM
EE Platform,2,0.7021839999056874,graduated,Ec^ --> Ec^^,DLSTM
EE Platform,3,0.7000220331826522,graduated,Ec^ --> Ec^^,DLSTM
EE Platform,4,0.6990409551861815,graduated,Ec^ --> Ec^^,DLSTM
EE Platform,5,0.7012862294965742,graduated,Ec^ --> Ec^^,DLSTM
EE Platform,6,0.7056296932262369,graduated,Ec^ --> Ec^^,DLSTM
EE Platform,7,0.7056357142257109,graduated,Ec^ --> Ec^^,DLSTM
EE Platform,8,0.7060126960912797,graduated,Ec^ --> Ec^^,DLSTM
EE Platform,9,0.7062061069205311,graduated,Ec^ --> Ec^^,DLSTM
EE Platform,10,0.709610387852642,graduated,Ec^ --> Ec^^,DLSTM
EE Platform,11,0.7113721874917609,graduated,Ec^ --> Ec^^,DLSTM
EE Platform,12,0.7156808750362966,graduated,Ec^ --> Ec^^,DLSTM
EE Platform,13,0.7140829089436848,graduated,Ec^ --> Ec^^,DLSTM
EE Platform,14,0.7171800405164981,graduated,Ec^ --> Ec^^,DLSTM
EE Platform,15,0.7169236249922397,graduated,Ec^ --> Ec^^,DLSTM
EE Platform,16,0.7151038140192744,graduated,Ec^ --> Ec^^,DLSTM
EE Platform,17,0.7146956551590359,graduated,Ec^ --> Ec^^,DLSTM
EE Platform,18,0.7167371581639438,graduated,Ec^ --> Ec^^,DLSTM
EE Platform,19,0.7164998453489125,graduated,Ec^ --> Ec^^,DLSTM
EE Platform,20,0.7185960212460141,graduated,Ec^ --> Ec^^,DLSTM
EE Platform,21,0.7173989797797278,graduated,Ec^ --> Ec^^,DLSTM
EE Platform,22,0.7194481939217957,graduated,Ec^ --> Ec^^,DLSTM
EE Platform,23,0.7193431665063812,graduated,Ec^ --> Ec^^,DLSTM
EE Platform,24,0.7197332832904401,graduated,Ec^ --> Ec^^,DLSTM
EE Platform,25,0.7194130596044205,graduated,Ec^ --> Ec^^,DLSTM
EE Platform,26,0.6582809038564936,graduated,Ec^ --> Ec^^,DLSTM
EE TCK,1,0.6324340740157361,graduated,Ec^ --> Ec^^,DLSTM
EE TCK,2,0.6864879750389701,graduated,Ec^ --> Ec^^,DLSTM
EE TCK,3,0.6918765542928608,graduated,Ec^ --> Ec^^,DLSTM
EE TCK,4,0.6856794592248764,graduated,Ec^ --> Ec^^,DLSTM
EE TCK,5,0.6860353121488009,graduated,Ec^ --> Ec^^,DLSTM
EE TCK,6,0.6859220086855348,graduated,Ec^ --> Ec^^,DLSTM
EE TCK,7,0.6841487789875408,graduated,Ec^ --> Ec^^,DLSTM
EE TCK,8,0.6887718202360065,graduated,Ec^ --> Ec^^,DLSTM
EE TCK,9,0.6891299011867461,graduated,Ec^ --> Ec^^,DLSTM
EE TCK,10,0.6898026277893189,graduated,Ec^ --> Ec^^,DLSTM
EE TCK,11,0.6947114782915681,graduated,Ec^ --> Ec^^,DLSTM
EE TCK,12,0.6958719640066579,graduated,Ec^ --> Ec^^,DLSTM
EE TCK,13,0.6953400806511609,graduated,Ec^ --> Ec^^,DLSTM
EE TCK,14,0.6986925627285621,graduated,Ec^ --> Ec^^,DLSTM
EE TCK,15,0.7001393817152844,graduated,Ec^ --> Ec^^,DLSTM
EE TCK,16,0.7001673896381169,graduated,Ec^ --> Ec^^,DLSTM
EE TCK,17,0.7043627326912656,graduated,Ec^ --> Ec^^,DLSTM
EE TCK,18,0.7052474414618826,graduated,Ec^ --> Ec^^,DLSTM
EE TCK,19,0.7073174004292606,graduated,Ec^ --> Ec^^,DLSTM
EE TCK,20,0.7071689893417621,graduated,Ec^ --> Ec^^,DLSTM
EE TCK,21,0.7070831900803024,graduated,Ec^ --> Ec^^,DLSTM
EE TCK,22,0.7079954717139939,graduated,Ec^ --> Ec^^,DLSTM
EE TCK,23,0.7064295463065166,graduated,Ec^ --> Ec^^,DLSTM
EE TCK,24,0.7042222108400605,graduated,Ec^ --> Ec^^,DLSTM
EE TCK,25,0.7034666253416442,graduated,Ec^ --> Ec^^,DLSTM
EE TCK,26,0.7029545639270383,graduated,Ec^ --> Ec^^,DLSTM
EE TCK,27,0.7060822821568901,graduated,Ec^ --> Ec^^,DLSTM
EE TCK,28,0.7070381224548594,graduated,Ec^ --> Ec^^,DLSTM
EE TCK,29,0.7067325242558026,graduated,Ec^ --> Ec^^,DLSTM
EE TCK,30,0.7078908675768796,graduated,Ec^ --> Ec^^,DLSTM
EE TCK,31,0.7066638817504244,graduated,Ec^ --> Ec^^,DLSTM
EE TCK,32,0.7049055181828141,graduated,Ec^ --> Ec^^,DLSTM
EE TCK,33,0.643574323855011,graduated,Ec^ --> Ec^^,DLSTM
EE4J,1,0.644259261256255,graduated,Ec^ --> Ec^^,DLSTM
EE4J,2,0.7093375317979372,graduated,Ec^ --> Ec^^,DLSTM
EE4J,3,0.7056573282691826,graduated,Ec^ --> Ec^^,DLSTM
EE4J,4,0.7072010805584861,graduated,Ec^ --> Ec^^,DLSTM
EE4J,5,0.7088276346450931,graduated,Ec^ --> Ec^^,DLSTM
EE4J,6,0.7082996382616544,graduated,Ec^ --> Ec^^,DLSTM
EE4J,7,0.7092337285279544,graduated,Ec^ --> Ec^^,DLSTM
EE4J,8,0.7085861395465543,graduated,Ec^ --> Ec^^,DLSTM
EE4J,9,0.7094485604416688,graduated,Ec^ --> Ec^^,DLSTM
EE4J,10,0.7111482610738916,graduated,Ec^ --> Ec^^,DLSTM
EE4J,11,0.7119630994811221,graduated,Ec^ --> Ec^^,DLSTM
EE4J,12,0.7142501636060827,graduated,Ec^ --> Ec^^,DLSTM
EE4J,13,0.7169831913893275,graduated,Ec^ --> Ec^^,DLSTM
EE4J,14,0.7148941639431424,graduated,Ec^ --> Ec^^,DLSTM
EE4J,15,0.7159951097841891,graduated,Ec^ --> Ec^^,DLSTM
EE4J,16,0.7158389830323005,graduated,Ec^ --> Ec^^,DLSTM
EE4J,17,0.7151849072635297,graduated,Ec^ --> Ec^^,DLSTM
EE4J,18,0.7177015355103228,graduated,Ec^ --> Ec^^,DLSTM
EE4J,19,0.6552532953415057,graduated,Ec^ --> Ec^^,DLSTM
EGerrit,1,0.6386215627265011,graduated,Ec^ --> Ec^^,DLSTM
EGerrit,2,0.6976167686595136,graduated,Ec^ --> Ec^^,DLSTM
EGerrit,3,0.6980798949739729,graduated,Ec^ --> Ec^^,DLSTM
EGerrit,4,0.6988085644112092,graduated,Ec^ --> Ec^^,DLSTM
EGerrit,5,0.6990991859222571,graduated,Ec^ --> Ec^^,DLSTM
EGerrit,6,0.6990794465185387,graduated,Ec^ --> Ec^^,DLSTM
EGerrit,7,0.698991688173515,graduated,Ec^ --> Ec^^,DLSTM
EGerrit,8,0.698683359406513,graduated,Ec^ --> Ec^^,DLSTM
EGerrit,9,0.6984984086324001,graduated,Ec^ --> Ec^^,DLSTM
EGerrit,10,0.6985931275747307,graduated,Ec^ --> Ec^^,DLSTM
EGerrit,11,0.6975908040884665,graduated,Ec^ --> Ec^^,DLSTM
EGerrit,12,0.6990182180758792,graduated,Ec^ --> Ec^^,DLSTM
EGerrit,13,0.7002948669378627,graduated,Ec^ --> Ec^^,DLSTM
EGerrit,14,0.7004210495320037,graduated,Ec^ --> Ec^^,DLSTM
EGerrit,15,0.6999770400930772,graduated,Ec^ --> Ec^^,DLSTM
EGerrit,16,0.700217590696789,graduated,Ec^ --> Ec^^,DLSTM
EGerrit,17,0.7005091998936273,graduated,Ec^ --> Ec^^,DLSTM
EGerrit,18,0.7006710521321409,graduated,Ec^ --> Ec^^,DLSTM
EGerrit,19,0.6986945558117411,graduated,Ec^ --> Ec^^,DLSTM
EGerrit,20,0.6997059544235357,graduated,Ec^ --> Ec^^,DLSTM
EGerrit,21,0.6996226728978072,graduated,Ec^ --> Ec^^,DLSTM
EGerrit,22,0.6995596587880385,graduated,Ec^ --> Ec^^,DLSTM
EGerrit,23,0.7005879850816047,graduated,Ec^ --> Ec^^,DLSTM
EGerrit,24,0.6998868994779629,graduated,Ec^ --> Ec^^,DLSTM
EGerrit,25,0.6358357567934214,graduated,Ec^ --> Ec^^,DLSTM
EGit: Git Integration for Eclipse,1,0.6431560484847685,graduated,Ec^ --> Ec^^,DLSTM
EGit: Git Integration for Eclipse,2,0.7036238373148469,graduated,Ec^ --> Ec^^,DLSTM
EGit: Git Integration for Eclipse,3,0.7018058064437718,graduated,Ec^ --> Ec^^,DLSTM
EGit: Git Integration for Eclipse,4,0.7013357843725252,graduated,Ec^ --> Ec^^,DLSTM
EGit: Git Integration for Eclipse,5,0.7006569464614657,graduated,Ec^ --> Ec^^,DLSTM
EGit: Git Integration for Eclipse,6,0.7087967529771199,graduated,Ec^ --> Ec^^,DLSTM
EGit: Git Integration for Eclipse,7,0.703246773855287,graduated,Ec^ --> Ec^^,DLSTM
EGit: Git Integration for Eclipse,8,0.7043432321966383,graduated,Ec^ --> Ec^^,DLSTM
EGit: Git Integration for Eclipse,9,0.7088355424820271,graduated,Ec^ --> Ec^^,DLSTM
EGit: Git Integration for Eclipse,10,0.7126059412273478,graduated,Ec^ --> Ec^^,DLSTM
EGit: Git Integration for Eclipse,11,0.7108351387932509,graduated,Ec^ --> Ec^^,DLSTM
EGit: Git Integration for Eclipse,12,0.7112080093717266,graduated,Ec^ --> Ec^^,DLSTM
EGit: Git Integration for Eclipse,13,0.709450004097143,graduated,Ec^ --> Ec^^,DLSTM
EGit: Git Integration for Eclipse,14,0.7115544489119706,graduated,Ec^ --> Ec^^,DLSTM
EGit: Git Integration for Eclipse,15,0.7099460375071149,graduated,Ec^ --> Ec^^,DLSTM
EGit: Git Integration for Eclipse,16,0.7098987114230998,graduated,Ec^ --> Ec^^,DLSTM
EGit: Git Integration for Eclipse,17,0.7107707375549625,graduated,Ec^ --> Ec^^,DLSTM
EGit: Git Integration for Eclipse,18,0.7113630232551166,graduated,Ec^ --> Ec^^,DLSTM
EGit: Git Integration for Eclipse,19,0.7110770176167309,graduated,Ec^ --> Ec^^,DLSTM
EGit: Git Integration for Eclipse,20,0.7101944031089423,graduated,Ec^ --> Ec^^,DLSTM
EGit: Git Integration for Eclipse,21,0.7091325452532073,graduated,Ec^ --> Ec^^,DLSTM
EGit: Git Integration for Eclipse,22,0.7100202568900835,graduated,Ec^ --> Ec^^,DLSTM
EGit: Git Integration for Eclipse,23,0.7087198328072328,graduated,Ec^ --> Ec^^,DLSTM
EGit: Git Integration for Eclipse,24,0.7083223589304413,graduated,Ec^ --> Ec^^,DLSTM
EGit: Git Integration for Eclipse,25,0.6480800976509741,graduated,Ec^ --> Ec^^,DLSTM
EMF Client Platform,1,0.6395129655405728,graduated,Ec^ --> Ec^^,DLSTM
EMF Client Platform,2,0.6973340419496402,graduated,Ec^ --> Ec^^,DLSTM
EMF Client Platform,3,0.6972957331719295,graduated,Ec^ --> Ec^^,DLSTM
EMF Client Platform,4,0.6986358643970227,graduated,Ec^ --> Ec^^,DLSTM
EMF Client Platform,5,0.6981176702137156,graduated,Ec^ --> Ec^^,DLSTM
EMF Client Platform,6,0.6986736349488113,graduated,Ec^ --> Ec^^,DLSTM
EMF Client Platform,7,0.6997929203199942,graduated,Ec^ --> Ec^^,DLSTM
EMF Client Platform,8,0.7044044687318296,graduated,Ec^ --> Ec^^,DLSTM
EMF Client Platform,9,0.7013844287317321,graduated,Ec^ --> Ec^^,DLSTM
EMF Client Platform,10,0.7025742147079825,graduated,Ec^ --> Ec^^,DLSTM
EMF Client Platform,11,0.7071002024875136,graduated,Ec^ --> Ec^^,DLSTM
EMF Client Platform,12,0.7080463738264109,graduated,Ec^ --> Ec^^,DLSTM
EMF Client Platform,13,0.7083335447495205,graduated,Ec^ --> Ec^^,DLSTM
EMF Client Platform,14,0.7045713341267558,graduated,Ec^ --> Ec^^,DLSTM
EMF Client Platform,15,0.7095269694467411,graduated,Ec^ --> Ec^^,DLSTM
EMF Client Platform,16,0.7086126870885893,graduated,Ec^ --> Ec^^,DLSTM
EMF Client Platform,17,0.7074787212618617,graduated,Ec^ --> Ec^^,DLSTM
EMF Client Platform,18,0.7062824526777921,graduated,Ec^ --> Ec^^,DLSTM
EMF Client Platform,19,0.709467875896404,graduated,Ec^ --> Ec^^,DLSTM
EMF Client Platform,20,0.7102372278972859,graduated,Ec^ --> Ec^^,DLSTM
EMF Client Platform,21,0.7101138436301142,graduated,Ec^ --> Ec^^,DLSTM
EMF Client Platform,22,0.7062686710000577,graduated,Ec^ --> Ec^^,DLSTM
EMF Client Platform,23,0.7104702740262568,graduated,Ec^ --> Ec^^,DLSTM
EMF Client Platform,24,0.708244786186217,graduated,Ec^ --> Ec^^,DLSTM
EMF Client Platform,25,0.7042725021225958,graduated,Ec^ --> Ec^^,DLSTM
EMF Client Platform,26,0.7015421624267113,graduated,Ec^ --> Ec^^,DLSTM
EMF Client Platform,27,0.7073991743422654,graduated,Ec^ --> Ec^^,DLSTM
EMF Client Platform,28,0.7081952557568557,graduated,Ec^ --> Ec^^,DLSTM
EMF Client Platform,29,0.7080269227909506,graduated,Ec^ --> Ec^^,DLSTM
EMF Client Platform,30,0.7071689690880687,graduated,Ec^ --> Ec^^,DLSTM
EMF Client Platform,31,0.6474000087575381,graduated,Ec^ --> Ec^^,DLSTM
EMF Compare,1,0.6409612651063867,graduated,Ec^ --> Ec^^,DLSTM
EMF Compare,2,0.7021639542688777,graduated,Ec^ --> Ec^^,DLSTM
EMF Compare,3,0.7058871458752575,graduated,Ec^ --> Ec^^,DLSTM
EMF Compare,4,0.6986006057475508,graduated,Ec^ --> Ec^^,DLSTM
EMF Compare,5,0.6996832954857184,graduated,Ec^ --> Ec^^,DLSTM
EMF Compare,6,0.7018060302791858,graduated,Ec^ --> Ec^^,DLSTM
EMF Compare,7,0.7000984582933341,graduated,Ec^ --> Ec^^,DLSTM
EMF Compare,8,0.6979105102463833,graduated,Ec^ --> Ec^^,DLSTM
EMF Compare,9,0.6967036915497271,graduated,Ec^ --> Ec^^,DLSTM
EMF Compare,10,0.6960061113419841,graduated,Ec^ --> Ec^^,DLSTM
EMF Compare,11,0.702576148246185,graduated,Ec^ --> Ec^^,DLSTM
EMF Compare,12,0.6395242793447464,graduated,Ec^ --> Ec^^,DLSTM
EMF Parsley,1,0.6219336479923135,graduated,Ec^ --> Ec^^,DLSTM
EMF Parsley,2,0.6805031745351603,graduated,Ec^ --> Ec^^,DLSTM
EMF Parsley,3,0.6835555657120664,graduated,Ec^ --> Ec^^,DLSTM
EMF Parsley,4,0.6858468647945241,graduated,Ec^ --> Ec^^,DLSTM
EMF Parsley,5,0.6863846659479366,graduated,Ec^ --> Ec^^,DLSTM
EMF Parsley,6,0.6912129313988478,graduated,Ec^ --> Ec^^,DLSTM
EMF Parsley,7,0.6906679621948577,graduated,Ec^ --> Ec^^,DLSTM
EMF Parsley,8,0.6887499515602059,graduated,Ec^ --> Ec^^,DLSTM
EMF Parsley,9,0.6883789105706666,graduated,Ec^ --> Ec^^,DLSTM
EMF Parsley,10,0.6848598808608486,graduated,Ec^ --> Ec^^,DLSTM
EMF Parsley,11,0.6891856835887803,graduated,Ec^ --> Ec^^,DLSTM
EMF Parsley,12,0.686893046264033,graduated,Ec^ --> Ec^^,DLSTM
EMF Parsley,13,0.6242552999007664,graduated,Ec^ --> Ec^^,DLSTM
EMFStore,1,0.6396042811803061,graduated,Ec^ --> Ec^^,DLSTM
EMFStore,2,0.6983022287684413,graduated,Ec^ --> Ec^^,DLSTM
EMFStore,3,0.6981168158452288,graduated,Ec^ --> Ec^^,DLSTM
EMFStore,4,0.6972702418228496,graduated,Ec^ --> Ec^^,DLSTM
EMFStore,5,0.6975409288102674,graduated,Ec^ --> Ec^^,DLSTM
EMFStore,6,0.6987303801204935,graduated,Ec^ --> Ec^^,DLSTM
EMFStore,7,0.7036172188801427,graduated,Ec^ --> Ec^^,DLSTM
EMFStore,8,0.7022961710279949,graduated,Ec^ --> Ec^^,DLSTM
EMFStore,9,0.7019108050362971,graduated,Ec^ --> Ec^^,DLSTM
EMFStore,10,0.701881446498554,graduated,Ec^ --> Ec^^,DLSTM
EMFStore,11,0.7055216549189135,graduated,Ec^ --> Ec^^,DLSTM
EMFStore,12,0.7053346056406599,graduated,Ec^ --> Ec^^,DLSTM
EMFStore,13,0.701412433401094,graduated,Ec^ --> Ec^^,DLSTM
EMFStore,14,0.7052351293202965,graduated,Ec^ --> Ec^^,DLSTM
EMFStore,15,0.7064504917184903,graduated,Ec^ --> Ec^^,DLSTM
EMFStore,16,0.7058475407760584,graduated,Ec^ --> Ec^^,DLSTM
EMFStore,17,0.7050415237743545,graduated,Ec^ --> Ec^^,DLSTM
EMFStore,18,0.7050432061205364,graduated,Ec^ --> Ec^^,DLSTM
EMFStore,19,0.7046611486852978,graduated,Ec^ --> Ec^^,DLSTM
EMFStore,20,0.7045399282315526,graduated,Ec^ --> Ec^^,DLSTM
EMFStore,21,0.7017417151228419,graduated,Ec^ --> Ec^^,DLSTM
EMFStore,22,0.7040622173175676,graduated,Ec^ --> Ec^^,DLSTM
EMFStore,23,0.70440833167555,graduated,Ec^ --> Ec^^,DLSTM
EMFStore,24,0.7028425027078424,graduated,Ec^ --> Ec^^,DLSTM
EMFStore,25,0.7025461143968299,graduated,Ec^ --> Ec^^,DLSTM
EMFStore,26,0.7021136348285583,graduated,Ec^ --> Ec^^,DLSTM
EMFStore,27,0.7026073477310338,graduated,Ec^ --> Ec^^,DLSTM
EMFStore,28,0.7022489801226176,graduated,Ec^ --> Ec^^,DLSTM
EMFStore,29,0.6996627707803197,graduated,Ec^ --> Ec^^,DLSTM
EMFStore,30,0.7019489381406508,graduated,Ec^ --> Ec^^,DLSTM
EMFStore,31,0.6405154568818124,graduated,Ec^ --> Ec^^,DLSTM
EclEmma,1,0.6226453116835043,graduated,Ec^ --> Ec^^,DLSTM
EclEmma,2,0.6849483039144094,graduated,Ec^ --> Ec^^,DLSTM
EclEmma,3,0.6846772857547267,graduated,Ec^ --> Ec^^,DLSTM
EclEmma,4,0.6772249033737703,graduated,Ec^ --> Ec^^,DLSTM
EclEmma,5,0.6835675289721218,graduated,Ec^ --> Ec^^,DLSTM
EclEmma,6,0.6848299370341848,graduated,Ec^ --> Ec^^,DLSTM
EclEmma,7,0.6842981056744968,graduated,Ec^ --> Ec^^,DLSTM
EclEmma,8,0.682274974846212,graduated,Ec^ --> Ec^^,DLSTM
EclEmma,9,0.626224794149838,graduated,Ec^ --> Ec^^,DLSTM
EclipseLink,1,0.6409772749721361,graduated,Ec^ --> Ec^^,DLSTM
EclipseLink,2,0.699711523921035,graduated,Ec^ --> Ec^^,DLSTM
EclipseLink,3,0.7064141720726995,graduated,Ec^ --> Ec^^,DLSTM
EclipseLink,4,0.7075053885902829,graduated,Ec^ --> Ec^^,DLSTM
EclipseLink,5,0.7079025308656821,graduated,Ec^ --> Ec^^,DLSTM
EclipseLink,6,0.708070134595645,graduated,Ec^ --> Ec^^,DLSTM
EclipseLink,7,0.7079751432656972,graduated,Ec^ --> Ec^^,DLSTM
EclipseLink,8,0.7078044419252774,graduated,Ec^ --> Ec^^,DLSTM
EclipseLink,9,0.7072795455584096,graduated,Ec^ --> Ec^^,DLSTM
EclipseLink,10,0.7065942335951589,graduated,Ec^ --> Ec^^,DLSTM
EclipseLink,11,0.7067810336637688,graduated,Ec^ --> Ec^^,DLSTM
EclipseLink,12,0.6459137738517811,graduated,Ec^ --> Ec^^,DLSTM
Ecore Tools,1,0.6408238195014903,graduated,Ec^ --> Ec^^,DLSTM
Ecore Tools,2,0.7003769441853581,graduated,Ec^ --> Ec^^,DLSTM
Ecore Tools,3,0.6995331648648175,graduated,Ec^ --> Ec^^,DLSTM
Ecore Tools,4,0.7011958649651063,graduated,Ec^ --> Ec^^,DLSTM
Ecore Tools,5,0.7024423908083347,graduated,Ec^ --> Ec^^,DLSTM
Ecore Tools,6,0.7011063136861495,graduated,Ec^ --> Ec^^,DLSTM
Ecore Tools,7,0.7045357228445458,graduated,Ec^ --> Ec^^,DLSTM
Ecore Tools,8,0.699676466925115,graduated,Ec^ --> Ec^^,DLSTM
Ecore Tools,9,0.6978842848978923,graduated,Ec^ --> Ec^^,DLSTM
Ecore Tools,10,0.7019402614879974,graduated,Ec^ --> Ec^^,DLSTM
Ecore Tools,11,0.6968784766493863,graduated,Ec^ --> Ec^^,DLSTM
Ecore Tools,12,0.6960182442708859,graduated,Ec^ --> Ec^^,DLSTM
Ecore Tools,13,0.6974709003133622,graduated,Ec^ --> Ec^^,DLSTM
Ecore Tools,14,0.6964604770454083,graduated,Ec^ --> Ec^^,DLSTM
Ecore Tools,15,0.6966020116494104,graduated,Ec^ --> Ec^^,DLSTM
Ecore Tools,16,0.6949999965880443,graduated,Ec^ --> Ec^^,DLSTM
Ecore Tools,17,0.6950775847901147,graduated,Ec^ --> Ec^^,DLSTM
Ecore Tools,18,0.6971009402626654,graduated,Ec^ --> Ec^^,DLSTM
Ecore Tools,19,0.6960580074595226,graduated,Ec^ --> Ec^^,DLSTM
Ecore Tools,20,0.6964111215257025,graduated,Ec^ --> Ec^^,DLSTM
Ecore Tools,21,0.6980526981629052,graduated,Ec^ --> Ec^^,DLSTM
Ecore Tools,22,0.6981757213550274,graduated,Ec^ --> Ec^^,DLSTM
Ecore Tools,23,0.6988923267444371,graduated,Ec^ --> Ec^^,DLSTM
Ecore Tools,24,0.6983973397405928,graduated,Ec^ --> Ec^^,DLSTM
Ecore Tools,25,0.6987387948648419,graduated,Ec^ --> Ec^^,DLSTM
Ecore Tools,26,0.7003756669575839,graduated,Ec^ --> Ec^^,DLSTM
Ecore Tools,27,0.699970821507864,graduated,Ec^ --> Ec^^,DLSTM
Ecore Tools,28,0.7004692088748452,graduated,Ec^ --> Ec^^,DLSTM
Ecore Tools,29,0.701870273971678,graduated,Ec^ --> Ec^^,DLSTM
Ecore Tools,30,0.7021679994169836,graduated,Ec^ --> Ec^^,DLSTM
Ecore Tools,31,0.7029140011329418,graduated,Ec^ --> Ec^^,DLSTM
Ecore Tools,32,0.7027334142425208,graduated,Ec^ --> Ec^^,DLSTM
Ecore Tools,33,0.7030114553966671,graduated,Ec^ --> Ec^^,DLSTM
Ecore Tools,34,0.7042223848544399,graduated,Ec^ --> Ec^^,DLSTM
Ecore Tools,35,0.6433528272911263,graduated,Ec^ --> Ec^^,DLSTM
Edapt,1,0.6407734718201675,graduated,Ec^ --> Ec^^,DLSTM
Edapt,2,0.6997165138096875,graduated,Ec^ --> Ec^^,DLSTM
Edapt,3,0.699636565981719,graduated,Ec^ --> Ec^^,DLSTM
Edapt,4,0.699636399745941,graduated,Ec^ --> Ec^^,DLSTM
Edapt,5,0.699636399745941,graduated,Ec^ --> Ec^^,DLSTM
Edapt,6,0.699636399745941,graduated,Ec^ --> Ec^^,DLSTM
Edapt,7,0.6996365587014042,graduated,Ec^ --> Ec^^,DLSTM
Edapt,8,0.6997780066023908,graduated,Ec^ --> Ec^^,DLSTM
Edapt,9,0.7012203781981005,graduated,Ec^ --> Ec^^,DLSTM
Edapt,10,0.7022382820400365,graduated,Ec^ --> Ec^^,DLSTM
Edapt,11,0.703142324008547,graduated,Ec^ --> Ec^^,DLSTM
Edapt,12,0.7038939714743482,graduated,Ec^ --> Ec^^,DLSTM
Edapt,13,0.7045199202901532,graduated,Ec^ --> Ec^^,DLSTM
Edapt,14,0.7050492583840466,graduated,Ec^ --> Ec^^,DLSTM
Edapt,15,0.7055157111769458,graduated,Ec^ --> Ec^^,DLSTM
Edapt,16,0.7060613258432575,graduated,Ec^ --> Ec^^,DLSTM
Edapt,17,0.706699396589798,graduated,Ec^ --> Ec^^,DLSTM
Edapt,18,0.707241495801543,graduated,Ec^ --> Ec^^,DLSTM
Edapt,19,0.7077304898187735,graduated,Ec^ --> Ec^^,DLSTM
Edapt,20,0.7077760853089277,graduated,Ec^ --> Ec^^,DLSTM
Edapt,21,0.7086081994402631,graduated,Ec^ --> Ec^^,DLSTM
Edapt,22,0.7089296621339397,graduated,Ec^ --> Ec^^,DLSTM
Edapt,23,0.71381168606986,graduated,Ec^ --> Ec^^,DLSTM
Edapt,24,0.7103616987131509,graduated,Ec^ --> Ec^^,DLSTM
Edapt,25,0.7121588829449153,graduated,Ec^ --> Ec^^,DLSTM
Edapt,26,0.7113374480264585,graduated,Ec^ --> Ec^^,DLSTM
Edapt,27,0.7099188459248141,graduated,Ec^ --> Ec^^,DLSTM
Edapt,28,0.708922010308153,graduated,Ec^ --> Ec^^,DLSTM
Edapt,29,0.7092889801296819,graduated,Ec^ --> Ec^^,DLSTM
Edapt,30,0.7088620569666905,graduated,Ec^ --> Ec^^,DLSTM
Edapt,31,0.7119306591595267,graduated,Ec^ --> Ec^^,DLSTM
Edapt,32,0.71004899203334,graduated,Ec^ --> Ec^^,DLSTM
Edapt,33,0.7107827136303032,graduated,Ec^ --> Ec^^,DLSTM
Edapt,34,0.7107387071911867,graduated,Ec^ --> Ec^^,DLSTM
Edapt,35,0.7115586269765417,graduated,Ec^ --> Ec^^,DLSTM
Edapt,36,0.7095761521503434,graduated,Ec^ --> Ec^^,DLSTM
Edapt,37,0.7100107796766918,graduated,Ec^ --> Ec^^,DLSTM
Edapt,38,0.7096312874807139,graduated,Ec^ --> Ec^^,DLSTM
Edapt,39,0.7121546110066593,graduated,Ec^ --> Ec^^,DLSTM
Edapt,40,0.7106844876647148,graduated,Ec^ --> Ec^^,DLSTM
Edapt,41,0.7101629875457743,graduated,Ec^ --> Ec^^,DLSTM
Edapt,42,0.7111040906461232,graduated,Ec^ --> Ec^^,DLSTM
Edapt,43,0.7110027989883946,graduated,Ec^ --> Ec^^,DLSTM
Edapt,44,0.7095185342761658,graduated,Ec^ --> Ec^^,DLSTM
Edapt,45,0.7097270298772439,graduated,Ec^ --> Ec^^,DLSTM
Edapt,46,0.7092123467613356,graduated,Ec^ --> Ec^^,DLSTM
Edapt,47,0.7110351965006699,graduated,Ec^ --> Ec^^,DLSTM
Edapt,48,0.709725087546692,graduated,Ec^ --> Ec^^,DLSTM
Edapt,49,0.70945370883205,graduated,Ec^ --> Ec^^,DLSTM
Edapt,50,0.7105918270226134,graduated,Ec^ --> Ec^^,DLSTM
Edapt,51,0.7104656043144058,graduated,Ec^ --> Ec^^,DLSTM
Edapt,52,0.7096688958848413,graduated,Ec^ --> Ec^^,DLSTM
Edapt,53,0.710395416585882,graduated,Ec^ --> Ec^^,DLSTM
Edapt,54,0.7092843574034027,graduated,Ec^ --> Ec^^,DLSTM
Edapt,55,0.7107403937362811,graduated,Ec^ --> Ec^^,DLSTM
Edapt,56,0.7101471758531042,graduated,Ec^ --> Ec^^,DLSTM
Edapt,57,0.709903242420204,graduated,Ec^ --> Ec^^,DLSTM
Edapt,58,0.7109621446435129,graduated,Ec^ --> Ec^^,DLSTM
Edapt,59,0.7108547166123866,graduated,Ec^ --> Ec^^,DLSTM
Edapt,60,0.710179377291001,graduated,Ec^ --> Ec^^,DLSTM
Edapt,61,0.7108721240795621,graduated,Ec^ --> Ec^^,DLSTM
Edapt,62,0.7099267384572955,graduated,Ec^ --> Ec^^,DLSTM
Edapt,63,0.6501720351495595,graduated,Ec^ --> Ec^^,DLSTM
Edje,1,0.6277477694997445,retired,Ec^ --> Ec^^,DLSTM
Edje,2,0.6878462240742296,retired,Ec^ --> Ec^^,DLSTM
Edje,3,0.6897096440842675,retired,Ec^ --> Ec^^,DLSTM
Edje,4,0.688113432160806,retired,Ec^ --> Ec^^,DLSTM
Edje,5,0.6861236029538028,retired,Ec^ --> Ec^^,DLSTM
Edje,6,0.6875551015066446,retired,Ec^ --> Ec^^,DLSTM
Edje,7,0.6285343581582078,retired,Ec^ --> Ec^^,DLSTM
Embedded CDT (C_C++ Development Tools),1,0.6193425223824631,graduated,Ec^ --> Ec^^,DLSTM
Embedded CDT (C_C++ Development Tools),2,0.6809117327149704,graduated,Ec^ --> Ec^^,DLSTM
Embedded CDT (C_C++ Development Tools),3,0.6827964371181501,graduated,Ec^ --> Ec^^,DLSTM
Embedded CDT (C_C++ Development Tools),4,0.6823424106877285,graduated,Ec^ --> Ec^^,DLSTM
Embedded CDT (C_C++ Development Tools),5,0.6782890037503039,graduated,Ec^ --> Ec^^,DLSTM
Embedded CDT (C_C++ Development Tools),6,0.6823613985706362,graduated,Ec^ --> Ec^^,DLSTM
Embedded CDT (C_C++ Development Tools),7,0.6808941406152177,graduated,Ec^ --> Ec^^,DLSTM
Embedded CDT (C_C++ Development Tools),8,0.6719900796559882,graduated,Ec^ --> Ec^^,DLSTM
Embedded CDT (C_C++ Development Tools),9,0.6729146969539338,graduated,Ec^ --> Ec^^,DLSTM
Embedded CDT (C_C++ Development Tools),10,0.685559614170674,graduated,Ec^ --> Ec^^,DLSTM
Embedded CDT (C_C++ Development Tools),11,0.6888040269058744,graduated,Ec^ --> Ec^^,DLSTM
Embedded CDT (C_C++ Development Tools),12,0.6259168850809753,graduated,Ec^ --> Ec^^,DLSTM
Enterprise Beans,1,0.6233181786133789,graduated,Ec^ --> Ec^^,DLSTM
Enterprise Beans,2,0.684614574816095,graduated,Ec^ --> Ec^^,DLSTM
Enterprise Beans,3,0.6846537808705582,graduated,Ec^ --> Ec^^,DLSTM
Enterprise Beans,4,0.6847663005945215,graduated,Ec^ --> Ec^^,DLSTM
Enterprise Beans,5,0.6861200703089351,graduated,Ec^ --> Ec^^,DLSTM
Enterprise Beans,6,0.6859387635468983,graduated,Ec^ --> Ec^^,DLSTM
Enterprise Beans,7,0.6853839291588694,graduated,Ec^ --> Ec^^,DLSTM
Enterprise Beans,8,0.685930559288143,graduated,Ec^ --> Ec^^,DLSTM
Enterprise Beans,9,0.6885479405920333,graduated,Ec^ --> Ec^^,DLSTM
Enterprise Beans,10,0.69036362800396,graduated,Ec^ --> Ec^^,DLSTM
Enterprise Beans,11,0.6923957465816858,graduated,Ec^ --> Ec^^,DLSTM
Enterprise Beans,12,0.6950188255996146,graduated,Ec^ --> Ec^^,DLSTM
Enterprise Beans,13,0.6969393824231601,graduated,Ec^ --> Ec^^,DLSTM
Enterprise Beans,14,0.6986372746448389,graduated,Ec^ --> Ec^^,DLSTM
Enterprise Beans,15,0.7004383760191925,graduated,Ec^ --> Ec^^,DLSTM
Enterprise Beans,16,0.6995196408897947,graduated,Ec^ --> Ec^^,DLSTM
Enterprise Beans,17,0.7001229414136599,graduated,Ec^ --> Ec^^,DLSTM
Enterprise Beans,18,0.7004955205883614,graduated,Ec^ --> Ec^^,DLSTM
Enterprise Beans,19,0.700572987686241,graduated,Ec^ --> Ec^^,DLSTM
Enterprise Beans,20,0.7035634839927937,graduated,Ec^ --> Ec^^,DLSTM
Enterprise Beans,21,0.7052631619319738,graduated,Ec^ --> Ec^^,DLSTM
Enterprise Beans,22,0.7070748272339153,graduated,Ec^ --> Ec^^,DLSTM
Enterprise Beans,23,0.7043149402358407,graduated,Ec^ --> Ec^^,DLSTM
Enterprise Beans,24,0.7060262454938117,graduated,Ec^ --> Ec^^,DLSTM
Enterprise Beans,25,0.7036221615742559,graduated,Ec^ --> Ec^^,DLSTM
Enterprise Beans,26,0.7058832912254045,graduated,Ec^ --> Ec^^,DLSTM
Enterprise Beans,27,0.7047559168127773,graduated,Ec^ --> Ec^^,DLSTM
Enterprise Beans,28,0.7071529555833608,graduated,Ec^ --> Ec^^,DLSTM
Enterprise Beans,29,0.7082237119599527,graduated,Ec^ --> Ec^^,DLSTM
Enterprise Beans,30,0.7085662015001576,graduated,Ec^ --> Ec^^,DLSTM
Enterprise Beans,31,0.7066021732403264,graduated,Ec^ --> Ec^^,DLSTM
Enterprise Beans,32,0.7082674585926967,graduated,Ec^ --> Ec^^,DLSTM
Enterprise Beans,33,0.6441914335153393,graduated,Ec^ --> Ec^^,DLSTM
Epsilon,1,0.6350915433264508,graduated,Ec^ --> Ec^^,DLSTM
Epsilon,2,0.6946006018079716,graduated,Ec^ --> Ec^^,DLSTM
Epsilon,3,0.6862376186015223,graduated,Ec^ --> Ec^^,DLSTM
Epsilon,4,0.6939744991891599,graduated,Ec^ --> Ec^^,DLSTM
Epsilon,5,0.6942985899020971,graduated,Ec^ --> Ec^^,DLSTM
Epsilon,6,0.6948131476247299,graduated,Ec^ --> Ec^^,DLSTM
Epsilon,7,0.6962235142413383,graduated,Ec^ --> Ec^^,DLSTM
Epsilon,8,0.6961042668295289,graduated,Ec^ --> Ec^^,DLSTM
Epsilon,9,0.6957039990779647,graduated,Ec^ --> Ec^^,DLSTM
Epsilon,10,0.6947518713077502,graduated,Ec^ --> Ec^^,DLSTM
Epsilon,11,0.6942713259493716,graduated,Ec^ --> Ec^^,DLSTM
Epsilon,12,0.693280688407857,graduated,Ec^ --> Ec^^,DLSTM
Epsilon,13,0.696099750388772,graduated,Ec^ --> Ec^^,DLSTM
Epsilon,14,0.6970223951432968,graduated,Ec^ --> Ec^^,DLSTM
Epsilon,15,0.6964303510368697,graduated,Ec^ --> Ec^^,DLSTM
Epsilon,16,0.6937401148876694,graduated,Ec^ --> Ec^^,DLSTM
Epsilon,17,0.6941122379488611,graduated,Ec^ --> Ec^^,DLSTM
Epsilon,18,0.6963835356537648,graduated,Ec^ --> Ec^^,DLSTM
Epsilon,19,0.6971830456387565,graduated,Ec^ --> Ec^^,DLSTM
Epsilon,20,0.6970663197966476,graduated,Ec^ --> Ec^^,DLSTM
Epsilon,21,0.6966550144272349,graduated,Ec^ --> Ec^^,DLSTM
Epsilon,22,0.6387269373458276,graduated,Ec^ --> Ec^^,DLSTM
Equinox,1,0.6421146481466985,graduated,Ec^ --> Ec^^,DLSTM
Equinox,2,0.7041918394103528,graduated,Ec^ --> Ec^^,DLSTM
Equinox,3,0.7072730972842195,graduated,Ec^ --> Ec^^,DLSTM
Equinox,4,0.70809858243089,graduated,Ec^ --> Ec^^,DLSTM
Equinox,5,0.7080662600859704,graduated,Ec^ --> Ec^^,DLSTM
Equinox,6,0.7080979331644498,graduated,Ec^ --> Ec^^,DLSTM
Equinox,7,0.7065832520400106,graduated,Ec^ --> Ec^^,DLSTM
Equinox,8,0.7046385736861939,graduated,Ec^ --> Ec^^,DLSTM
Equinox,9,0.7076916548966294,graduated,Ec^ --> Ec^^,DLSTM
Equinox,10,0.7079497734152043,graduated,Ec^ --> Ec^^,DLSTM
Equinox,11,0.7052366974570198,graduated,Ec^ --> Ec^^,DLSTM
Equinox,12,0.7048931379669822,graduated,Ec^ --> Ec^^,DLSTM
Equinox,13,0.7059079303522189,graduated,Ec^ --> Ec^^,DLSTM
Equinox,14,0.7061420434838059,graduated,Ec^ --> Ec^^,DLSTM
Equinox,15,0.7076990166100413,graduated,Ec^ --> Ec^^,DLSTM
Equinox,16,0.7036019973471408,graduated,Ec^ --> Ec^^,DLSTM
Equinox,17,0.7081073435957567,graduated,Ec^ --> Ec^^,DLSTM
Equinox,18,0.7072844612373493,graduated,Ec^ --> Ec^^,DLSTM
Equinox,19,0.7037578256021014,graduated,Ec^ --> Ec^^,DLSTM
Equinox,20,0.7047198070736868,graduated,Ec^ --> Ec^^,DLSTM
Equinox,21,0.7051116910520505,graduated,Ec^ --> Ec^^,DLSTM
Equinox,22,0.7066773150249664,graduated,Ec^ --> Ec^^,DLSTM
Equinox,23,0.7069377471939523,graduated,Ec^ --> Ec^^,DLSTM
Equinox,24,0.7055871583308113,graduated,Ec^ --> Ec^^,DLSTM
Equinox,25,0.7105440876265002,graduated,Ec^ --> Ec^^,DLSTM
Equinox,26,0.7093884265453193,graduated,Ec^ --> Ec^^,DLSTM
Equinox,27,0.7066746190743662,graduated,Ec^ --> Ec^^,DLSTM
Equinox,28,0.6464844568313972,graduated,Ec^ --> Ec^^,DLSTM
Expression Language,1,0.6223598841536431,graduated,Ec^ --> Ec^^,DLSTM
Expression Language,2,0.684022469059435,graduated,Ec^ --> Ec^^,DLSTM
Expression Language,3,0.6841771480743152,graduated,Ec^ --> Ec^^,DLSTM
Expression Language,4,0.6819967885507069,graduated,Ec^ --> Ec^^,DLSTM
Expression Language,5,0.6825333899796503,graduated,Ec^ --> Ec^^,DLSTM
Expression Language,6,0.6861151780403911,graduated,Ec^ --> Ec^^,DLSTM
Expression Language,7,0.6868294865324842,graduated,Ec^ --> Ec^^,DLSTM
Expression Language,8,0.6864783906159224,graduated,Ec^ --> Ec^^,DLSTM
Expression Language,9,0.6879282243653262,graduated,Ec^ --> Ec^^,DLSTM
Expression Language,10,0.6903486467114079,graduated,Ec^ --> Ec^^,DLSTM
Expression Language,11,0.6931273802719897,graduated,Ec^ --> Ec^^,DLSTM
Expression Language,12,0.6934841817115829,graduated,Ec^ --> Ec^^,DLSTM
Expression Language,13,0.6942636562474623,graduated,Ec^ --> Ec^^,DLSTM
Expression Language,14,0.6953785915436757,graduated,Ec^ --> Ec^^,DLSTM
Expression Language,15,0.6983695231048093,graduated,Ec^ --> Ec^^,DLSTM
Expression Language,16,0.7002711838399491,graduated,Ec^ --> Ec^^,DLSTM
Expression Language,17,0.7011848335854234,graduated,Ec^ --> Ec^^,DLSTM
Expression Language,18,0.700447542390829,graduated,Ec^ --> Ec^^,DLSTM
Expression Language,19,0.7064405008305192,graduated,Ec^ --> Ec^^,DLSTM
Expression Language,20,0.7050933598283764,graduated,Ec^ --> Ec^^,DLSTM
Expression Language,21,0.7030372045081082,graduated,Ec^ --> Ec^^,DLSTM
Expression Language,22,0.7040711289235068,graduated,Ec^ --> Ec^^,DLSTM
Expression Language,23,0.7069956634240384,graduated,Ec^ --> Ec^^,DLSTM
Expression Language,24,0.7087953066311532,graduated,Ec^ --> Ec^^,DLSTM
Expression Language,25,0.7090724186333458,graduated,Ec^ --> Ec^^,DLSTM
Expression Language,26,0.7071694719760186,graduated,Ec^ --> Ec^^,DLSTM
Expression Language,27,0.7109809065333372,graduated,Ec^ --> Ec^^,DLSTM
Expression Language,28,0.7098873139920946,graduated,Ec^ --> Ec^^,DLSTM
Expression Language,29,0.7092095306691125,graduated,Ec^ --> Ec^^,DLSTM
Expression Language,30,0.709361441984734,graduated,Ec^ --> Ec^^,DLSTM
Expression Language,31,0.7119509155683094,graduated,Ec^ --> Ec^^,DLSTM
Expression Language,32,0.6507508459145791,graduated,Ec^ --> Ec^^,DLSTM
GLSP,1,0.6404688448086198,graduated,Ec^ --> Ec^^,DLSTM
GLSP,2,0.6985575465511878,graduated,Ec^ --> Ec^^,DLSTM
GLSP,3,0.6983911794564372,graduated,Ec^ --> Ec^^,DLSTM
GLSP,4,0.6986695200204724,graduated,Ec^ --> Ec^^,DLSTM
GLSP,5,0.7018533295518745,graduated,Ec^ --> Ec^^,DLSTM
GLSP,6,0.7069959437718156,graduated,Ec^ --> Ec^^,DLSTM
GLSP,7,0.7061238043784873,graduated,Ec^ --> Ec^^,DLSTM
GLSP,8,0.6975860730153692,graduated,Ec^ --> Ec^^,DLSTM
GLSP,9,0.7064273857092765,graduated,Ec^ --> Ec^^,DLSTM
GLSP,10,0.7049458918890081,graduated,Ec^ --> Ec^^,DLSTM
GLSP,11,0.704960183906919,graduated,Ec^ --> Ec^^,DLSTM
GLSP,12,0.7034101683921206,graduated,Ec^ --> Ec^^,DLSTM
GLSP,13,0.7055169686487264,graduated,Ec^ --> Ec^^,DLSTM
GLSP,14,0.706705559090344,graduated,Ec^ --> Ec^^,DLSTM
GLSP,15,0.7072866652737394,graduated,Ec^ --> Ec^^,DLSTM
GLSP,16,0.7009086845145671,graduated,Ec^ --> Ec^^,DLSTM
GLSP,17,0.7063260625726223,graduated,Ec^ --> Ec^^,DLSTM
GLSP,18,0.7045671574635017,graduated,Ec^ --> Ec^^,DLSTM
GLSP,19,0.704800402128445,graduated,Ec^ --> Ec^^,DLSTM
GLSP,20,0.702678400468517,graduated,Ec^ --> Ec^^,DLSTM
GLSP,21,0.7043687162021658,graduated,Ec^ --> Ec^^,DLSTM
GLSP,22,0.7065992504841927,graduated,Ec^ --> Ec^^,DLSTM
GLSP,23,0.7071223335599808,graduated,Ec^ --> Ec^^,DLSTM
GLSP,24,0.7028637675139731,graduated,Ec^ --> Ec^^,DLSTM
GLSP,25,0.704418565711755,graduated,Ec^ --> Ec^^,DLSTM
GLSP,26,0.7028129123713335,graduated,Ec^ --> Ec^^,DLSTM
GLSP,27,0.7042340323788948,graduated,Ec^ --> Ec^^,DLSTM
GLSP,28,0.702334462381763,graduated,Ec^ --> Ec^^,DLSTM
GLSP,29,0.7058277931146525,graduated,Ec^ --> Ec^^,DLSTM
GLSP,30,0.7052089730560293,graduated,Ec^ --> Ec^^,DLSTM
GLSP,31,0.7071378146672832,graduated,Ec^ --> Ec^^,DLSTM
GLSP,32,0.7035358131190788,graduated,Ec^ --> Ec^^,DLSTM
GLSP,33,0.7066142446552073,graduated,Ec^ --> Ec^^,DLSTM
GLSP,34,0.7053646250459232,graduated,Ec^ --> Ec^^,DLSTM
GLSP,35,0.7045408601327116,graduated,Ec^ --> Ec^^,DLSTM
GLSP,36,0.6424378471750538,graduated,Ec^ --> Ec^^,DLSTM
Generation Factories (EGF),1,0.6222830453478774,graduated,Ec^ --> Ec^^,DLSTM
Generation Factories (EGF),2,0.6852083584933593,graduated,Ec^ --> Ec^^,DLSTM
Generation Factories (EGF),3,0.6808842154050206,graduated,Ec^ --> Ec^^,DLSTM
Generation Factories (EGF),4,0.6797560843183527,graduated,Ec^ --> Ec^^,DLSTM
Generation Factories (EGF),5,0.6866314175658149,graduated,Ec^ --> Ec^^,DLSTM
Generation Factories (EGF),6,0.6796135503377977,graduated,Ec^ --> Ec^^,DLSTM
Generation Factories (EGF),7,0.6809301316774945,graduated,Ec^ --> Ec^^,DLSTM
Generation Factories (EGF),8,0.6863043681450147,graduated,Ec^ --> Ec^^,DLSTM
Generation Factories (EGF),9,0.679823252586514,graduated,Ec^ --> Ec^^,DLSTM
Generation Factories (EGF),10,0.6794184417988316,graduated,Ec^ --> Ec^^,DLSTM
Generation Factories (EGF),11,0.6859166774527363,graduated,Ec^ --> Ec^^,DLSTM
Generation Factories (EGF),12,0.6812870034359065,graduated,Ec^ --> Ec^^,DLSTM
Generation Factories (EGF),13,0.6772505848751736,graduated,Ec^ --> Ec^^,DLSTM
Generation Factories (EGF),14,0.6734513350087555,graduated,Ec^ --> Ec^^,DLSTM
Generation Factories (EGF),15,0.6742822743892792,graduated,Ec^ --> Ec^^,DLSTM
Generation Factories (EGF),16,0.6773617561015837,graduated,Ec^ --> Ec^^,DLSTM
Generation Factories (EGF),17,0.6755145224873657,graduated,Ec^ --> Ec^^,DLSTM
Generation Factories (EGF),18,0.6765361398354925,graduated,Ec^ --> Ec^^,DLSTM
Generation Factories (EGF),19,0.6821475965908363,graduated,Ec^ --> Ec^^,DLSTM
Generation Factories (EGF),20,0.6761232100314389,graduated,Ec^ --> Ec^^,DLSTM
Generation Factories (EGF),21,0.6761606803723764,graduated,Ec^ --> Ec^^,DLSTM
Generation Factories (EGF),22,0.6723135419615092,graduated,Ec^ --> Ec^^,DLSTM
Generation Factories (EGF),23,0.673585831514195,graduated,Ec^ --> Ec^^,DLSTM
Generation Factories (EGF),24,0.675155627832723,graduated,Ec^ --> Ec^^,DLSTM
Generation Factories (EGF),25,0.6772736839566396,graduated,Ec^ --> Ec^^,DLSTM
Generation Factories (EGF),26,0.6815663218925662,graduated,Ec^ --> Ec^^,DLSTM
Generation Factories (EGF),27,0.678468373746858,graduated,Ec^ --> Ec^^,DLSTM
Generation Factories (EGF),28,0.6746522575118807,graduated,Ec^ --> Ec^^,DLSTM
Generation Factories (EGF),29,0.6773643666012927,graduated,Ec^ --> Ec^^,DLSTM
Generation Factories (EGF),30,0.6719917161280555,graduated,Ec^ --> Ec^^,DLSTM
Generation Factories (EGF),31,0.6766999123266317,graduated,Ec^ --> Ec^^,DLSTM
Generation Factories (EGF),32,0.6779851690736043,graduated,Ec^ --> Ec^^,DLSTM
Generation Factories (EGF),33,0.6766955208310066,graduated,Ec^ --> Ec^^,DLSTM
Generation Factories (EGF),34,0.6816437439372778,graduated,Ec^ --> Ec^^,DLSTM
Generation Factories (EGF),35,0.6798446219954334,graduated,Ec^ --> Ec^^,DLSTM
Generation Factories (EGF),36,0.676689389977027,graduated,Ec^ --> Ec^^,DLSTM
Generation Factories (EGF),37,0.6778849057010243,graduated,Ec^ --> Ec^^,DLSTM
Generation Factories (EGF),38,0.6741996007113424,graduated,Ec^ --> Ec^^,DLSTM
Generation Factories (EGF),39,0.6773482753399851,graduated,Ec^ --> Ec^^,DLSTM
Generation Factories (EGF),40,0.6778616434735101,graduated,Ec^ --> Ec^^,DLSTM
Generation Factories (EGF),41,0.6164436032578382,graduated,Ec^ --> Ec^^,DLSTM
GeoMesa,1,0.6406132297781919,graduated,Ec^ --> Ec^^,DLSTM
GeoMesa,2,0.7058990939972264,graduated,Ec^ --> Ec^^,DLSTM
GeoMesa,3,0.7062345980434309,graduated,Ec^ --> Ec^^,DLSTM
GeoMesa,4,0.706812210682202,graduated,Ec^ --> Ec^^,DLSTM
GeoMesa,5,0.7070039026615507,graduated,Ec^ --> Ec^^,DLSTM
GeoMesa,6,0.7067454886075696,graduated,Ec^ --> Ec^^,DLSTM
GeoMesa,7,0.7068029415442489,graduated,Ec^ --> Ec^^,DLSTM
GeoMesa,8,0.7072156177836312,graduated,Ec^ --> Ec^^,DLSTM
GeoMesa,9,0.7065858599820886,graduated,Ec^ --> Ec^^,DLSTM
GeoMesa,10,0.7069589445368339,graduated,Ec^ --> Ec^^,DLSTM
GeoMesa,11,0.7069109899243712,graduated,Ec^ --> Ec^^,DLSTM
GeoMesa,12,0.707654261352333,graduated,Ec^ --> Ec^^,DLSTM
GeoMesa,13,0.7061520545087425,graduated,Ec^ --> Ec^^,DLSTM
GeoMesa,14,0.7060398476457918,graduated,Ec^ --> Ec^^,DLSTM
GeoMesa,15,0.7054610782743402,graduated,Ec^ --> Ec^^,DLSTM
GeoMesa,16,0.7058493602452022,graduated,Ec^ --> Ec^^,DLSTM
GeoMesa,17,0.7036190350076421,graduated,Ec^ --> Ec^^,DLSTM
GeoMesa,18,0.7052915543263529,graduated,Ec^ --> Ec^^,DLSTM
GeoMesa,19,0.705017327596063,graduated,Ec^ --> Ec^^,DLSTM
GeoMesa,20,0.7053224256345627,graduated,Ec^ --> Ec^^,DLSTM
GeoMesa,21,0.7035250180452398,graduated,Ec^ --> Ec^^,DLSTM
GeoMesa,22,0.7029719987266282,graduated,Ec^ --> Ec^^,DLSTM
GeoMesa,23,0.7027434776010557,graduated,Ec^ --> Ec^^,DLSTM
GeoMesa,24,0.7050396012922818,graduated,Ec^ --> Ec^^,DLSTM
GeoMesa,25,0.7036434407493029,graduated,Ec^ --> Ec^^,DLSTM
GeoMesa,26,0.6444295363980681,graduated,Ec^ --> Ec^^,DLSTM
GlassFish,1,0.6241174143978253,graduated,Ec^ --> Ec^^,DLSTM
GlassFish,2,0.6829422709053906,graduated,Ec^ --> Ec^^,DLSTM
GlassFish,3,0.6861405605461262,graduated,Ec^ --> Ec^^,DLSTM
GlassFish,4,0.6921839702090343,graduated,Ec^ --> Ec^^,DLSTM
GlassFish,5,0.6954103654089601,graduated,Ec^ --> Ec^^,DLSTM
GlassFish,6,0.6933917774194029,graduated,Ec^ --> Ec^^,DLSTM
GlassFish,7,0.6928661638483987,graduated,Ec^ --> Ec^^,DLSTM
GlassFish,8,0.6941341241075171,graduated,Ec^ --> Ec^^,DLSTM
GlassFish,9,0.6908931528208806,graduated,Ec^ --> Ec^^,DLSTM
GlassFish,10,0.692720243704347,graduated,Ec^ --> Ec^^,DLSTM
GlassFish,11,0.6979096843140346,graduated,Ec^ --> Ec^^,DLSTM
GlassFish,12,0.699170708594719,graduated,Ec^ --> Ec^^,DLSTM
GlassFish,13,0.701889380881426,graduated,Ec^ --> Ec^^,DLSTM
GlassFish,14,0.6999597402921359,graduated,Ec^ --> Ec^^,DLSTM
GlassFish,15,0.7007543618706039,graduated,Ec^ --> Ec^^,DLSTM
GlassFish,16,0.7031873621330491,graduated,Ec^ --> Ec^^,DLSTM
GlassFish,17,0.7028215522615339,graduated,Ec^ --> Ec^^,DLSTM
GlassFish,18,0.7024151898353304,graduated,Ec^ --> Ec^^,DLSTM
GlassFish,19,0.7052244772836762,graduated,Ec^ --> Ec^^,DLSTM
GlassFish,20,0.7045770113522698,graduated,Ec^ --> Ec^^,DLSTM
GlassFish,21,0.7079443145215651,graduated,Ec^ --> Ec^^,DLSTM
GlassFish,22,0.7095568811046123,graduated,Ec^ --> Ec^^,DLSTM
GlassFish,23,0.7101017992953383,graduated,Ec^ --> Ec^^,DLSTM
GlassFish,24,0.7103708628310108,graduated,Ec^ --> Ec^^,DLSTM
GlassFish,25,0.7069121931771672,graduated,Ec^ --> Ec^^,DLSTM
GlassFish,26,0.706542338094234,graduated,Ec^ --> Ec^^,DLSTM
GlassFish,27,0.7055885296396903,graduated,Ec^ --> Ec^^,DLSTM
GlassFish,28,0.7083584499855484,graduated,Ec^ --> Ec^^,DLSTM
GlassFish,29,0.7089162086792846,graduated,Ec^ --> Ec^^,DLSTM
GlassFish,30,0.7089445186745732,graduated,Ec^ --> Ec^^,DLSTM
GlassFish,31,0.7080452942221174,graduated,Ec^ --> Ec^^,DLSTM
GlassFish,32,0.7088584231686189,graduated,Ec^ --> Ec^^,DLSTM
GlassFish,33,0.6441576825649151,graduated,Ec^ --> Ec^^,DLSTM
Golo,1,0.6281083548130929,retired,Ec^ --> Ec^^,DLSTM
Golo,2,0.6772912054146415,retired,Ec^ --> Ec^^,DLSTM
Golo,3,0.6812219047411628,retired,Ec^ --> Ec^^,DLSTM
Golo,4,0.6806611714022486,retired,Ec^ --> Ec^^,DLSTM
Golo,5,0.6840644709721392,retired,Ec^ --> Ec^^,DLSTM
Golo,6,0.6764890808925776,retired,Ec^ --> Ec^^,DLSTM
Golo,7,0.6703352965730628,retired,Ec^ --> Ec^^,DLSTM
Golo,8,0.6707060151521805,retired,Ec^ --> Ec^^,DLSTM
Golo,9,0.6833004276307391,retired,Ec^ --> Ec^^,DLSTM
Golo,10,0.6767477369854598,retired,Ec^ --> Ec^^,DLSTM
Golo,11,0.6810594349859178,retired,Ec^ --> Ec^^,DLSTM
Golo,12,0.6808347373801449,retired,Ec^ --> Ec^^,DLSTM
Golo,13,0.681431484655764,retired,Ec^ --> Ec^^,DLSTM
Golo,14,0.6781120501909165,retired,Ec^ --> Ec^^,DLSTM
Golo,15,0.6757149179392639,retired,Ec^ --> Ec^^,DLSTM
Golo,16,0.6782531384984531,retired,Ec^ --> Ec^^,DLSTM
Golo,17,0.6860807312640966,retired,Ec^ --> Ec^^,DLSTM
Golo,18,0.6825085613485832,retired,Ec^ --> Ec^^,DLSTM
Golo,19,0.6859385387839777,retired,Ec^ --> Ec^^,DLSTM
Golo,20,0.6856924746848357,retired,Ec^ --> Ec^^,DLSTM
Golo,21,0.6887004351122216,retired,Ec^ --> Ec^^,DLSTM
Golo,22,0.6882478500421537,retired,Ec^ --> Ec^^,DLSTM
Golo,23,0.6895954944250973,retired,Ec^ --> Ec^^,DLSTM
Golo,24,0.690867195933449,retired,Ec^ --> Ec^^,DLSTM
Golo,25,0.6972460408526289,retired,Ec^ --> Ec^^,DLSTM
Golo,26,0.6926875784744205,retired,Ec^ --> Ec^^,DLSTM
Golo,27,0.6942480905506156,retired,Ec^ --> Ec^^,DLSTM
Golo,28,0.6928051582941668,retired,Ec^ --> Ec^^,DLSTM
Golo,29,0.6942654124680159,retired,Ec^ --> Ec^^,DLSTM
Golo,30,0.6970086404262752,retired,Ec^ --> Ec^^,DLSTM
Golo,31,0.6947356715208312,retired,Ec^ --> Ec^^,DLSTM
Golo,32,0.692782251365858,retired,Ec^ --> Ec^^,DLSTM
Golo,33,0.697536638919532,retired,Ec^ --> Ec^^,DLSTM
Golo,34,0.6938193815926853,retired,Ec^ --> Ec^^,DLSTM
Golo,35,0.6953557142351099,retired,Ec^ --> Ec^^,DLSTM
Golo,36,0.6961053386373985,retired,Ec^ --> Ec^^,DLSTM
Golo,37,0.695036248106566,retired,Ec^ --> Ec^^,DLSTM
Golo,38,0.6987427259246765,retired,Ec^ --> Ec^^,DLSTM
Golo,39,0.698152918069028,retired,Ec^ --> Ec^^,DLSTM
Golo,40,0.6964273890443747,retired,Ec^ --> Ec^^,DLSTM
Golo,41,0.7002903691244035,retired,Ec^ --> Ec^^,DLSTM
Golo,42,0.6972139066725623,retired,Ec^ --> Ec^^,DLSTM
Golo,43,0.698659946137242,retired,Ec^ --> Ec^^,DLSTM
Golo,44,0.6992844056409715,retired,Ec^ --> Ec^^,DLSTM
Golo,45,0.6989544452590852,retired,Ec^ --> Ec^^,DLSTM
Golo,46,0.7021689511152448,retired,Ec^ --> Ec^^,DLSTM
Golo,47,0.7015562635105896,retired,Ec^ --> Ec^^,DLSTM
Golo,48,0.7000657965247399,retired,Ec^ --> Ec^^,DLSTM
Golo,49,0.7031262223333953,retired,Ec^ --> Ec^^,DLSTM
Golo,50,0.700788780025367,retired,Ec^ --> Ec^^,DLSTM
Golo,51,0.7021282101255025,retired,Ec^ --> Ec^^,DLSTM
Golo,52,0.7027142129997281,retired,Ec^ --> Ec^^,DLSTM
Golo,53,0.7025526587986942,retired,Ec^ --> Ec^^,DLSTM
Golo,54,0.7053002307311446,retired,Ec^ --> Ec^^,DLSTM
Golo,55,0.704899492879939,retired,Ec^ --> Ec^^,DLSTM
Golo,56,0.7035334081863299,retired,Ec^ --> Ec^^,DLSTM
Golo,57,0.7060824786450958,retired,Ec^ --> Ec^^,DLSTM
Golo,58,0.704120865336636,retired,Ec^ --> Ec^^,DLSTM
Golo,59,0.7052925764737995,retired,Ec^ --> Ec^^,DLSTM
Golo,60,0.7058373070165378,retired,Ec^ --> Ec^^,DLSTM
Golo,61,0.7057381442182777,retired,Ec^ --> Ec^^,DLSTM
Golo,62,0.7082729813351235,retired,Ec^ --> Ec^^,DLSTM
Golo,63,0.7091559280713411,retired,Ec^ --> Ec^^,DLSTM
Golo,64,0.7064682110423809,retired,Ec^ --> Ec^^,DLSTM
Golo,65,0.7085713409848784,retired,Ec^ --> Ec^^,DLSTM
Golo,66,0.7065264171008917,retired,Ec^ --> Ec^^,DLSTM
Golo,67,0.706739993996033,retired,Ec^ --> Ec^^,DLSTM
Golo,68,0.7067762711887655,retired,Ec^ --> Ec^^,DLSTM
Golo,69,0.7071078118953883,retired,Ec^ --> Ec^^,DLSTM
Golo,70,0.709296318180882,retired,Ec^ --> Ec^^,DLSTM
Golo,71,0.7089204923526445,retired,Ec^ --> Ec^^,DLSTM
Golo,72,0.7068536495247923,retired,Ec^ --> Ec^^,DLSTM
Golo,73,0.7082266975304667,retired,Ec^ --> Ec^^,DLSTM
Golo,74,0.7071102833608952,retired,Ec^ --> Ec^^,DLSTM
Golo,75,0.7073852023795825,retired,Ec^ --> Ec^^,DLSTM
Golo,76,0.7072897085703362,retired,Ec^ --> Ec^^,DLSTM
Golo,77,0.7075019199008052,retired,Ec^ --> Ec^^,DLSTM
Golo,78,0.7097374857193263,retired,Ec^ --> Ec^^,DLSTM
Golo,79,0.7095825709377045,retired,Ec^ --> Ec^^,DLSTM
Golo,80,0.7077452790508876,retired,Ec^ --> Ec^^,DLSTM
Golo,81,0.709016818978651,retired,Ec^ --> Ec^^,DLSTM
Golo,82,0.7080899607853064,retired,Ec^ --> Ec^^,DLSTM
Golo,83,0.7083743727449197,retired,Ec^ --> Ec^^,DLSTM
Golo,84,0.7083454665440835,retired,Ec^ --> Ec^^,DLSTM
Golo,85,0.7085908794200898,retired,Ec^ --> Ec^^,DLSTM
Golo,86,0.6495212859105929,retired,Ec^ --> Ec^^,DLSTM
Graphical Editing Framework (GEF),1,0.6400943573172561,graduated,Ec^ --> Ec^^,DLSTM
Graphical Editing Framework (GEF),2,0.7008418003854388,graduated,Ec^ --> Ec^^,DLSTM
Graphical Editing Framework (GEF),3,0.6987347953088833,graduated,Ec^ --> Ec^^,DLSTM
Graphical Editing Framework (GEF),4,0.6992613341288958,graduated,Ec^ --> Ec^^,DLSTM
Graphical Editing Framework (GEF),5,0.7015690198611674,graduated,Ec^ --> Ec^^,DLSTM
Graphical Editing Framework (GEF),6,0.7034710269106577,graduated,Ec^ --> Ec^^,DLSTM
Graphical Editing Framework (GEF),7,0.7047892055005065,graduated,Ec^ --> Ec^^,DLSTM
Graphical Editing Framework (GEF),8,0.7044965994332195,graduated,Ec^ --> Ec^^,DLSTM
Graphical Editing Framework (GEF),9,0.699055642365012,graduated,Ec^ --> Ec^^,DLSTM
Graphical Editing Framework (GEF),10,0.701523448271511,graduated,Ec^ --> Ec^^,DLSTM
Graphical Editing Framework (GEF),11,0.6991367668601397,graduated,Ec^ --> Ec^^,DLSTM
Graphical Editing Framework (GEF),12,0.6984041204356475,graduated,Ec^ --> Ec^^,DLSTM
Graphical Editing Framework (GEF),13,0.7014873431586398,graduated,Ec^ --> Ec^^,DLSTM
Graphical Editing Framework (GEF),14,0.7007393302265496,graduated,Ec^ --> Ec^^,DLSTM
Graphical Editing Framework (GEF),15,0.6996605009279648,graduated,Ec^ --> Ec^^,DLSTM
Graphical Editing Framework (GEF),16,0.6979856358487175,graduated,Ec^ --> Ec^^,DLSTM
Graphical Editing Framework (GEF),17,0.6974479643780154,graduated,Ec^ --> Ec^^,DLSTM
Graphical Editing Framework (GEF),18,0.6972593485014099,graduated,Ec^ --> Ec^^,DLSTM
Graphical Editing Framework (GEF),19,0.6965818964770933,graduated,Ec^ --> Ec^^,DLSTM
Graphical Editing Framework (GEF),20,0.696379217722852,graduated,Ec^ --> Ec^^,DLSTM
Graphical Editing Framework (GEF),21,0.6993652228008019,graduated,Ec^ --> Ec^^,DLSTM
Graphical Editing Framework (GEF),22,0.6967364169128738,graduated,Ec^ --> Ec^^,DLSTM
Graphical Editing Framework (GEF),23,0.6958200702948605,graduated,Ec^ --> Ec^^,DLSTM
Graphical Editing Framework (GEF),24,0.6946657365772031,graduated,Ec^ --> Ec^^,DLSTM
Graphical Editing Framework (GEF),25,0.6958761853204508,graduated,Ec^ --> Ec^^,DLSTM
Graphical Editing Framework (GEF),26,0.6946952574818205,graduated,Ec^ --> Ec^^,DLSTM
Graphical Editing Framework (GEF),27,0.6337346903872111,graduated,Ec^ --> Ec^^,DLSTM
Grizzly,1,0.6231161639471441,graduated,Ec^ --> Ec^^,DLSTM
Grizzly,2,0.6823978624075645,graduated,Ec^ --> Ec^^,DLSTM
Grizzly,3,0.68612399047437,graduated,Ec^ --> Ec^^,DLSTM
Grizzly,4,0.6878238185275191,graduated,Ec^ --> Ec^^,DLSTM
Grizzly,5,0.6872763205802238,graduated,Ec^ --> Ec^^,DLSTM
Grizzly,6,0.6890943683199968,graduated,Ec^ --> Ec^^,DLSTM
Grizzly,7,0.6887008677269851,graduated,Ec^ --> Ec^^,DLSTM
Grizzly,8,0.6902686464091918,graduated,Ec^ --> Ec^^,DLSTM
Grizzly,9,0.6883514289802883,graduated,Ec^ --> Ec^^,DLSTM
Grizzly,10,0.6900789024012561,graduated,Ec^ --> Ec^^,DLSTM
Grizzly,11,0.6935150358886826,graduated,Ec^ --> Ec^^,DLSTM
Grizzly,12,0.693787274000967,graduated,Ec^ --> Ec^^,DLSTM
Grizzly,13,0.6952651067084968,graduated,Ec^ --> Ec^^,DLSTM
Grizzly,14,0.6974269441509953,graduated,Ec^ --> Ec^^,DLSTM
Grizzly,15,0.6964258436035642,graduated,Ec^ --> Ec^^,DLSTM
Grizzly,16,0.6971205489147666,graduated,Ec^ --> Ec^^,DLSTM
Grizzly,17,0.6975094363213618,graduated,Ec^ --> Ec^^,DLSTM
Grizzly,18,0.697762849320265,graduated,Ec^ --> Ec^^,DLSTM
Grizzly,19,0.700005223449484,graduated,Ec^ --> Ec^^,DLSTM
Grizzly,20,0.7011095360118217,graduated,Ec^ --> Ec^^,DLSTM
Grizzly,21,0.7026039223659702,graduated,Ec^ --> Ec^^,DLSTM
Grizzly,22,0.7038866916724644,graduated,Ec^ --> Ec^^,DLSTM
Grizzly,23,0.7034441727292381,graduated,Ec^ --> Ec^^,DLSTM
Grizzly,24,0.7040952299886023,graduated,Ec^ --> Ec^^,DLSTM
Grizzly,25,0.7046976164971437,graduated,Ec^ --> Ec^^,DLSTM
Grizzly,26,0.7036183711426945,graduated,Ec^ --> Ec^^,DLSTM
Grizzly,27,0.7060526912643943,graduated,Ec^ --> Ec^^,DLSTM
Grizzly,28,0.7057874814451294,graduated,Ec^ --> Ec^^,DLSTM
Grizzly,29,0.7093823125813121,graduated,Ec^ --> Ec^^,DLSTM
Grizzly,30,0.708346033603429,graduated,Ec^ --> Ec^^,DLSTM
Grizzly,31,0.7077237537657826,graduated,Ec^ --> Ec^^,DLSTM
Grizzly,32,0.7083597339248708,graduated,Ec^ --> Ec^^,DLSTM
Grizzly,33,0.7085039641076608,graduated,Ec^ --> Ec^^,DLSTM
Grizzly,34,0.7083606731844913,graduated,Ec^ --> Ec^^,DLSTM
Grizzly,35,0.7109964109192833,graduated,Ec^ --> Ec^^,DLSTM
Grizzly,36,0.6490104815059148,graduated,Ec^ --> Ec^^,DLSTM
Hono,1,0.6324346041232279,graduated,Ec^ --> Ec^^,DLSTM
Hono,2,0.6888430750167567,graduated,Ec^ --> Ec^^,DLSTM
Hono,3,0.6964011355115285,graduated,Ec^ --> Ec^^,DLSTM
Hono,4,0.7000214089770518,graduated,Ec^ --> Ec^^,DLSTM
Hono,5,0.6973597601315991,graduated,Ec^ --> Ec^^,DLSTM
Hono,6,0.6977166481141941,graduated,Ec^ --> Ec^^,DLSTM
Hono,7,0.6882505224118697,graduated,Ec^ --> Ec^^,DLSTM
Hono,8,0.6960793209740054,graduated,Ec^ --> Ec^^,DLSTM
Hono,9,0.6940531906782225,graduated,Ec^ --> Ec^^,DLSTM
Hono,10,0.6995935912620487,graduated,Ec^ --> Ec^^,DLSTM
Hono,11,0.6994639121804924,graduated,Ec^ --> Ec^^,DLSTM
Hono,12,0.7007323935382991,graduated,Ec^ --> Ec^^,DLSTM
Hono,13,0.6976485073853725,graduated,Ec^ --> Ec^^,DLSTM
Hono,14,0.7022380903672696,graduated,Ec^ --> Ec^^,DLSTM
Hono,15,0.6974925577221381,graduated,Ec^ --> Ec^^,DLSTM
Hono,16,0.703277387765192,graduated,Ec^ --> Ec^^,DLSTM
Hono,17,0.7018028315530275,graduated,Ec^ --> Ec^^,DLSTM
Hono,18,0.700100204241063,graduated,Ec^ --> Ec^^,DLSTM
Hono,19,0.7028548185101706,graduated,Ec^ --> Ec^^,DLSTM
Hono,20,0.7028018420542491,graduated,Ec^ --> Ec^^,DLSTM
Hono,21,0.7020099748223452,graduated,Ec^ --> Ec^^,DLSTM
Hono,22,0.7018656454718402,graduated,Ec^ --> Ec^^,DLSTM
Hono,23,0.6985070624531526,graduated,Ec^ --> Ec^^,DLSTM
Hono,24,0.7017524298055744,graduated,Ec^ --> Ec^^,DLSTM
Hono,25,0.7002135672735017,graduated,Ec^ --> Ec^^,DLSTM
Hono,26,0.7020356039398166,graduated,Ec^ --> Ec^^,DLSTM
Hono,27,0.7034924514814415,graduated,Ec^ --> Ec^^,DLSTM
Hono,28,0.7020703041219774,graduated,Ec^ --> Ec^^,DLSTM
Hono,29,0.7036442076648968,graduated,Ec^ --> Ec^^,DLSTM
Hono,30,0.7040235554792206,graduated,Ec^ --> Ec^^,DLSTM
Hono,31,0.7016090700777232,graduated,Ec^ --> Ec^^,DLSTM
Hono,32,0.7025187259179537,graduated,Ec^ --> Ec^^,DLSTM
Hono,33,0.7032806449377887,graduated,Ec^ --> Ec^^,DLSTM
Hono,34,0.7038315282303717,graduated,Ec^ --> Ec^^,DLSTM
Hono,35,0.7052213000874689,graduated,Ec^ --> Ec^^,DLSTM
Hono,36,0.7047481525241672,graduated,Ec^ --> Ec^^,DLSTM
Hono,37,0.704745941911024,graduated,Ec^ --> Ec^^,DLSTM
Hono,38,0.7060119258934613,graduated,Ec^ --> Ec^^,DLSTM
Hono,39,0.7042131951524999,graduated,Ec^ --> Ec^^,DLSTM
Hono,40,0.7042021966682704,graduated,Ec^ --> Ec^^,DLSTM
Hono,41,0.7044395252153047,graduated,Ec^ --> Ec^^,DLSTM
Hono,42,0.704245814084258,graduated,Ec^ --> Ec^^,DLSTM
Hono,43,0.7051407603541165,graduated,Ec^ --> Ec^^,DLSTM
Hono,44,0.6444139973957168,graduated,Ec^ --> Ec^^,DLSTM
Implementation of JAXB,1,0.632739232373934,graduated,Ec^ --> Ec^^,DLSTM
Implementation of JAXB,2,0.6887729553418114,graduated,Ec^ --> Ec^^,DLSTM
Implementation of JAXB,3,0.6916888718918341,graduated,Ec^ --> Ec^^,DLSTM
Implementation of JAXB,4,0.6872066279761809,graduated,Ec^ --> Ec^^,DLSTM
Implementation of JAXB,5,0.6882529000810877,graduated,Ec^ --> Ec^^,DLSTM
Implementation of JAXB,6,0.68561175242577,graduated,Ec^ --> Ec^^,DLSTM
Implementation of JAXB,7,0.6886579795636544,graduated,Ec^ --> Ec^^,DLSTM
Implementation of JAXB,8,0.6858136687425568,graduated,Ec^ --> Ec^^,DLSTM
Implementation of JAXB,9,0.6897087083319949,graduated,Ec^ --> Ec^^,DLSTM
Implementation of JAXB,10,0.6905734098621971,graduated,Ec^ --> Ec^^,DLSTM
Implementation of JAXB,11,0.6918230153058436,graduated,Ec^ --> Ec^^,DLSTM
Implementation of JAXB,12,0.6920114024746108,graduated,Ec^ --> Ec^^,DLSTM
Implementation of JAXB,13,0.6958860059897716,graduated,Ec^ --> Ec^^,DLSTM
Implementation of JAXB,14,0.6962817851740353,graduated,Ec^ --> Ec^^,DLSTM
Implementation of JAXB,15,0.6972932465922782,graduated,Ec^ --> Ec^^,DLSTM
Implementation of JAXB,16,0.6959632195496247,graduated,Ec^ --> Ec^^,DLSTM
Implementation of JAXB,17,0.6953044902292546,graduated,Ec^ --> Ec^^,DLSTM
Implementation of JAXB,18,0.6978553654268898,graduated,Ec^ --> Ec^^,DLSTM
Implementation of JAXB,19,0.7022229951590174,graduated,Ec^ --> Ec^^,DLSTM
Implementation of JAXB,20,0.6975366135859717,graduated,Ec^ --> Ec^^,DLSTM
Implementation of JAXB,21,0.7012734209869536,graduated,Ec^ --> Ec^^,DLSTM
Implementation of JAXB,22,0.7005090124124118,graduated,Ec^ --> Ec^^,DLSTM
Implementation of JAXB,23,0.7006226353615334,graduated,Ec^ --> Ec^^,DLSTM
Implementation of JAXB,24,0.7026119046106167,graduated,Ec^ --> Ec^^,DLSTM
Implementation of JAXB,25,0.7027837051044874,graduated,Ec^ --> Ec^^,DLSTM
Implementation of JAXB,26,0.7045934785777025,graduated,Ec^ --> Ec^^,DLSTM
Implementation of JAXB,27,0.7050184378037915,graduated,Ec^ --> Ec^^,DLSTM
Implementation of JAXB,28,0.7008428870341268,graduated,Ec^ --> Ec^^,DLSTM
Implementation of JAXB,29,0.6438685256698595,graduated,Ec^ --> Ec^^,DLSTM
Interceptors,1,0.6388581878840061,graduated,Ec^ --> Ec^^,DLSTM
Interceptors,2,0.69667064831848,graduated,Ec^ --> Ec^^,DLSTM
Interceptors,3,0.6965426705523184,graduated,Ec^ --> Ec^^,DLSTM
Interceptors,4,0.6994048881603294,graduated,Ec^ --> Ec^^,DLSTM
Interceptors,5,0.6978852498136263,graduated,Ec^ --> Ec^^,DLSTM
Interceptors,6,0.6975017895210688,graduated,Ec^ --> Ec^^,DLSTM
Interceptors,7,0.697514229829431,graduated,Ec^ --> Ec^^,DLSTM
Interceptors,8,0.6977173461169563,graduated,Ec^ --> Ec^^,DLSTM
Interceptors,9,0.6984491818370033,graduated,Ec^ --> Ec^^,DLSTM
Interceptors,10,0.6999914935961781,graduated,Ec^ --> Ec^^,DLSTM
Interceptors,11,0.7016263830680237,graduated,Ec^ --> Ec^^,DLSTM
Interceptors,12,0.7038607121577758,graduated,Ec^ --> Ec^^,DLSTM
Interceptors,13,0.7052382403183632,graduated,Ec^ --> Ec^^,DLSTM
Interceptors,14,0.7073743180052449,graduated,Ec^ --> Ec^^,DLSTM
Interceptors,15,0.7063582946422287,graduated,Ec^ --> Ec^^,DLSTM
Interceptors,16,0.7069083688708807,graduated,Ec^ --> Ec^^,DLSTM
Interceptors,17,0.7064524129178475,graduated,Ec^ --> Ec^^,DLSTM
Interceptors,18,0.7085350202852907,graduated,Ec^ --> Ec^^,DLSTM
Interceptors,19,0.7090801297403373,graduated,Ec^ --> Ec^^,DLSTM
Interceptors,20,0.7103142990667898,graduated,Ec^ --> Ec^^,DLSTM
Interceptors,21,0.7120593553091862,graduated,Ec^ --> Ec^^,DLSTM
Interceptors,22,0.7129742239837125,graduated,Ec^ --> Ec^^,DLSTM
Interceptors,23,0.7121451135249338,graduated,Ec^ --> Ec^^,DLSTM
Interceptors,24,0.712307956808043,graduated,Ec^ --> Ec^^,DLSTM
Interceptors,25,0.7122327534107439,graduated,Ec^ --> Ec^^,DLSTM
Interceptors,26,0.7143359948550222,graduated,Ec^ --> Ec^^,DLSTM
Interceptors,27,0.7137163742564494,graduated,Ec^ --> Ec^^,DLSTM
Interceptors,28,0.715048219495178,graduated,Ec^ --> Ec^^,DLSTM
Interceptors,29,0.6540657084237614,graduated,Ec^ --> Ec^^,DLSTM
JGit: Java implementation of Git,1,0.6388373458484886,graduated,Ec^ --> Ec^^,DLSTM
JGit: Java implementation of Git,2,0.6991544718675484,graduated,Ec^ --> Ec^^,DLSTM
JGit: Java implementation of Git,3,0.6994173387097312,graduated,Ec^ --> Ec^^,DLSTM
JGit: Java implementation of Git,4,0.6995568171586404,graduated,Ec^ --> Ec^^,DLSTM
JGit: Java implementation of Git,5,0.698490439110177,graduated,Ec^ --> Ec^^,DLSTM
JGit: Java implementation of Git,6,0.6996845965448729,graduated,Ec^ --> Ec^^,DLSTM
JGit: Java implementation of Git,7,0.6993421366851842,graduated,Ec^ --> Ec^^,DLSTM
JGit: Java implementation of Git,8,0.6999801059089028,graduated,Ec^ --> Ec^^,DLSTM
JGit: Java implementation of Git,9,0.7000954788773378,graduated,Ec^ --> Ec^^,DLSTM
JGit: Java implementation of Git,10,0.7010237119373637,graduated,Ec^ --> Ec^^,DLSTM
JGit: Java implementation of Git,11,0.6988655442458842,graduated,Ec^ --> Ec^^,DLSTM
JGit: Java implementation of Git,12,0.6416748154593985,graduated,Ec^ --> Ec^^,DLSTM
JKube,1,0.6351016919841664,graduated,Ec^ --> Ec^^,DLSTM
JKube,2,0.6909219719235885,graduated,Ec^ --> Ec^^,DLSTM
JKube,3,0.693340299805804,graduated,Ec^ --> Ec^^,DLSTM
JKube,4,0.6948514444813899,graduated,Ec^ --> Ec^^,DLSTM
JKube,5,0.6887996501753598,graduated,Ec^ --> Ec^^,DLSTM
JKube,6,0.6955953076003812,graduated,Ec^ --> Ec^^,DLSTM
JKube,7,0.6901801286015169,graduated,Ec^ --> Ec^^,DLSTM
JKube,8,0.6963504763698473,graduated,Ec^ --> Ec^^,DLSTM
JKube,9,0.697836130071744,graduated,Ec^ --> Ec^^,DLSTM
JKube,10,0.695276328394719,graduated,Ec^ --> Ec^^,DLSTM
JKube,11,0.6947148989856083,graduated,Ec^ --> Ec^^,DLSTM
JKube,12,0.6964358644193684,graduated,Ec^ --> Ec^^,DLSTM
JKube,13,0.6935337825395488,graduated,Ec^ --> Ec^^,DLSTM
JKube,14,0.6974271832943276,graduated,Ec^ --> Ec^^,DLSTM
JKube,15,0.6950382001848794,graduated,Ec^ --> Ec^^,DLSTM
JKube,16,0.697111621715722,graduated,Ec^ --> Ec^^,DLSTM
JKube,17,0.6973204583849442,graduated,Ec^ --> Ec^^,DLSTM
JKube,18,0.6954238474976251,graduated,Ec^ --> Ec^^,DLSTM
JKube,19,0.6956550150885086,graduated,Ec^ --> Ec^^,DLSTM
JKube,20,0.6971076646087022,graduated,Ec^ --> Ec^^,DLSTM
JKube,21,0.6996694260766163,graduated,Ec^ --> Ec^^,DLSTM
JKube,22,0.7015710083599834,graduated,Ec^ --> Ec^^,DLSTM
JKube,23,0.6977616892263389,graduated,Ec^ --> Ec^^,DLSTM
JKube,24,0.699675859785658,graduated,Ec^ --> Ec^^,DLSTM
JKube,25,0.7008800437895838,graduated,Ec^ --> Ec^^,DLSTM
JKube,26,0.6960581087349922,graduated,Ec^ --> Ec^^,DLSTM
JKube,27,0.6380390876047133,graduated,Ec^ --> Ec^^,DLSTM
JSON Binding,1,0.6283304201060446,graduated,Ec^ --> Ec^^,DLSTM
JSON Binding,2,0.6889255397497419,graduated,Ec^ --> Ec^^,DLSTM
JSON Binding,3,0.6906991978541771,graduated,Ec^ --> Ec^^,DLSTM
JSON Binding,4,0.6914935400888015,graduated,Ec^ --> Ec^^,DLSTM
JSON Binding,5,0.6902190220451214,graduated,Ec^ --> Ec^^,DLSTM
JSON Binding,6,0.6902905976945737,graduated,Ec^ --> Ec^^,DLSTM
JSON Binding,7,0.6902533937494614,graduated,Ec^ --> Ec^^,DLSTM
JSON Binding,8,0.6911899064320375,graduated,Ec^ --> Ec^^,DLSTM
JSON Binding,9,0.6951473609123752,graduated,Ec^ --> Ec^^,DLSTM
JSON Binding,10,0.6917701767085153,graduated,Ec^ --> Ec^^,DLSTM
JSON Binding,11,0.6979674759301006,graduated,Ec^ --> Ec^^,DLSTM
JSON Binding,12,0.7006993317486417,graduated,Ec^ --> Ec^^,DLSTM
JSON Binding,13,0.6996439218306323,graduated,Ec^ --> Ec^^,DLSTM
JSON Binding,14,0.7043115360208518,graduated,Ec^ --> Ec^^,DLSTM
JSON Binding,15,0.7029094389131113,graduated,Ec^ --> Ec^^,DLSTM
JSON Binding,16,0.7028498456827014,graduated,Ec^ --> Ec^^,DLSTM
JSON Binding,17,0.7066564779272414,graduated,Ec^ --> Ec^^,DLSTM
JSON Binding,18,0.7033289383883936,graduated,Ec^ --> Ec^^,DLSTM
JSON Binding,19,0.7092417238642443,graduated,Ec^ --> Ec^^,DLSTM
JSON Binding,20,0.709339552358102,graduated,Ec^ --> Ec^^,DLSTM
JSON Binding,21,0.7117014851383854,graduated,Ec^ --> Ec^^,DLSTM
JSON Binding,22,0.7116840834408165,graduated,Ec^ --> Ec^^,DLSTM
JSON Binding,23,0.7106944508758232,graduated,Ec^ --> Ec^^,DLSTM
JSON Binding,24,0.7100749245377262,graduated,Ec^ --> Ec^^,DLSTM
JSON Binding,25,0.7140020046645281,graduated,Ec^ --> Ec^^,DLSTM
JSON Binding,26,0.7120044959672961,graduated,Ec^ --> Ec^^,DLSTM
JSON Binding,27,0.7159705945176883,graduated,Ec^ --> Ec^^,DLSTM
JSON Binding,28,0.71409266033361,graduated,Ec^ --> Ec^^,DLSTM
JSON Binding,29,0.714399340735568,graduated,Ec^ --> Ec^^,DLSTM
JSON Binding,30,0.7142973939435842,graduated,Ec^ --> Ec^^,DLSTM
JSON Binding,31,0.7154225794800436,graduated,Ec^ --> Ec^^,DLSTM
JSON Binding,32,0.6531876305516745,graduated,Ec^ --> Ec^^,DLSTM
JSON Processing,1,0.622524253316955,graduated,Ec^ --> Ec^^,DLSTM
JSON Processing,2,0.6844160865582464,graduated,Ec^ --> Ec^^,DLSTM
JSON Processing,3,0.6859064181513171,graduated,Ec^ --> Ec^^,DLSTM
JSON Processing,4,0.6859393267219072,graduated,Ec^ --> Ec^^,DLSTM
JSON Processing,5,0.6856199395826421,graduated,Ec^ --> Ec^^,DLSTM
JSON Processing,6,0.6848449387192035,graduated,Ec^ --> Ec^^,DLSTM
JSON Processing,7,0.6860093796351596,graduated,Ec^ --> Ec^^,DLSTM
JSON Processing,8,0.6864624915952745,graduated,Ec^ --> Ec^^,DLSTM
JSON Processing,9,0.6897758012265979,graduated,Ec^ --> Ec^^,DLSTM
JSON Processing,10,0.6937086910983791,graduated,Ec^ --> Ec^^,DLSTM
JSON Processing,11,0.6962206183705519,graduated,Ec^ --> Ec^^,DLSTM
JSON Processing,12,0.6965372996732918,graduated,Ec^ --> Ec^^,DLSTM
JSON Processing,13,0.6983251466963754,graduated,Ec^ --> Ec^^,DLSTM
JSON Processing,14,0.6997659336808869,graduated,Ec^ --> Ec^^,DLSTM
JSON Processing,15,0.7012228568143536,graduated,Ec^ --> Ec^^,DLSTM
JSON Processing,16,0.7031959819915624,graduated,Ec^ --> Ec^^,DLSTM
JSON Processing,17,0.703773763948314,graduated,Ec^ --> Ec^^,DLSTM
JSON Processing,18,0.7057785291058604,graduated,Ec^ --> Ec^^,DLSTM
JSON Processing,19,0.7080869461066857,graduated,Ec^ --> Ec^^,DLSTM
JSON Processing,20,0.7078997606461245,graduated,Ec^ --> Ec^^,DLSTM
JSON Processing,21,0.7063496296823678,graduated,Ec^ --> Ec^^,DLSTM
JSON Processing,22,0.7087595945302074,graduated,Ec^ --> Ec^^,DLSTM
JSON Processing,23,0.7101987031187105,graduated,Ec^ --> Ec^^,DLSTM
JSON Processing,24,0.7111209394324313,graduated,Ec^ --> Ec^^,DLSTM
JSON Processing,25,0.7093408100092408,graduated,Ec^ --> Ec^^,DLSTM
JSON Processing,26,0.7120069952834166,graduated,Ec^ --> Ec^^,DLSTM
JSON Processing,27,0.7118562777064634,graduated,Ec^ --> Ec^^,DLSTM
JSON Processing,28,0.7099941744584344,graduated,Ec^ --> Ec^^,DLSTM
JSON Processing,29,0.7073029105153532,graduated,Ec^ --> Ec^^,DLSTM
JSON Processing,30,0.7097614304754556,graduated,Ec^ --> Ec^^,DLSTM
JSON Processing,31,0.7112469981684842,graduated,Ec^ --> Ec^^,DLSTM
JSON Processing,32,0.7107755657166285,graduated,Ec^ --> Ec^^,DLSTM
JSON Processing,33,0.7083694964588573,graduated,Ec^ --> Ec^^,DLSTM
JSON Processing,34,0.711640089117214,graduated,Ec^ --> Ec^^,DLSTM
JSON Processing,35,0.7113942942193703,graduated,Ec^ --> Ec^^,DLSTM
JSON Processing,36,0.7106935900000249,graduated,Ec^ --> Ec^^,DLSTM
JSON Processing,37,0.6479330961290706,graduated,Ec^ --> Ec^^,DLSTM
Jersey,1,0.6321539468425466,graduated,Ec^ --> Ec^^,DLSTM
Jersey,2,0.6823952929189272,graduated,Ec^ --> Ec^^,DLSTM
Jersey,3,0.692058747885179,graduated,Ec^ --> Ec^^,DLSTM
Jersey,4,0.6905829362465498,graduated,Ec^ --> Ec^^,DLSTM
Jersey,5,0.6874954782391379,graduated,Ec^ --> Ec^^,DLSTM
Jersey,6,0.6896943542497486,graduated,Ec^ --> Ec^^,DLSTM
Jersey,7,0.6917447304644214,graduated,Ec^ --> Ec^^,DLSTM
Jersey,8,0.6854397079575987,graduated,Ec^ --> Ec^^,DLSTM
Jersey,9,0.6858046463675521,graduated,Ec^ --> Ec^^,DLSTM
Jersey,10,0.6863936568927531,graduated,Ec^ --> Ec^^,DLSTM
Jersey,11,0.6929329357003187,graduated,Ec^ --> Ec^^,DLSTM
Jersey,12,0.6942826773842261,graduated,Ec^ --> Ec^^,DLSTM
Jersey,13,0.6953970700907791,graduated,Ec^ --> Ec^^,DLSTM
Jersey,14,0.696397374484523,graduated,Ec^ --> Ec^^,DLSTM
Jersey,15,0.6962118835277983,graduated,Ec^ --> Ec^^,DLSTM
Jersey,16,0.689451465398099,graduated,Ec^ --> Ec^^,DLSTM
Jersey,17,0.6952927140661171,graduated,Ec^ --> Ec^^,DLSTM
Jersey,18,0.6939734638933734,graduated,Ec^ --> Ec^^,DLSTM
Jersey,19,0.697136460194663,graduated,Ec^ --> Ec^^,DLSTM
Jersey,20,0.6973727718347745,graduated,Ec^ --> Ec^^,DLSTM
Jersey,21,0.697787948349988,graduated,Ec^ --> Ec^^,DLSTM
Jersey,22,0.6971539695295735,graduated,Ec^ --> Ec^^,DLSTM
Jersey,23,0.6994748960831708,graduated,Ec^ --> Ec^^,DLSTM
Jersey,24,0.6944665874266083,graduated,Ec^ --> Ec^^,DLSTM
Jersey,25,0.6956313592886098,graduated,Ec^ --> Ec^^,DLSTM
Jersey,26,0.6973879476213805,graduated,Ec^ --> Ec^^,DLSTM
Jersey,27,0.6976746762735069,graduated,Ec^ --> Ec^^,DLSTM
Jersey,28,0.6983365677752105,graduated,Ec^ --> Ec^^,DLSTM
Jersey,29,0.6979965794885776,graduated,Ec^ --> Ec^^,DLSTM
Jersey,30,0.7000229144325115,graduated,Ec^ --> Ec^^,DLSTM
Jersey,31,0.6949104905756927,graduated,Ec^ --> Ec^^,DLSTM
Jersey,32,0.695805176971807,graduated,Ec^ --> Ec^^,DLSTM
Jersey,33,0.6961378543884493,graduated,Ec^ --> Ec^^,DLSTM
Jersey,34,0.6395770917056037,graduated,Ec^ --> Ec^^,DLSTM
Jetty - Servlet Engine and Http Server,1,0.6959047913551331,graduated,Ec^ --> Ec^^,DLSTM
Jetty - Servlet Engine and Http Server,2,0.6975009441375732,graduated,Ec^ --> Ec^^,DLSTM
Jetty - Servlet Engine and Http Server,3,0.6975724101066589,graduated,Ec^ --> Ec^^,DLSTM
Kapua,1,0.6366119976111013,graduated,Ec^ --> Ec^^,DLSTM
Kapua,2,0.6969120518701756,graduated,Ec^ --> Ec^^,DLSTM
Kapua,3,0.6984025665316315,graduated,Ec^ --> Ec^^,DLSTM
Kapua,4,0.6977954650080933,graduated,Ec^ --> Ec^^,DLSTM
Kapua,5,0.6981215859621852,graduated,Ec^ --> Ec^^,DLSTM
Kapua,6,0.6986465758860002,graduated,Ec^ --> Ec^^,DLSTM
Kapua,7,0.6985436443956905,graduated,Ec^ --> Ec^^,DLSTM
Kapua,8,0.6984903619054942,graduated,Ec^ --> Ec^^,DLSTM
Kapua,9,0.6983164498969756,graduated,Ec^ --> Ec^^,DLSTM
Kapua,10,0.6987246493143368,graduated,Ec^ --> Ec^^,DLSTM
Kapua,11,0.6995386883102223,graduated,Ec^ --> Ec^^,DLSTM
Kapua,12,0.698870992613267,graduated,Ec^ --> Ec^^,DLSTM
Kapua,13,0.6950760263152962,graduated,Ec^ --> Ec^^,DLSTM
Kapua,14,0.6989441296176981,graduated,Ec^ --> Ec^^,DLSTM
Kapua,15,0.6990971088616398,graduated,Ec^ --> Ec^^,DLSTM
Kapua,16,0.6988403462626865,graduated,Ec^ --> Ec^^,DLSTM
Kapua,17,0.6989558789335826,graduated,Ec^ --> Ec^^,DLSTM
Kapua,18,0.699641479307552,graduated,Ec^ --> Ec^^,DLSTM
Kapua,19,0.7002375413579002,graduated,Ec^ --> Ec^^,DLSTM
Kapua,20,0.69979502657831,graduated,Ec^ --> Ec^^,DLSTM
Kapua,21,0.6967194643002838,graduated,Ec^ --> Ec^^,DLSTM
Kapua,22,0.698371568330816,graduated,Ec^ --> Ec^^,DLSTM
Kapua,23,0.6977007988265398,graduated,Ec^ --> Ec^^,DLSTM
Kapua,24,0.638674923431027,graduated,Ec^ --> Ec^^,DLSTM
Keyple,1,0.6216921843636483,graduated,Ec^ --> Ec^^,DLSTM
Keyple,2,0.6799460477551831,graduated,Ec^ --> Ec^^,DLSTM
Keyple,3,0.6904011570281594,graduated,Ec^ --> Ec^^,DLSTM
Keyple,4,0.6889606824434173,graduated,Ec^ --> Ec^^,DLSTM
Keyple,5,0.6911041764485384,graduated,Ec^ --> Ec^^,DLSTM
Keyple,6,0.6850705661889587,graduated,Ec^ --> Ec^^,DLSTM
Keyple,7,0.6912332216582251,graduated,Ec^ --> Ec^^,DLSTM
Keyple,8,0.6917677058492506,graduated,Ec^ --> Ec^^,DLSTM
Keyple,9,0.691016512846236,graduated,Ec^ --> Ec^^,DLSTM
Keyple,10,0.6903317854832091,graduated,Ec^ --> Ec^^,DLSTM
Keyple,11,0.6897055339354609,graduated,Ec^ --> Ec^^,DLSTM
Keyple,12,0.6924114669964545,graduated,Ec^ --> Ec^^,DLSTM
Keyple,13,0.6927247024597547,graduated,Ec^ --> Ec^^,DLSTM
Keyple,14,0.6901613572833095,graduated,Ec^ --> Ec^^,DLSTM
Keyple,15,0.6921712073214334,graduated,Ec^ --> Ec^^,DLSTM
Keyple,16,0.6932869265660434,graduated,Ec^ --> Ec^^,DLSTM
Keyple,17,0.6926715309098036,graduated,Ec^ --> Ec^^,DLSTM
Keyple,18,0.6913605025098785,graduated,Ec^ --> Ec^^,DLSTM
Keyple,19,0.6901036284988978,graduated,Ec^ --> Ec^^,DLSTM
Keyple,20,0.6924736667776823,graduated,Ec^ --> Ec^^,DLSTM
Keyple,21,0.6924640369860964,graduated,Ec^ --> Ec^^,DLSTM
Keyple,22,0.6901203995185309,graduated,Ec^ --> Ec^^,DLSTM
Keyple,23,0.6863078823714558,graduated,Ec^ --> Ec^^,DLSTM
Keyple,24,0.6903524912336311,graduated,Ec^ --> Ec^^,DLSTM
Keyple,25,0.6920537391695606,graduated,Ec^ --> Ec^^,DLSTM
Keyple,26,0.6866430102286385,graduated,Ec^ --> Ec^^,DLSTM
Keyple,27,0.6911484578739812,graduated,Ec^ --> Ec^^,DLSTM
Keyple,28,0.6929207439682206,graduated,Ec^ --> Ec^^,DLSTM
Keyple,29,0.6925973511888125,graduated,Ec^ --> Ec^^,DLSTM
Keyple,30,0.6902887112583233,graduated,Ec^ --> Ec^^,DLSTM
Keyple,31,0.6862388828229269,graduated,Ec^ --> Ec^^,DLSTM
Keyple,32,0.6888290508645137,graduated,Ec^ --> Ec^^,DLSTM
Keyple,33,0.6910210719387827,graduated,Ec^ --> Ec^^,DLSTM
Keyple,34,0.6860210636386564,graduated,Ec^ --> Ec^^,DLSTM
Keyple,35,0.6901869228471598,graduated,Ec^ --> Ec^^,DLSTM
Keyple,36,0.691865912607338,graduated,Ec^ --> Ec^^,DLSTM
Keyple,37,0.6915933199964736,graduated,Ec^ --> Ec^^,DLSTM
Keyple,38,0.691077268047017,graduated,Ec^ --> Ec^^,DLSTM
Keyple,39,0.6888043991739418,graduated,Ec^ --> Ec^^,DLSTM
Keyple,40,0.689698603390769,graduated,Ec^ --> Ec^^,DLSTM
Keyple,41,0.6907526724256537,graduated,Ec^ --> Ec^^,DLSTM
Keyple,42,0.626388300656261,graduated,Ec^ --> Ec^^,DLSTM
Kiso,1,0.6227522310454686,retired,Ec^ --> Ec^^,DLSTM
Kiso,2,0.6905451029342105,retired,Ec^ --> Ec^^,DLSTM
Kiso,3,0.6919440167050935,retired,Ec^ --> Ec^^,DLSTM
Kiso,4,0.6848118598198017,retired,Ec^ --> Ec^^,DLSTM
Kiso,5,0.6830316781960162,retired,Ec^ --> Ec^^,DLSTM
Kiso,6,0.6811995230501846,retired,Ec^ --> Ec^^,DLSTM
Kiso,7,0.682944309846607,retired,Ec^ --> Ec^^,DLSTM
Kiso,8,0.6833233192959671,retired,Ec^ --> Ec^^,DLSTM
Kiso,9,0.6850066063005072,retired,Ec^ --> Ec^^,DLSTM
Kiso,10,0.6266421266374889,retired,Ec^ --> Ec^^,DLSTM
Kitalpha,1,0.6368022079707283,graduated,Ec^ --> Ec^^,DLSTM
Kitalpha,2,0.6965056157458809,graduated,Ec^ --> Ec^^,DLSTM
Kitalpha,3,0.6971918657805171,graduated,Ec^ --> Ec^^,DLSTM
Kitalpha,4,0.6979671579136955,graduated,Ec^ --> Ec^^,DLSTM
Kitalpha,5,0.6969170820876626,graduated,Ec^ --> Ec^^,DLSTM
Kitalpha,6,0.6973424041896217,graduated,Ec^ --> Ec^^,DLSTM
Kitalpha,7,0.6964636845423593,graduated,Ec^ --> Ec^^,DLSTM
Kitalpha,8,0.6972359915114974,graduated,Ec^ --> Ec^^,DLSTM
Kitalpha,9,0.6945253440491707,graduated,Ec^ --> Ec^^,DLSTM
Kitalpha,10,0.6952185891955835,graduated,Ec^ --> Ec^^,DLSTM
Kitalpha,11,0.6935258734251031,graduated,Ec^ --> Ec^^,DLSTM
Kitalpha,12,0.6929912501929663,graduated,Ec^ --> Ec^^,DLSTM
Kitalpha,13,0.6899268822467276,graduated,Ec^ --> Ec^^,DLSTM
Kitalpha,14,0.6954010953720207,graduated,Ec^ --> Ec^^,DLSTM
Kitalpha,15,0.6946660255926085,graduated,Ec^ --> Ec^^,DLSTM
Kitalpha,16,0.6946010907820533,graduated,Ec^ --> Ec^^,DLSTM
Kitalpha,17,0.6924632469500952,graduated,Ec^ --> Ec^^,DLSTM
Kitalpha,18,0.6886806098668697,graduated,Ec^ --> Ec^^,DLSTM
Kitalpha,19,0.6941832873184773,graduated,Ec^ --> Ec^^,DLSTM
Kitalpha,20,0.6937908259139854,graduated,Ec^ --> Ec^^,DLSTM
Kitalpha,21,0.6914090185982088,graduated,Ec^ --> Ec^^,DLSTM
Kitalpha,22,0.6910837607068445,graduated,Ec^ --> Ec^^,DLSTM
Kitalpha,23,0.6926525481896385,graduated,Ec^ --> Ec^^,DLSTM
Kitalpha,24,0.6957986131957217,graduated,Ec^ --> Ec^^,DLSTM
Kitalpha,25,0.6928717098471001,graduated,Ec^ --> Ec^^,DLSTM
Kitalpha,26,0.6923249077631378,graduated,Ec^ --> Ec^^,DLSTM
Kitalpha,27,0.6947936897521994,graduated,Ec^ --> Ec^^,DLSTM
Kitalpha,28,0.6943273166210884,graduated,Ec^ --> Ec^^,DLSTM
Kitalpha,29,0.69217087247087,graduated,Ec^ --> Ec^^,DLSTM
Kitalpha,30,0.6921098144887021,graduated,Ec^ --> Ec^^,DLSTM
Kitalpha,31,0.6917410441278291,graduated,Ec^ --> Ec^^,DLSTM
Kitalpha,32,0.6927801971062111,graduated,Ec^ --> Ec^^,DLSTM
Kitalpha,33,0.6910482020750104,graduated,Ec^ --> Ec^^,DLSTM
Kitalpha,34,0.6908973496557631,graduated,Ec^ --> Ec^^,DLSTM
Kitalpha,35,0.690945729391378,graduated,Ec^ --> Ec^^,DLSTM
Kitalpha,36,0.6949511284197,graduated,Ec^ --> Ec^^,DLSTM
Kitalpha,37,0.6933477180284916,graduated,Ec^ --> Ec^^,DLSTM
Kitalpha,38,0.6919745320153242,graduated,Ec^ --> Ec^^,DLSTM
Kitalpha,39,0.6942452908243192,graduated,Ec^ --> Ec^^,DLSTM
Kitalpha,40,0.6941852919153759,graduated,Ec^ --> Ec^^,DLSTM
Kitalpha,41,0.6920901126648019,graduated,Ec^ --> Ec^^,DLSTM
Kitalpha,42,0.6912170350936486,graduated,Ec^ --> Ec^^,DLSTM
Kitalpha,43,0.6924218439232603,graduated,Ec^ --> Ec^^,DLSTM
Kitalpha,44,0.6969793803069169,graduated,Ec^ --> Ec^^,DLSTM
Kitalpha,45,0.6953169535335284,graduated,Ec^ --> Ec^^,DLSTM
Kitalpha,46,0.693555717255353,graduated,Ec^ --> Ec^^,DLSTM
Kitalpha,47,0.6927930293391483,graduated,Ec^ --> Ec^^,DLSTM
Kitalpha,48,0.6945890798974282,graduated,Ec^ --> Ec^^,DLSTM
Kitalpha,49,0.6937722638548951,graduated,Ec^ --> Ec^^,DLSTM
Kitalpha,50,0.6935296324123374,graduated,Ec^ --> Ec^^,DLSTM
Kitalpha,51,0.693372345820812,graduated,Ec^ --> Ec^^,DLSTM
Kitalpha,52,0.6973567478019297,graduated,Ec^ --> Ec^^,DLSTM
Kitalpha,53,0.6951494062718072,graduated,Ec^ --> Ec^^,DLSTM
Kitalpha,54,0.6933208931356439,graduated,Ec^ --> Ec^^,DLSTM
Kitalpha,55,0.6934917646205032,graduated,Ec^ --> Ec^^,DLSTM
Kitalpha,56,0.6945516593503978,graduated,Ec^ --> Ec^^,DLSTM
Kitalpha,57,0.6928004761123248,graduated,Ec^ --> Ec^^,DLSTM
Kitalpha,58,0.6934155219803283,graduated,Ec^ --> Ec^^,DLSTM
Kitalpha,59,0.6933837866511248,graduated,Ec^ --> Ec^^,DLSTM
Kitalpha,60,0.696250217551243,graduated,Ec^ --> Ec^^,DLSTM
Kitalpha,61,0.6949430503170761,graduated,Ec^ --> Ec^^,DLSTM
Kitalpha,62,0.6926117808022118,graduated,Ec^ --> Ec^^,DLSTM
Kitalpha,63,0.6941926437050815,graduated,Ec^ --> Ec^^,DLSTM
Kitalpha,64,0.6952939353168669,graduated,Ec^ --> Ec^^,DLSTM
Kitalpha,65,0.6333363085111718,graduated,Ec^ --> Ec^^,DLSTM
Krazo,1,0.6220817389665979,graduated,Ec^ --> Ec^^,DLSTM
Krazo,2,0.6818767486709587,graduated,Ec^ --> Ec^^,DLSTM
Krazo,3,0.6847982204649399,graduated,Ec^ --> Ec^^,DLSTM
Krazo,4,0.6862877253769329,graduated,Ec^ --> Ec^^,DLSTM
Krazo,5,0.6813595179784595,graduated,Ec^ --> Ec^^,DLSTM
Krazo,6,0.6768930646580712,graduated,Ec^ --> Ec^^,DLSTM
Krazo,7,0.6791145799309602,graduated,Ec^ --> Ec^^,DLSTM
Krazo,8,0.6797925796897727,graduated,Ec^ --> Ec^^,DLSTM
Krazo,9,0.6864130227836999,graduated,Ec^ --> Ec^^,DLSTM
Krazo,10,0.6883470325143732,graduated,Ec^ --> Ec^^,DLSTM
Krazo,11,0.6897538218214536,graduated,Ec^ --> Ec^^,DLSTM
Krazo,12,0.6918385736713974,graduated,Ec^ --> Ec^^,DLSTM
Krazo,13,0.6844959343202572,graduated,Ec^ --> Ec^^,DLSTM
Krazo,14,0.6822214245489844,graduated,Ec^ --> Ec^^,DLSTM
Krazo,15,0.6896763128993539,graduated,Ec^ --> Ec^^,DLSTM
Krazo,16,0.6942576427975233,graduated,Ec^ --> Ec^^,DLSTM
Krazo,17,0.697659443640073,graduated,Ec^ --> Ec^^,DLSTM
Krazo,18,0.6983838828981799,graduated,Ec^ --> Ec^^,DLSTM
Krazo,19,0.6969226656548353,graduated,Ec^ --> Ec^^,DLSTM
Krazo,20,0.6981566522014676,graduated,Ec^ --> Ec^^,DLSTM
Krazo,21,0.6926394959939184,graduated,Ec^ --> Ec^^,DLSTM
Krazo,22,0.6325599142843464,graduated,Ec^ --> Ec^^,DLSTM
Kura,1,0.696453332901001,graduated,Ec^ --> Ec^^,DLSTM
Leshan,1,0.6406734026171171,graduated,Ec^ --> Ec^^,DLSTM
Leshan,2,0.7008056684416584,graduated,Ec^ --> Ec^^,DLSTM
Leshan,3,0.7020635503488853,graduated,Ec^ --> Ec^^,DLSTM
Leshan,4,0.7061746817356971,graduated,Ec^ --> Ec^^,DLSTM
Leshan,5,0.7026566882629729,graduated,Ec^ --> Ec^^,DLSTM
Leshan,6,0.7012352824371313,graduated,Ec^ --> Ec^^,DLSTM
Leshan,7,0.7025221631650519,graduated,Ec^ --> Ec^^,DLSTM
Leshan,8,0.7035303168955513,graduated,Ec^ --> Ec^^,DLSTM
Leshan,9,0.7023668237017016,graduated,Ec^ --> Ec^^,DLSTM
Leshan,10,0.7046344896569029,graduated,Ec^ --> Ec^^,DLSTM
Leshan,11,0.7081751724965574,graduated,Ec^ --> Ec^^,DLSTM
Leshan,12,0.7103218536081524,graduated,Ec^ --> Ec^^,DLSTM
Leshan,13,0.7098356203744937,graduated,Ec^ --> Ec^^,DLSTM
Leshan,14,0.7114331989489255,graduated,Ec^ --> Ec^^,DLSTM
Leshan,15,0.7106816436791751,graduated,Ec^ --> Ec^^,DLSTM
Leshan,16,0.7095805868025566,graduated,Ec^ --> Ec^^,DLSTM
Leshan,17,0.7106483770315547,graduated,Ec^ --> Ec^^,DLSTM
Leshan,18,0.7118771074799273,graduated,Ec^ --> Ec^^,DLSTM
Leshan,19,0.7108941666677012,graduated,Ec^ --> Ec^^,DLSTM
Leshan,20,0.7090846417803259,graduated,Ec^ --> Ec^^,DLSTM
Leshan,21,0.7104124234520512,graduated,Ec^ --> Ec^^,DLSTM
Leshan,22,0.709554836731138,graduated,Ec^ --> Ec^^,DLSTM
Leshan,23,0.7084295293991562,graduated,Ec^ --> Ec^^,DLSTM
Leshan,24,0.7088301909725733,graduated,Ec^ --> Ec^^,DLSTM
Leshan,25,0.7099544627872942,graduated,Ec^ --> Ec^^,DLSTM
Leshan,26,0.7121747490831788,graduated,Ec^ --> Ec^^,DLSTM
Leshan,27,0.7098951731345746,graduated,Ec^ --> Ec^^,DLSTM
Leshan,28,0.708554420982194,graduated,Ec^ --> Ec^^,DLSTM
Leshan,29,0.7084545478374447,graduated,Ec^ --> Ec^^,DLSTM
Leshan,30,0.7059510441319373,graduated,Ec^ --> Ec^^,DLSTM
Leshan,31,0.7053460569508297,graduated,Ec^ --> Ec^^,DLSTM
Leshan,32,0.7054802508090097,graduated,Ec^ --> Ec^^,DLSTM
Leshan,33,0.7035754007056402,graduated,Ec^ --> Ec^^,DLSTM
Leshan,34,0.7085779548564767,graduated,Ec^ --> Ec^^,DLSTM
Leshan,35,0.7079107492229751,graduated,Ec^ --> Ec^^,DLSTM
Leshan,36,0.7060904121811649,graduated,Ec^ --> Ec^^,DLSTM
Leshan,37,0.7071161014395959,graduated,Ec^ --> Ec^^,DLSTM
Leshan,38,0.706132947864086,graduated,Ec^ --> Ec^^,DLSTM
Leshan,39,0.7076342953363346,graduated,Ec^ --> Ec^^,DLSTM
Leshan,40,0.7073590725979045,graduated,Ec^ --> Ec^^,DLSTM
Leshan,41,0.7050971463783887,graduated,Ec^ --> Ec^^,DLSTM
Leshan,42,0.7089458046337088,graduated,Ec^ --> Ec^^,DLSTM
Leshan,43,0.706766575708762,graduated,Ec^ --> Ec^^,DLSTM
Leshan,44,0.7068717827792131,graduated,Ec^ --> Ec^^,DLSTM
Leshan,45,0.7055590842402727,graduated,Ec^ --> Ec^^,DLSTM
Leshan,46,0.7052456723022402,graduated,Ec^ --> Ec^^,DLSTM
Leshan,47,0.7059012161816351,graduated,Ec^ --> Ec^^,DLSTM
Leshan,48,0.704899428131079,graduated,Ec^ --> Ec^^,DLSTM
Leshan,49,0.7051122264583698,graduated,Ec^ --> Ec^^,DLSTM
Leshan,50,0.7078796023182974,graduated,Ec^ --> Ec^^,DLSTM
Leshan,51,0.7057959387284016,graduated,Ec^ --> Ec^^,DLSTM
Leshan,52,0.7047514171607897,graduated,Ec^ --> Ec^^,DLSTM
Leshan,53,0.7058955872129277,graduated,Ec^ --> Ec^^,DLSTM
Leshan,54,0.7053644719622383,graduated,Ec^ --> Ec^^,DLSTM
Leshan,55,0.7057613335694115,graduated,Ec^ --> Ec^^,DLSTM
Leshan,56,0.7040379202004386,graduated,Ec^ --> Ec^^,DLSTM
Leshan,57,0.7038173351498859,graduated,Ec^ --> Ec^^,DLSTM
Leshan,58,0.7069952250502866,graduated,Ec^ --> Ec^^,DLSTM
Leshan,59,0.704159614758598,graduated,Ec^ --> Ec^^,DLSTM
Leshan,60,0.702883048973029,graduated,Ec^ --> Ec^^,DLSTM
Leshan,61,0.7041856327901052,graduated,Ec^ --> Ec^^,DLSTM
Leshan,62,0.7030279687474923,graduated,Ec^ --> Ec^^,DLSTM
Leshan,63,0.7028470646618762,graduated,Ec^ --> Ec^^,DLSTM
Leshan,64,0.6409329761117281,graduated,Ec^ --> Ec^^,DLSTM
Linux Tools,1,0.6389606254062735,graduated,Ec^ --> Ec^^,DLSTM
Linux Tools,2,0.6994783609834976,graduated,Ec^ --> Ec^^,DLSTM
Linux Tools,3,0.699300717983263,graduated,Ec^ --> Ec^^,DLSTM
Linux Tools,4,0.6992848317161152,graduated,Ec^ --> Ec^^,DLSTM
Linux Tools,5,0.6992838055748224,graduated,Ec^ --> Ec^^,DLSTM
Linux Tools,6,0.6991265178178354,graduated,Ec^ --> Ec^^,DLSTM
Linux Tools,7,0.6993915629503675,graduated,Ec^ --> Ec^^,DLSTM
Linux Tools,8,0.6994325395182395,graduated,Ec^ --> Ec^^,DLSTM
Linux Tools,9,0.6996364261237891,graduated,Ec^ --> Ec^^,DLSTM
Linux Tools,10,0.6997083192962085,graduated,Ec^ --> Ec^^,DLSTM
Linux Tools,11,0.6997890349149442,graduated,Ec^ --> Ec^^,DLSTM
Linux Tools,12,0.7003562605908654,graduated,Ec^ --> Ec^^,DLSTM
Linux Tools,13,0.6999275257744279,graduated,Ec^ --> Ec^^,DLSTM
Linux Tools,14,0.6998595722054431,graduated,Ec^ --> Ec^^,DLSTM
Linux Tools,15,0.6999074967157195,graduated,Ec^ --> Ec^^,DLSTM
Linux Tools,16,0.6999392501605456,graduated,Ec^ --> Ec^^,DLSTM
Linux Tools,17,0.7000409730203976,graduated,Ec^ --> Ec^^,DLSTM
Linux Tools,18,0.7001063442762222,graduated,Ec^ --> Ec^^,DLSTM
Linux Tools,19,0.7000413922828831,graduated,Ec^ --> Ec^^,DLSTM
Linux Tools,20,0.700253351804257,graduated,Ec^ --> Ec^^,DLSTM
Linux Tools,21,0.7002367592963255,graduated,Ec^ --> Ec^^,DLSTM
Linux Tools,22,0.7002194782897352,graduated,Ec^ --> Ec^^,DLSTM
Linux Tools,23,0.7002380374419044,graduated,Ec^ --> Ec^^,DLSTM
Linux Tools,24,0.7001210409614553,graduated,Ec^ --> Ec^^,DLSTM
Linux Tools,25,0.7001057364017939,graduated,Ec^ --> Ec^^,DLSTM
Linux Tools,26,0.7000251624302423,graduated,Ec^ --> Ec^^,DLSTM
Linux Tools,27,0.6997753602467186,graduated,Ec^ --> Ec^^,DLSTM
Linux Tools,28,0.6997764864284887,graduated,Ec^ --> Ec^^,DLSTM
Linux Tools,29,0.6996840068765938,graduated,Ec^ --> Ec^^,DLSTM
Linux Tools,30,0.6990534219336869,graduated,Ec^ --> Ec^^,DLSTM
Linux Tools,31,0.6381510923803879,graduated,Ec^ --> Ec^^,DLSTM
Lyo,1,0.6324992705279066,graduated,Ec^ --> Ec^^,DLSTM
Lyo,2,0.6927669324594373,graduated,Ec^ --> Ec^^,DLSTM
Lyo,3,0.6915238865202686,graduated,Ec^ --> Ec^^,DLSTM
Lyo,4,0.6945146108018843,graduated,Ec^ --> Ec^^,DLSTM
Lyo,5,0.6947635610690669,graduated,Ec^ --> Ec^^,DLSTM
Lyo,6,0.6923542602101498,graduated,Ec^ --> Ec^^,DLSTM
Lyo,7,0.6930205338112878,graduated,Ec^ --> Ec^^,DLSTM
Lyo,8,0.6936592147600099,graduated,Ec^ --> Ec^^,DLSTM
Lyo,9,0.6975919236154248,graduated,Ec^ --> Ec^^,DLSTM
Lyo,10,0.6975022273097414,graduated,Ec^ --> Ec^^,DLSTM
Lyo,11,0.6985941497203592,graduated,Ec^ --> Ec^^,DLSTM
Lyo,12,0.6380941849692768,graduated,Ec^ --> Ec^^,DLSTM
MDT UML2,1,0.6263748916983181,graduated,Ec^ --> Ec^^,DLSTM
MDT UML2,2,0.6868839686391491,graduated,Ec^ --> Ec^^,DLSTM
MDT UML2,3,0.6879470546280736,graduated,Ec^ --> Ec^^,DLSTM
MDT UML2,4,0.6846304741483257,graduated,Ec^ --> Ec^^,DLSTM
MDT UML2,5,0.6841802362224171,graduated,Ec^ --> Ec^^,DLSTM
MDT UML2,6,0.6845155945078775,graduated,Ec^ --> Ec^^,DLSTM
MDT UML2,7,0.6845225101917072,graduated,Ec^ --> Ec^^,DLSTM
MDT UML2,8,0.6843847766461666,graduated,Ec^ --> Ec^^,DLSTM
MDT UML2,9,0.6836818132870004,graduated,Ec^ --> Ec^^,DLSTM
MDT UML2,10,0.6830086187839854,graduated,Ec^ --> Ec^^,DLSTM
MDT UML2,11,0.6829846073875422,graduated,Ec^ --> Ec^^,DLSTM
MDT UML2,12,0.6811913098732445,graduated,Ec^ --> Ec^^,DLSTM
MDT UML2,13,0.6806712413271776,graduated,Ec^ --> Ec^^,DLSTM
MDT UML2,14,0.6830574693226443,graduated,Ec^ --> Ec^^,DLSTM
MDT UML2,15,0.6829881698880259,graduated,Ec^ --> Ec^^,DLSTM
MDT UML2,16,0.682320949735367,graduated,Ec^ --> Ec^^,DLSTM
MDT UML2,17,0.6791586684141738,graduated,Ec^ --> Ec^^,DLSTM
MDT UML2,18,0.6784629221719785,graduated,Ec^ --> Ec^^,DLSTM
MDT UML2,19,0.6788417396216467,graduated,Ec^ --> Ec^^,DLSTM
MDT UML2,20,0.6778498771380639,graduated,Ec^ --> Ec^^,DLSTM
MDT UML2,21,0.6771520597656404,graduated,Ec^ --> Ec^^,DLSTM
MDT UML2,22,0.6786929031954131,graduated,Ec^ --> Ec^^,DLSTM
MDT UML2,23,0.6783375168718109,graduated,Ec^ --> Ec^^,DLSTM
MDT UML2,24,0.6774111098975167,graduated,Ec^ --> Ec^^,DLSTM
MDT UML2,25,0.6761569933575671,graduated,Ec^ --> Ec^^,DLSTM
MDT UML2,26,0.6795754008484037,graduated,Ec^ --> Ec^^,DLSTM
MDT UML2,27,0.6804546380314307,graduated,Ec^ --> Ec^^,DLSTM
MDT UML2,28,0.6788909213665402,graduated,Ec^ --> Ec^^,DLSTM
MDT UML2,29,0.6809663070455343,graduated,Ec^ --> Ec^^,DLSTM
MDT UML2,30,0.6805034189527841,graduated,Ec^ --> Ec^^,DLSTM
MDT UML2,31,0.6802006103260659,graduated,Ec^ --> Ec^^,DLSTM
MDT UML2,32,0.6813858789495315,graduated,Ec^ --> Ec^^,DLSTM
MDT UML2,33,0.6753304489860795,graduated,Ec^ --> Ec^^,DLSTM
MDT UML2,34,0.67983360515514,graduated,Ec^ --> Ec^^,DLSTM
MDT UML2,35,0.6220709530840517,graduated,Ec^ --> Ec^^,DLSTM
Mail,1,0.6323800580477643,graduated,Ec^ --> Ec^^,DLSTM
Mail,2,0.6852437740152872,graduated,Ec^ --> Ec^^,DLSTM
Mail,3,0.6853135243998095,graduated,Ec^ --> Ec^^,DLSTM
Mail,4,0.6833721048605593,graduated,Ec^ --> Ec^^,DLSTM
Mail,5,0.6823666986002647,graduated,Ec^ --> Ec^^,DLSTM
Mail,6,0.6815757304660268,graduated,Ec^ --> Ec^^,DLSTM
Mail,7,0.683901787672879,graduated,Ec^ --> Ec^^,DLSTM
Mail,8,0.6821820177616761,graduated,Ec^ --> Ec^^,DLSTM
Mail,9,0.6887961503692338,graduated,Ec^ --> Ec^^,DLSTM
Mail,10,0.6905062082553912,graduated,Ec^ --> Ec^^,DLSTM
Mail,11,0.6913188459893448,graduated,Ec^ --> Ec^^,DLSTM
Mail,12,0.6947405654960637,graduated,Ec^ --> Ec^^,DLSTM
Mail,13,0.6953762276695251,graduated,Ec^ --> Ec^^,DLSTM
Mail,14,0.6969135244556924,graduated,Ec^ --> Ec^^,DLSTM
Mail,15,0.6979641550176912,graduated,Ec^ --> Ec^^,DLSTM
Mail,16,0.6987628574422768,graduated,Ec^ --> Ec^^,DLSTM
Mail,17,0.699567115051876,graduated,Ec^ --> Ec^^,DLSTM
Mail,18,0.7012603287878676,graduated,Ec^ --> Ec^^,DLSTM
Mail,19,0.6992529371943024,graduated,Ec^ --> Ec^^,DLSTM
Mail,20,0.7017548384384877,graduated,Ec^ --> Ec^^,DLSTM
Mail,21,0.701239543894834,graduated,Ec^ --> Ec^^,DLSTM
Mail,22,0.7025445715638513,graduated,Ec^ --> Ec^^,DLSTM
Mail,23,0.7024878050253613,graduated,Ec^ --> Ec^^,DLSTM
Mail,24,0.7009505986746616,graduated,Ec^ --> Ec^^,DLSTM
Mail,25,0.7004352109135502,graduated,Ec^ --> Ec^^,DLSTM
Mail,26,0.7038026179795056,graduated,Ec^ --> Ec^^,DLSTM
Mail,27,0.7039412114670907,graduated,Ec^ --> Ec^^,DLSTM
Mail,28,0.7063225098570696,graduated,Ec^ --> Ec^^,DLSTM
Mail,29,0.6463581758685456,graduated,Ec^ --> Ec^^,DLSTM
Marketplace Client,1,0.6375351628229199,graduated,Ec^ --> Ec^^,DLSTM
Marketplace Client,2,0.687479297198649,graduated,Ec^ --> Ec^^,DLSTM
Marketplace Client,3,0.6866288737410708,graduated,Ec^ --> Ec^^,DLSTM
Marketplace Client,4,0.685900780788328,graduated,Ec^ --> Ec^^,DLSTM
Marketplace Client,5,0.6891811865681958,graduated,Ec^ --> Ec^^,DLSTM
Marketplace Client,6,0.6898946112410463,graduated,Ec^ --> Ec^^,DLSTM
Marketplace Client,7,0.6895852104409851,graduated,Ec^ --> Ec^^,DLSTM
Marketplace Client,8,0.6905406443253942,graduated,Ec^ --> Ec^^,DLSTM
Marketplace Client,9,0.6929524648885622,graduated,Ec^ --> Ec^^,DLSTM
Marketplace Client,10,0.6941316795100059,graduated,Ec^ --> Ec^^,DLSTM
Marketplace Client,11,0.6953010645687873,graduated,Ec^ --> Ec^^,DLSTM
Marketplace Client,12,0.6957449921677223,graduated,Ec^ --> Ec^^,DLSTM
Marketplace Client,13,0.701198083914173,graduated,Ec^ --> Ec^^,DLSTM
Marketplace Client,14,0.7027717766698178,graduated,Ec^ --> Ec^^,DLSTM
Marketplace Client,15,0.7027280377174276,graduated,Ec^ --> Ec^^,DLSTM
Marketplace Client,16,0.703530702845274,graduated,Ec^ --> Ec^^,DLSTM
Marketplace Client,17,0.7040540740781258,graduated,Ec^ --> Ec^^,DLSTM
Marketplace Client,18,0.7042474751190088,graduated,Ec^ --> Ec^^,DLSTM
Marketplace Client,19,0.70550019993619,graduated,Ec^ --> Ec^^,DLSTM
Marketplace Client,20,0.7047130045044663,graduated,Ec^ --> Ec^^,DLSTM
Marketplace Client,21,0.7066068645237312,graduated,Ec^ --> Ec^^,DLSTM
Marketplace Client,22,0.7088443252743493,graduated,Ec^ --> Ec^^,DLSTM
Marketplace Client,23,0.7085700291226621,graduated,Ec^ --> Ec^^,DLSTM
Marketplace Client,24,0.7093602756049371,graduated,Ec^ --> Ec^^,DLSTM
Marketplace Client,25,0.7098436536548209,graduated,Ec^ --> Ec^^,DLSTM
Marketplace Client,26,0.7095709879984913,graduated,Ec^ --> Ec^^,DLSTM
Marketplace Client,27,0.7112105831430655,graduated,Ec^ --> Ec^^,DLSTM
Marketplace Client,28,0.7109104795471675,graduated,Ec^ --> Ec^^,DLSTM
Marketplace Client,29,0.7113454942254435,graduated,Ec^ --> Ec^^,DLSTM
Marketplace Client,30,0.7129009063365852,graduated,Ec^ --> Ec^^,DLSTM
Marketplace Client,31,0.7128700221916965,graduated,Ec^ --> Ec^^,DLSTM
Marketplace Client,32,0.7138272338726974,graduated,Ec^ --> Ec^^,DLSTM
Marketplace Client,33,0.7138555638917231,graduated,Ec^ --> Ec^^,DLSTM
Marketplace Client,34,0.7135862777123099,graduated,Ec^ --> Ec^^,DLSTM
Marketplace Client,35,0.7147117227218437,graduated,Ec^ --> Ec^^,DLSTM
Marketplace Client,36,0.7143770058891281,graduated,Ec^ --> Ec^^,DLSTM
Marketplace Client,37,0.7141855486542897,graduated,Ec^ --> Ec^^,DLSTM
Marketplace Client,38,0.7160126520105528,graduated,Ec^ --> Ec^^,DLSTM
Marketplace Client,39,0.6535772823457991,graduated,Ec^ --> Ec^^,DLSTM
Maven Integration - m2eclipse,1,0.643063690274169,graduated,Ec^ --> Ec^^,DLSTM
Maven Integration - m2eclipse,2,0.7027630539334416,graduated,Ec^ --> Ec^^,DLSTM
Maven Integration - m2eclipse,3,0.7013108360372893,graduated,Ec^ --> Ec^^,DLSTM
Maven Integration - m2eclipse,4,0.7011604806806738,graduated,Ec^ --> Ec^^,DLSTM
Maven Integration - m2eclipse,5,0.7011603439584384,graduated,Ec^ --> Ec^^,DLSTM
Maven Integration - m2eclipse,6,0.7011890314434236,graduated,Ec^ --> Ec^^,DLSTM
Maven Integration - m2eclipse,7,0.7014650319775126,graduated,Ec^ --> Ec^^,DLSTM
Maven Integration - m2eclipse,8,0.7016101806071914,graduated,Ec^ --> Ec^^,DLSTM
Maven Integration - m2eclipse,9,0.7028184765688898,graduated,Ec^ --> Ec^^,DLSTM
Maven Integration - m2eclipse,10,0.7038387326297267,graduated,Ec^ --> Ec^^,DLSTM
Maven Integration - m2eclipse,11,0.7044271387666823,graduated,Ec^ --> Ec^^,DLSTM
Maven Integration - m2eclipse,12,0.7051231436937907,graduated,Ec^ --> Ec^^,DLSTM
Maven Integration - m2eclipse,13,0.7059219538130703,graduated,Ec^ --> Ec^^,DLSTM
Maven Integration - m2eclipse,14,0.7064901376401546,graduated,Ec^ --> Ec^^,DLSTM
Maven Integration - m2eclipse,15,0.7069907349019986,graduated,Ec^ --> Ec^^,DLSTM
Maven Integration - m2eclipse,16,0.707171995998417,graduated,Ec^ --> Ec^^,DLSTM
Maven Integration - m2eclipse,17,0.7077923798420512,graduated,Ec^ --> Ec^^,DLSTM
Maven Integration - m2eclipse,18,0.7083782629471124,graduated,Ec^ --> Ec^^,DLSTM
Maven Integration - m2eclipse,19,0.7088119909828088,graduated,Ec^ --> Ec^^,DLSTM
Maven Integration - m2eclipse,20,0.7094680712621737,graduated,Ec^ --> Ec^^,DLSTM
Maven Integration - m2eclipse,21,0.7099065130190674,graduated,Ec^ --> Ec^^,DLSTM
Maven Integration - m2eclipse,22,0.7103081657816394,graduated,Ec^ --> Ec^^,DLSTM
Maven Integration - m2eclipse,23,0.7106535597973996,graduated,Ec^ --> Ec^^,DLSTM
Maven Integration - m2eclipse,24,0.7108232591422412,graduated,Ec^ --> Ec^^,DLSTM
Maven Integration - m2eclipse,25,0.7112134548480076,graduated,Ec^ --> Ec^^,DLSTM
Maven Integration - m2eclipse,26,0.71160672584503,graduated,Ec^ --> Ec^^,DLSTM
Maven Integration - m2eclipse,27,0.7121948963539974,graduated,Ec^ --> Ec^^,DLSTM
Maven Integration - m2eclipse,28,0.7142421440930441,graduated,Ec^ --> Ec^^,DLSTM
Maven Integration - m2eclipse,29,0.7137179183265131,graduated,Ec^ --> Ec^^,DLSTM
Maven Integration - m2eclipse,30,0.7151827439751828,graduated,Ec^ --> Ec^^,DLSTM
Maven Integration - m2eclipse,31,0.7176627733681312,graduated,Ec^ --> Ec^^,DLSTM
Maven Integration - m2eclipse,32,0.7164085550901033,graduated,Ec^ --> Ec^^,DLSTM
Maven Integration - m2eclipse,33,0.7176687621829289,graduated,Ec^ --> Ec^^,DLSTM
Maven Integration - m2eclipse,34,0.7185958345457831,graduated,Ec^ --> Ec^^,DLSTM
Maven Integration - m2eclipse,35,0.7189867738605177,graduated,Ec^ --> Ec^^,DLSTM
Maven Integration - m2eclipse,36,0.6574218392284297,graduated,Ec^ --> Ec^^,DLSTM
Memory Analyzer,1,0.6415819000271582,graduated,Ec^ --> Ec^^,DLSTM
Memory Analyzer,2,0.7014287518155216,graduated,Ec^ --> Ec^^,DLSTM
Memory Analyzer,3,0.7010148904697011,graduated,Ec^ --> Ec^^,DLSTM
Memory Analyzer,4,0.6996588382929885,graduated,Ec^ --> Ec^^,DLSTM
Memory Analyzer,5,0.6990680948177601,graduated,Ec^ --> Ec^^,DLSTM
Memory Analyzer,6,0.7004778330234714,graduated,Ec^ --> Ec^^,DLSTM
Memory Analyzer,7,0.6993799688199029,graduated,Ec^ --> Ec^^,DLSTM
Memory Analyzer,8,0.7010822014700236,graduated,Ec^ --> Ec^^,DLSTM
Memory Analyzer,9,0.7029486942298908,graduated,Ec^ --> Ec^^,DLSTM
Memory Analyzer,10,0.7033212391267096,graduated,Ec^ --> Ec^^,DLSTM
Memory Analyzer,11,0.7041405979887009,graduated,Ec^ --> Ec^^,DLSTM
Memory Analyzer,12,0.7034146783620995,graduated,Ec^ --> Ec^^,DLSTM
Memory Analyzer,13,0.7043604612794684,graduated,Ec^ --> Ec^^,DLSTM
Memory Analyzer,14,0.7067230965740373,graduated,Ec^ --> Ec^^,DLSTM
Memory Analyzer,15,0.7065017895242328,graduated,Ec^ --> Ec^^,DLSTM
Memory Analyzer,16,0.7083336408849175,graduated,Ec^ --> Ec^^,DLSTM
Memory Analyzer,17,0.7093520845359069,graduated,Ec^ --> Ec^^,DLSTM
Memory Analyzer,18,0.7083777064184759,graduated,Ec^ --> Ec^^,DLSTM
Memory Analyzer,19,0.7088109195387903,graduated,Ec^ --> Ec^^,DLSTM
Memory Analyzer,20,0.7085664566130082,graduated,Ec^ --> Ec^^,DLSTM
Memory Analyzer,21,0.7098095949321169,graduated,Ec^ --> Ec^^,DLSTM
Memory Analyzer,22,0.7116737554633866,graduated,Ec^ --> Ec^^,DLSTM
Memory Analyzer,23,0.7117950185245201,graduated,Ec^ --> Ec^^,DLSTM
Memory Analyzer,24,0.7123528610986766,graduated,Ec^ --> Ec^^,DLSTM
Memory Analyzer,25,0.6515222081388068,graduated,Ec^ --> Ec^^,DLSTM
Metro,1,0.6357850684110005,graduated,Ec^ --> Ec^^,DLSTM
Metro,2,0.6957062570739233,graduated,Ec^ --> Ec^^,DLSTM
Metro,3,0.697468336351719,graduated,Ec^ --> Ec^^,DLSTM
Metro,4,0.693020020373422,graduated,Ec^ --> Ec^^,DLSTM
Metro,5,0.6867556856159749,graduated,Ec^ --> Ec^^,DLSTM
Metro,6,0.6891709390128387,graduated,Ec^ --> Ec^^,DLSTM
Metro,7,0.689982725244971,graduated,Ec^ --> Ec^^,DLSTM
Metro,8,0.6914460635415995,graduated,Ec^ --> Ec^^,DLSTM
Metro,9,0.6936218938742504,graduated,Ec^ --> Ec^^,DLSTM
Metro,10,0.6972409089323279,graduated,Ec^ --> Ec^^,DLSTM
Metro,11,0.6982316595333415,graduated,Ec^ --> Ec^^,DLSTM
Metro,12,0.6984817954134155,graduated,Ec^ --> Ec^^,DLSTM
Metro,13,0.6984292749879905,graduated,Ec^ --> Ec^^,DLSTM
Metro,14,0.6991519988907656,graduated,Ec^ --> Ec^^,DLSTM
Metro,15,0.7072827758975592,graduated,Ec^ --> Ec^^,DLSTM
Metro,16,0.7076129174653811,graduated,Ec^ --> Ec^^,DLSTM
Metro,17,0.7035696807070622,graduated,Ec^ --> Ec^^,DLSTM
Metro,18,0.703592250668688,graduated,Ec^ --> Ec^^,DLSTM
Metro,19,0.7077849830864165,graduated,Ec^ --> Ec^^,DLSTM
Metro,20,0.7056957745209894,graduated,Ec^ --> Ec^^,DLSTM
Metro,21,0.6993994892014406,graduated,Ec^ --> Ec^^,DLSTM
Metro,22,0.7014680465960058,graduated,Ec^ --> Ec^^,DLSTM
Metro,23,0.7062300652829259,graduated,Ec^ --> Ec^^,DLSTM
Metro,24,0.706254714322371,graduated,Ec^ --> Ec^^,DLSTM
Metro,25,0.7036418419394529,graduated,Ec^ --> Ec^^,DLSTM
Metro,26,0.7065881710293336,graduated,Ec^ --> Ec^^,DLSTM
Metro,27,0.7067909887052761,graduated,Ec^ --> Ec^^,DLSTM
Metro,28,0.7054832959950617,graduated,Ec^ --> Ec^^,DLSTM
Metro,29,0.6402529028769599,graduated,Ec^ --> Ec^^,DLSTM
MoDisco,1,0.6406044590791082,graduated,Ec^ --> Ec^^,DLSTM
MoDisco,2,0.7007620453178649,graduated,Ec^ --> Ec^^,DLSTM
MoDisco,3,0.700811287822803,graduated,Ec^ --> Ec^^,DLSTM
MoDisco,4,0.7008112668991089,graduated,Ec^ --> Ec^^,DLSTM
MoDisco,5,0.7008112668991089,graduated,Ec^ --> Ec^^,DLSTM
MoDisco,6,0.7008112668991089,graduated,Ec^ --> Ec^^,DLSTM
MoDisco,7,0.7008114020118295,graduated,Ec^ --> Ec^^,DLSTM
MoDisco,8,0.7009316568457424,graduated,Ec^ --> Ec^^,DLSTM
MoDisco,9,0.7021786772843579,graduated,Ec^ --> Ec^^,DLSTM
MoDisco,10,0.7032531717220599,graduated,Ec^ --> Ec^^,DLSTM
MoDisco,11,0.7041199388556834,graduated,Ec^ --> Ec^^,DLSTM
MoDisco,12,0.7048299501779259,graduated,Ec^ --> Ec^^,DLSTM
MoDisco,13,0.7054213031972331,graduated,Ec^ --> Ec^^,DLSTM
MoDisco,14,0.7059213973950437,graduated,Ec^ --> Ec^^,DLSTM
MoDisco,15,0.7063499014280307,graduated,Ec^ --> Ec^^,DLSTM
MoDisco,16,0.7067534809470151,graduated,Ec^ --> Ec^^,DLSTM
MoDisco,17,0.7074168351170261,graduated,Ec^ --> Ec^^,DLSTM
MoDisco,18,0.7080193505007157,graduated,Ec^ --> Ec^^,DLSTM
MoDisco,19,0.708554767310361,graduated,Ec^ --> Ec^^,DLSTM
MoDisco,20,0.7090308683139838,graduated,Ec^ --> Ec^^,DLSTM
MoDisco,21,0.7094565090484488,graduated,Ec^ --> Ec^^,DLSTM
MoDisco,22,0.7098393286377387,graduated,Ec^ --> Ec^^,DLSTM
MoDisco,23,0.7101853727168124,graduated,Ec^ --> Ec^^,DLSTM
MoDisco,24,0.710511469155114,graduated,Ec^ --> Ec^^,DLSTM
MoDisco,25,0.7109209414402413,graduated,Ec^ --> Ec^^,DLSTM
MoDisco,26,0.711299174354368,graduated,Ec^ --> Ec^^,DLSTM
MoDisco,27,0.7116487196960215,graduated,Ec^ --> Ec^^,DLSTM
MoDisco,28,0.7119705697000835,graduated,Ec^ --> Ec^^,DLSTM
MoDisco,29,0.712267578272211,graduated,Ec^ --> Ec^^,DLSTM
MoDisco,30,0.7125425264716908,graduated,Ec^ --> Ec^^,DLSTM
MoDisco,31,0.7128328355248654,graduated,Ec^ --> Ec^^,DLSTM
MoDisco,32,0.7133822040914631,graduated,Ec^ --> Ec^^,DLSTM
MoDisco,33,0.7133917261097157,graduated,Ec^ --> Ec^^,DLSTM
MoDisco,34,0.7137156554882766,graduated,Ec^ --> Ec^^,DLSTM
MoDisco,35,0.7139183045178547,graduated,Ec^ --> Ec^^,DLSTM
MoDisco,36,0.7142252335892318,graduated,Ec^ --> Ec^^,DLSTM
MoDisco,37,0.7143966033507653,graduated,Ec^ --> Ec^^,DLSTM
MoDisco,38,0.7146390630666092,graduated,Ec^ --> Ec^^,DLSTM
MoDisco,39,0.7149539188999114,graduated,Ec^ --> Ec^^,DLSTM
MoDisco,40,0.7153556787913171,graduated,Ec^ --> Ec^^,DLSTM
MoDisco,41,0.6537688174727402,graduated,Ec^ --> Ec^^,DLSTM
Modeling Project,1,0.6450332060428576,graduated,Ec^ --> Ec^^,DLSTM
Modeling Project,2,0.7048657841476259,graduated,Ec^ --> Ec^^,DLSTM
Modeling Project,3,0.7047019255131185,graduated,Ec^ --> Ec^^,DLSTM
Modeling Project,4,0.7081914818419854,graduated,Ec^ --> Ec^^,DLSTM
Modeling Project,5,0.707412793849837,graduated,Ec^ --> Ec^^,DLSTM
Modeling Project,6,0.7100625330824402,graduated,Ec^ --> Ec^^,DLSTM
Modeling Project,7,0.7120854485278257,graduated,Ec^ --> Ec^^,DLSTM
Modeling Project,8,0.7146255573780856,graduated,Ec^ --> Ec^^,DLSTM
Modeling Project,9,0.712022909518388,graduated,Ec^ --> Ec^^,DLSTM
Modeling Project,10,0.7109381061648866,graduated,Ec^ --> Ec^^,DLSTM
Modeling Project,11,0.711747727980381,graduated,Ec^ --> Ec^^,DLSTM
Modeling Project,12,0.7104589168140751,graduated,Ec^ --> Ec^^,DLSTM
Modeling Project,13,0.7134847279271446,graduated,Ec^ --> Ec^^,DLSTM
Modeling Project,14,0.711288329797366,graduated,Ec^ --> Ec^^,DLSTM
Modeling Project,15,0.7147466480566583,graduated,Ec^ --> Ec^^,DLSTM
Modeling Project,16,0.71495159972829,graduated,Ec^ --> Ec^^,DLSTM
Modeling Project,17,0.7125246561422194,graduated,Ec^ --> Ec^^,DLSTM
Modeling Project,18,0.7115906988284405,graduated,Ec^ --> Ec^^,DLSTM
Modeling Project,19,0.7114804406602587,graduated,Ec^ --> Ec^^,DLSTM
Modeling Project,20,0.7122247839618163,graduated,Ec^ --> Ec^^,DLSTM
Modeling Project,21,0.7129143447969454,graduated,Ec^ --> Ec^^,DLSTM
Modeling Project,22,0.7115850428157449,graduated,Ec^ --> Ec^^,DLSTM
Modeling Project,23,0.7151475435352905,graduated,Ec^ --> Ec^^,DLSTM
Modeling Project,24,0.7144208617827783,graduated,Ec^ --> Ec^^,DLSTM
Modeling Project,25,0.7133574907875794,graduated,Ec^ --> Ec^^,DLSTM
Modeling Project,26,0.7131591402693771,graduated,Ec^ --> Ec^^,DLSTM
Modeling Project,27,0.7111031876763735,graduated,Ec^ --> Ec^^,DLSTM
Modeling Project,28,0.7116862703714412,graduated,Ec^ --> Ec^^,DLSTM
Modeling Project,29,0.7121993368095757,graduated,Ec^ --> Ec^^,DLSTM
Modeling Project,30,0.7121078711527398,graduated,Ec^ --> Ec^^,DLSTM
Modeling Project,31,0.7128006136777426,graduated,Ec^ --> Ec^^,DLSTM
Modeling Project,32,0.712530894796678,graduated,Ec^ --> Ec^^,DLSTM
Modeling Project,33,0.7127729396568767,graduated,Ec^ --> Ec^^,DLSTM
Modeling Project,34,0.7129305988110319,graduated,Ec^ --> Ec^^,DLSTM
Modeling Project,35,0.7120128675185399,graduated,Ec^ --> Ec^^,DLSTM
Modeling Project,36,0.7125804900827545,graduated,Ec^ --> Ec^^,DLSTM
Modeling Project,37,0.7130179341813337,graduated,Ec^ --> Ec^^,DLSTM
Modeling Project,38,0.7131817527213851,graduated,Ec^ --> Ec^^,DLSTM
Modeling Project,39,0.7133022916066919,graduated,Ec^ --> Ec^^,DLSTM
Modeling Project,40,0.7136649367360675,graduated,Ec^ --> Ec^^,DLSTM
Modeling Project,41,0.7160691589109159,graduated,Ec^ --> Ec^^,DLSTM
Modeling Project,42,0.7149593503285832,graduated,Ec^ --> Ec^^,DLSTM
Modeling Project,43,0.7139349436830942,graduated,Ec^ --> Ec^^,DLSTM
Modeling Project,44,0.7137913064008595,graduated,Ec^ --> Ec^^,DLSTM
Modeling Project,45,0.715064299544188,graduated,Ec^ --> Ec^^,DLSTM
Modeling Project,46,0.7152922369058613,graduated,Ec^ --> Ec^^,DLSTM
Modeling Project,47,0.7151300538624774,graduated,Ec^ --> Ec^^,DLSTM
Modeling Project,48,0.7161613466639389,graduated,Ec^ --> Ec^^,DLSTM
Modeling Project,49,0.718501143015859,graduated,Ec^ --> Ec^^,DLSTM
Modeling Project,50,0.7173053929880551,graduated,Ec^ --> Ec^^,DLSTM
Modeling Project,51,0.7166012051940107,graduated,Ec^ --> Ec^^,DLSTM
Modeling Project,52,0.7171881799375699,graduated,Ec^ --> Ec^^,DLSTM
Modeling Project,53,0.7174796969436262,graduated,Ec^ --> Ec^^,DLSTM
Modeling Project,54,0.7183300335528234,graduated,Ec^ --> Ec^^,DLSTM
Modeling Project,55,0.7183696048822263,graduated,Ec^ --> Ec^^,DLSTM
Modeling Project,56,0.7199687942612414,graduated,Ec^ --> Ec^^,DLSTM
Modeling Project,57,0.7207100812515,graduated,Ec^ --> Ec^^,DLSTM
Modeling Project,58,0.718640510940384,graduated,Ec^ --> Ec^^,DLSTM
Modeling Project,59,0.7167270341897924,graduated,Ec^ --> Ec^^,DLSTM
Modeling Project,60,0.7171463882573348,graduated,Ec^ --> Ec^^,DLSTM
Modeling Project,61,0.718453505928923,graduated,Ec^ --> Ec^^,DLSTM
Modeling Project,62,0.7182711306757826,graduated,Ec^ --> Ec^^,DLSTM
Modeling Project,63,0.718232407602861,graduated,Ec^ --> Ec^^,DLSTM
Modeling Project,64,0.7197021867609309,graduated,Ec^ --> Ec^^,DLSTM
Modeling Project,65,0.720057748487899,graduated,Ec^ --> Ec^^,DLSTM
Modeling Project,66,0.7193682235991152,graduated,Ec^ --> Ec^^,DLSTM
Modeling Project,67,0.7169323329967527,graduated,Ec^ --> Ec^^,DLSTM
Modeling Project,68,0.7173549996121782,graduated,Ec^ --> Ec^^,DLSTM
Modeling Project,69,0.7183275138863825,graduated,Ec^ --> Ec^^,DLSTM
Modeling Project,70,0.718256913677863,graduated,Ec^ --> Ec^^,DLSTM
Modeling Project,71,0.7187488053663127,graduated,Ec^ --> Ec^^,DLSTM
Modeling Project,72,0.7202741547460857,graduated,Ec^ --> Ec^^,DLSTM
Modeling Project,73,0.7201850296361387,graduated,Ec^ --> Ec^^,DLSTM
Modeling Project,74,0.7203205715973581,graduated,Ec^ --> Ec^^,DLSTM
Modeling Project,75,0.7179585627905637,graduated,Ec^ --> Ec^^,DLSTM
Modeling Project,76,0.7187718203941627,graduated,Ec^ --> Ec^^,DLSTM
Modeling Project,77,0.7195272124985314,graduated,Ec^ --> Ec^^,DLSTM
Modeling Project,78,0.7194735815565794,graduated,Ec^ --> Ec^^,DLSTM
Modeling Project,79,0.7200345724294068,graduated,Ec^ --> Ec^^,DLSTM
Modeling Project,80,0.6593231989632893,graduated,Ec^ --> Ec^^,DLSTM
Modeling Workflow Engine,1,0.6414649919968864,graduated,Ec^ --> Ec^^,DLSTM
Modeling Workflow Engine,2,0.7097509090270462,graduated,Ec^ --> Ec^^,DLSTM
Modeling Workflow Engine,3,0.708627005219749,graduated,Ec^ --> Ec^^,DLSTM
Modeling Workflow Engine,4,0.7015341578277957,graduated,Ec^ --> Ec^^,DLSTM
Modeling Workflow Engine,5,0.6992852401202558,graduated,Ec^ --> Ec^^,DLSTM
Modeling Workflow Engine,6,0.7023095674606548,graduated,Ec^ --> Ec^^,DLSTM
Modeling Workflow Engine,7,0.701936578054802,graduated,Ec^ --> Ec^^,DLSTM
Modeling Workflow Engine,8,0.7090036925899832,graduated,Ec^ --> Ec^^,DLSTM
Modeling Workflow Engine,9,0.7085256928735902,graduated,Ec^ --> Ec^^,DLSTM
Modeling Workflow Engine,10,0.7007568363778577,graduated,Ec^ --> Ec^^,DLSTM
Modeling Workflow Engine,11,0.7066083445657215,graduated,Ec^ --> Ec^^,DLSTM
Modeling Workflow Engine,12,0.7052588073649081,graduated,Ec^ --> Ec^^,DLSTM
Modeling Workflow Engine,13,0.7001416640593272,graduated,Ec^ --> Ec^^,DLSTM
Modeling Workflow Engine,14,0.701619446423497,graduated,Ec^ --> Ec^^,DLSTM
Modeling Workflow Engine,15,0.707601104610222,graduated,Ec^ --> Ec^^,DLSTM
Modeling Workflow Engine,16,0.7080929650250928,graduated,Ec^ --> Ec^^,DLSTM
Modeling Workflow Engine,17,0.7077606237845888,graduated,Ec^ --> Ec^^,DLSTM
Modeling Workflow Engine,18,0.7011636637750535,graduated,Ec^ --> Ec^^,DLSTM
Modeling Workflow Engine,19,0.7026035504812015,graduated,Ec^ --> Ec^^,DLSTM
Modeling Workflow Engine,20,0.7039045410189735,graduated,Ec^ --> Ec^^,DLSTM
Modeling Workflow Engine,21,0.7006294296454039,graduated,Ec^ --> Ec^^,DLSTM
Modeling Workflow Engine,22,0.6423955117837331,graduated,Ec^ --> Ec^^,DLSTM
Mojarra,1,0.6221156812893799,graduated,Ec^ --> Ec^^,DLSTM
Mojarra,2,0.6840137901135409,graduated,Ec^ --> Ec^^,DLSTM
Mojarra,3,0.6869803995232366,graduated,Ec^ --> Ec^^,DLSTM
Mojarra,4,0.6879015529955298,graduated,Ec^ --> Ec^^,DLSTM
Mojarra,5,0.6911931627288738,graduated,Ec^ --> Ec^^,DLSTM
Mojarra,6,0.6918363187013945,graduated,Ec^ --> Ec^^,DLSTM
Mojarra,7,0.6878149613371954,graduated,Ec^ --> Ec^^,DLSTM
Mojarra,8,0.6867355721905851,graduated,Ec^ --> Ec^^,DLSTM
Mojarra,9,0.6844913424550142,graduated,Ec^ --> Ec^^,DLSTM
Mojarra,10,0.6889741420693198,graduated,Ec^ --> Ec^^,DLSTM
Mojarra,11,0.6878106292448883,graduated,Ec^ --> Ec^^,DLSTM
Mojarra,12,0.6854186904830382,graduated,Ec^ --> Ec^^,DLSTM
Mojarra,13,0.6881051033853444,graduated,Ec^ --> Ec^^,DLSTM
Mojarra,14,0.6888690056939083,graduated,Ec^ --> Ec^^,DLSTM
Mojarra,15,0.6885043643272155,graduated,Ec^ --> Ec^^,DLSTM
Mojarra,16,0.693354997698817,graduated,Ec^ --> Ec^^,DLSTM
Mojarra,17,0.6925316621670135,graduated,Ec^ --> Ec^^,DLSTM
Mojarra,18,0.6911231856786897,graduated,Ec^ --> Ec^^,DLSTM
Mojarra,19,0.6911964496820778,graduated,Ec^ --> Ec^^,DLSTM
Mojarra,20,0.6910291122721784,graduated,Ec^ --> Ec^^,DLSTM
Mojarra,21,0.6935925927728805,graduated,Ec^ --> Ec^^,DLSTM
Mojarra,22,0.6933818393254416,graduated,Ec^ --> Ec^^,DLSTM
Mojarra,23,0.6945757953711631,graduated,Ec^ --> Ec^^,DLSTM
Mojarra,24,0.6972700864011036,graduated,Ec^ --> Ec^^,DLSTM
Mojarra,25,0.695545884571171,graduated,Ec^ --> Ec^^,DLSTM
Mojarra,26,0.6957795314930413,graduated,Ec^ --> Ec^^,DLSTM
Mojarra,27,0.6972757253545981,graduated,Ec^ --> Ec^^,DLSTM
Mojarra,28,0.6962231581176888,graduated,Ec^ --> Ec^^,DLSTM
Mojarra,29,0.6982852178856909,graduated,Ec^ --> Ec^^,DLSTM
Mojarra,30,0.6991950243756568,graduated,Ec^ --> Ec^^,DLSTM
Mojarra,31,0.6993018519060981,graduated,Ec^ --> Ec^^,DLSTM
Mojarra,32,0.7033430741267879,graduated,Ec^ --> Ec^^,DLSTM
Mojarra,33,0.7013771797298429,graduated,Ec^ --> Ec^^,DLSTM
Mojarra,34,0.6404781434000401,graduated,Ec^ --> Ec^^,DLSTM
Mosquitto,1,0.6441143643602195,graduated,Ec^ --> Ec^^,DLSTM
Mosquitto,2,0.7038190447783691,graduated,Ec^ --> Ec^^,DLSTM
Mosquitto,3,0.7055328893494452,graduated,Ec^ --> Ec^^,DLSTM
Mosquitto,4,0.7035485012984325,graduated,Ec^ --> Ec^^,DLSTM
Mosquitto,5,0.7042193218383173,graduated,Ec^ --> Ec^^,DLSTM
Mosquitto,6,0.704802578636152,graduated,Ec^ --> Ec^^,DLSTM
Mosquitto,7,0.7108985812454339,graduated,Ec^ --> Ec^^,DLSTM
Mosquitto,8,0.7050218233913738,graduated,Ec^ --> Ec^^,DLSTM
Mosquitto,9,0.7029535228827077,graduated,Ec^ --> Ec^^,DLSTM
Mosquitto,10,0.702210828004066,graduated,Ec^ --> Ec^^,DLSTM
Mosquitto,11,0.7087791830813398,graduated,Ec^ --> Ec^^,DLSTM
Mosquitto,12,0.7091064262085831,graduated,Ec^ --> Ec^^,DLSTM
Mosquitto,13,0.711491736176377,graduated,Ec^ --> Ec^^,DLSTM
Mosquitto,14,0.7102968188226009,graduated,Ec^ --> Ec^^,DLSTM
Mosquitto,15,0.7120883205358889,graduated,Ec^ --> Ec^^,DLSTM
Mosquitto,16,0.7098492410623088,graduated,Ec^ --> Ec^^,DLSTM
Mosquitto,17,0.7092102476133773,graduated,Ec^ --> Ec^^,DLSTM
Mosquitto,18,0.7100292434667069,graduated,Ec^ --> Ec^^,DLSTM
Mosquitto,19,0.7159294628478334,graduated,Ec^ --> Ec^^,DLSTM
Mosquitto,20,0.7146474506738275,graduated,Ec^ --> Ec^^,DLSTM
Mosquitto,21,0.7136450930610283,graduated,Ec^ --> Ec^^,DLSTM
Mosquitto,22,0.7164698588396983,graduated,Ec^ --> Ec^^,DLSTM
Mosquitto,23,0.7197914785846133,graduated,Ec^ --> Ec^^,DLSTM
Mosquitto,24,0.7179811027155849,graduated,Ec^ --> Ec^^,DLSTM
Mosquitto,25,0.7145245291147442,graduated,Ec^ --> Ec^^,DLSTM
Mosquitto,26,0.7158938335419681,graduated,Ec^ --> Ec^^,DLSTM
Mosquitto,27,0.7198700270540205,graduated,Ec^ --> Ec^^,DLSTM
Mosquitto,28,0.7176586002391985,graduated,Ec^ --> Ec^^,DLSTM
Mosquitto,29,0.7173741388970417,graduated,Ec^ --> Ec^^,DLSTM
Mosquitto,30,0.720888979837628,graduated,Ec^ --> Ec^^,DLSTM
Mosquitto,31,0.7203182360705243,graduated,Ec^ --> Ec^^,DLSTM
Mosquitto,32,0.7205642408042299,graduated,Ec^ --> Ec^^,DLSTM
Mosquitto,33,0.7192435616347396,graduated,Ec^ --> Ec^^,DLSTM
Mosquitto,34,0.7195162060143355,graduated,Ec^ --> Ec^^,DLSTM
Mosquitto,35,0.7212917533858328,graduated,Ec^ --> Ec^^,DLSTM
Mosquitto,36,0.7198914911368935,graduated,Ec^ --> Ec^^,DLSTM
Mosquitto,37,0.7212363857124441,graduated,Ec^ --> Ec^^,DLSTM
Mosquitto,38,0.7235770393865137,graduated,Ec^ --> Ec^^,DLSTM
Mosquitto,39,0.7232353969213424,graduated,Ec^ --> Ec^^,DLSTM
Mosquitto,40,0.7236401242962847,graduated,Ec^ --> Ec^^,DLSTM
Mosquitto,41,0.7215090574647349,graduated,Ec^ --> Ec^^,DLSTM
Mosquitto,42,0.7207932867367384,graduated,Ec^ --> Ec^^,DLSTM
Mosquitto,43,0.7246921860227383,graduated,Ec^ --> Ec^^,DLSTM
Mosquitto,44,0.721930947997178,graduated,Ec^ --> Ec^^,DLSTM
Mosquitto,45,0.7244640969195516,graduated,Ec^ --> Ec^^,DLSTM
Mosquitto,46,0.7254140015951428,graduated,Ec^ --> Ec^^,DLSTM
Mosquitto,47,0.7256833412822333,graduated,Ec^ --> Ec^^,DLSTM
Mosquitto,48,0.725837443251061,graduated,Ec^ --> Ec^^,DLSTM
Mosquitto,49,0.7257483591504833,graduated,Ec^ --> Ec^^,DLSTM
Mosquitto,50,0.7230594435962922,graduated,Ec^ --> Ec^^,DLSTM
Mosquitto,51,0.7282049878454632,graduated,Ec^ --> Ec^^,DLSTM
Mosquitto,52,0.7249576298385587,graduated,Ec^ --> Ec^^,DLSTM
Mosquitto,53,0.7263322061653392,graduated,Ec^ --> Ec^^,DLSTM
Mosquitto,54,0.7290591211652219,graduated,Ec^ --> Ec^^,DLSTM
Mosquitto,55,0.7275386880979512,graduated,Ec^ --> Ec^^,DLSTM
Mosquitto,56,0.6638234829317583,graduated,Ec^ --> Ec^^,DLSTM
Mylyn,1,0.64014425023825,graduated,Ec^ --> Ec^^,DLSTM
Mylyn,2,0.701259867432082,graduated,Ec^ --> Ec^^,DLSTM
Mylyn,3,0.7016580574858842,graduated,Ec^ --> Ec^^,DLSTM
Mylyn,4,0.701487267528789,graduated,Ec^ --> Ec^^,DLSTM
Mylyn,5,0.7014035989737337,graduated,Ec^ --> Ec^^,DLSTM
Mylyn,6,0.7013591344419575,graduated,Ec^ --> Ec^^,DLSTM
Mylyn,7,0.7010938353319829,graduated,Ec^ --> Ec^^,DLSTM
Mylyn,8,0.7005502297102926,graduated,Ec^ --> Ec^^,DLSTM
Mylyn,9,0.6991295629738152,graduated,Ec^ --> Ec^^,DLSTM
Mylyn,10,0.7017444502484725,graduated,Ec^ --> Ec^^,DLSTM
Mylyn,11,0.7016487698155994,graduated,Ec^ --> Ec^^,DLSTM
Mylyn,12,0.7019651299625236,graduated,Ec^ --> Ec^^,DLSTM
Mylyn,13,0.7021167118269331,graduated,Ec^ --> Ec^^,DLSTM
Mylyn,14,0.7022429887698558,graduated,Ec^ --> Ec^^,DLSTM
Mylyn,15,0.7019799751684518,graduated,Ec^ --> Ec^^,DLSTM
Mylyn,16,0.7019833993903319,graduated,Ec^ --> Ec^^,DLSTM
Mylyn,17,0.700976919852175,graduated,Ec^ --> Ec^^,DLSTM
Mylyn,18,0.7022778575653105,graduated,Ec^ --> Ec^^,DLSTM
Mylyn,19,0.7021876168823857,graduated,Ec^ --> Ec^^,DLSTM
Mylyn,20,0.7021710907684225,graduated,Ec^ --> Ec^^,DLSTM
Mylyn,21,0.7023086061729072,graduated,Ec^ --> Ec^^,DLSTM
Mylyn,22,0.7022418788526725,graduated,Ec^ --> Ec^^,DLSTM
Mylyn,23,0.7022147147564531,graduated,Ec^ --> Ec^^,DLSTM
Mylyn,24,0.701876642626704,graduated,Ec^ --> Ec^^,DLSTM
Mylyn,25,0.700975423922175,graduated,Ec^ --> Ec^^,DLSTM
Mylyn,26,0.7016626239194076,graduated,Ec^ --> Ec^^,DLSTM
Mylyn,27,0.7014556895716829,graduated,Ec^ --> Ec^^,DLSTM
Mylyn,28,0.7012674369751237,graduated,Ec^ --> Ec^^,DLSTM
Mylyn,29,0.7014715746399872,graduated,Ec^ --> Ec^^,DLSTM
Mylyn,30,0.7012868385427182,graduated,Ec^ --> Ec^^,DLSTM
Mylyn,31,0.7012216036067054,graduated,Ec^ --> Ec^^,DLSTM
Mylyn,32,0.7008620825770291,graduated,Ec^ --> Ec^^,DLSTM
Mylyn,33,0.6999239717730485,graduated,Ec^ --> Ec^^,DLSTM
Mylyn,34,0.7004080928784502,graduated,Ec^ --> Ec^^,DLSTM
Mylyn,35,0.7004474879068525,graduated,Ec^ --> Ec^^,DLSTM
Mylyn,36,0.6997506459777015,graduated,Ec^ --> Ec^^,DLSTM
Mylyn,37,0.7000724573597903,graduated,Ec^ --> Ec^^,DLSTM
Mylyn,38,0.6998697114417542,graduated,Ec^ --> Ec^^,DLSTM
Mylyn,39,0.6997693379938127,graduated,Ec^ --> Ec^^,DLSTM
Mylyn,40,0.6998575653964378,graduated,Ec^ --> Ec^^,DLSTM
Mylyn,41,0.6989941758039191,graduated,Ec^ --> Ec^^,DLSTM
Mylyn,42,0.6989625914869381,graduated,Ec^ --> Ec^^,DLSTM
Mylyn,43,0.6390977258652865,graduated,Ec^ --> Ec^^,DLSTM
Nebula NatTable,1,0.6408056402890385,graduated,Ec^ --> Ec^^,DLSTM
Nebula NatTable,2,0.7050295065799109,graduated,Ec^ --> Ec^^,DLSTM
Nebula NatTable,3,0.7059040694218697,graduated,Ec^ --> Ec^^,DLSTM
Nebula NatTable,4,0.7030842679040823,graduated,Ec^ --> Ec^^,DLSTM
Nebula NatTable,5,0.7050326116200047,graduated,Ec^ --> Ec^^,DLSTM
Nebula NatTable,6,0.701854680496421,graduated,Ec^ --> Ec^^,DLSTM
Nebula NatTable,7,0.7012779557772432,graduated,Ec^ --> Ec^^,DLSTM
Nebula NatTable,8,0.703540742996297,graduated,Ec^ --> Ec^^,DLSTM
Nebula NatTable,9,0.7026608687376869,graduated,Ec^ --> Ec^^,DLSTM
Nebula NatTable,10,0.7060754780494929,graduated,Ec^ --> Ec^^,DLSTM
Nebula NatTable,11,0.7055837619708389,graduated,Ec^ --> Ec^^,DLSTM
Nebula NatTable,12,0.7041414340883616,graduated,Ec^ --> Ec^^,DLSTM
Nebula NatTable,13,0.6455805055829489,graduated,Ec^ --> Ec^^,DLSTM
OCL (Object Constraint Language),1,0.6420266975387404,graduated,Ec^ --> Ec^^,DLSTM
OCL (Object Constraint Language),2,0.7032434726081179,graduated,Ec^ --> Ec^^,DLSTM
OCL (Object Constraint Language),3,0.7009843517277885,graduated,Ec^ --> Ec^^,DLSTM
OCL (Object Constraint Language),4,0.7028657637384805,graduated,Ec^ --> Ec^^,DLSTM
OCL (Object Constraint Language),5,0.7029631772263428,graduated,Ec^ --> Ec^^,DLSTM
OCL (Object Constraint Language),6,0.7004209385136614,graduated,Ec^ --> Ec^^,DLSTM
OCL (Object Constraint Language),7,0.7015378892512072,graduated,Ec^ --> Ec^^,DLSTM
OCL (Object Constraint Language),8,0.70337544102213,graduated,Ec^ --> Ec^^,DLSTM
OCL (Object Constraint Language),9,0.7026665281191525,graduated,Ec^ --> Ec^^,DLSTM
OCL (Object Constraint Language),10,0.70453066410232,graduated,Ec^ --> Ec^^,DLSTM
OCL (Object Constraint Language),11,0.7054786205244085,graduated,Ec^ --> Ec^^,DLSTM
OCL (Object Constraint Language),12,0.7046532733819503,graduated,Ec^ --> Ec^^,DLSTM
OCL (Object Constraint Language),13,0.7066929804623007,graduated,Ec^ --> Ec^^,DLSTM
OCL (Object Constraint Language),14,0.7079180886227736,graduated,Ec^ --> Ec^^,DLSTM
OCL (Object Constraint Language),15,0.7091748814838003,graduated,Ec^ --> Ec^^,DLSTM
OCL (Object Constraint Language),16,0.7087937586869021,graduated,Ec^ --> Ec^^,DLSTM
OCL (Object Constraint Language),17,0.7092353557033636,graduated,Ec^ --> Ec^^,DLSTM
OCL (Object Constraint Language),18,0.7108039464319985,graduated,Ec^ --> Ec^^,DLSTM
OCL (Object Constraint Language),19,0.7116080841856846,graduated,Ec^ --> Ec^^,DLSTM
OCL (Object Constraint Language),20,0.7118129638446693,graduated,Ec^ --> Ec^^,DLSTM
OCL (Object Constraint Language),21,0.7134154291065795,graduated,Ec^ --> Ec^^,DLSTM
OCL (Object Constraint Language),22,0.7136691211434204,graduated,Ec^ --> Ec^^,DLSTM
OCL (Object Constraint Language),23,0.7130764922430702,graduated,Ec^ --> Ec^^,DLSTM
OCL (Object Constraint Language),24,0.7156500065359697,graduated,Ec^ --> Ec^^,DLSTM
OCL (Object Constraint Language),25,0.650842808570852,graduated,Ec^ --> Ec^^,DLSTM
ORB,1,0.6326138382936124,graduated,Ec^ --> Ec^^,DLSTM
ORB,2,0.6863497838525671,graduated,Ec^ --> Ec^^,DLSTM
ORB,3,0.6855185532489217,graduated,Ec^ --> Ec^^,DLSTM
ORB,4,0.6838926117993178,graduated,Ec^ --> Ec^^,DLSTM
ORB,5,0.6850389555781882,graduated,Ec^ --> Ec^^,DLSTM
ORB,6,0.6840606395967668,graduated,Ec^ --> Ec^^,DLSTM
ORB,7,0.685835580158997,graduated,Ec^ --> Ec^^,DLSTM
ORB,8,0.6858628090412449,graduated,Ec^ --> Ec^^,DLSTM
ORB,9,0.6826575893356389,graduated,Ec^ --> Ec^^,DLSTM
ORB,10,0.6855300398107751,graduated,Ec^ --> Ec^^,DLSTM
ORB,11,0.6843287738546674,graduated,Ec^ --> Ec^^,DLSTM
ORB,12,0.6849842393492762,graduated,Ec^ --> Ec^^,DLSTM
ORB,13,0.6846348849907492,graduated,Ec^ --> Ec^^,DLSTM
ORB,14,0.6826904443417657,graduated,Ec^ --> Ec^^,DLSTM
ORB,15,0.6873631338548852,graduated,Ec^ --> Ec^^,DLSTM
ORB,16,0.6823842736482058,graduated,Ec^ --> Ec^^,DLSTM
ORB,17,0.683567896501095,graduated,Ec^ --> Ec^^,DLSTM
ORB,18,0.6843800549214766,graduated,Ec^ --> Ec^^,DLSTM
ORB,19,0.687791247179021,graduated,Ec^ --> Ec^^,DLSTM
ORB,20,0.692520163262006,graduated,Ec^ --> Ec^^,DLSTM
ORB,21,0.6882580829777055,graduated,Ec^ --> Ec^^,DLSTM
ORB,22,0.6863141102285555,graduated,Ec^ --> Ec^^,DLSTM
ORB,23,0.690093871707569,graduated,Ec^ --> Ec^^,DLSTM
ORB,24,0.6874814633420484,graduated,Ec^ --> Ec^^,DLSTM
ORB,25,0.6900076199251933,graduated,Ec^ --> Ec^^,DLSTM
ORB,26,0.6887215783847698,graduated,Ec^ --> Ec^^,DLSTM
ORB,27,0.6923407265688781,graduated,Ec^ --> Ec^^,DLSTM
ORB,28,0.6941831057981762,graduated,Ec^ --> Ec^^,DLSTM
ORB,29,0.6325079796954717,graduated,Ec^ --> Ec^^,DLSTM
Oomph,1,0.6241273353417349,graduated,Ec^ --> Ec^^,DLSTM
Oomph,2,0.6909452722707846,graduated,Ec^ --> Ec^^,DLSTM
Oomph,3,0.6843108301887926,graduated,Ec^ --> Ec^^,DLSTM
Oomph,4,0.6911678821919814,graduated,Ec^ --> Ec^^,DLSTM
Oomph,5,0.6922848919992385,graduated,Ec^ --> Ec^^,DLSTM
Oomph,6,0.6891483265010929,graduated,Ec^ --> Ec^^,DLSTM
Oomph,7,0.6917933620585067,graduated,Ec^ --> Ec^^,DLSTM
Oomph,8,0.6921503161772121,graduated,Ec^ --> Ec^^,DLSTM
Oomph,9,0.6857973003828848,graduated,Ec^ --> Ec^^,DLSTM
Oomph,10,0.6859114668181993,graduated,Ec^ --> Ec^^,DLSTM
Oomph,11,0.6839856705985206,graduated,Ec^ --> Ec^^,DLSTM
Oomph,12,0.6859200189811059,graduated,Ec^ --> Ec^^,DLSTM
Oomph,13,0.6868097134737965,graduated,Ec^ --> Ec^^,DLSTM
Oomph,14,0.6858216589674005,graduated,Ec^ --> Ec^^,DLSTM
Oomph,15,0.6875218803828721,graduated,Ec^ --> Ec^^,DLSTM
Oomph,16,0.6881634725948135,graduated,Ec^ --> Ec^^,DLSTM
Oomph,17,0.6281275468357972,graduated,Ec^ --> Ec^^,DLSTM
OpenMQ,1,0.622137304613069,graduated,Ec^ --> Ec^^,DLSTM
OpenMQ,2,0.6830635712771314,graduated,Ec^ --> Ec^^,DLSTM
OpenMQ,3,0.6848871506104274,graduated,Ec^ --> Ec^^,DLSTM
OpenMQ,4,0.6842220480085415,graduated,Ec^ --> Ec^^,DLSTM
OpenMQ,5,0.6833433572092458,graduated,Ec^ --> Ec^^,DLSTM
OpenMQ,6,0.6840224957363426,graduated,Ec^ --> Ec^^,DLSTM
OpenMQ,7,0.6855921143422198,graduated,Ec^ --> Ec^^,DLSTM
OpenMQ,8,0.6855575725049831,graduated,Ec^ --> Ec^^,DLSTM
OpenMQ,9,0.6871873757868183,graduated,Ec^ --> Ec^^,DLSTM
OpenMQ,10,0.6904871474063988,graduated,Ec^ --> Ec^^,DLSTM
OpenMQ,11,0.6961491412338028,graduated,Ec^ --> Ec^^,DLSTM
OpenMQ,12,0.6941429120813818,graduated,Ec^ --> Ec^^,DLSTM
OpenMQ,13,0.6965424748525244,graduated,Ec^ --> Ec^^,DLSTM
OpenMQ,14,0.6963417729275954,graduated,Ec^ --> Ec^^,DLSTM
OpenMQ,15,0.697618197767907,graduated,Ec^ --> Ec^^,DLSTM
OpenMQ,16,0.6991014646286434,graduated,Ec^ --> Ec^^,DLSTM
OpenMQ,17,0.7001033046227602,graduated,Ec^ --> Ec^^,DLSTM
OpenMQ,18,0.7012484915916354,graduated,Ec^ --> Ec^^,DLSTM
OpenMQ,19,0.7024988525698312,graduated,Ec^ --> Ec^^,DLSTM
OpenMQ,20,0.7029286352195356,graduated,Ec^ --> Ec^^,DLSTM
OpenMQ,21,0.7043359827561968,graduated,Ec^ --> Ec^^,DLSTM
OpenMQ,22,0.7043879749065292,graduated,Ec^ --> Ec^^,DLSTM
OpenMQ,23,0.7057710434863359,graduated,Ec^ --> Ec^^,DLSTM
OpenMQ,24,0.7068493765729573,graduated,Ec^ --> Ec^^,DLSTM
OpenMQ,25,0.7077094532520404,graduated,Ec^ --> Ec^^,DLSTM
OpenMQ,26,0.7078489400738582,graduated,Ec^ --> Ec^^,DLSTM
OpenMQ,27,0.7077994548938088,graduated,Ec^ --> Ec^^,DLSTM
OpenMQ,28,0.7101912551970799,graduated,Ec^ --> Ec^^,DLSTM
OpenMQ,29,0.7084456685720159,graduated,Ec^ --> Ec^^,DLSTM
OpenMQ,30,0.710772087141414,graduated,Ec^ --> Ec^^,DLSTM
OpenMQ,31,0.7112511863241406,graduated,Ec^ --> Ec^^,DLSTM
OpenMQ,32,0.7125370576199204,graduated,Ec^ --> Ec^^,DLSTM
OpenMQ,33,0.7127107050903968,graduated,Ec^ --> Ec^^,DLSTM
OpenMQ,34,0.7114097972060227,graduated,Ec^ --> Ec^^,DLSTM
OpenMQ,35,0.7094451698218825,graduated,Ec^ --> Ec^^,DLSTM
OpenMQ,36,0.7136512790622054,graduated,Ec^ --> Ec^^,DLSTM
OpenMQ,37,0.6517090752791671,graduated,Ec^ --> Ec^^,DLSTM
Orion,1,0.6415191484395151,retired,Ec^ --> Ec^^,DLSTM
Orion,2,0.7016412107458039,retired,Ec^ --> Ec^^,DLSTM
Orion,3,0.7014277078992027,retired,Ec^ --> Ec^^,DLSTM
Orion,4,0.7013468622161091,retired,Ec^ --> Ec^^,DLSTM
Orion,5,0.7014466083183527,retired,Ec^ --> Ec^^,DLSTM
Orion,6,0.7011900061009535,retired,Ec^ --> Ec^^,DLSTM
Orion,7,0.7014210853848918,retired,Ec^ --> Ec^^,DLSTM
Orion,8,0.7017756860911027,retired,Ec^ --> Ec^^,DLSTM
Orion,9,0.7020361316669869,retired,Ec^ --> Ec^^,DLSTM
Orion,10,0.7022674453813038,retired,Ec^ --> Ec^^,DLSTM
Orion,11,0.7024067494785854,retired,Ec^ --> Ec^^,DLSTM
Orion,12,0.7026711179599557,retired,Ec^ --> Ec^^,DLSTM
Orion,13,0.7026786976042507,retired,Ec^ --> Ec^^,DLSTM
Orion,14,0.7027971875686854,retired,Ec^ --> Ec^^,DLSTM
Orion,15,0.7030087277797581,retired,Ec^ --> Ec^^,DLSTM
Orion,16,0.6424994528265141,retired,Ec^ --> Ec^^,DLSTM
PHP Development Tools,1,0.6416412960947913,graduated,Ec^ --> Ec^^,DLSTM
PHP Development Tools,2,0.7059060018948333,graduated,Ec^ --> Ec^^,DLSTM
PHP Development Tools,3,0.7056254076639421,graduated,Ec^ --> Ec^^,DLSTM
PHP Development Tools,4,0.7104599295649421,graduated,Ec^ --> Ec^^,DLSTM
PHP Development Tools,5,0.7100207505322274,graduated,Ec^ --> Ec^^,DLSTM
PHP Development Tools,6,0.7089772630574571,graduated,Ec^ --> Ec^^,DLSTM
PHP Development Tools,7,0.7058293245285886,graduated,Ec^ --> Ec^^,DLSTM
PHP Development Tools,8,0.709277666588756,graduated,Ec^ --> Ec^^,DLSTM
PHP Development Tools,9,0.7101784770617333,graduated,Ec^ --> Ec^^,DLSTM
PHP Development Tools,10,0.7113926619179426,graduated,Ec^ --> Ec^^,DLSTM
PHP Development Tools,11,0.7113949047594132,graduated,Ec^ --> Ec^^,DLSTM
PHP Development Tools,12,0.7099491871819611,graduated,Ec^ --> Ec^^,DLSTM
PHP Development Tools,13,0.709476902497363,graduated,Ec^ --> Ec^^,DLSTM
PHP Development Tools,14,0.7091092211536568,graduated,Ec^ --> Ec^^,DLSTM
PHP Development Tools,15,0.708054304156387,graduated,Ec^ --> Ec^^,DLSTM
PHP Development Tools,16,0.7091499562112785,graduated,Ec^ --> Ec^^,DLSTM
PHP Development Tools,17,0.7091838948134536,graduated,Ec^ --> Ec^^,DLSTM
PHP Development Tools,18,0.7100543968609133,graduated,Ec^ --> Ec^^,DLSTM
PHP Development Tools,19,0.709737672658176,graduated,Ec^ --> Ec^^,DLSTM
PHP Development Tools,20,0.7093502634580386,graduated,Ec^ --> Ec^^,DLSTM
PHP Development Tools,21,0.7082361615466085,graduated,Ec^ --> Ec^^,DLSTM
PHP Development Tools,22,0.7079211944399041,graduated,Ec^ --> Ec^^,DLSTM
PHP Development Tools,23,0.706958372391564,graduated,Ec^ --> Ec^^,DLSTM
PHP Development Tools,24,0.7073301107695802,graduated,Ec^ --> Ec^^,DLSTM
PHP Development Tools,25,0.7071171373638955,graduated,Ec^ --> Ec^^,DLSTM
PHP Development Tools,26,0.7075112899860144,graduated,Ec^ --> Ec^^,DLSTM
PHP Development Tools,27,0.7076678991774356,graduated,Ec^ --> Ec^^,DLSTM
PHP Development Tools,28,0.7073112593549119,graduated,Ec^ --> Ec^^,DLSTM
PHP Development Tools,29,0.7062911486436253,graduated,Ec^ --> Ec^^,DLSTM
PHP Development Tools,30,0.7067746355919369,graduated,Ec^ --> Ec^^,DLSTM
PHP Development Tools,31,0.7060343277132722,graduated,Ec^ --> Ec^^,DLSTM
PHP Development Tools,32,0.7065699999307412,graduated,Ec^ --> Ec^^,DLSTM
PHP Development Tools,33,0.7063018951332054,graduated,Ec^ --> Ec^^,DLSTM
PHP Development Tools,34,0.7064540598746896,graduated,Ec^ --> Ec^^,DLSTM
PHP Development Tools,35,0.7058569248470487,graduated,Ec^ --> Ec^^,DLSTM
PHP Development Tools,36,0.7058485028898763,graduated,Ec^ --> Ec^^,DLSTM
PHP Development Tools,37,0.7050268030293751,graduated,Ec^ --> Ec^^,DLSTM
PHP Development Tools,38,0.7049250565266554,graduated,Ec^ --> Ec^^,DLSTM
PHP Development Tools,39,0.6433084132755348,graduated,Ec^ --> Ec^^,DLSTM
Paho,1,0.6405332658225977,graduated,Ec^ --> Ec^^,DLSTM
Paho,2,0.7000305030966137,graduated,Ec^ --> Ec^^,DLSTM
Paho,3,0.7054918985037043,graduated,Ec^ --> Ec^^,DLSTM
Paho,4,0.7061303506257015,graduated,Ec^ --> Ec^^,DLSTM
Paho,5,0.7036045559390173,graduated,Ec^ --> Ec^^,DLSTM
Paho,6,0.7036974899857183,graduated,Ec^ --> Ec^^,DLSTM
Paho,7,0.7036903671185202,graduated,Ec^ --> Ec^^,DLSTM
Paho,8,0.704511753796367,graduated,Ec^ --> Ec^^,DLSTM
Paho,9,0.7060017548963881,graduated,Ec^ --> Ec^^,DLSTM
Paho,10,0.7051973479605743,graduated,Ec^ --> Ec^^,DLSTM
Paho,11,0.7053682047316526,graduated,Ec^ --> Ec^^,DLSTM
Paho,12,0.708273793319631,graduated,Ec^ --> Ec^^,DLSTM
Paho,13,0.7061915791995738,graduated,Ec^ --> Ec^^,DLSTM
Paho,14,0.7104093971514835,graduated,Ec^ --> Ec^^,DLSTM
Paho,15,0.7103134189715913,graduated,Ec^ --> Ec^^,DLSTM
Paho,16,0.7160833034469559,graduated,Ec^ --> Ec^^,DLSTM
Paho,17,0.7156467843078477,graduated,Ec^ --> Ec^^,DLSTM
Paho,18,0.7141848732289824,graduated,Ec^ --> Ec^^,DLSTM
Paho,19,0.7113067806765851,graduated,Ec^ --> Ec^^,DLSTM
Paho,20,0.7134790922954786,graduated,Ec^ --> Ec^^,DLSTM
Paho,21,0.7108003492709031,graduated,Ec^ --> Ec^^,DLSTM
Paho,22,0.7111046110529176,graduated,Ec^ --> Ec^^,DLSTM
Paho,23,0.7143703194347892,graduated,Ec^ --> Ec^^,DLSTM
Paho,24,0.7157347950463683,graduated,Ec^ --> Ec^^,DLSTM
Paho,25,0.715602262662717,graduated,Ec^ --> Ec^^,DLSTM
Paho,26,0.7145431621070977,graduated,Ec^ --> Ec^^,DLSTM
Paho,27,0.7147705813500985,graduated,Ec^ --> Ec^^,DLSTM
Paho,28,0.7161667896579154,graduated,Ec^ --> Ec^^,DLSTM
Paho,29,0.6542411805980785,graduated,Ec^ --> Ec^^,DLSTM
Parallel Tools Platform (PTP),1,0.6412448299528001,retired,Ec^ --> Ec^^,DLSTM
Parallel Tools Platform (PTP),2,0.7017745507952134,retired,Ec^ --> Ec^^,DLSTM
Parallel Tools Platform (PTP),3,0.7012186271794063,retired,Ec^ --> Ec^^,DLSTM
Parallel Tools Platform (PTP),4,0.7004667004432508,retired,Ec^ --> Ec^^,DLSTM
Parallel Tools Platform (PTP),5,0.7005182057370524,retired,Ec^ --> Ec^^,DLSTM
Parallel Tools Platform (PTP),6,0.7015842862394321,retired,Ec^ --> Ec^^,DLSTM
Parallel Tools Platform (PTP),7,0.7005482564269839,retired,Ec^ --> Ec^^,DLSTM
Parallel Tools Platform (PTP),8,0.7009485747820696,retired,Ec^ --> Ec^^,DLSTM
Parallel Tools Platform (PTP),9,0.7031946508891894,retired,Ec^ --> Ec^^,DLSTM
Parallel Tools Platform (PTP),10,0.7029664545372266,retired,Ec^ --> Ec^^,DLSTM
Parallel Tools Platform (PTP),11,0.7045776791360049,retired,Ec^ --> Ec^^,DLSTM
Parallel Tools Platform (PTP),12,0.7068533954351507,retired,Ec^ --> Ec^^,DLSTM
Parallel Tools Platform (PTP),13,0.7051764798646072,retired,Ec^ --> Ec^^,DLSTM
Parallel Tools Platform (PTP),14,0.702571400495357,retired,Ec^ --> Ec^^,DLSTM
Parallel Tools Platform (PTP),15,0.7063397280407139,retired,Ec^ --> Ec^^,DLSTM
Parallel Tools Platform (PTP),16,0.7075079610238239,retired,Ec^ --> Ec^^,DLSTM
Parallel Tools Platform (PTP),17,0.7087278245919151,retired,Ec^ --> Ec^^,DLSTM
Parallel Tools Platform (PTP),18,0.7086940657463293,retired,Ec^ --> Ec^^,DLSTM
Parallel Tools Platform (PTP),19,0.7102408613752108,retired,Ec^ --> Ec^^,DLSTM
Parallel Tools Platform (PTP),20,0.7105006577729902,retired,Ec^ --> Ec^^,DLSTM
Parallel Tools Platform (PTP),21,0.7100279241518125,retired,Ec^ --> Ec^^,DLSTM
Parallel Tools Platform (PTP),22,0.7069978362672255,retired,Ec^ --> Ec^^,DLSTM
Parallel Tools Platform (PTP),23,0.7121470377603735,retired,Ec^ --> Ec^^,DLSTM
Parallel Tools Platform (PTP),24,0.7126675362250455,retired,Ec^ --> Ec^^,DLSTM
Parallel Tools Platform (PTP),25,0.7134080118047573,retired,Ec^ --> Ec^^,DLSTM
Parallel Tools Platform (PTP),26,0.7135540095654368,retired,Ec^ --> Ec^^,DLSTM
Parallel Tools Platform (PTP),27,0.7145043268259357,retired,Ec^ --> Ec^^,DLSTM
Parallel Tools Platform (PTP),28,0.7148963466068804,retired,Ec^ --> Ec^^,DLSTM
Parallel Tools Platform (PTP),29,0.7162889161163395,retired,Ec^ --> Ec^^,DLSTM
Parallel Tools Platform (PTP),30,0.7110492341943394,retired,Ec^ --> Ec^^,DLSTM
Parallel Tools Platform (PTP),31,0.714946073805522,retired,Ec^ --> Ec^^,DLSTM
Parallel Tools Platform (PTP),32,0.7157738166566818,retired,Ec^ --> Ec^^,DLSTM
Parallel Tools Platform (PTP),33,0.7167345125939832,retired,Ec^ --> Ec^^,DLSTM
Parallel Tools Platform (PTP),34,0.7200741704857335,retired,Ec^ --> Ec^^,DLSTM
Parallel Tools Platform (PTP),35,0.718001333813109,retired,Ec^ --> Ec^^,DLSTM
Parallel Tools Platform (PTP),36,0.7176245547445439,retired,Ec^ --> Ec^^,DLSTM
Parallel Tools Platform (PTP),37,0.7165968243262647,retired,Ec^ --> Ec^^,DLSTM
Parallel Tools Platform (PTP),38,0.714396719746602,retired,Ec^ --> Ec^^,DLSTM
Parallel Tools Platform (PTP),39,0.7174772272375347,retired,Ec^ --> Ec^^,DLSTM
Parallel Tools Platform (PTP),40,0.7184779571818686,retired,Ec^ --> Ec^^,DLSTM
Parallel Tools Platform (PTP),41,0.7192498246509064,retired,Ec^ --> Ec^^,DLSTM
Parallel Tools Platform (PTP),42,0.7205132671220293,retired,Ec^ --> Ec^^,DLSTM
Parallel Tools Platform (PTP),43,0.7194535074266193,retired,Ec^ --> Ec^^,DLSTM
Parallel Tools Platform (PTP),44,0.7191665532511774,retired,Ec^ --> Ec^^,DLSTM
Parallel Tools Platform (PTP),45,0.7183271761063622,retired,Ec^ --> Ec^^,DLSTM
Parallel Tools Platform (PTP),46,0.7166192200413402,retired,Ec^ --> Ec^^,DLSTM
Parallel Tools Platform (PTP),47,0.7189329676351659,retired,Ec^ --> Ec^^,DLSTM
Parallel Tools Platform (PTP),48,0.719609181953449,retired,Ec^ --> Ec^^,DLSTM
Parallel Tools Platform (PTP),49,0.720180526993577,retired,Ec^ --> Ec^^,DLSTM
Parallel Tools Platform (PTP),50,0.7212258760453917,retired,Ec^ --> Ec^^,DLSTM
Parallel Tools Platform (PTP),51,0.7204692336101814,retired,Ec^ --> Ec^^,DLSTM
Parallel Tools Platform (PTP),52,0.7200933505301104,retired,Ec^ --> Ec^^,DLSTM
Parallel Tools Platform (PTP),53,0.7198926287302635,retired,Ec^ --> Ec^^,DLSTM
Parallel Tools Platform (PTP),54,0.7179725281386151,retired,Ec^ --> Ec^^,DLSTM
Parallel Tools Platform (PTP),55,0.7197265792686744,retired,Ec^ --> Ec^^,DLSTM
Parallel Tools Platform (PTP),56,0.7202041141448932,retired,Ec^ --> Ec^^,DLSTM
Parallel Tools Platform (PTP),57,0.7206701395568367,retired,Ec^ --> Ec^^,DLSTM
Parallel Tools Platform (PTP),58,0.7215944055270825,retired,Ec^ --> Ec^^,DLSTM
Parallel Tools Platform (PTP),59,0.720999342271551,retired,Ec^ --> Ec^^,DLSTM
Parallel Tools Platform (PTP),60,0.7207484645482775,retired,Ec^ --> Ec^^,DLSTM
Parallel Tools Platform (PTP),61,0.7204117411149619,retired,Ec^ --> Ec^^,DLSTM
Parallel Tools Platform (PTP),62,0.718784086411457,retired,Ec^ --> Ec^^,DLSTM
Parallel Tools Platform (PTP),63,0.7202196094775309,retired,Ec^ --> Ec^^,DLSTM
Parallel Tools Platform (PTP),64,0.7205774771588559,retired,Ec^ --> Ec^^,DLSTM
Parallel Tools Platform (PTP),65,0.7209775459275967,retired,Ec^ --> Ec^^,DLSTM
Parallel Tools Platform (PTP),66,0.7217965590200732,retired,Ec^ --> Ec^^,DLSTM
Parallel Tools Platform (PTP),67,0.7212671806117634,retired,Ec^ --> Ec^^,DLSTM
Parallel Tools Platform (PTP),68,0.7210447343291,retired,Ec^ --> Ec^^,DLSTM
Parallel Tools Platform (PTP),69,0.7207739516926033,retired,Ec^ --> Ec^^,DLSTM
Parallel Tools Platform (PTP),70,0.7193580579596884,retired,Ec^ --> Ec^^,DLSTM
Parallel Tools Platform (PTP),71,0.720572159834059,retired,Ec^ --> Ec^^,DLSTM
Parallel Tools Platform (PTP),72,0.7208565763591691,retired,Ec^ --> Ec^^,DLSTM
Parallel Tools Platform (PTP),73,0.7211419491066616,retired,Ec^ --> Ec^^,DLSTM
Parallel Tools Platform (PTP),74,0.6598041863633545,retired,Ec^ --> Ec^^,DLSTM
Passage,1,0.6402845591792159,graduated,Ec^ --> Ec^^,DLSTM
Passage,2,0.6974068367629959,graduated,Ec^ --> Ec^^,DLSTM
Passage,3,0.7049553936667345,graduated,Ec^ --> Ec^^,DLSTM
Passage,4,0.7065033222208207,graduated,Ec^ --> Ec^^,DLSTM
Passage,5,0.7056717469450107,graduated,Ec^ --> Ec^^,DLSTM
Passage,6,0.7064525240394416,graduated,Ec^ --> Ec^^,DLSTM
Passage,7,0.7037334334051693,graduated,Ec^ --> Ec^^,DLSTM
Passage,8,0.6428587959760894,graduated,Ec^ --> Ec^^,DLSTM
Persistence,1,0.6226047063333731,graduated,Ec^ --> Ec^^,DLSTM
Persistence,2,0.6853986168053711,graduated,Ec^ --> Ec^^,DLSTM
Persistence,3,0.6863794180079228,graduated,Ec^ --> Ec^^,DLSTM
Persistence,4,0.6855980749922481,graduated,Ec^ --> Ec^^,DLSTM
Persistence,5,0.6855360680116949,graduated,Ec^ --> Ec^^,DLSTM
Persistence,6,0.68755225853391,graduated,Ec^ --> Ec^^,DLSTM
Persistence,7,0.6847140965360305,graduated,Ec^ --> Ec^^,DLSTM
Persistence,8,0.6846931654982213,graduated,Ec^ --> Ec^^,DLSTM
Persistence,9,0.6883869523750707,graduated,Ec^ --> Ec^^,DLSTM
Persistence,10,0.6931664602950502,graduated,Ec^ --> Ec^^,DLSTM
Persistence,11,0.694728386410574,graduated,Ec^ --> Ec^^,DLSTM
Persistence,12,0.6944140284767986,graduated,Ec^ --> Ec^^,DLSTM
Persistence,13,0.6978590383602085,graduated,Ec^ --> Ec^^,DLSTM
Persistence,14,0.6999257934460063,graduated,Ec^ --> Ec^^,DLSTM
Persistence,15,0.700043052379081,graduated,Ec^ --> Ec^^,DLSTM
Persistence,16,0.7033822475407498,graduated,Ec^ --> Ec^^,DLSTM
Persistence,17,0.7028306983125028,graduated,Ec^ --> Ec^^,DLSTM
Persistence,18,0.7029253141301555,graduated,Ec^ --> Ec^^,DLSTM
Persistence,19,0.7066501311833097,graduated,Ec^ --> Ec^^,DLSTM
Persistence,20,0.7057101811275657,graduated,Ec^ --> Ec^^,DLSTM
Persistence,21,0.7095749782480392,graduated,Ec^ --> Ec^^,DLSTM
Persistence,22,0.7094889450782048,graduated,Ec^ --> Ec^^,DLSTM
Persistence,23,0.7099130110512173,graduated,Ec^ --> Ec^^,DLSTM
Persistence,24,0.7108604847720347,graduated,Ec^ --> Ec^^,DLSTM
Persistence,25,0.710194423975712,graduated,Ec^ --> Ec^^,DLSTM
Persistence,26,0.7078093212261518,graduated,Ec^ --> Ec^^,DLSTM
Persistence,27,0.7112809753703315,graduated,Ec^ --> Ec^^,DLSTM
Persistence,28,0.7123425074257241,graduated,Ec^ --> Ec^^,DLSTM
Persistence,29,0.7151132056164247,graduated,Ec^ --> Ec^^,DLSTM
Persistence,30,0.6531718513924638,graduated,Ec^ --> Ec^^,DLSTM
Ponte,1,0.6440134741895432,retired,Ec^ --> Ec^^,DLSTM
Ponte,2,0.7066340950756204,retired,Ec^ --> Ec^^,DLSTM
Ponte,3,0.70627890408471,retired,Ec^ --> Ec^^,DLSTM
Ponte,4,0.7053425193601107,retired,Ec^ --> Ec^^,DLSTM
Ponte,5,0.7062364737851654,retired,Ec^ --> Ec^^,DLSTM
Ponte,6,0.7062983712047005,retired,Ec^ --> Ec^^,DLSTM
Ponte,7,0.7052437460444638,retired,Ec^ --> Ec^^,DLSTM
Ponte,8,0.705250706026224,retired,Ec^ --> Ec^^,DLSTM
Ponte,9,0.7068350395413606,retired,Ec^ --> Ec^^,DLSTM
Ponte,10,0.7083912966364994,retired,Ec^ --> Ec^^,DLSTM
Ponte,11,0.7101289330126109,retired,Ec^ --> Ec^^,DLSTM
Ponte,12,0.7106288404950191,retired,Ec^ --> Ec^^,DLSTM
Ponte,13,0.7108511650282924,retired,Ec^ --> Ec^^,DLSTM
Ponte,14,0.7112813437184125,retired,Ec^ --> Ec^^,DLSTM
Ponte,15,0.7116264366645323,retired,Ec^ --> Ec^^,DLSTM
Ponte,16,0.7119777230190747,retired,Ec^ --> Ec^^,DLSTM
Ponte,17,0.7123758629506499,retired,Ec^ --> Ec^^,DLSTM
Ponte,18,0.7127837819478074,retired,Ec^ --> Ec^^,DLSTM
Ponte,19,0.7154179081892778,retired,Ec^ --> Ec^^,DLSTM
Ponte,20,0.7144755311669889,retired,Ec^ --> Ec^^,DLSTM
Ponte,21,0.7142987195135637,retired,Ec^ --> Ec^^,DLSTM
Ponte,22,0.7145853773605693,retired,Ec^ --> Ec^^,DLSTM
Ponte,23,0.7149359615835399,retired,Ec^ --> Ec^^,DLSTM
Ponte,24,0.7151891742497137,retired,Ec^ --> Ec^^,DLSTM
Ponte,25,0.7153064781157805,retired,Ec^ --> Ec^^,DLSTM
Ponte,26,0.7155182671114652,retired,Ec^ --> Ec^^,DLSTM
Ponte,27,0.7173925014339514,retired,Ec^ --> Ec^^,DLSTM
Ponte,28,0.7172815973606853,retired,Ec^ --> Ec^^,DLSTM
Ponte,29,0.7170298610297365,retired,Ec^ --> Ec^^,DLSTM
Ponte,30,0.717611212781376,retired,Ec^ --> Ec^^,DLSTM
Ponte,31,0.7170675002946826,retired,Ec^ --> Ec^^,DLSTM
Ponte,32,0.7176489636274331,retired,Ec^ --> Ec^^,DLSTM
Ponte,33,0.7178891868967513,retired,Ec^ --> Ec^^,DLSTM
Ponte,34,0.7178044684023848,retired,Ec^ --> Ec^^,DLSTM
Ponte,35,0.7194402451696581,retired,Ec^ --> Ec^^,DLSTM
Ponte,36,0.7193543318647303,retired,Ec^ --> Ec^^,DLSTM
Ponte,37,0.7191951259611187,retired,Ec^ --> Ec^^,DLSTM
Ponte,38,0.7191230686148798,retired,Ec^ --> Ec^^,DLSTM
Ponte,39,0.7189791234658011,retired,Ec^ --> Ec^^,DLSTM
Ponte,40,0.7194093209077496,retired,Ec^ --> Ec^^,DLSTM
Ponte,41,0.7193556186973152,retired,Ec^ --> Ec^^,DLSTM
Ponte,42,0.7192827302213793,retired,Ec^ --> Ec^^,DLSTM
Ponte,43,0.7207325029042968,retired,Ec^ --> Ec^^,DLSTM
Ponte,44,0.7203854801263185,retired,Ec^ --> Ec^^,DLSTM
Ponte,45,0.7202507911264162,retired,Ec^ --> Ec^^,DLSTM
Ponte,46,0.6582383561332545,retired,Ec^ --> Ec^^,DLSTM
RCP Testing Tool,1,0.6411046666200974,graduated,Ec^ --> Ec^^,DLSTM
RCP Testing Tool,2,0.700356130009283,graduated,Ec^ --> Ec^^,DLSTM
RCP Testing Tool,3,0.700996108068017,graduated,Ec^ --> Ec^^,DLSTM
RCP Testing Tool,4,0.7069082235289345,graduated,Ec^ --> Ec^^,DLSTM
RCP Testing Tool,5,0.7079777297363052,graduated,Ec^ --> Ec^^,DLSTM
RCP Testing Tool,6,0.7085155478444535,graduated,Ec^ --> Ec^^,DLSTM
RCP Testing Tool,7,0.7093290975461217,graduated,Ec^ --> Ec^^,DLSTM
RCP Testing Tool,8,0.7099464003122682,graduated,Ec^ --> Ec^^,DLSTM
RCP Testing Tool,9,0.7090973719767171,graduated,Ec^ --> Ec^^,DLSTM
RCP Testing Tool,10,0.7080173191227882,graduated,Ec^ --> Ec^^,DLSTM
RCP Testing Tool,11,0.7076463635688098,graduated,Ec^ --> Ec^^,DLSTM
RCP Testing Tool,12,0.7085145544578043,graduated,Ec^ --> Ec^^,DLSTM
RCP Testing Tool,13,0.7086925664084787,graduated,Ec^ --> Ec^^,DLSTM
RCP Testing Tool,14,0.7084804273787748,graduated,Ec^ --> Ec^^,DLSTM
RCP Testing Tool,15,0.6479746391446345,graduated,Ec^ --> Ec^^,DLSTM
RDF4J,1,0.6219616288811756,graduated,Ec^ --> Ec^^,DLSTM
RDF4J,2,0.6803329161675781,graduated,Ec^ --> Ec^^,DLSTM
RDF4J,3,0.6801071087927618,graduated,Ec^ --> Ec^^,DLSTM
RDF4J,4,0.6827355127909964,graduated,Ec^ --> Ec^^,DLSTM
RDF4J,5,0.6909372683502312,graduated,Ec^ --> Ec^^,DLSTM
RDF4J,6,0.6876198291642651,graduated,Ec^ --> Ec^^,DLSTM
RDF4J,7,0.6316366144517586,graduated,Ec^ --> Ec^^,DLSTM
RESTful Web Services,1,0.6220491087310692,graduated,Ec^ --> Ec^^,DLSTM
RESTful Web Services,2,0.6822219740387033,graduated,Ec^ --> Ec^^,DLSTM
RESTful Web Services,3,0.6837585807234579,graduated,Ec^ --> Ec^^,DLSTM
RESTful Web Services,4,0.6881845252661708,graduated,Ec^ --> Ec^^,DLSTM
RESTful Web Services,5,0.6834768017162434,graduated,Ec^ --> Ec^^,DLSTM
RESTful Web Services,6,0.6822590761126763,graduated,Ec^ --> Ec^^,DLSTM
RESTful Web Services,7,0.6753257002827605,graduated,Ec^ --> Ec^^,DLSTM
RESTful Web Services,8,0.6797138358955684,graduated,Ec^ --> Ec^^,DLSTM
RESTful Web Services,9,0.684993257366549,graduated,Ec^ --> Ec^^,DLSTM
RESTful Web Services,10,0.6967176506113141,graduated,Ec^ --> Ec^^,DLSTM
RESTful Web Services,11,0.6960943856500804,graduated,Ec^ --> Ec^^,DLSTM
RESTful Web Services,12,0.6932189047335481,graduated,Ec^ --> Ec^^,DLSTM
RESTful Web Services,13,0.6951463784968509,graduated,Ec^ --> Ec^^,DLSTM
RESTful Web Services,14,0.6995641931418043,graduated,Ec^ --> Ec^^,DLSTM
RESTful Web Services,15,0.6988138025888168,graduated,Ec^ --> Ec^^,DLSTM
RESTful Web Services,16,0.6978140077951015,graduated,Ec^ --> Ec^^,DLSTM
RESTful Web Services,17,0.7003195704189968,graduated,Ec^ --> Ec^^,DLSTM
RESTful Web Services,18,0.7048391884862267,graduated,Ec^ --> Ec^^,DLSTM
RESTful Web Services,19,0.7066501911444137,graduated,Ec^ --> Ec^^,DLSTM
RESTful Web Services,20,0.7041673390426225,graduated,Ec^ --> Ec^^,DLSTM
RESTful Web Services,21,0.702487086207517,graduated,Ec^ --> Ec^^,DLSTM
RESTful Web Services,22,0.7043045099160591,graduated,Ec^ --> Ec^^,DLSTM
RESTful Web Services,23,0.7007982916121722,graduated,Ec^ --> Ec^^,DLSTM
RESTful Web Services,24,0.6994640548992316,graduated,Ec^ --> Ec^^,DLSTM
RESTful Web Services,25,0.699401554091538,graduated,Ec^ --> Ec^^,DLSTM
RESTful Web Services,26,0.7076233061331387,graduated,Ec^ --> Ec^^,DLSTM
RESTful Web Services,27,0.7099566552562739,graduated,Ec^ --> Ec^^,DLSTM
RESTful Web Services,28,0.7083876294503879,graduated,Ec^ --> Ec^^,DLSTM
RESTful Web Services,29,0.7067328702585217,graduated,Ec^ --> Ec^^,DLSTM
RESTful Web Services,30,0.7083624987321889,graduated,Ec^ --> Ec^^,DLSTM
RESTful Web Services,31,0.7042781576071039,graduated,Ec^ --> Ec^^,DLSTM
RESTful Web Services,32,0.70499429064302,graduated,Ec^ --> Ec^^,DLSTM
RESTful Web Services,33,0.706137300470827,graduated,Ec^ --> Ec^^,DLSTM
RESTful Web Services,34,0.7115998464102484,graduated,Ec^ --> Ec^^,DLSTM
RESTful Web Services,35,0.7129721686690865,graduated,Ec^ --> Ec^^,DLSTM
RESTful Web Services,36,0.6484605329075521,graduated,Ec^ --> Ec^^,DLSTM
Remote Application Platform,1,0.6406067380040695,graduated,Ec^ --> Ec^^,DLSTM
Remote Application Platform,2,0.6983988831902276,graduated,Ec^ --> Ec^^,DLSTM
Remote Application Platform,3,0.6981427585880775,graduated,Ec^ --> Ec^^,DLSTM
Remote Application Platform,4,0.7045997199203875,graduated,Ec^ --> Ec^^,DLSTM
Remote Application Platform,5,0.6971035853168123,graduated,Ec^ --> Ec^^,DLSTM
Remote Application Platform,6,0.7051115178047012,graduated,Ec^ --> Ec^^,DLSTM
Remote Application Platform,7,0.7067253665710705,graduated,Ec^ --> Ec^^,DLSTM
Remote Application Platform,8,0.7066208183682503,graduated,Ec^ --> Ec^^,DLSTM
Remote Application Platform,9,0.7046551935802481,graduated,Ec^ --> Ec^^,DLSTM
Remote Application Platform,10,0.7046141834962283,graduated,Ec^ --> Ec^^,DLSTM
Remote Application Platform,11,0.7048241307743205,graduated,Ec^ --> Ec^^,DLSTM
Remote Application Platform,12,0.7048326534702568,graduated,Ec^ --> Ec^^,DLSTM
Remote Application Platform,13,0.7014825755356215,graduated,Ec^ --> Ec^^,DLSTM
Remote Application Platform,14,0.7042345114500286,graduated,Ec^ --> Ec^^,DLSTM
Remote Application Platform,15,0.7047598866838832,graduated,Ec^ --> Ec^^,DLSTM
Remote Application Platform,16,0.7045216724056599,graduated,Ec^ --> Ec^^,DLSTM
Remote Application Platform,17,0.7040615615257442,graduated,Ec^ --> Ec^^,DLSTM
Remote Application Platform,18,0.7040740534506355,graduated,Ec^ --> Ec^^,DLSTM
Remote Application Platform,19,0.7038838787144289,graduated,Ec^ --> Ec^^,DLSTM
Remote Application Platform,20,0.7045567335304338,graduated,Ec^ --> Ec^^,DLSTM
Remote Application Platform,21,0.7027707961552612,graduated,Ec^ --> Ec^^,DLSTM
Remote Application Platform,22,0.7038828188645253,graduated,Ec^ --> Ec^^,DLSTM
Remote Application Platform,23,0.7033613563107904,graduated,Ec^ --> Ec^^,DLSTM
Remote Application Platform,24,0.7026964628679501,graduated,Ec^ --> Ec^^,DLSTM
Remote Application Platform,25,0.7029726997912125,graduated,Ec^ --> Ec^^,DLSTM
Remote Application Platform,26,0.7029281666018622,graduated,Ec^ --> Ec^^,DLSTM
Remote Application Platform,27,0.7028883835083033,graduated,Ec^ --> Ec^^,DLSTM
Remote Application Platform,28,0.7032363040995127,graduated,Ec^ --> Ec^^,DLSTM
Remote Application Platform,29,0.7021648111102745,graduated,Ec^ --> Ec^^,DLSTM
Remote Application Platform,30,0.7030219795437707,graduated,Ec^ --> Ec^^,DLSTM
Remote Application Platform,31,0.7032610432339408,graduated,Ec^ --> Ec^^,DLSTM
Remote Application Platform,32,0.7031401422950107,graduated,Ec^ --> Ec^^,DLSTM
Remote Application Platform,33,0.7031139294494066,graduated,Ec^ --> Ec^^,DLSTM
Remote Application Platform,34,0.6422366230415884,graduated,Ec^ --> Ec^^,DLSTM
SUMO,1,0.6377749190521707,graduated,Ec^ --> Ec^^,DLSTM
SUMO,2,0.6978222984737215,graduated,Ec^ --> Ec^^,DLSTM
SUMO,3,0.697785316023293,graduated,Ec^ --> Ec^^,DLSTM
SUMO,4,0.6976327801656854,graduated,Ec^ --> Ec^^,DLSTM
SUMO,5,0.6977177744757821,graduated,Ec^ --> Ec^^,DLSTM
SUMO,6,0.6978628909790717,graduated,Ec^ --> Ec^^,DLSTM
SUMO,7,0.6975712746318401,graduated,Ec^ --> Ec^^,DLSTM
SUMO,8,0.6961783042173606,graduated,Ec^ --> Ec^^,DLSTM
SUMO,9,0.6965060624300372,graduated,Ec^ --> Ec^^,DLSTM
SUMO,10,0.6962279176903412,graduated,Ec^ --> Ec^^,DLSTM
SUMO,11,0.6973464548530487,graduated,Ec^ --> Ec^^,DLSTM
SUMO,12,0.6976130964055517,graduated,Ec^ --> Ec^^,DLSTM
SUMO,13,0.6975340468470164,graduated,Ec^ --> Ec^^,DLSTM
SUMO,14,0.6981256564850128,graduated,Ec^ --> Ec^^,DLSTM
SUMO,15,0.697144002705231,graduated,Ec^ --> Ec^^,DLSTM
SUMO,16,0.6974184448990439,graduated,Ec^ --> Ec^^,DLSTM
SUMO,17,0.6978781635355709,graduated,Ec^ --> Ec^^,DLSTM
SUMO,18,0.6371583186738254,graduated,Ec^ --> Ec^^,DLSTM
SW360antenna,1,0.6223042336487571,retired,Ec^ --> Ec^^,DLSTM
SW360antenna,2,0.6849860331248953,retired,Ec^ --> Ec^^,DLSTM
SW360antenna,3,0.688398088265263,retired,Ec^ --> Ec^^,DLSTM
SW360antenna,4,0.6914865255364275,retired,Ec^ --> Ec^^,DLSTM
SW360antenna,5,0.6913284056048022,retired,Ec^ --> Ec^^,DLSTM
SW360antenna,6,0.692435535310347,retired,Ec^ --> Ec^^,DLSTM
SW360antenna,7,0.6926399408200967,retired,Ec^ --> Ec^^,DLSTM
SW360antenna,8,0.6919197853643945,retired,Ec^ --> Ec^^,DLSTM
SW360antenna,9,0.6918340213506762,retired,Ec^ --> Ec^^,DLSTM
SW360antenna,10,0.6927416552840102,retired,Ec^ --> Ec^^,DLSTM
SW360antenna,11,0.69144395401711,retired,Ec^ --> Ec^^,DLSTM
SW360antenna,12,0.6938706485707214,retired,Ec^ --> Ec^^,DLSTM
SW360antenna,13,0.6937539620742972,retired,Ec^ --> Ec^^,DLSTM
SW360antenna,14,0.6936792969845744,retired,Ec^ --> Ec^^,DLSTM
SW360antenna,15,0.694039789555988,retired,Ec^ --> Ec^^,DLSTM
SW360antenna,16,0.6936929974451738,retired,Ec^ --> Ec^^,DLSTM
SW360antenna,17,0.6938541662113257,retired,Ec^ --> Ec^^,DLSTM
SW360antenna,18,0.6946627042922923,retired,Ec^ --> Ec^^,DLSTM
SW360antenna,19,0.6940151190272936,retired,Ec^ --> Ec^^,DLSTM
SW360antenna,20,0.6962342810252663,retired,Ec^ --> Ec^^,DLSTM
SW360antenna,21,0.6959799095226082,retired,Ec^ --> Ec^^,DLSTM
SW360antenna,22,0.6961021580307264,retired,Ec^ --> Ec^^,DLSTM
SW360antenna,23,0.696554902687315,retired,Ec^ --> Ec^^,DLSTM
SW360antenna,24,0.6954534989962785,retired,Ec^ --> Ec^^,DLSTM
SW360antenna,25,0.6961617942828403,retired,Ec^ --> Ec^^,DLSTM
SW360antenna,26,0.6968919414641033,retired,Ec^ --> Ec^^,DLSTM
SW360antenna,27,0.6960451762578165,retired,Ec^ --> Ec^^,DLSTM
SW360antenna,28,0.6360902825412872,retired,Ec^ --> Ec^^,DLSTM
SWTBot,1,0.6218682383019318,graduated,Ec^ --> Ec^^,DLSTM
SWTBot,2,0.6802663472042932,graduated,Ec^ --> Ec^^,DLSTM
SWTBot,3,0.6805923691296647,graduated,Ec^ --> Ec^^,DLSTM
SWTBot,4,0.680234886572996,graduated,Ec^ --> Ec^^,DLSTM
SWTBot,5,0.6801638435393599,graduated,Ec^ --> Ec^^,DLSTM
SWTBot,6,0.6802809883106093,graduated,Ec^ --> Ec^^,DLSTM
SWTBot,7,0.6827438050561452,graduated,Ec^ --> Ec^^,DLSTM
SWTBot,8,0.6809641418520518,graduated,Ec^ --> Ec^^,DLSTM
SWTBot,9,0.6853886485763692,graduated,Ec^ --> Ec^^,DLSTM
SWTBot,10,0.6891668873850376,graduated,Ec^ --> Ec^^,DLSTM
SWTBot,11,0.6889064476652415,graduated,Ec^ --> Ec^^,DLSTM
SWTBot,12,0.6897466149144895,graduated,Ec^ --> Ec^^,DLSTM
SWTBot,13,0.6887749335819711,graduated,Ec^ --> Ec^^,DLSTM
SWTBot,14,0.6831672761498078,graduated,Ec^ --> Ec^^,DLSTM
SWTBot,15,0.6909107427907718,graduated,Ec^ --> Ec^^,DLSTM
SWTBot,16,0.6900000346036783,graduated,Ec^ --> Ec^^,DLSTM
SWTBot,17,0.6929232421296614,graduated,Ec^ --> Ec^^,DLSTM
SWTBot,18,0.69216853565861,graduated,Ec^ --> Ec^^,DLSTM
SWTBot,19,0.6940257593343798,graduated,Ec^ --> Ec^^,DLSTM
SWTBot,20,0.6916756592802124,graduated,Ec^ --> Ec^^,DLSTM
SWTBot,21,0.6904443160799266,graduated,Ec^ --> Ec^^,DLSTM
SWTBot,22,0.6852872808498753,graduated,Ec^ --> Ec^^,DLSTM
SWTBot,23,0.6902760943733167,graduated,Ec^ --> Ec^^,DLSTM
SWTBot,24,0.6873621838566053,graduated,Ec^ --> Ec^^,DLSTM
SWTBot,25,0.6925728282683862,graduated,Ec^ --> Ec^^,DLSTM
SWTBot,26,0.692711084109589,graduated,Ec^ --> Ec^^,DLSTM
SWTBot,27,0.693398905672671,graduated,Ec^ --> Ec^^,DLSTM
SWTBot,28,0.691617887592902,graduated,Ec^ --> Ec^^,DLSTM
SWTBot,29,0.6926006075276703,graduated,Ec^ --> Ec^^,DLSTM
SWTBot,30,0.6898414297379574,graduated,Ec^ --> Ec^^,DLSTM
SWTBot,31,0.6932523943462555,graduated,Ec^ --> Ec^^,DLSTM
SWTBot,32,0.6901553112824699,graduated,Ec^ --> Ec^^,DLSTM
SWTBot,33,0.6948796856901441,graduated,Ec^ --> Ec^^,DLSTM
SWTBot,34,0.6942772070678072,graduated,Ec^ --> Ec^^,DLSTM
SWTBot,35,0.6955495344288224,graduated,Ec^ --> Ec^^,DLSTM
SWTBot,36,0.6945379593440251,graduated,Ec^ --> Ec^^,DLSTM
SWTBot,37,0.6972778791254782,graduated,Ec^ --> Ec^^,DLSTM
SWTBot,38,0.6955195273400173,graduated,Ec^ --> Ec^^,DLSTM
SWTBot,39,0.69838160787028,graduated,Ec^ --> Ec^^,DLSTM
SWTBot,40,0.6965051348722032,graduated,Ec^ --> Ec^^,DLSTM
SWTBot,41,0.7004446424883491,graduated,Ec^ --> Ec^^,DLSTM
SWTBot,42,0.6985883816197932,graduated,Ec^ --> Ec^^,DLSTM
SWTBot,43,0.7009454817237244,graduated,Ec^ --> Ec^^,DLSTM
SWTBot,44,0.7006293041594066,graduated,Ec^ --> Ec^^,DLSTM
SWTBot,45,0.7023514733910854,graduated,Ec^ --> Ec^^,DLSTM
SWTBot,46,0.701327606852767,graduated,Ec^ --> Ec^^,DLSTM
SWTBot,47,0.7036061259627664,graduated,Ec^ --> Ec^^,DLSTM
SWTBot,48,0.7021456426867339,graduated,Ec^ --> Ec^^,DLSTM
SWTBot,49,0.7051716087420694,graduated,Ec^ --> Ec^^,DLSTM
SWTBot,50,0.7024909526306249,graduated,Ec^ --> Ec^^,DLSTM
SWTBot,51,0.6452138181104137,graduated,Ec^ --> Ec^^,DLSTM
Scout,1,0.6389500696857008,graduated,Ec^ --> Ec^^,DLSTM
Scout,2,0.6969382942175757,graduated,Ec^ --> Ec^^,DLSTM
Scout,3,0.6983538725937226,graduated,Ec^ --> Ec^^,DLSTM
Scout,4,0.6967871429821806,graduated,Ec^ --> Ec^^,DLSTM
Scout,5,0.6969800669421623,graduated,Ec^ --> Ec^^,DLSTM
Scout,6,0.6977530850059258,graduated,Ec^ --> Ec^^,DLSTM
Scout,7,0.6981458416454108,graduated,Ec^ --> Ec^^,DLSTM
Scout,8,0.7053148979617299,graduated,Ec^ --> Ec^^,DLSTM
Scout,9,0.706449918103562,graduated,Ec^ --> Ec^^,DLSTM
Scout,10,0.7055544454549747,graduated,Ec^ --> Ec^^,DLSTM
Scout,11,0.7052399273507928,graduated,Ec^ --> Ec^^,DLSTM
Scout,12,0.7046333250419421,graduated,Ec^ --> Ec^^,DLSTM
Scout,13,0.704066018498346,graduated,Ec^ --> Ec^^,DLSTM
Scout,14,0.7039859180113652,graduated,Ec^ --> Ec^^,DLSTM
Scout,15,0.7034583785507016,graduated,Ec^ --> Ec^^,DLSTM
Scout,16,0.704245224995924,graduated,Ec^ --> Ec^^,DLSTM
Scout,17,0.7045970692862338,graduated,Ec^ --> Ec^^,DLSTM
Scout,18,0.7042904570238466,graduated,Ec^ --> Ec^^,DLSTM
Scout,19,0.7037571796282152,graduated,Ec^ --> Ec^^,DLSTM
Scout,20,0.7033884696069547,graduated,Ec^ --> Ec^^,DLSTM
Scout,21,0.7028606932911989,graduated,Ec^ --> Ec^^,DLSTM
Scout,22,0.7029884971111068,graduated,Ec^ --> Ec^^,DLSTM
Scout,23,0.7030134809625457,graduated,Ec^ --> Ec^^,DLSTM
Scout,24,0.7034110158120491,graduated,Ec^ --> Ec^^,DLSTM
Scout,25,0.7034258999344039,graduated,Ec^ --> Ec^^,DLSTM
Scout,26,0.7026352752026602,graduated,Ec^ --> Ec^^,DLSTM
Scout,27,0.7016446356204782,graduated,Ec^ --> Ec^^,DLSTM
Scout,28,0.7011384794957182,graduated,Ec^ --> Ec^^,DLSTM
Scout,29,0.7012562313318867,graduated,Ec^ --> Ec^^,DLSTM
Scout,30,0.7010249177543747,graduated,Ec^ --> Ec^^,DLSTM
Scout,31,0.7008803189278413,graduated,Ec^ --> Ec^^,DLSTM
Scout,32,0.7014152738438397,graduated,Ec^ --> Ec^^,DLSTM
Scout,33,0.7011989681356352,graduated,Ec^ --> Ec^^,DLSTM
Scout,34,0.7007901220488617,graduated,Ec^ --> Ec^^,DLSTM
Scout,35,0.70038421677522,graduated,Ec^ --> Ec^^,DLSTM
Scout,36,0.7003510753959851,graduated,Ec^ --> Ec^^,DLSTM
Scout,37,0.7000572596409971,graduated,Ec^ --> Ec^^,DLSTM
Scout,38,0.6996024237632263,graduated,Ec^ --> Ec^^,DLSTM
Scout,39,0.6995043040028631,graduated,Ec^ --> Ec^^,DLSTM
Scout,40,0.699817363231751,graduated,Ec^ --> Ec^^,DLSTM
Scout,41,0.7007933547804824,graduated,Ec^ --> Ec^^,DLSTM
Scout,42,0.7003294568373525,graduated,Ec^ --> Ec^^,DLSTM
Scout,43,0.6999939766649472,graduated,Ec^ --> Ec^^,DLSTM
Scout,44,0.6999760431209903,graduated,Ec^ --> Ec^^,DLSTM
Scout,45,0.7000924264631201,graduated,Ec^ --> Ec^^,DLSTM
Scout,46,0.6999038278907787,graduated,Ec^ --> Ec^^,DLSTM
Scout,47,0.7004525555234817,graduated,Ec^ --> Ec^^,DLSTM
Scout,48,0.7005531598353283,graduated,Ec^ --> Ec^^,DLSTM
Scout,49,0.7001082267674639,graduated,Ec^ --> Ec^^,DLSTM
Scout,50,0.6398785489687815,graduated,Ec^ --> Ec^^,DLSTM
Security,1,0.6281136749044476,graduated,Ec^ --> Ec^^,DLSTM
Security,2,0.6894614865608113,graduated,Ec^ --> Ec^^,DLSTM
Security,3,0.689573238245418,graduated,Ec^ --> Ec^^,DLSTM
Security,4,0.6903191962817056,graduated,Ec^ --> Ec^^,DLSTM
Security,5,0.6891606217572994,graduated,Ec^ --> Ec^^,DLSTM
Security,6,0.6891306537409684,graduated,Ec^ --> Ec^^,DLSTM
Security,7,0.6892578313476753,graduated,Ec^ --> Ec^^,DLSTM
Security,8,0.6893623125107669,graduated,Ec^ --> Ec^^,DLSTM
Security,9,0.6933136802145511,graduated,Ec^ --> Ec^^,DLSTM
Security,10,0.6955808079740887,graduated,Ec^ --> Ec^^,DLSTM
Security,11,0.6998564179394899,graduated,Ec^ --> Ec^^,DLSTM
Security,12,0.6998803676042514,graduated,Ec^ --> Ec^^,DLSTM
Security,13,0.700652215676248,graduated,Ec^ --> Ec^^,DLSTM
Security,14,0.7017624198477744,graduated,Ec^ --> Ec^^,DLSTM
Security,15,0.7041679043835699,graduated,Ec^ --> Ec^^,DLSTM
Security,16,0.7050719337959582,graduated,Ec^ --> Ec^^,DLSTM
Security,17,0.7058189682855539,graduated,Ec^ --> Ec^^,DLSTM
Security,18,0.7065711185087612,graduated,Ec^ --> Ec^^,DLSTM
Security,19,0.7078232683522797,graduated,Ec^ --> Ec^^,DLSTM
Security,20,0.7083591804368613,graduated,Ec^ --> Ec^^,DLSTM
Security,21,0.708218750456688,graduated,Ec^ --> Ec^^,DLSTM
Security,22,0.7081360829621071,graduated,Ec^ --> Ec^^,DLSTM
Security,23,0.7099077061604473,graduated,Ec^ --> Ec^^,DLSTM
Security,24,0.7101835591911865,graduated,Ec^ --> Ec^^,DLSTM
Security,25,0.7098523788361859,graduated,Ec^ --> Ec^^,DLSTM
Security,26,0.7106245688154104,graduated,Ec^ --> Ec^^,DLSTM
Security,27,0.7120391434172472,graduated,Ec^ --> Ec^^,DLSTM
Security,28,0.711932171130297,graduated,Ec^ --> Ec^^,DLSTM
Security,29,0.7112128724653006,graduated,Ec^ --> Ec^^,DLSTM
Security,30,0.7110536677938287,graduated,Ec^ --> Ec^^,DLSTM
Security,31,0.7124716146494575,graduated,Ec^ --> Ec^^,DLSTM
Security,32,0.7119954690955965,graduated,Ec^ --> Ec^^,DLSTM
Security,33,0.6511763250482744,graduated,Ec^ --> Ec^^,DLSTM
Server Pages,1,0.6224795644895094,graduated,Ec^ --> Ec^^,DLSTM
Server Pages,2,0.6823225578824471,graduated,Ec^ --> Ec^^,DLSTM
Server Pages,3,0.6851833856949308,graduated,Ec^ --> Ec^^,DLSTM
Server Pages,4,0.6861311295155484,graduated,Ec^ --> Ec^^,DLSTM
Server Pages,5,0.6869412167695038,graduated,Ec^ --> Ec^^,DLSTM
Server Pages,6,0.6860820711073939,graduated,Ec^ --> Ec^^,DLSTM
Server Pages,7,0.6840396618323334,graduated,Ec^ --> Ec^^,DLSTM
Server Pages,8,0.6849570002767335,graduated,Ec^ --> Ec^^,DLSTM
Server Pages,9,0.687384794782814,graduated,Ec^ --> Ec^^,DLSTM
Server Pages,10,0.6915287415624489,graduated,Ec^ --> Ec^^,DLSTM
Server Pages,11,0.6936609245185908,graduated,Ec^ --> Ec^^,DLSTM
Server Pages,12,0.6936653087269329,graduated,Ec^ --> Ec^^,DLSTM
Server Pages,13,0.699171415240758,graduated,Ec^ --> Ec^^,DLSTM
Server Pages,14,0.6987800254869728,graduated,Ec^ --> Ec^^,DLSTM
Server Pages,15,0.6977994636093796,graduated,Ec^ --> Ec^^,DLSTM
Server Pages,16,0.7003315588186354,graduated,Ec^ --> Ec^^,DLSTM
Server Pages,17,0.7014242597741568,graduated,Ec^ --> Ec^^,DLSTM
Server Pages,18,0.7031559166096707,graduated,Ec^ --> Ec^^,DLSTM
Server Pages,19,0.7048659433907565,graduated,Ec^ --> Ec^^,DLSTM
Server Pages,20,0.703939886719088,graduated,Ec^ --> Ec^^,DLSTM
Server Pages,21,0.7055249664724018,graduated,Ec^ --> Ec^^,DLSTM
Server Pages,22,0.7070443645858718,graduated,Ec^ --> Ec^^,DLSTM
Server Pages,23,0.7058560858617783,graduated,Ec^ --> Ec^^,DLSTM
Server Pages,24,0.7094638004049593,graduated,Ec^ --> Ec^^,DLSTM
Server Pages,25,0.7101522160871304,graduated,Ec^ --> Ec^^,DLSTM
Server Pages,26,0.7100057615396397,graduated,Ec^ --> Ec^^,DLSTM
Server Pages,27,0.7117694064900802,graduated,Ec^ --> Ec^^,DLSTM
Server Pages,28,0.6501500132860351,graduated,Ec^ --> Ec^^,DLSTM
Servlet,1,0.6229562888293249,graduated,Ec^ --> Ec^^,DLSTM
Servlet,2,0.6851501638439339,graduated,Ec^ --> Ec^^,DLSTM
Servlet,3,0.6866971083535194,graduated,Ec^ --> Ec^^,DLSTM
Servlet,4,0.68468882448176,graduated,Ec^ --> Ec^^,DLSTM
Servlet,5,0.6822872342740246,graduated,Ec^ --> Ec^^,DLSTM
Servlet,6,0.6846993248924101,graduated,Ec^ --> Ec^^,DLSTM
Servlet,7,0.6845221324458534,graduated,Ec^ --> Ec^^,DLSTM
Servlet,8,0.684331007247729,graduated,Ec^ --> Ec^^,DLSTM
Servlet,9,0.6881664092136739,graduated,Ec^ --> Ec^^,DLSTM
Servlet,10,0.6906556171922851,graduated,Ec^ --> Ec^^,DLSTM
Servlet,11,0.6925012068329368,graduated,Ec^ --> Ec^^,DLSTM
Servlet,12,0.6953738588885401,graduated,Ec^ --> Ec^^,DLSTM
Servlet,13,0.6944340439657939,graduated,Ec^ --> Ec^^,DLSTM
Servlet,14,0.6929716412100458,graduated,Ec^ --> Ec^^,DLSTM
Servlet,15,0.69582433594296,graduated,Ec^ --> Ec^^,DLSTM
Servlet,16,0.6996375928573229,graduated,Ec^ --> Ec^^,DLSTM
Servlet,17,0.7006113914168717,graduated,Ec^ --> Ec^^,DLSTM
Servlet,18,0.7030900144531905,graduated,Ec^ --> Ec^^,DLSTM
Servlet,19,0.7055604936106878,graduated,Ec^ --> Ec^^,DLSTM
Servlet,20,0.7069504140148434,graduated,Ec^ --> Ec^^,DLSTM
Servlet,21,0.7054168035892876,graduated,Ec^ --> Ec^^,DLSTM
Servlet,22,0.7040675531965092,graduated,Ec^ --> Ec^^,DLSTM
Servlet,23,0.7043636573836326,graduated,Ec^ --> Ec^^,DLSTM
Servlet,24,0.7087285267768274,graduated,Ec^ --> Ec^^,DLSTM
Servlet,25,0.7100748059640941,graduated,Ec^ --> Ec^^,DLSTM
Servlet,26,0.7103957430215375,graduated,Ec^ --> Ec^^,DLSTM
Servlet,27,0.7108829635397935,graduated,Ec^ --> Ec^^,DLSTM
Servlet,28,0.7117731406350604,graduated,Ec^ --> Ec^^,DLSTM
Servlet,29,0.7121007933499489,graduated,Ec^ --> Ec^^,DLSTM
Servlet,30,0.7095020501255968,graduated,Ec^ --> Ec^^,DLSTM
Servlet,31,0.7080922367331338,graduated,Ec^ --> Ec^^,DLSTM
Servlet,32,0.6509140927631467,graduated,Ec^ --> Ec^^,DLSTM
ShellWax,1,0.6418253489399346,graduated,Ec^ --> Ec^^,DLSTM
ShellWax,2,0.7023449340890648,graduated,Ec^ --> Ec^^,DLSTM
ShellWax,3,0.7024101650145257,graduated,Ec^ --> Ec^^,DLSTM
ShellWax,4,0.7025312108971201,graduated,Ec^ --> Ec^^,DLSTM
ShellWax,5,0.7024162867815985,graduated,Ec^ --> Ec^^,DLSTM
ShellWax,6,0.7018335616588447,graduated,Ec^ --> Ec^^,DLSTM
ShellWax,7,0.702613397893542,graduated,Ec^ --> Ec^^,DLSTM
ShellWax,8,0.702865994877403,graduated,Ec^ --> Ec^^,DLSTM
ShellWax,9,0.7023678612016792,graduated,Ec^ --> Ec^^,DLSTM
ShellWax,10,0.7039000651107455,graduated,Ec^ --> Ec^^,DLSTM
ShellWax,11,0.7076055462534594,graduated,Ec^ --> Ec^^,DLSTM
ShellWax,12,0.7084746446303026,graduated,Ec^ --> Ec^^,DLSTM
ShellWax,13,0.6480273963543701,graduated,Ec^ --> Ec^^,DLSTM
Sirius,1,0.6374354744994845,graduated,Ec^ --> Ec^^,DLSTM
Sirius,2,0.696400213732965,graduated,Ec^ --> Ec^^,DLSTM
Sirius,3,0.6986886663973543,graduated,Ec^ --> Ec^^,DLSTM
Sirius,4,0.6981343874591374,graduated,Ec^ --> Ec^^,DLSTM
Sirius,5,0.6972478883168802,graduated,Ec^ --> Ec^^,DLSTM
Sirius,6,0.6373596248483908,graduated,Ec^ --> Ec^^,DLSTM
SmartHome,1,0.6393602129306202,retired,Ec^ --> Ec^^,DLSTM
SmartHome,2,0.7012525764511065,retired,Ec^ --> Ec^^,DLSTM
SmartHome,3,0.6998930173383864,retired,Ec^ --> Ec^^,DLSTM
SmartHome,4,0.700199367375373,retired,Ec^ --> Ec^^,DLSTM
SmartHome,5,0.7001867173974544,retired,Ec^ --> Ec^^,DLSTM
SmartHome,6,0.7007323110420381,retired,Ec^ --> Ec^^,DLSTM
SmartHome,7,0.7006052495253978,retired,Ec^ --> Ec^^,DLSTM
SmartHome,8,0.7003571246267153,retired,Ec^ --> Ec^^,DLSTM
SmartHome,9,0.7010126877329131,retired,Ec^ --> Ec^^,DLSTM
SmartHome,10,0.7008688263095979,retired,Ec^ --> Ec^^,DLSTM
SmartHome,11,0.7009595510112766,retired,Ec^ --> Ec^^,DLSTM
SmartHome,12,0.7006130697435122,retired,Ec^ --> Ec^^,DLSTM
SmartHome,13,0.6978956331595698,retired,Ec^ --> Ec^^,DLSTM
SmartHome,14,0.7005235277346953,retired,Ec^ --> Ec^^,DLSTM
SmartHome,15,0.7011097850224083,retired,Ec^ --> Ec^^,DLSTM
SmartHome,16,0.7014353895564942,retired,Ec^ --> Ec^^,DLSTM
SmartHome,17,0.7024856935893663,retired,Ec^ --> Ec^^,DLSTM
SmartHome,18,0.7026928697476229,retired,Ec^ --> Ec^^,DLSTM
SmartHome,19,0.7016962270093445,retired,Ec^ --> Ec^^,DLSTM
SmartHome,20,0.7016632129306273,retired,Ec^ --> Ec^^,DLSTM
SmartHome,21,0.6998424410852412,retired,Ec^ --> Ec^^,DLSTM
SmartHome,22,0.700713365221066,retired,Ec^ --> Ec^^,DLSTM
SmartHome,23,0.7012096723943302,retired,Ec^ --> Ec^^,DLSTM
SmartHome,24,0.7010571551503305,retired,Ec^ --> Ec^^,DLSTM
SmartHome,25,0.7018725628407102,retired,Ec^ --> Ec^^,DLSTM
SmartHome,26,0.7017658953943356,retired,Ec^ --> Ec^^,DLSTM
SmartHome,27,0.7012835875385415,retired,Ec^ --> Ec^^,DLSTM
SmartHome,28,0.7016542081959795,retired,Ec^ --> Ec^^,DLSTM
SmartHome,29,0.6996411256774363,retired,Ec^ --> Ec^^,DLSTM
SmartHome,30,0.7002080683041925,retired,Ec^ --> Ec^^,DLSTM
SmartHome,31,0.6802817336847644,retired,Ec^ --> Ec^^,DLSTM
SmartHome,32,0.6603118621566833,retired,Ec^ --> Ec^^,DLSTM
SmartHome,33,0.6411272060118107,retired,Ec^ --> Ec^^,DLSTM
SmartHome,34,0.6210239870506515,retired,Ec^ --> Ec^^,DLSTM
SmartHome,35,0.6005535379797532,retired,Ec^ --> Ec^^,DLSTM
SmartHome,36,0.5806318524115824,retired,Ec^ --> Ec^^,DLSTM
SmartHome,37,0.5691080735509658,retired,Ec^ --> Ec^^,DLSTM
SmartHome,38,0.5494428243929579,retired,Ec^ --> Ec^^,DLSTM
SmartHome,39,0.5298585512294285,retired,Ec^ --> Ec^^,DLSTM
SmartHome,40,0.5093455486537158,retired,Ec^ --> Ec^^,DLSTM
SmartHome,41,0.4003690210669101,retired,Ec^ --> Ec^^,DLSTM
SmartHome,42,0.309979287620305,retired,Ec^ --> Ec^^,DLSTM
SmartHome,43,0.2098106388181808,retired,Ec^ --> Ec^^,DLSTM
SmartHome,44,0.1098839948424039,retired,Ec^ --> Ec^^,DLSTM
SmartHome,45,0.0,retired,Ec^ --> Ec^^,DLSTM
SmartHome,46,0.0,retired,Ec^ --> Ec^^,DLSTM
SmartHome,47,0.0,retired,Ec^ --> Ec^^,DLSTM
SmartHome,48,0.0,retired,Ec^ --> Ec^^,DLSTM
SmartHome,49,0.0,retired,Ec^ --> Ec^^,DLSTM
SmartHome,50,0.0,retired,Ec^ --> Ec^^,DLSTM
SmartHome,51,0.0,retired,Ec^ --> Ec^^,DLSTM
SmartHome,52,0.0,retired,Ec^ --> Ec^^,DLSTM
SmartHome,53,0.0,retired,Ec^ --> Ec^^,DLSTM
Soteria,1,0.6251061487374293,graduated,Ec^ --> Ec^^,DLSTM
Soteria,2,0.6879242884834114,graduated,Ec^ --> Ec^^,DLSTM
Soteria,3,0.6816585879063949,graduated,Ec^ --> Ec^^,DLSTM
Soteria,4,0.687923182873708,graduated,Ec^ --> Ec^^,DLSTM
Soteria,5,0.6894860348464453,graduated,Ec^ --> Ec^^,DLSTM
Soteria,6,0.6910779833572672,graduated,Ec^ --> Ec^^,DLSTM
Soteria,7,0.6910864062858977,graduated,Ec^ --> Ec^^,DLSTM
Soteria,8,0.6903185268622304,graduated,Ec^ --> Ec^^,DLSTM
Soteria,9,0.6909445056907849,graduated,Ec^ --> Ec^^,DLSTM
Soteria,10,0.6944852782008246,graduated,Ec^ --> Ec^^,DLSTM
Soteria,11,0.694441400304524,graduated,Ec^ --> Ec^^,DLSTM
Soteria,12,0.6975464643858144,graduated,Ec^ --> Ec^^,DLSTM
Soteria,13,0.7003251202740944,graduated,Ec^ --> Ec^^,DLSTM
Soteria,14,0.7017404357340999,graduated,Ec^ --> Ec^^,DLSTM
Soteria,15,0.7015639247208671,graduated,Ec^ --> Ec^^,DLSTM
Soteria,16,0.7024548861844586,graduated,Ec^ --> Ec^^,DLSTM
Soteria,17,0.7022570702117001,graduated,Ec^ --> Ec^^,DLSTM
Soteria,18,0.7038690477271385,graduated,Ec^ --> Ec^^,DLSTM
Soteria,19,0.7052333093788468,graduated,Ec^ --> Ec^^,DLSTM
Soteria,20,0.7061582038767775,graduated,Ec^ --> Ec^^,DLSTM
Soteria,21,0.707906968853213,graduated,Ec^ --> Ec^^,DLSTM
Soteria,22,0.7102099237011377,graduated,Ec^ --> Ec^^,DLSTM
Soteria,23,0.7089069587747162,graduated,Ec^ --> Ec^^,DLSTM
Soteria,24,0.7098737413565227,graduated,Ec^ --> Ec^^,DLSTM
Soteria,25,0.7089465160099808,graduated,Ec^ --> Ec^^,DLSTM
Soteria,26,0.7101411733547579,graduated,Ec^ --> Ec^^,DLSTM
Soteria,27,0.7111422873895911,graduated,Ec^ --> Ec^^,DLSTM
Soteria,28,0.7117841214428401,graduated,Ec^ --> Ec^^,DLSTM
Soteria,29,0.7127136372716256,graduated,Ec^ --> Ec^^,DLSTM
Soteria,30,0.7127931494959042,graduated,Ec^ --> Ec^^,DLSTM
Soteria,31,0.713080163605609,graduated,Ec^ --> Ec^^,DLSTM
Soteria,32,0.651941071774256,graduated,Ec^ --> Ec^^,DLSTM
Spatial4j,1,0.6388849087559376,graduated,Ec^ --> Ec^^,DLSTM
Spatial4j,2,0.6969119570882062,graduated,Ec^ --> Ec^^,DLSTM
Spatial4j,3,0.6984745700135397,graduated,Ec^ --> Ec^^,DLSTM
Spatial4j,4,0.6974492931326314,graduated,Ec^ --> Ec^^,DLSTM
Spatial4j,5,0.6968979953298963,graduated,Ec^ --> Ec^^,DLSTM
Spatial4j,6,0.6965698574437001,graduated,Ec^ --> Ec^^,DLSTM
Spatial4j,7,0.6966267762138086,graduated,Ec^ --> Ec^^,DLSTM
Spatial4j,8,0.6973766003123282,graduated,Ec^ --> Ec^^,DLSTM
Spatial4j,9,0.697020528990341,graduated,Ec^ --> Ec^^,DLSTM
Spatial4j,10,0.7007604965030527,graduated,Ec^ --> Ec^^,DLSTM
Spatial4j,11,0.702605907949313,graduated,Ec^ --> Ec^^,DLSTM
Spatial4j,12,0.7035361837488076,graduated,Ec^ --> Ec^^,DLSTM
Spatial4j,13,0.7049675694586395,graduated,Ec^ --> Ec^^,DLSTM
Spatial4j,14,0.7052601694667828,graduated,Ec^ --> Ec^^,DLSTM
Spatial4j,15,0.7064252012283323,graduated,Ec^ --> Ec^^,DLSTM
Spatial4j,16,0.7067769311852424,graduated,Ec^ --> Ec^^,DLSTM
Spatial4j,17,0.7061634786018496,graduated,Ec^ --> Ec^^,DLSTM
Spatial4j,18,0.7080996492169433,graduated,Ec^ --> Ec^^,DLSTM
Spatial4j,19,0.7092816682456354,graduated,Ec^ --> Ec^^,DLSTM
Spatial4j,20,0.7098476613077574,graduated,Ec^ --> Ec^^,DLSTM
Spatial4j,21,0.7106050183994017,graduated,Ec^ --> Ec^^,DLSTM
Spatial4j,22,0.7108684376270223,graduated,Ec^ --> Ec^^,DLSTM
Spatial4j,23,0.7117584189850067,graduated,Ec^ --> Ec^^,DLSTM
Spatial4j,24,0.7120568242869721,graduated,Ec^ --> Ec^^,DLSTM
Spatial4j,25,0.711528899058412,graduated,Ec^ --> Ec^^,DLSTM
Spatial4j,26,0.7124498261485264,graduated,Ec^ --> Ec^^,DLSTM
Spatial4j,27,0.7129969138614297,graduated,Ec^ --> Ec^^,DLSTM
Spatial4j,28,0.7142360894231625,graduated,Ec^ --> Ec^^,DLSTM
Spatial4j,29,0.7144406652402931,graduated,Ec^ --> Ec^^,DLSTM
Spatial4j,30,0.7141176712872991,graduated,Ec^ --> Ec^^,DLSTM
Spatial4j,31,0.7150414323402714,graduated,Ec^ --> Ec^^,DLSTM
Spatial4j,32,0.7145290323205178,graduated,Ec^ --> Ec^^,DLSTM
Spatial4j,33,0.7145522118889917,graduated,Ec^ --> Ec^^,DLSTM
Spatial4j,34,0.653955854831405,graduated,Ec^ --> Ec^^,DLSTM
Sprotty,1,0.6226682889025472,graduated,Ec^ --> Ec^^,DLSTM
Sprotty,2,0.683707863397845,graduated,Ec^ --> Ec^^,DLSTM
Sprotty,3,0.6860160836984959,graduated,Ec^ --> Ec^^,DLSTM
Sprotty,4,0.6855709835482643,graduated,Ec^ --> Ec^^,DLSTM
Sprotty,5,0.6879405275544382,graduated,Ec^ --> Ec^^,DLSTM
Sprotty,6,0.691259655093282,graduated,Ec^ --> Ec^^,DLSTM
Sprotty,7,0.687309616986759,graduated,Ec^ --> Ec^^,DLSTM
Sprotty,8,0.6849199218374641,graduated,Ec^ --> Ec^^,DLSTM
Sprotty,9,0.6887921884213065,graduated,Ec^ --> Ec^^,DLSTM
Sprotty,10,0.6891235744250979,graduated,Ec^ --> Ec^^,DLSTM
Sprotty,11,0.689200465248974,graduated,Ec^ --> Ec^^,DLSTM
Sprotty,12,0.6928134776240842,graduated,Ec^ --> Ec^^,DLSTM
Sprotty,13,0.6941900689742251,graduated,Ec^ --> Ec^^,DLSTM
Sprotty,14,0.6934626576772548,graduated,Ec^ --> Ec^^,DLSTM
Sprotty,15,0.6913673615226321,graduated,Ec^ --> Ec^^,DLSTM
Sprotty,16,0.6926657251695301,graduated,Ec^ --> Ec^^,DLSTM
Sprotty,17,0.6951678321463884,graduated,Ec^ --> Ec^^,DLSTM
Sprotty,18,0.6928544141396853,graduated,Ec^ --> Ec^^,DLSTM
Sprotty,19,0.6934164267835996,graduated,Ec^ --> Ec^^,DLSTM
Sprotty,20,0.694537334307963,graduated,Ec^ --> Ec^^,DLSTM
Sprotty,21,0.695991291687713,graduated,Ec^ --> Ec^^,DLSTM
Sprotty,22,0.6950633727427398,graduated,Ec^ --> Ec^^,DLSTM
Sprotty,23,0.6960877423441011,graduated,Ec^ --> Ec^^,DLSTM
Sprotty,24,0.6946480123147866,graduated,Ec^ --> Ec^^,DLSTM
Sprotty,25,0.6962112587670365,graduated,Ec^ --> Ec^^,DLSTM
Sprotty,26,0.6962513528936897,graduated,Ec^ --> Ec^^,DLSTM
Sprotty,27,0.697444895579369,graduated,Ec^ --> Ec^^,DLSTM
Sprotty,28,0.6978734940564486,graduated,Ec^ --> Ec^^,DLSTM
Sprotty,29,0.6989887641563115,graduated,Ec^ --> Ec^^,DLSTM
Sprotty,30,0.6987442348939297,graduated,Ec^ --> Ec^^,DLSTM
Sprotty,31,0.698930372456714,graduated,Ec^ --> Ec^^,DLSTM
Sprotty,32,0.6993470458650229,graduated,Ec^ --> Ec^^,DLSTM
Sprotty,33,0.7009529972105859,graduated,Ec^ --> Ec^^,DLSTM
Sprotty,34,0.7018440331842863,graduated,Ec^ --> Ec^^,DLSTM
Sprotty,35,0.7020055954824711,graduated,Ec^ --> Ec^^,DLSTM
Sprotty,36,0.7028120203512084,graduated,Ec^ --> Ec^^,DLSTM
Sprotty,37,0.7038351782495057,graduated,Ec^ --> Ec^^,DLSTM
Sprotty,38,0.7037608682416104,graduated,Ec^ --> Ec^^,DLSTM
Sprotty,39,0.7062550424660002,graduated,Ec^ --> Ec^^,DLSTM
Sprotty,40,0.7052238254862914,graduated,Ec^ --> Ec^^,DLSTM
Sprotty,41,0.7054414167135533,graduated,Ec^ --> Ec^^,DLSTM
Sprotty,42,0.7049643355010307,graduated,Ec^ --> Ec^^,DLSTM
Sprotty,43,0.7047398741297254,graduated,Ec^ --> Ec^^,DLSTM
Sprotty,44,0.7049734462145048,graduated,Ec^ --> Ec^^,DLSTM
Sprotty,45,0.706399162327058,graduated,Ec^ --> Ec^^,DLSTM
Sprotty,46,0.7066285864268224,graduated,Ec^ --> Ec^^,DLSTM
Sprotty,47,0.7076589816967032,graduated,Ec^ --> Ec^^,DLSTM
Sprotty,48,0.7065376713167627,graduated,Ec^ --> Ec^^,DLSTM
Sprotty,49,0.7076356965944363,graduated,Ec^ --> Ec^^,DLSTM
Sprotty,50,0.707590524741402,graduated,Ec^ --> Ec^^,DLSTM
Sprotty,51,0.708486143156828,graduated,Ec^ --> Ec^^,DLSTM
Sprotty,52,0.7093338346921707,graduated,Ec^ --> Ec^^,DLSTM
Sprotty,53,0.709330965201582,graduated,Ec^ --> Ec^^,DLSTM
Sprotty,54,0.7102061940337838,graduated,Ec^ --> Ec^^,DLSTM
Sprotty,55,0.7109783038951812,graduated,Ec^ --> Ec^^,DLSTM
Sprotty,56,0.7089840806233312,graduated,Ec^ --> Ec^^,DLSTM
Sprotty,57,0.7106661070401428,graduated,Ec^ --> Ec^^,DLSTM
Sprotty,58,0.7084700027369438,graduated,Ec^ --> Ec^^,DLSTM
Sprotty,59,0.7077083864869331,graduated,Ec^ --> Ec^^,DLSTM
Sprotty,60,0.6468022790518676,graduated,Ec^ --> Ec^^,DLSTM
Stable APIs,1,0.622415748732103,graduated,Ec^ --> Ec^^,DLSTM
Stable APIs,2,0.6835149270534888,graduated,Ec^ --> Ec^^,DLSTM
Stable APIs,3,0.6835191881487865,graduated,Ec^ --> Ec^^,DLSTM
Stable APIs,4,0.6843930904781526,graduated,Ec^ --> Ec^^,DLSTM
Stable APIs,5,0.6864734835430364,graduated,Ec^ --> Ec^^,DLSTM
Stable APIs,6,0.6846898513350715,graduated,Ec^ --> Ec^^,DLSTM
Stable APIs,7,0.6848140006937379,graduated,Ec^ --> Ec^^,DLSTM
Stable APIs,8,0.6871783015067234,graduated,Ec^ --> Ec^^,DLSTM
Stable APIs,9,0.6882971302400114,graduated,Ec^ --> Ec^^,DLSTM
Stable APIs,10,0.6901957909461086,graduated,Ec^ --> Ec^^,DLSTM
Stable APIs,11,0.6914340319420016,graduated,Ec^ --> Ec^^,DLSTM
Stable APIs,12,0.6941397537238182,graduated,Ec^ --> Ec^^,DLSTM
Stable APIs,13,0.696210388974711,graduated,Ec^ --> Ec^^,DLSTM
Stable APIs,14,0.6958394334333878,graduated,Ec^ --> Ec^^,DLSTM
Stable APIs,15,0.701549823886691,graduated,Ec^ --> Ec^^,DLSTM
Stable APIs,16,0.7021598526553724,graduated,Ec^ --> Ec^^,DLSTM
Stable APIs,17,0.7000785119515625,graduated,Ec^ --> Ec^^,DLSTM
Stable APIs,18,0.6999059270117445,graduated,Ec^ --> Ec^^,DLSTM
Stable APIs,19,0.7002375643844102,graduated,Ec^ --> Ec^^,DLSTM
Stable APIs,20,0.7018903698678486,graduated,Ec^ --> Ec^^,DLSTM
Stable APIs,21,0.6433390772451841,graduated,Ec^ --> Ec^^,DLSTM
Standard Tag Library,1,0.6223117327582262,graduated,Ec^ --> Ec^^,DLSTM
Standard Tag Library,2,0.6842422374718196,graduated,Ec^ --> Ec^^,DLSTM
Standard Tag Library,3,0.6845972671333382,graduated,Ec^ --> Ec^^,DLSTM
Standard Tag Library,4,0.684264806869386,graduated,Ec^ --> Ec^^,DLSTM
Standard Tag Library,5,0.6841447648593154,graduated,Ec^ --> Ec^^,DLSTM
Standard Tag Library,6,0.6853235240159318,graduated,Ec^ --> Ec^^,DLSTM
Standard Tag Library,7,0.6840915303143464,graduated,Ec^ --> Ec^^,DLSTM
Standard Tag Library,8,0.6839839539656516,graduated,Ec^ --> Ec^^,DLSTM
Standard Tag Library,9,0.6872624151067547,graduated,Ec^ --> Ec^^,DLSTM
Standard Tag Library,10,0.690082097905335,graduated,Ec^ --> Ec^^,DLSTM
Standard Tag Library,11,0.6915826783495285,graduated,Ec^ --> Ec^^,DLSTM
Standard Tag Library,12,0.6918311749706108,graduated,Ec^ --> Ec^^,DLSTM
Standard Tag Library,13,0.6955169902052102,graduated,Ec^ --> Ec^^,DLSTM
Standard Tag Library,14,0.696230271448766,graduated,Ec^ --> Ec^^,DLSTM
Standard Tag Library,15,0.6963751098864825,graduated,Ec^ --> Ec^^,DLSTM
Standard Tag Library,16,0.6973978300274271,graduated,Ec^ --> Ec^^,DLSTM
Standard Tag Library,17,0.699219977844742,graduated,Ec^ --> Ec^^,DLSTM
Standard Tag Library,18,0.7008831087334942,graduated,Ec^ --> Ec^^,DLSTM
Standard Tag Library,19,0.7010269587801297,graduated,Ec^ --> Ec^^,DLSTM
Standard Tag Library,20,0.6982984298743791,graduated,Ec^ --> Ec^^,DLSTM
Standard Tag Library,21,0.7035397665470823,graduated,Ec^ --> Ec^^,DLSTM
Standard Tag Library,22,0.7041120685595703,graduated,Ec^ --> Ec^^,DLSTM
Standard Tag Library,23,0.7008132710936968,graduated,Ec^ --> Ec^^,DLSTM
Standard Tag Library,24,0.7037535660133319,graduated,Ec^ --> Ec^^,DLSTM
Standard Tag Library,25,0.7069586299510362,graduated,Ec^ --> Ec^^,DLSTM
Standard Tag Library,26,0.708041086337377,graduated,Ec^ --> Ec^^,DLSTM
Standard Tag Library,27,0.7075637693450756,graduated,Ec^ --> Ec^^,DLSTM
Standard Tag Library,28,0.704876755754265,graduated,Ec^ --> Ec^^,DLSTM
Standard Tag Library,29,0.7109489574533018,graduated,Ec^ --> Ec^^,DLSTM
Standard Tag Library,30,0.6498517418786701,graduated,Ec^ --> Ec^^,DLSTM
Temurin,1,0.6256260114676615,graduated,Ec^ --> Ec^^,DLSTM
Temurin,2,0.6889644809395296,graduated,Ec^ --> Ec^^,DLSTM
Temurin,3,0.6974652545926459,graduated,Ec^ --> Ec^^,DLSTM
Temurin,4,0.6998504064550871,graduated,Ec^ --> Ec^^,DLSTM
Temurin,5,0.7009784216212148,graduated,Ec^ --> Ec^^,DLSTM
Temurin,6,0.6998521308919234,graduated,Ec^ --> Ec^^,DLSTM
Temurin,7,0.7016762338735038,graduated,Ec^ --> Ec^^,DLSTM
Temurin,8,0.7006010232314799,graduated,Ec^ --> Ec^^,DLSTM
Temurin,9,0.699626229029521,graduated,Ec^ --> Ec^^,DLSTM
Temurin,10,0.6409065668560032,graduated,Ec^ --> Ec^^,DLSTM
Theia,1,0.6404027580710728,graduated,Ec^ --> Ec^^,DLSTM
Theia,2,0.6998805225302985,graduated,Ec^ --> Ec^^,DLSTM
Theia,3,0.700108315539408,graduated,Ec^ --> Ec^^,DLSTM
Theia,4,0.6998859096834901,graduated,Ec^ --> Ec^^,DLSTM
Theia,5,0.7001079140121531,graduated,Ec^ --> Ec^^,DLSTM
Theia,6,0.7000724473184501,graduated,Ec^ --> Ec^^,DLSTM
Theia,7,0.7000895363998935,graduated,Ec^ --> Ec^^,DLSTM
Theia,8,0.7001656519384382,graduated,Ec^ --> Ec^^,DLSTM
Theia,9,0.7004243954137677,graduated,Ec^ --> Ec^^,DLSTM
Theia,10,0.700796443865706,graduated,Ec^ --> Ec^^,DLSTM
Theia,11,0.7009687571407235,graduated,Ec^ --> Ec^^,DLSTM
Theia,12,0.701020024073617,graduated,Ec^ --> Ec^^,DLSTM
Theia,13,0.7010324946478842,graduated,Ec^ --> Ec^^,DLSTM
Theia,14,0.701133938734647,graduated,Ec^ --> Ec^^,DLSTM
Theia,15,0.7025300556966034,graduated,Ec^ --> Ec^^,DLSTM
Theia,16,0.7007814340418203,graduated,Ec^ --> Ec^^,DLSTM
Theia,17,0.701235311109831,graduated,Ec^ --> Ec^^,DLSTM
Theia,18,0.7021867163380829,graduated,Ec^ --> Ec^^,DLSTM
Theia,19,0.7014487561568843,graduated,Ec^ --> Ec^^,DLSTM
Theia,20,0.701283199723138,graduated,Ec^ --> Ec^^,DLSTM
Theia,21,0.7012777733224311,graduated,Ec^ --> Ec^^,DLSTM
Theia,22,0.7016883997988149,graduated,Ec^ --> Ec^^,DLSTM
Theia,23,0.6420298732811338,graduated,Ec^ --> Ec^^,DLSTM
Tools for Cloud Foundry,1,0.6353463908100326,graduated,Ec^ --> Ec^^,DLSTM
Tools for Cloud Foundry,2,0.69221234999263,graduated,Ec^ --> Ec^^,DLSTM
Tools for Cloud Foundry,3,0.6883605579168262,graduated,Ec^ --> Ec^^,DLSTM
Tools for Cloud Foundry,4,0.6927574673716353,graduated,Ec^ --> Ec^^,DLSTM
Tools for Cloud Foundry,5,0.6911209210055448,graduated,Ec^ --> Ec^^,DLSTM
Tools for Cloud Foundry,6,0.6859050893518471,graduated,Ec^ --> Ec^^,DLSTM
Tools for Cloud Foundry,7,0.6350812336343453,graduated,Ec^ --> Ec^^,DLSTM
Tools for Faces,1,0.6442917256153889,graduated,Ec^ --> Ec^^,DLSTM
Tools for Faces,2,0.7055804810771079,graduated,Ec^ --> Ec^^,DLSTM
Tools for Faces,3,0.7061947748398952,graduated,Ec^ --> Ec^^,DLSTM
Tools for Faces,4,0.706163444537372,graduated,Ec^ --> Ec^^,DLSTM
Tools for Faces,5,0.7122856234417949,graduated,Ec^ --> Ec^^,DLSTM
Tools for Faces,6,0.7121523880728259,graduated,Ec^ --> Ec^^,DLSTM
Tools for Faces,7,0.7122380698032524,graduated,Ec^ --> Ec^^,DLSTM
Tools for Faces,8,0.7098525683303236,graduated,Ec^ --> Ec^^,DLSTM
Tools for Faces,9,0.707945907464135,graduated,Ec^ --> Ec^^,DLSTM
Tools for Faces,10,0.7096044011616347,graduated,Ec^ --> Ec^^,DLSTM
Tools for Faces,11,0.7109988417963349,graduated,Ec^ --> Ec^^,DLSTM
Tools for Faces,12,0.7128423897324468,graduated,Ec^ --> Ec^^,DLSTM
Tools for Faces,13,0.7114696138068397,graduated,Ec^ --> Ec^^,DLSTM
Tools for Faces,14,0.6500459044110474,graduated,Ec^ --> Ec^^,DLSTM
Trace Compass,1,0.6401674406960516,graduated,Ec^ --> Ec^^,DLSTM
Trace Compass,2,0.7023779394340479,graduated,Ec^ --> Ec^^,DLSTM
Trace Compass,3,0.7023817053509813,graduated,Ec^ --> Ec^^,DLSTM
Trace Compass,4,0.7021809690823774,graduated,Ec^ --> Ec^^,DLSTM
Trace Compass,5,0.7025741541037106,graduated,Ec^ --> Ec^^,DLSTM
Trace Compass,6,0.7023243064017262,graduated,Ec^ --> Ec^^,DLSTM
Trace Compass,7,0.7024957624663758,graduated,Ec^ --> Ec^^,DLSTM
Trace Compass,8,0.7015527495582514,graduated,Ec^ --> Ec^^,DLSTM
Trace Compass,9,0.6413519500742622,graduated,Ec^ --> Ec^^,DLSTM
Transactions,1,0.6318074873310711,graduated,Ec^ --> Ec^^,DLSTM
Transactions,2,0.6914962069115255,graduated,Ec^ --> Ec^^,DLSTM
Transactions,3,0.6916137731351106,graduated,Ec^ --> Ec^^,DLSTM
Transactions,4,0.6919157780176567,graduated,Ec^ --> Ec^^,DLSTM
Transactions,5,0.6916113824904117,graduated,Ec^ --> Ec^^,DLSTM
Transactions,6,0.6887945603428888,graduated,Ec^ --> Ec^^,DLSTM
Transactions,7,0.6924841326688147,graduated,Ec^ --> Ec^^,DLSTM
Transactions,8,0.693058990404854,graduated,Ec^ --> Ec^^,DLSTM
Transactions,9,0.6934035855081522,graduated,Ec^ --> Ec^^,DLSTM
Transactions,10,0.6986469250995938,graduated,Ec^ --> Ec^^,DLSTM
Transactions,11,0.7005353581752519,graduated,Ec^ --> Ec^^,DLSTM
Transactions,12,0.7026187080205768,graduated,Ec^ --> Ec^^,DLSTM
Transactions,13,0.7047922037656058,graduated,Ec^ --> Ec^^,DLSTM
Transactions,14,0.7042067286550046,graduated,Ec^ --> Ec^^,DLSTM
Transactions,15,0.7065267020240423,graduated,Ec^ --> Ec^^,DLSTM
Transactions,16,0.707001770049971,graduated,Ec^ --> Ec^^,DLSTM
Transactions,17,0.7073228700155036,graduated,Ec^ --> Ec^^,DLSTM
Transactions,18,0.7101939556298508,graduated,Ec^ --> Ec^^,DLSTM
Transactions,19,0.7107241344982799,graduated,Ec^ --> Ec^^,DLSTM
Transactions,20,0.7120555233567581,graduated,Ec^ --> Ec^^,DLSTM
Transactions,21,0.7122817193399648,graduated,Ec^ --> Ec^^,DLSTM
Transactions,22,0.7117466462750062,graduated,Ec^ --> Ec^^,DLSTM
Transactions,23,0.7134709764002276,graduated,Ec^ --> Ec^^,DLSTM
Transactions,24,0.7147020006321,graduated,Ec^ --> Ec^^,DLSTM
Transactions,25,0.7146298510286561,graduated,Ec^ --> Ec^^,DLSTM
Transactions,26,0.7168933212895736,graduated,Ec^ --> Ec^^,DLSTM
Transactions,27,0.7162446004559002,graduated,Ec^ --> Ec^^,DLSTM
Transactions,28,0.7171429702176115,graduated,Ec^ --> Ec^^,DLSTM
Transactions,29,0.716674543299403,graduated,Ec^ --> Ec^^,DLSTM
Transactions,30,0.7127794450704918,graduated,Ec^ --> Ec^^,DLSTM
Transactions,31,0.7172463733817457,graduated,Ec^ --> Ec^^,DLSTM
Transactions,32,0.7188064774511738,graduated,Ec^ --> Ec^^,DLSTM
Transactions,33,0.7189015757504903,graduated,Ec^ --> Ec^^,DLSTM
Transactions,34,0.6580812808152632,graduated,Ec^ --> Ec^^,DLSTM
Tyrus,1,0.622109410446588,graduated,Ec^ --> Ec^^,DLSTM
Tyrus,2,0.683390190116538,graduated,Ec^ --> Ec^^,DLSTM
Tyrus,3,0.6849953616152268,graduated,Ec^ --> Ec^^,DLSTM
Tyrus,4,0.6842496727721816,graduated,Ec^ --> Ec^^,DLSTM
Tyrus,5,0.6835778879967329,graduated,Ec^ --> Ec^^,DLSTM
Tyrus,6,0.6830696258338459,graduated,Ec^ --> Ec^^,DLSTM
Tyrus,7,0.6842013420158874,graduated,Ec^ --> Ec^^,DLSTM
Tyrus,8,0.6850891206597056,graduated,Ec^ --> Ec^^,DLSTM
Tyrus,9,0.6882654811973699,graduated,Ec^ --> Ec^^,DLSTM
Tyrus,10,0.6906193761806154,graduated,Ec^ --> Ec^^,DLSTM
Tyrus,11,0.693098256658609,graduated,Ec^ --> Ec^^,DLSTM
Tyrus,12,0.693421175063841,graduated,Ec^ --> Ec^^,DLSTM
Tyrus,13,0.6960292504104029,graduated,Ec^ --> Ec^^,DLSTM
Tyrus,14,0.6961940826688023,graduated,Ec^ --> Ec^^,DLSTM
Tyrus,15,0.6977517513598281,graduated,Ec^ --> Ec^^,DLSTM
Tyrus,16,0.699187236978069,graduated,Ec^ --> Ec^^,DLSTM
Tyrus,17,0.701107639917939,graduated,Ec^ --> Ec^^,DLSTM
Tyrus,18,0.7023033080342785,graduated,Ec^ --> Ec^^,DLSTM
Tyrus,19,0.7031801448053483,graduated,Ec^ --> Ec^^,DLSTM
Tyrus,20,0.703572210802707,graduated,Ec^ --> Ec^^,DLSTM
Tyrus,21,0.7041402382173757,graduated,Ec^ --> Ec^^,DLSTM
Tyrus,22,0.704384315514768,graduated,Ec^ --> Ec^^,DLSTM
Tyrus,23,0.7059432349639938,graduated,Ec^ --> Ec^^,DLSTM
Tyrus,24,0.707312886266805,graduated,Ec^ --> Ec^^,DLSTM
Tyrus,25,0.708349479495254,graduated,Ec^ --> Ec^^,DLSTM
Tyrus,26,0.7086217406245137,graduated,Ec^ --> Ec^^,DLSTM
Tyrus,27,0.7092736696054596,graduated,Ec^ --> Ec^^,DLSTM
Tyrus,28,0.7103873507461974,graduated,Ec^ --> Ec^^,DLSTM
Tyrus,29,0.7094552406992548,graduated,Ec^ --> Ec^^,DLSTM
Tyrus,30,0.709870352614187,graduated,Ec^ --> Ec^^,DLSTM
Tyrus,31,0.7112721902869018,graduated,Ec^ --> Ec^^,DLSTM
Tyrus,32,0.7114691093712096,graduated,Ec^ --> Ec^^,DLSTM
Tyrus,33,0.7128083551973305,graduated,Ec^ --> Ec^^,DLSTM
Tyrus,34,0.7129418575433291,graduated,Ec^ --> Ec^^,DLSTM
Tyrus,35,0.7133181901200685,graduated,Ec^ --> Ec^^,DLSTM
Tyrus,36,0.7132794228373025,graduated,Ec^ --> Ec^^,DLSTM
Tyrus,37,0.6515824650589161,graduated,Ec^ --> Ec^^,DLSTM
VIATRA,1,0.6460838544506398,graduated,Ec^ --> Ec^^,DLSTM
VIATRA,2,0.713482682844045,graduated,Ec^ --> Ec^^,DLSTM
VIATRA,3,0.7142527949035568,graduated,Ec^ --> Ec^^,DLSTM
VIATRA,4,0.7144917756250152,graduated,Ec^ --> Ec^^,DLSTM
VIATRA,5,0.7140552810393773,graduated,Ec^ --> Ec^^,DLSTM
VIATRA,6,0.712218530273824,graduated,Ec^ --> Ec^^,DLSTM
VIATRA,7,0.7053831472437685,graduated,Ec^ --> Ec^^,DLSTM
VIATRA,8,0.7126578504918478,graduated,Ec^ --> Ec^^,DLSTM
VIATRA,9,0.7139932293442912,graduated,Ec^ --> Ec^^,DLSTM
VIATRA,10,0.7141105535324744,graduated,Ec^ --> Ec^^,DLSTM
VIATRA,11,0.7148289665207928,graduated,Ec^ --> Ec^^,DLSTM
VIATRA,12,0.7144360376905534,graduated,Ec^ --> Ec^^,DLSTM
VIATRA,13,0.7143379979393205,graduated,Ec^ --> Ec^^,DLSTM
VIATRA,14,0.7128786201560087,graduated,Ec^ --> Ec^^,DLSTM
VIATRA,15,0.7056369080266691,graduated,Ec^ --> Ec^^,DLSTM
VIATRA,16,0.7122002282744618,graduated,Ec^ --> Ec^^,DLSTM
VIATRA,17,0.7136423311962797,graduated,Ec^ --> Ec^^,DLSTM
VIATRA,18,0.7091408529352653,graduated,Ec^ --> Ec^^,DLSTM
VIATRA,19,0.713503646680169,graduated,Ec^ --> Ec^^,DLSTM
VIATRA,20,0.7139926253053626,graduated,Ec^ --> Ec^^,DLSTM
VIATRA,21,0.7141165583689948,graduated,Ec^ --> Ec^^,DLSTM
VIATRA,22,0.7129306727165736,graduated,Ec^ --> Ec^^,DLSTM
VIATRA,23,0.7090024293130323,graduated,Ec^ --> Ec^^,DLSTM
VIATRA,24,0.7115956063781737,graduated,Ec^ --> Ec^^,DLSTM
VIATRA,25,0.7117912761940433,graduated,Ec^ --> Ec^^,DLSTM
VIATRA,26,0.7079677983432299,graduated,Ec^ --> Ec^^,DLSTM
VIATRA,27,0.7105846378149678,graduated,Ec^ --> Ec^^,DLSTM
VIATRA,28,0.7106144497203464,graduated,Ec^ --> Ec^^,DLSTM
VIATRA,29,0.7099866405188229,graduated,Ec^ --> Ec^^,DLSTM
VIATRA,30,0.7090235573868504,graduated,Ec^ --> Ec^^,DLSTM
VIATRA,31,0.6455807209747871,graduated,Ec^ --> Ec^^,DLSTM
Validation,1,0.6322522993071098,graduated,Ec^ --> Ec^^,DLSTM
Validation,2,0.6849394660594897,graduated,Ec^ --> Ec^^,DLSTM
Validation,3,0.6829238381190104,graduated,Ec^ --> Ec^^,DLSTM
Validation,4,0.6832958639761876,graduated,Ec^ --> Ec^^,DLSTM
Validation,5,0.6834667409113482,graduated,Ec^ --> Ec^^,DLSTM
Validation,6,0.6827387577679289,graduated,Ec^ --> Ec^^,DLSTM
Validation,7,0.684801779925279,graduated,Ec^ --> Ec^^,DLSTM
Validation,8,0.6808518000770042,graduated,Ec^ --> Ec^^,DLSTM
Validation,9,0.6816206118508842,graduated,Ec^ --> Ec^^,DLSTM
Validation,10,0.6836899275344861,graduated,Ec^ --> Ec^^,DLSTM
Validation,11,0.6845189890500291,graduated,Ec^ --> Ec^^,DLSTM
Validation,12,0.684661056959704,graduated,Ec^ --> Ec^^,DLSTM
Validation,13,0.6853534963152713,graduated,Ec^ --> Ec^^,DLSTM
Validation,14,0.6856955101051524,graduated,Ec^ --> Ec^^,DLSTM
Validation,15,0.6857640960060929,graduated,Ec^ --> Ec^^,DLSTM
Validation,16,0.6834320345476407,graduated,Ec^ --> Ec^^,DLSTM
Validation,17,0.6853579155004221,graduated,Ec^ --> Ec^^,DLSTM
Validation,18,0.6285674234430161,graduated,Ec^ --> Ec^^,DLSTM
Virgo,1,0.6300150057271444,graduated,Ec^ --> Ec^^,DLSTM
Virgo,2,0.6907470896071091,graduated,Ec^ --> Ec^^,DLSTM
Virgo,3,0.6875536532174248,graduated,Ec^ --> Ec^^,DLSTM
Virgo,4,0.6826165294500216,graduated,Ec^ --> Ec^^,DLSTM
Virgo,5,0.6868654369038932,graduated,Ec^ --> Ec^^,DLSTM
Virgo,6,0.6816325207598145,graduated,Ec^ --> Ec^^,DLSTM
Virgo,7,0.6813806563208488,graduated,Ec^ --> Ec^^,DLSTM
Virgo,8,0.6832336480715013,graduated,Ec^ --> Ec^^,DLSTM
Virgo,9,0.6936045849292534,graduated,Ec^ --> Ec^^,DLSTM
Virgo,10,0.696274242197117,graduated,Ec^ --> Ec^^,DLSTM
Virgo,11,0.6924529443822114,graduated,Ec^ --> Ec^^,DLSTM
Virgo,12,0.6958768783515258,graduated,Ec^ --> Ec^^,DLSTM
Virgo,13,0.6966835009001967,graduated,Ec^ --> Ec^^,DLSTM
Virgo,14,0.696562884855771,graduated,Ec^ --> Ec^^,DLSTM
Virgo,15,0.6940619255315036,graduated,Ec^ --> Ec^^,DLSTM
Virgo,16,0.6942276818068641,graduated,Ec^ --> Ec^^,DLSTM
Virgo,17,0.6368672057650504,graduated,Ec^ --> Ec^^,DLSTM
WTP Java EE Tools,1,0.6367198404328529,graduated,Ec^ --> Ec^^,DLSTM
WTP Java EE Tools,2,0.6999023433611591,graduated,Ec^ --> Ec^^,DLSTM
WTP Java EE Tools,3,0.6955595812297333,graduated,Ec^ --> Ec^^,DLSTM
WTP Java EE Tools,4,0.6965210343426311,graduated,Ec^ --> Ec^^,DLSTM
WTP Java EE Tools,5,0.700674551178872,graduated,Ec^ --> Ec^^,DLSTM
WTP Java EE Tools,6,0.7003089813046911,graduated,Ec^ --> Ec^^,DLSTM
WTP Java EE Tools,7,0.697800277513916,graduated,Ec^ --> Ec^^,DLSTM
WTP Java EE Tools,8,0.6998914800993641,graduated,Ec^ --> Ec^^,DLSTM
WTP Java EE Tools,9,0.7006924952596091,graduated,Ec^ --> Ec^^,DLSTM
WTP Java EE Tools,10,0.6997353922657374,graduated,Ec^ --> Ec^^,DLSTM
WTP Java EE Tools,11,0.7008912690035043,graduated,Ec^ --> Ec^^,DLSTM
WTP Java EE Tools,12,0.6992780490432702,graduated,Ec^ --> Ec^^,DLSTM
WTP Java EE Tools,13,0.6979302623478708,graduated,Ec^ --> Ec^^,DLSTM
WTP Java EE Tools,14,0.6978321328948707,graduated,Ec^ --> Ec^^,DLSTM
WTP Java EE Tools,15,0.6969912645649028,graduated,Ec^ --> Ec^^,DLSTM
WTP Java EE Tools,16,0.6966887683884444,graduated,Ec^ --> Ec^^,DLSTM
WTP Java EE Tools,17,0.6985016649660517,graduated,Ec^ --> Ec^^,DLSTM
WTP Java EE Tools,18,0.6984878746129763,graduated,Ec^ --> Ec^^,DLSTM
WTP Java EE Tools,19,0.7003678208012611,graduated,Ec^ --> Ec^^,DLSTM
WTP Java EE Tools,20,0.698045141372802,graduated,Ec^ --> Ec^^,DLSTM
WTP Java EE Tools,21,0.6980598696945345,graduated,Ec^ --> Ec^^,DLSTM
WTP Java EE Tools,22,0.698210921272395,graduated,Ec^ --> Ec^^,DLSTM
WTP Java EE Tools,23,0.6989916930894058,graduated,Ec^ --> Ec^^,DLSTM
WTP Java EE Tools,24,0.6988681181491869,graduated,Ec^ --> Ec^^,DLSTM
WTP Java EE Tools,25,0.6992141158627684,graduated,Ec^ --> Ec^^,DLSTM
WTP Java EE Tools,26,0.6995609794519618,graduated,Ec^ --> Ec^^,DLSTM
WTP Java EE Tools,27,0.7001716898788777,graduated,Ec^ --> Ec^^,DLSTM
WTP Java EE Tools,28,0.6997090115964338,graduated,Ec^ --> Ec^^,DLSTM
WTP Java EE Tools,29,0.701274587532776,graduated,Ec^ --> Ec^^,DLSTM
WTP Java EE Tools,30,0.7013813784701305,graduated,Ec^ --> Ec^^,DLSTM
WTP Java EE Tools,31,0.7041112570433778,graduated,Ec^ --> Ec^^,DLSTM
WTP Java EE Tools,32,0.7052532178909806,graduated,Ec^ --> Ec^^,DLSTM
WTP Java EE Tools,33,0.7040456180956071,graduated,Ec^ --> Ec^^,DLSTM
WTP Java EE Tools,34,0.7040169573557907,graduated,Ec^ --> Ec^^,DLSTM
WTP Java EE Tools,35,0.7034516759785634,graduated,Ec^ --> Ec^^,DLSTM
WTP Java EE Tools,36,0.703395547437619,graduated,Ec^ --> Ec^^,DLSTM
WTP Java EE Tools,37,0.7036229452941072,graduated,Ec^ --> Ec^^,DLSTM
WTP Java EE Tools,38,0.7037785054969701,graduated,Ec^ --> Ec^^,DLSTM
WTP Java EE Tools,39,0.7056724038304618,graduated,Ec^ --> Ec^^,DLSTM
WTP Java EE Tools,40,0.7050788399164561,graduated,Ec^ --> Ec^^,DLSTM
WTP Java EE Tools,41,0.7053025341529879,graduated,Ec^ --> Ec^^,DLSTM
WTP Java EE Tools,42,0.7049727362265437,graduated,Ec^ --> Ec^^,DLSTM
WTP Java EE Tools,43,0.7057716573398015,graduated,Ec^ --> Ec^^,DLSTM
WTP Java EE Tools,44,0.7058744160504536,graduated,Ec^ --> Ec^^,DLSTM
WTP Java EE Tools,45,0.7064439525921244,graduated,Ec^ --> Ec^^,DLSTM
WTP Java EE Tools,46,0.7066539467983155,graduated,Ec^ --> Ec^^,DLSTM
WTP Java EE Tools,47,0.7086047445277245,graduated,Ec^ --> Ec^^,DLSTM
WTP Java EE Tools,48,0.7088590313680664,graduated,Ec^ --> Ec^^,DLSTM
WTP Java EE Tools,49,0.7083882981668839,graduated,Ec^ --> Ec^^,DLSTM
WTP Java EE Tools,50,0.7076899945164946,graduated,Ec^ --> Ec^^,DLSTM
WTP Java EE Tools,51,0.7087715919317608,graduated,Ec^ --> Ec^^,DLSTM
WTP Java EE Tools,52,0.7086825722575855,graduated,Ec^ --> Ec^^,DLSTM
WTP Java EE Tools,53,0.7083784274565976,graduated,Ec^ --> Ec^^,DLSTM
WTP Java EE Tools,54,0.7078068744840438,graduated,Ec^ --> Ec^^,DLSTM
WTP Java EE Tools,55,0.7106503082976819,graduated,Ec^ --> Ec^^,DLSTM
WTP Java EE Tools,56,0.7109061451591159,graduated,Ec^ --> Ec^^,DLSTM
WTP Java EE Tools,57,0.7102940652772561,graduated,Ec^ --> Ec^^,DLSTM
WTP Java EE Tools,58,0.710274540233584,graduated,Ec^ --> Ec^^,DLSTM
WTP Java EE Tools,59,0.7109529696968141,graduated,Ec^ --> Ec^^,DLSTM
WTP Java EE Tools,60,0.7105188099169583,graduated,Ec^ --> Ec^^,DLSTM
WTP Java EE Tools,61,0.7101784895942675,graduated,Ec^ --> Ec^^,DLSTM
WTP Java EE Tools,62,0.7099331559426869,graduated,Ec^ --> Ec^^,DLSTM
WTP Java EE Tools,63,0.7121324037107375,graduated,Ec^ --> Ec^^,DLSTM
WTP Java EE Tools,64,0.7125573461280014,graduated,Ec^ --> Ec^^,DLSTM
WTP Java EE Tools,65,0.7115961002467964,graduated,Ec^ --> Ec^^,DLSTM
WTP Java EE Tools,66,0.7119001029104612,graduated,Ec^ --> Ec^^,DLSTM
WTP Java EE Tools,67,0.7116805245252881,graduated,Ec^ --> Ec^^,DLSTM
WTP Java EE Tools,68,0.7117062750154991,graduated,Ec^ --> Ec^^,DLSTM
WTP Java EE Tools,69,0.650388606713664,graduated,Ec^ --> Ec^^,DLSTM
WaSP,1,0.6808911561965942,graduated,Ec^ --> Ec^^,DLSTM
WaSP,2,0.6838824152946472,graduated,Ec^ --> Ec^^,DLSTM
Wakaama,1,0.6373096040277447,graduated,Ec^ --> Ec^^,DLSTM
Wakaama,2,0.6933935342900474,graduated,Ec^ --> Ec^^,DLSTM
Wakaama,3,0.6926553915065267,graduated,Ec^ --> Ec^^,DLSTM
Wakaama,4,0.6925984682911196,graduated,Ec^ --> Ec^^,DLSTM
Wakaama,5,0.6929857090023135,graduated,Ec^ --> Ec^^,DLSTM
Wakaama,6,0.688712199204876,graduated,Ec^ --> Ec^^,DLSTM
Wakaama,7,0.694226715477486,graduated,Ec^ --> Ec^^,DLSTM
Wakaama,8,0.6922223197245201,graduated,Ec^ --> Ec^^,DLSTM
Wakaama,9,0.6965689587245244,graduated,Ec^ --> Ec^^,DLSTM
Wakaama,10,0.6981106455739732,graduated,Ec^ --> Ec^^,DLSTM
Wakaama,11,0.6985176418114187,graduated,Ec^ --> Ec^^,DLSTM
Wakaama,12,0.7000959258057948,graduated,Ec^ --> Ec^^,DLSTM
Wakaama,13,0.6983576918554465,graduated,Ec^ --> Ec^^,DLSTM
Wakaama,14,0.6982625297703591,graduated,Ec^ --> Ec^^,DLSTM
Wakaama,15,0.7013653856473175,graduated,Ec^ --> Ec^^,DLSTM
Wakaama,16,0.7003795538799023,graduated,Ec^ --> Ec^^,DLSTM
Wakaama,17,0.7030227119625119,graduated,Ec^ --> Ec^^,DLSTM
Wakaama,18,0.7029627350925532,graduated,Ec^ --> Ec^^,DLSTM
Wakaama,19,0.7036732708847236,graduated,Ec^ --> Ec^^,DLSTM
Wakaama,20,0.7047696558311187,graduated,Ec^ --> Ec^^,DLSTM
Wakaama,21,0.7051293402432462,graduated,Ec^ --> Ec^^,DLSTM
Wakaama,22,0.705090941306292,graduated,Ec^ --> Ec^^,DLSTM
Wakaama,23,0.7060727559451017,graduated,Ec^ --> Ec^^,DLSTM
Wakaama,24,0.7040447055729676,graduated,Ec^ --> Ec^^,DLSTM
Wakaama,25,0.7031062685179457,graduated,Ec^ --> Ec^^,DLSTM
Wakaama,26,0.7047735178550942,graduated,Ec^ --> Ec^^,DLSTM
Wakaama,27,0.7070713573115763,graduated,Ec^ --> Ec^^,DLSTM
Wakaama,28,0.7078914665149186,graduated,Ec^ --> Ec^^,DLSTM
Wakaama,29,0.708960044665368,graduated,Ec^ --> Ec^^,DLSTM
Wakaama,30,0.7095701528187491,graduated,Ec^ --> Ec^^,DLSTM
Wakaama,31,0.7104670625520689,graduated,Ec^ --> Ec^^,DLSTM
Wakaama,32,0.707983513206452,graduated,Ec^ --> Ec^^,DLSTM
Wakaama,33,0.707575498961845,graduated,Ec^ --> Ec^^,DLSTM
Wakaama,34,0.7054842240110545,graduated,Ec^ --> Ec^^,DLSTM
Wakaama,35,0.7090660489350638,graduated,Ec^ --> Ec^^,DLSTM
Wakaama,36,0.7111947658075662,graduated,Ec^ --> Ec^^,DLSTM
Wakaama,37,0.7110617097898744,graduated,Ec^ --> Ec^^,DLSTM
Wakaama,38,0.7120001708119554,graduated,Ec^ --> Ec^^,DLSTM
Wakaama,39,0.7125007457801121,graduated,Ec^ --> Ec^^,DLSTM
Wakaama,40,0.7095707570907365,graduated,Ec^ --> Ec^^,DLSTM
Wakaama,41,0.7094658131630557,graduated,Ec^ --> Ec^^,DLSTM
Wakaama,42,0.7092240451954315,graduated,Ec^ --> Ec^^,DLSTM
Wakaama,43,0.7111463846567672,graduated,Ec^ --> Ec^^,DLSTM
Wakaama,44,0.7127869406297594,graduated,Ec^ --> Ec^^,DLSTM
Wakaama,45,0.7118519560204332,graduated,Ec^ --> Ec^^,DLSTM
Wakaama,46,0.7134184691790378,graduated,Ec^ --> Ec^^,DLSTM
Wakaama,47,0.7140102961294554,graduated,Ec^ --> Ec^^,DLSTM
Wakaama,48,0.7117655573761705,graduated,Ec^ --> Ec^^,DLSTM
Wakaama,49,0.7118725190984732,graduated,Ec^ --> Ec^^,DLSTM
Wakaama,50,0.7113508879900596,graduated,Ec^ --> Ec^^,DLSTM
Wakaama,51,0.7132115883331277,graduated,Ec^ --> Ec^^,DLSTM
Wakaama,52,0.7148426620266755,graduated,Ec^ --> Ec^^,DLSTM
Wakaama,53,0.6523254510787453,graduated,Ec^ --> Ec^^,DLSTM
WebSocket,1,0.6226171986146809,graduated,Ec^ --> Ec^^,DLSTM
WebSocket,2,0.6839526361288201,graduated,Ec^ --> Ec^^,DLSTM
WebSocket,3,0.6860310121540545,graduated,Ec^ --> Ec^^,DLSTM
WebSocket,4,0.6875137095605731,graduated,Ec^ --> Ec^^,DLSTM
WebSocket,5,0.6857493334911442,graduated,Ec^ --> Ec^^,DLSTM
WebSocket,6,0.6843625965405794,graduated,Ec^ --> Ec^^,DLSTM
WebSocket,7,0.6845072505016457,graduated,Ec^ --> Ec^^,DLSTM
WebSocket,8,0.6848518538296519,graduated,Ec^ --> Ec^^,DLSTM
WebSocket,9,0.682980872279334,graduated,Ec^ --> Ec^^,DLSTM
WebSocket,10,0.6891683939568509,graduated,Ec^ --> Ec^^,DLSTM
WebSocket,11,0.6883040368504594,graduated,Ec^ --> Ec^^,DLSTM
WebSocket,12,0.691083554450551,graduated,Ec^ --> Ec^^,DLSTM
WebSocket,13,0.6925573374566479,graduated,Ec^ --> Ec^^,DLSTM
WebSocket,14,0.6923029406977909,graduated,Ec^ --> Ec^^,DLSTM
WebSocket,15,0.6931397650662764,graduated,Ec^ --> Ec^^,DLSTM
WebSocket,16,0.6933236166737873,graduated,Ec^ --> Ec^^,DLSTM
WebSocket,17,0.6913652984329943,graduated,Ec^ --> Ec^^,DLSTM
WebSocket,18,0.6971869385007816,graduated,Ec^ --> Ec^^,DLSTM
WebSocket,19,0.6957690048004531,graduated,Ec^ --> Ec^^,DLSTM
WebSocket,20,0.6995887694458287,graduated,Ec^ --> Ec^^,DLSTM
WebSocket,21,0.7015764379970099,graduated,Ec^ --> Ec^^,DLSTM
WebSocket,22,0.7022757410645246,graduated,Ec^ --> Ec^^,DLSTM
WebSocket,23,0.7031593393313765,graduated,Ec^ --> Ec^^,DLSTM
WebSocket,24,0.7054090561128381,graduated,Ec^ --> Ec^^,DLSTM
WebSocket,25,0.7016406018318535,graduated,Ec^ --> Ec^^,DLSTM
WebSocket,26,0.7058045200778523,graduated,Ec^ --> Ec^^,DLSTM
WebSocket,27,0.70440020362614,graduated,Ec^ --> Ec^^,DLSTM
WebSocket,28,0.7057714246695957,graduated,Ec^ --> Ec^^,DLSTM
WebSocket,29,0.7067666251805474,graduated,Ec^ --> Ec^^,DLSTM
WebSocket,30,0.7078832864536584,graduated,Ec^ --> Ec^^,DLSTM
WebSocket,31,0.7068440416384105,graduated,Ec^ --> Ec^^,DLSTM
WebSocket,32,0.7081459978909916,graduated,Ec^ --> Ec^^,DLSTM
WebSocket,33,0.7071016661001394,graduated,Ec^ --> Ec^^,DLSTM
WebSocket,34,0.7104684589365873,graduated,Ec^ --> Ec^^,DLSTM
WebSocket,35,0.7095568284171782,graduated,Ec^ --> Ec^^,DLSTM
WebSocket,36,0.710260229613841,graduated,Ec^ --> Ec^^,DLSTM
WebSocket,37,0.6497096380998718,graduated,Ec^ --> Ec^^,DLSTM
Wild Web Developer,1,0.6316972634062553,graduated,Ec^ --> Ec^^,DLSTM
Wild Web Developer,2,0.6925732609411553,graduated,Ec^ --> Ec^^,DLSTM
Wild Web Developer,3,0.6921066708360548,graduated,Ec^ --> Ec^^,DLSTM
Wild Web Developer,4,0.6930108937307332,graduated,Ec^ --> Ec^^,DLSTM
Wild Web Developer,5,0.6950185413784782,graduated,Ec^ --> Ec^^,DLSTM
Wild Web Developer,6,0.6917670660810413,graduated,Ec^ --> Ec^^,DLSTM
Wild Web Developer,7,0.6948926304143367,graduated,Ec^ --> Ec^^,DLSTM
Wild Web Developer,8,0.6939251182853866,graduated,Ec^ --> Ec^^,DLSTM
Wild Web Developer,9,0.6943855018865022,graduated,Ec^ --> Ec^^,DLSTM
Wild Web Developer,10,0.6952877601597803,graduated,Ec^ --> Ec^^,DLSTM
Wild Web Developer,11,0.7009763364306147,graduated,Ec^ --> Ec^^,DLSTM
Wild Web Developer,12,0.6995037596645718,graduated,Ec^ --> Ec^^,DLSTM
Wild Web Developer,13,0.702443022927555,graduated,Ec^ --> Ec^^,DLSTM
Wild Web Developer,14,0.7019664393451513,graduated,Ec^ --> Ec^^,DLSTM
Wild Web Developer,15,0.7026276565176501,graduated,Ec^ --> Ec^^,DLSTM
Wild Web Developer,16,0.7010235943087959,graduated,Ec^ --> Ec^^,DLSTM
Wild Web Developer,17,0.7040691683084698,graduated,Ec^ --> Ec^^,DLSTM
Wild Web Developer,18,0.7024595231753378,graduated,Ec^ --> Ec^^,DLSTM
Wild Web Developer,19,0.706076612017897,graduated,Ec^ --> Ec^^,DLSTM
Wild Web Developer,20,0.7060998541921186,graduated,Ec^ --> Ec^^,DLSTM
Wild Web Developer,21,0.7047466788625546,graduated,Ec^ --> Ec^^,DLSTM
Wild Web Developer,22,0.7031968282839691,graduated,Ec^ --> Ec^^,DLSTM
Wild Web Developer,23,0.7055307498046914,graduated,Ec^ --> Ec^^,DLSTM
Wild Web Developer,24,0.7032257545060376,graduated,Ec^ --> Ec^^,DLSTM
Wild Web Developer,25,0.7027654861383488,graduated,Ec^ --> Ec^^,DLSTM
Wild Web Developer,26,0.7039569738363822,graduated,Ec^ --> Ec^^,DLSTM
Wild Web Developer,27,0.7085757740668921,graduated,Ec^ --> Ec^^,DLSTM
Wild Web Developer,28,0.7053150180867801,graduated,Ec^ --> Ec^^,DLSTM
Wild Web Developer,29,0.706054516877833,graduated,Ec^ --> Ec^^,DLSTM
Wild Web Developer,30,0.7070031971588214,graduated,Ec^ --> Ec^^,DLSTM
Wild Web Developer,31,0.7054637870260669,graduated,Ec^ --> Ec^^,DLSTM
Wild Web Developer,32,0.7032165623769391,graduated,Ec^ --> Ec^^,DLSTM
Wild Web Developer,33,0.7035946171995812,graduated,Ec^ --> Ec^^,DLSTM
Wild Web Developer,34,0.705172365806963,graduated,Ec^ --> Ec^^,DLSTM
Wild Web Developer,35,0.7076133833407743,graduated,Ec^ --> Ec^^,DLSTM
Wild Web Developer,36,0.7061345203140121,graduated,Ec^ --> Ec^^,DLSTM
Wild Web Developer,37,0.7072269895647522,graduated,Ec^ --> Ec^^,DLSTM
Wild Web Developer,38,0.7076131109645961,graduated,Ec^ --> Ec^^,DLSTM
Wild Web Developer,39,0.7070412532857474,graduated,Ec^ --> Ec^^,DLSTM
Wild Web Developer,40,0.7049766984308321,graduated,Ec^ --> Ec^^,DLSTM
Wild Web Developer,41,0.7056723036952149,graduated,Ec^ --> Ec^^,DLSTM
Wild Web Developer,42,0.7065023212804746,graduated,Ec^ --> Ec^^,DLSTM
Wild Web Developer,43,0.7094623336562319,graduated,Ec^ --> Ec^^,DLSTM
Wild Web Developer,44,0.7076091423616814,graduated,Ec^ --> Ec^^,DLSTM
Wild Web Developer,45,0.7081548724865878,graduated,Ec^ --> Ec^^,DLSTM
Wild Web Developer,46,0.7102453335887823,graduated,Ec^ --> Ec^^,DLSTM
Wild Web Developer,47,0.7081979774670173,graduated,Ec^ --> Ec^^,DLSTM
Wild Web Developer,48,0.7064894485306327,graduated,Ec^ --> Ec^^,DLSTM
Wild Web Developer,49,0.707774270617692,graduated,Ec^ --> Ec^^,DLSTM
Wild Web Developer,50,0.6487845965151817,graduated,Ec^ --> Ec^^,DLSTM
WindowBuilder,1,0.060369643871776554,graduated,Ec^ --> Ec^^,DLSTM
WindowBuilder,2,0.6408116902958045,graduated,Ec^ --> Ec^^,DLSTM
WindowBuilder,3,0.706501886249129,graduated,Ec^ --> Ec^^,DLSTM
WindowBuilder,4,0.7067580927025205,graduated,Ec^ --> Ec^^,DLSTM
XML Binding,1,0.6228295943201393,graduated,Ec^ --> Ec^^,DLSTM
XML Binding,2,0.6851288912770281,graduated,Ec^ --> Ec^^,DLSTM
XML Binding,3,0.6854340266627401,graduated,Ec^ --> Ec^^,DLSTM
XML Binding,4,0.6839379959182761,graduated,Ec^ --> Ec^^,DLSTM
XML Binding,5,0.6869002499428473,graduated,Ec^ --> Ec^^,DLSTM
XML Binding,6,0.6841886616547048,graduated,Ec^ --> Ec^^,DLSTM
XML Binding,7,0.6816995101168164,graduated,Ec^ --> Ec^^,DLSTM
XML Binding,8,0.6854161127289355,graduated,Ec^ --> Ec^^,DLSTM
XML Binding,9,0.686739686688069,graduated,Ec^ --> Ec^^,DLSTM
XML Binding,10,0.6907331604335624,graduated,Ec^ --> Ec^^,DLSTM
XML Binding,11,0.6943923039412522,graduated,Ec^ --> Ec^^,DLSTM
XML Binding,12,0.6934272789025551,graduated,Ec^ --> Ec^^,DLSTM
XML Binding,13,0.6941265128194036,graduated,Ec^ --> Ec^^,DLSTM
XML Binding,14,0.6942033654664793,graduated,Ec^ --> Ec^^,DLSTM
XML Binding,15,0.6937629130712647,graduated,Ec^ --> Ec^^,DLSTM
XML Binding,16,0.6962722165313963,graduated,Ec^ --> Ec^^,DLSTM
XML Binding,17,0.6991126049978773,graduated,Ec^ --> Ec^^,DLSTM
XML Binding,18,0.7045338371428898,graduated,Ec^ --> Ec^^,DLSTM
XML Binding,19,0.702570764283107,graduated,Ec^ --> Ec^^,DLSTM
XML Binding,20,0.7027522114461043,graduated,Ec^ --> Ec^^,DLSTM
XML Binding,21,0.7069495356778305,graduated,Ec^ --> Ec^^,DLSTM
XML Binding,22,0.7034680020049717,graduated,Ec^ --> Ec^^,DLSTM
XML Binding,23,0.703659072562779,graduated,Ec^ --> Ec^^,DLSTM
XML Binding,24,0.7065881518530358,graduated,Ec^ --> Ec^^,DLSTM
XML Binding,25,0.7092439716596443,graduated,Ec^ --> Ec^^,DLSTM
XML Binding,26,0.7063621741154636,graduated,Ec^ --> Ec^^,DLSTM
XML Binding,27,0.7075983476233191,graduated,Ec^ --> Ec^^,DLSTM
XML Binding,28,0.7081327000629545,graduated,Ec^ --> Ec^^,DLSTM
XML Binding,29,0.6475423147521014,graduated,Ec^ --> Ec^^,DLSTM
XML Web Services,1,0.629041081888117,graduated,Ec^ --> Ec^^,DLSTM
XML Web Services,2,0.6879905962217409,graduated,Ec^ --> Ec^^,DLSTM
XML Web Services,3,0.6852917645509463,graduated,Ec^ --> Ec^^,DLSTM
XML Web Services,4,0.6850111481695367,graduated,Ec^ --> Ec^^,DLSTM
XML Web Services,5,0.6854130714852339,graduated,Ec^ --> Ec^^,DLSTM
XML Web Services,6,0.6847926405478088,graduated,Ec^ --> Ec^^,DLSTM
XML Web Services,7,0.685911440229744,graduated,Ec^ --> Ec^^,DLSTM
XML Web Services,8,0.6864317875170772,graduated,Ec^ --> Ec^^,DLSTM
XML Web Services,9,0.6886705978470886,graduated,Ec^ --> Ec^^,DLSTM
XML Web Services,10,0.6935611554265599,graduated,Ec^ --> Ec^^,DLSTM
XML Web Services,11,0.6970606863004338,graduated,Ec^ --> Ec^^,DLSTM
XML Web Services,12,0.6967276345501477,graduated,Ec^ --> Ec^^,DLSTM
XML Web Services,13,0.6969953693311881,graduated,Ec^ --> Ec^^,DLSTM
XML Web Services,14,0.6955940116691988,graduated,Ec^ --> Ec^^,DLSTM
XML Web Services,15,0.6992762463657872,graduated,Ec^ --> Ec^^,DLSTM
XML Web Services,16,0.7001048215050629,graduated,Ec^ --> Ec^^,DLSTM
XML Web Services,17,0.7030796420908327,graduated,Ec^ --> Ec^^,DLSTM
XML Web Services,18,0.7046592922000194,graduated,Ec^ --> Ec^^,DLSTM
XML Web Services,19,0.7040967336787618,graduated,Ec^ --> Ec^^,DLSTM
XML Web Services,20,0.7059518981114623,graduated,Ec^ --> Ec^^,DLSTM
XML Web Services,21,0.7059699744004394,graduated,Ec^ --> Ec^^,DLSTM
XML Web Services,22,0.7044936805987342,graduated,Ec^ --> Ec^^,DLSTM
XML Web Services,23,0.7075726965816601,graduated,Ec^ --> Ec^^,DLSTM
XML Web Services,24,0.707507111631088,graduated,Ec^ --> Ec^^,DLSTM
XML Web Services,25,0.707908854767168,graduated,Ec^ --> Ec^^,DLSTM
XML Web Services,26,0.7076106881895619,graduated,Ec^ --> Ec^^,DLSTM
XML Web Services,27,0.7087550477679105,graduated,Ec^ --> Ec^^,DLSTM
XML Web Services,28,0.7086724798841372,graduated,Ec^ --> Ec^^,DLSTM
XML Web Services,29,0.6475529631072464,graduated,Ec^ --> Ec^^,DLSTM
Xtext,1,0.6380735395843364,graduated,Ec^ --> Ec^^,DLSTM
Xtext,2,0.6984541508559744,graduated,Ec^ --> Ec^^,DLSTM
Xtext,3,0.6982862225235108,graduated,Ec^ --> Ec^^,DLSTM
Xtext,4,0.6968572795535937,graduated,Ec^ --> Ec^^,DLSTM
Xtext,5,0.6976962258229766,graduated,Ec^ --> Ec^^,DLSTM
Xtext,6,0.6979170324724626,graduated,Ec^ --> Ec^^,DLSTM
Xtext,7,0.6984831725995788,graduated,Ec^ --> Ec^^,DLSTM
Xtext,8,0.6986097331383823,graduated,Ec^ --> Ec^^,DLSTM
Xtext,9,0.6995849433599453,graduated,Ec^ --> Ec^^,DLSTM
Xtext,10,0.7001340098701692,graduated,Ec^ --> Ec^^,DLSTM
Xtext,11,0.6990274208605927,graduated,Ec^ --> Ec^^,DLSTM
Xtext,12,0.6396376977027121,graduated,Ec^ --> Ec^^,DLSTM
Yasson,1,0.6186908631614014,graduated,Ec^ --> Ec^^,DLSTM
Yasson,2,0.6748033075918448,graduated,Ec^ --> Ec^^,DLSTM
Yasson,3,0.6837589602668908,graduated,Ec^ --> Ec^^,DLSTM
Yasson,4,0.6900339608042786,graduated,Ec^ --> Ec^^,DLSTM
Yasson,5,0.6908005014825839,graduated,Ec^ --> Ec^^,DLSTM
Yasson,6,0.6900762912453133,graduated,Ec^ --> Ec^^,DLSTM
Yasson,7,0.6807537162487499,graduated,Ec^ --> Ec^^,DLSTM
Yasson,8,0.6848896541785695,graduated,Ec^ --> Ec^^,DLSTM
Yasson,9,0.6840374874134937,graduated,Ec^ --> Ec^^,DLSTM
Yasson,10,0.6853917136593736,graduated,Ec^ --> Ec^^,DLSTM
Yasson,11,0.6888200466480735,graduated,Ec^ --> Ec^^,DLSTM
Yasson,12,0.6890908164920921,graduated,Ec^ --> Ec^^,DLSTM
Yasson,13,0.6902243864614801,graduated,Ec^ --> Ec^^,DLSTM
Yasson,14,0.6919193099344436,graduated,Ec^ --> Ec^^,DLSTM
Yasson,15,0.6885692236762437,graduated,Ec^ --> Ec^^,DLSTM
Yasson,16,0.6908665579236712,graduated,Ec^ --> Ec^^,DLSTM
Yasson,17,0.6907822941082936,graduated,Ec^ --> Ec^^,DLSTM
Yasson,18,0.6932149475345606,graduated,Ec^ --> Ec^^,DLSTM
Yasson,19,0.6918560851291409,graduated,Ec^ --> Ec^^,DLSTM
Yasson,20,0.6958467985683895,graduated,Ec^ --> Ec^^,DLSTM
Yasson,21,0.6951440669989464,graduated,Ec^ --> Ec^^,DLSTM
Yasson,22,0.6976783186068095,graduated,Ec^ --> Ec^^,DLSTM
Yasson,23,0.6963074201126033,graduated,Ec^ --> Ec^^,DLSTM
Yasson,24,0.6984420742625503,graduated,Ec^ --> Ec^^,DLSTM
Yasson,25,0.6997358030672017,graduated,Ec^ --> Ec^^,DLSTM
Yasson,26,0.6989950946551132,graduated,Ec^ --> Ec^^,DLSTM
Yasson,27,0.6987172122072536,graduated,Ec^ --> Ec^^,DLSTM
Yasson,28,0.7010663421420119,graduated,Ec^ --> Ec^^,DLSTM
Yasson,29,0.7006411772055666,graduated,Ec^ --> Ec^^,DLSTM
Yasson,30,0.7030714895322109,graduated,Ec^ --> Ec^^,DLSTM
Yasson,31,0.7021896924634561,graduated,Ec^ --> Ec^^,DLSTM
Yasson,32,0.7050025324688785,graduated,Ec^ --> Ec^^,DLSTM
Yasson,33,0.7053780685602904,graduated,Ec^ --> Ec^^,DLSTM
Yasson,34,0.7050734142675597,graduated,Ec^ --> Ec^^,DLSTM
Yasson,35,0.704085782489383,graduated,Ec^ --> Ec^^,DLSTM
Yasson,36,0.7064045222566325,graduated,Ec^ --> Ec^^,DLSTM
Yasson,37,0.7058177240730207,graduated,Ec^ --> Ec^^,DLSTM
Yasson,38,0.706632296873407,graduated,Ec^ --> Ec^^,DLSTM
Yasson,39,0.7035404831425882,graduated,Ec^ --> Ec^^,DLSTM
Yasson,40,0.707196999994629,graduated,Ec^ --> Ec^^,DLSTM
Yasson,41,0.7089845428596202,graduated,Ec^ --> Ec^^,DLSTM
Yasson,42,0.70714112806228,graduated,Ec^ --> Ec^^,DLSTM
Yasson,43,0.7051665837562973,graduated,Ec^ --> Ec^^,DLSTM
Yasson,44,0.7060839738528983,graduated,Ec^ --> Ec^^,DLSTM
Yasson,45,0.7066719783479364,graduated,Ec^ --> Ec^^,DLSTM
Yasson,46,0.7075861720169777,graduated,Ec^ --> Ec^^,DLSTM
Yasson,47,0.7045086252563307,graduated,Ec^ --> Ec^^,DLSTM
Yasson,48,0.7085734684031825,graduated,Ec^ --> Ec^^,DLSTM
Yasson,49,0.7100124040804351,graduated,Ec^ --> Ec^^,DLSTM
Yasson,50,0.7086770545217113,graduated,Ec^ --> Ec^^,DLSTM
Yasson,51,0.6462333303118498,graduated,Ec^ --> Ec^^,DLSTM
e(fx)clipse,1,0.6248140132396847,graduated,Ec^ --> Ec^^,DLSTM
e(fx)clipse,2,0.6932256108274002,graduated,Ec^ --> Ec^^,DLSTM
e(fx)clipse,3,0.6933651518837078,graduated,Ec^ --> Ec^^,DLSTM
e(fx)clipse,4,0.6933674882387467,graduated,Ec^ --> Ec^^,DLSTM
e(fx)clipse,5,0.6936517690115784,graduated,Ec^ --> Ec^^,DLSTM
e(fx)clipse,6,0.6340641381332902,graduated,Ec^ --> Ec^^,DLSTM
iceoryx,1,0.6276311072029799,graduated,Ec^ --> Ec^^,DLSTM
iceoryx,2,0.6867307016997602,graduated,Ec^ --> Ec^^,DLSTM
iceoryx,3,0.6911518119465575,graduated,Ec^ --> Ec^^,DLSTM
iceoryx,4,0.6916939338815534,graduated,Ec^ --> Ec^^,DLSTM
iceoryx,5,0.6918604704304625,graduated,Ec^ --> Ec^^,DLSTM
iceoryx,6,0.6920145763109987,graduated,Ec^ --> Ec^^,DLSTM
iceoryx,7,0.6890581133602792,graduated,Ec^ --> Ec^^,DLSTM
iceoryx,8,0.6920814850371779,graduated,Ec^ --> Ec^^,DLSTM
iceoryx,9,0.6927550765968703,graduated,Ec^ --> Ec^^,DLSTM
iceoryx,10,0.6931014319880963,graduated,Ec^ --> Ec^^,DLSTM
iceoryx,11,0.6933559877403532,graduated,Ec^ --> Ec^^,DLSTM
iceoryx,12,0.6932109972960778,graduated,Ec^ --> Ec^^,DLSTM
iceoryx,13,0.6887891788961141,graduated,Ec^ --> Ec^^,DLSTM
iceoryx,14,0.6927386147059503,graduated,Ec^ --> Ec^^,DLSTM
iceoryx,15,0.6921450062570955,graduated,Ec^ --> Ec^^,DLSTM
iceoryx,16,0.6940551533324637,graduated,Ec^ --> Ec^^,DLSTM
iceoryx,17,0.6942816631084111,graduated,Ec^ --> Ec^^,DLSTM
iceoryx,18,0.6346025753702668,graduated,Ec^ --> Ec^^,DLSTM
