project,month,prediction,target,train_strategy,model_arch
ActionBarSherlock,1,0.04918303788300273,retired,Gc^ --> Gc^^,BLSTM
ActionBarSherlock,2,0.04439252723305857,retired,Gc^ --> Gc^^,BLSTM
ActionBarSherlock,3,0.026601329566832768,retired,Gc^ --> Gc^^,BLSTM
ActionBarSherlock,4,0.023092114695303492,retired,Gc^ --> Gc^^,BLSTM
ActionBarSherlock,5,0.021940335603376226,retired,Gc^ --> Gc^^,BLSTM
ActionBarSherlock,6,0.021324348195775472,retired,Gc^ --> Gc^^,BLSTM
ActionBarSherlock,7,0.01934679323046388,retired,Gc^ --> Gc^^,BLSTM
ActionBarSherlock,8,0.02007521940486047,retired,Gc^ --> Gc^^,BLSTM
ActionBarSherlock,9,0.020512223288473172,retired,Gc^ --> Gc^^,BLSTM
ActionBarSherlock,10,0.02186001276460709,retired,Gc^ --> Gc^^,BLSTM
ActionBarSherlock,11,0.02069169397454041,retired,Gc^ --> Gc^^,BLSTM
ActionBarSherlock,12,0.02255941567256535,retired,Gc^ --> Gc^^,BLSTM
ActionBarSherlock,13,0.03154606226240722,retired,Gc^ --> Gc^^,BLSTM
ActionBarSherlock,14,0.02306004161750569,retired,Gc^ --> Gc^^,BLSTM
ActionBarSherlock,15,0.019194580608529632,retired,Gc^ --> Gc^^,BLSTM
ActionBarSherlock,16,0.01787657687269136,retired,Gc^ --> Gc^^,BLSTM
ActionBarSherlock,17,0.01777316122098049,retired,Gc^ --> Gc^^,BLSTM
ActionBarSherlock,18,0.017390092567337586,retired,Gc^ --> Gc^^,BLSTM
ActionBarSherlock,19,0.01730154609045065,retired,Gc^ --> Gc^^,BLSTM
ActionBarSherlock,20,0.017219700346664504,retired,Gc^ --> Gc^^,BLSTM
ActionBarSherlock,21,0.01720696415608507,retired,Gc^ --> Gc^^,BLSTM
ActionBarSherlock,22,0.017162634315670246,retired,Gc^ --> Gc^^,BLSTM
ActionBarSherlock,23,0.017208956301269535,retired,Gc^ --> Gc^^,BLSTM
ActionBarSherlock,24,0.017444726335494397,retired,Gc^ --> Gc^^,BLSTM
ActionBarSherlock,25,0.017351410246383127,retired,Gc^ --> Gc^^,BLSTM
ActionBarSherlock,26,0.017224462217435222,retired,Gc^ --> Gc^^,BLSTM
ActionBarSherlock,27,0.017161621412942907,retired,Gc^ --> Gc^^,BLSTM
ActionBarSherlock,28,0.01712538733551391,retired,Gc^ --> Gc^^,BLSTM
ActionBarSherlock,29,0.017127315254220135,retired,Gc^ --> Gc^^,BLSTM
ActionBarSherlock,30,0.0170836574085156,retired,Gc^ --> Gc^^,BLSTM
ActionBarSherlock,31,0.017062071293732866,retired,Gc^ --> Gc^^,BLSTM
ActionBarSherlock,32,0.017047757726075502,retired,Gc^ --> Gc^^,BLSTM
ActionBarSherlock,33,0.017064146335793205,retired,Gc^ --> Gc^^,BLSTM
ActionBarSherlock,34,0.017063136420647433,retired,Gc^ --> Gc^^,BLSTM
ActionBarSherlock,35,0.01707637687066332,retired,Gc^ --> Gc^^,BLSTM
ActionBarSherlock,36,0.017083253685670804,retired,Gc^ --> Gc^^,BLSTM
ActionBarSherlock,37,0.017098702606640055,retired,Gc^ --> Gc^^,BLSTM
ActionBarSherlock,38,0.017109957921110953,retired,Gc^ --> Gc^^,BLSTM
ActionBarSherlock,39,0.01711980004787827,retired,Gc^ --> Gc^^,BLSTM
ActionBarSherlock,40,0.017119622594033133,retired,Gc^ --> Gc^^,BLSTM
ActionBarSherlock,41,0.017124917627730028,retired,Gc^ --> Gc^^,BLSTM
ActionBarSherlock,42,0.017133539341216288,retired,Gc^ --> Gc^^,BLSTM
ActionBarSherlock,43,0.017142344800339035,retired,Gc^ --> Gc^^,BLSTM
ActionBarSherlock,44,0.017150555807864665,retired,Gc^ --> Gc^^,BLSTM
ActionBarSherlock,45,0.01715828240853174,retired,Gc^ --> Gc^^,BLSTM
ActionBarSherlock,46,0.017166961516526386,retired,Gc^ --> Gc^^,BLSTM
ActionBarSherlock,47,0.017171953646863296,retired,Gc^ --> Gc^^,BLSTM
ActionBarSherlock,48,0.017181879235825964,retired,Gc^ --> Gc^^,BLSTM
ActionBarSherlock,49,0.01719563400081375,retired,Gc^ --> Gc^^,BLSTM
ActionBarSherlock,50,0.017207853261204,retired,Gc^ --> Gc^^,BLSTM
ActionBarSherlock,51,0.01721345048845885,retired,Gc^ --> Gc^^,BLSTM
ActionBarSherlock,52,0.017221670715520623,retired,Gc^ --> Gc^^,BLSTM
ActionBarSherlock,53,0.01722992331284948,retired,Gc^ --> Gc^^,BLSTM
ActionBarSherlock,54,0.017237615181756677,retired,Gc^ --> Gc^^,BLSTM
ActionBarSherlock,55,0.017243114934780486,retired,Gc^ --> Gc^^,BLSTM
ActionBarSherlock,56,0.017251863412689857,retired,Gc^ --> Gc^^,BLSTM
ActionBarSherlock,57,0.017262660155726427,retired,Gc^ --> Gc^^,BLSTM
ActionBarSherlock,58,0.01726675873676012,retired,Gc^ --> Gc^^,BLSTM
ActionBarSherlock,59,0.017275487120673012,retired,Gc^ --> Gc^^,BLSTM
ActionBarSherlock,60,0.017277371987181947,retired,Gc^ --> Gc^^,BLSTM
ActionBarSherlock,61,0.017279625821720632,retired,Gc^ --> Gc^^,BLSTM
ActionBarSherlock,62,0.017283461565392382,retired,Gc^ --> Gc^^,BLSTM
ActionBarSherlock,63,0.01728859783642937,retired,Gc^ --> Gc^^,BLSTM
ActionBarSherlock,64,0.017294600824072408,retired,Gc^ --> Gc^^,BLSTM
ActionBarSherlock,65,0.017301032653311375,retired,Gc^ --> Gc^^,BLSTM
ActionBarSherlock,66,0.017307624575367893,retired,Gc^ --> Gc^^,BLSTM
ActionBarSherlock,67,0.01731418719320709,retired,Gc^ --> Gc^^,BLSTM
ActionBarSherlock,68,0.017320634151230925,retired,Gc^ --> Gc^^,BLSTM
ActionBarSherlock,69,0.017326926001001556,retired,Gc^ --> Gc^^,BLSTM
ActionBarSherlock,70,0.01733305686838244,retired,Gc^ --> Gc^^,BLSTM
ActionBarSherlock,71,0.01733902070453185,retired,Gc^ --> Gc^^,BLSTM
ActionBarSherlock,72,0.017344847820219472,retired,Gc^ --> Gc^^,BLSTM
ActionBarSherlock,73,0.017350689356872315,retired,Gc^ --> Gc^^,BLSTM
ActionBarSherlock,74,0.01735762053475411,retired,Gc^ --> Gc^^,BLSTM
ActionBarSherlock,75,0.01736161944142948,retired,Gc^ --> Gc^^,BLSTM
ActionBarSherlock,76,0.017365356866940757,retired,Gc^ --> Gc^^,BLSTM
ActionBarSherlock,77,0.0173677300446229,retired,Gc^ --> Gc^^,BLSTM
ActionBarSherlock,78,0.015876383496088057,retired,Gc^ --> Gc^^,BLSTM
airflow,1,0.03291385234916911,graduated,Gc^ --> Gc^^,BLSTM
airflow,2,0.03656670556859846,graduated,Gc^ --> Gc^^,BLSTM
airflow,3,0.03579353610609194,graduated,Gc^ --> Gc^^,BLSTM
airflow,4,0.03349432125363893,graduated,Gc^ --> Gc^^,BLSTM
airflow,5,0.03345004542229064,graduated,Gc^ --> Gc^^,BLSTM
airflow,6,0.032653005863255334,graduated,Gc^ --> Gc^^,BLSTM
airflow,7,0.03187050455312971,graduated,Gc^ --> Gc^^,BLSTM
airflow,8,0.0314034497621737,graduated,Gc^ --> Gc^^,BLSTM
airflow,9,0.03243751163356591,graduated,Gc^ --> Gc^^,BLSTM
airflow,10,0.03237933462009913,graduated,Gc^ --> Gc^^,BLSTM
airflow,11,0.031723876638373914,graduated,Gc^ --> Gc^^,BLSTM
airflow,12,0.030953862073967834,graduated,Gc^ --> Gc^^,BLSTM
airflow,13,0.03179738359101792,graduated,Gc^ --> Gc^^,BLSTM
airflow,14,0.035430868533094566,graduated,Gc^ --> Gc^^,BLSTM
airflow,15,0.028647932067983616,graduated,Gc^ --> Gc^^,BLSTM
airflow,16,0.0285165182798232,graduated,Gc^ --> Gc^^,BLSTM
airflow,17,0.05617430784422598,graduated,Gc^ --> Gc^^,BLSTM
airflow,18,0.2654742664700464,graduated,Gc^ --> Gc^^,BLSTM
airflow,19,0.5351545122122552,graduated,Gc^ --> Gc^^,BLSTM
airflow,20,0.3560997085359946,graduated,Gc^ --> Gc^^,BLSTM
airflow,21,0.7432038196429824,graduated,Gc^ --> Gc^^,BLSTM
airflow,22,0.8457396703664479,graduated,Gc^ --> Gc^^,BLSTM
airflow,23,0.8698548523598436,graduated,Gc^ --> Gc^^,BLSTM
airflow,24,0.863146470520683,graduated,Gc^ --> Gc^^,BLSTM
airflow,25,0.8701545267591683,graduated,Gc^ --> Gc^^,BLSTM
airflow,26,0.8829059556124065,graduated,Gc^ --> Gc^^,BLSTM
airflow,27,0.8716501384515642,graduated,Gc^ --> Gc^^,BLSTM
airflow,28,0.890122409371975,graduated,Gc^ --> Gc^^,BLSTM
airflow,29,0.9024141666155744,graduated,Gc^ --> Gc^^,BLSTM
airflow,30,0.9040980927109458,graduated,Gc^ --> Gc^^,BLSTM
airflow,31,0.9039534043940405,graduated,Gc^ --> Gc^^,BLSTM
airflow,32,0.9035918518786774,graduated,Gc^ --> Gc^^,BLSTM
airflow,33,0.9033403159561272,graduated,Gc^ --> Gc^^,BLSTM
airflow,34,0.9029660489687944,graduated,Gc^ --> Gc^^,BLSTM
airflow,35,0.9026313277730158,graduated,Gc^ --> Gc^^,BLSTM
airflow,36,0.9022315139744264,graduated,Gc^ --> Gc^^,BLSTM
airflow,37,0.9020677992084034,graduated,Gc^ --> Gc^^,BLSTM
airflow,38,0.9019532718686115,graduated,Gc^ --> Gc^^,BLSTM
airflow,39,0.9018418829292512,graduated,Gc^ --> Gc^^,BLSTM
airflow,40,0.9017423140799651,graduated,Gc^ --> Gc^^,BLSTM
airflow,41,0.901640249744899,graduated,Gc^ --> Gc^^,BLSTM
airflow,42,0.9015784074955197,graduated,Gc^ --> Gc^^,BLSTM
airflow,43,0.9016076563245368,graduated,Gc^ --> Gc^^,BLSTM
airflow,44,0.9016652231179891,graduated,Gc^ --> Gc^^,BLSTM
airflow,45,0.9017066504067842,graduated,Gc^ --> Gc^^,BLSTM
airflow,46,0.9017466569831887,graduated,Gc^ --> Gc^^,BLSTM
airflow,47,0.9018075530141632,graduated,Gc^ --> Gc^^,BLSTM
airflow,48,0.9018810893669686,graduated,Gc^ --> Gc^^,BLSTM
airflow,49,0.9019298397587117,graduated,Gc^ --> Gc^^,BLSTM
airflow,50,0.9019657059562863,graduated,Gc^ --> Gc^^,BLSTM
airflow,51,0.9019886026594636,graduated,Gc^ --> Gc^^,BLSTM
airflow,52,0.9020323613533171,graduated,Gc^ --> Gc^^,BLSTM
airflow,53,0.9020118073622667,graduated,Gc^ --> Gc^^,BLSTM
airflow,54,0.9020519532981387,graduated,Gc^ --> Gc^^,BLSTM
airflow,55,0.9020946154968076,graduated,Gc^ --> Gc^^,BLSTM
airflow,56,0.9021129622479815,graduated,Gc^ --> Gc^^,BLSTM
airflow,57,0.9021339968365366,graduated,Gc^ --> Gc^^,BLSTM
airflow,58,0.9021672442464519,graduated,Gc^ --> Gc^^,BLSTM
airflow,59,0.902149766654416,graduated,Gc^ --> Gc^^,BLSTM
airflow,60,0.9021136498582578,graduated,Gc^ --> Gc^^,BLSTM
airflow,61,0.9020809416396156,graduated,Gc^ --> Gc^^,BLSTM
airflow,62,0.90203631310261,graduated,Gc^ --> Gc^^,BLSTM
airflow,63,0.9019895745944312,graduated,Gc^ --> Gc^^,BLSTM
airflow,64,0.9020162233889684,graduated,Gc^ --> Gc^^,BLSTM
airflow,65,0.9019506118429232,graduated,Gc^ --> Gc^^,BLSTM
airflow,66,0.9019059396584452,graduated,Gc^ --> Gc^^,BLSTM
airflow,67,0.9018338416636869,graduated,Gc^ --> Gc^^,BLSTM
airflow,68,0.9017685722729183,graduated,Gc^ --> Gc^^,BLSTM
airflow,69,0.9016957400664215,graduated,Gc^ --> Gc^^,BLSTM
airflow,70,0.9016137081300799,graduated,Gc^ --> Gc^^,BLSTM
airflow,71,0.9015191757500188,graduated,Gc^ --> Gc^^,BLSTM
airflow,72,0.9014112484410828,graduated,Gc^ --> Gc^^,BLSTM
airflow,73,0.9013206621680553,graduated,Gc^ --> Gc^^,BLSTM
airflow,74,0.9012833023789466,graduated,Gc^ --> Gc^^,BLSTM
airflow,75,0.9012917389746473,graduated,Gc^ --> Gc^^,BLSTM
airflow,76,0.9013141832785581,graduated,Gc^ --> Gc^^,BLSTM
airflow,77,0.9013328450970041,graduated,Gc^ --> Gc^^,BLSTM
airflow,78,0.901349567006735,graduated,Gc^ --> Gc^^,BLSTM
airflow,79,0.9013642265767753,graduated,Gc^ --> Gc^^,BLSTM
airflow,80,0.9013799456060841,graduated,Gc^ --> Gc^^,BLSTM
airflow,81,0.901394824433605,graduated,Gc^ --> Gc^^,BLSTM
airflow,82,0.9014056746451904,graduated,Gc^ --> Gc^^,BLSTM
airflow,83,0.9014185334544607,graduated,Gc^ --> Gc^^,BLSTM
airflow,84,0.9014349054342975,graduated,Gc^ --> Gc^^,BLSTM
airflow,85,0.9014537424932431,graduated,Gc^ --> Gc^^,BLSTM
airflow,86,0.9014775264168245,graduated,Gc^ --> Gc^^,BLSTM
airflow,87,0.9015158137048129,graduated,Gc^ --> Gc^^,BLSTM
airflow,88,0.9015753726867825,graduated,Gc^ --> Gc^^,BLSTM
airflow,89,0.9016388794240089,graduated,Gc^ --> Gc^^,BLSTM
airflow,90,0.9016873685173538,graduated,Gc^ --> Gc^^,BLSTM
airflow,91,0.9016699611579959,graduated,Gc^ --> Gc^^,BLSTM
airflow,92,0.9017134854208,graduated,Gc^ --> Gc^^,BLSTM
airflow,93,0.9017574252675609,graduated,Gc^ --> Gc^^,BLSTM
airflow,94,0.9017918601369582,graduated,Gc^ --> Gc^^,BLSTM
airflow,95,0.9017723672906708,graduated,Gc^ --> Gc^^,BLSTM
airflow,96,0.9017435135146314,graduated,Gc^ --> Gc^^,BLSTM
airflow,97,0.9017043977417077,graduated,Gc^ --> Gc^^,BLSTM
airflow,98,0.9016524547578406,graduated,Gc^ --> Gc^^,BLSTM
airflow,99,0.9015992935318293,graduated,Gc^ --> Gc^^,BLSTM
airflow,100,0.9015639570589435,graduated,Gc^ --> Gc^^,BLSTM
airflow,101,0.9014568020966858,graduated,Gc^ --> Gc^^,BLSTM
airflow,102,0.823850187128343,graduated,Gc^ --> Gc^^,BLSTM
baker,1,0.03190741164715411,retired,Gc^ --> Gc^^,BLSTM
baker,2,0.03393198539930805,retired,Gc^ --> Gc^^,BLSTM
baker,3,0.03230502331166322,retired,Gc^ --> Gc^^,BLSTM
baker,4,0.030216467463391346,retired,Gc^ --> Gc^^,BLSTM
baker,5,0.02704456286974767,retired,Gc^ --> Gc^^,BLSTM
baker,6,0.023486087035478297,retired,Gc^ --> Gc^^,BLSTM
baker,7,0.022067580425280835,retired,Gc^ --> Gc^^,BLSTM
baker,8,0.02022772984481334,retired,Gc^ --> Gc^^,BLSTM
baker,9,0.01788084814791871,retired,Gc^ --> Gc^^,BLSTM
baker,10,0.017337207332709815,retired,Gc^ --> Gc^^,BLSTM
baker,11,0.01730907912284203,retired,Gc^ --> Gc^^,BLSTM
baker,12,0.017000610375485208,retired,Gc^ --> Gc^^,BLSTM
baker,13,0.01682237982383756,retired,Gc^ --> Gc^^,BLSTM
baker,14,0.016781809316638238,retired,Gc^ --> Gc^^,BLSTM
baker,15,0.01677319881988571,retired,Gc^ --> Gc^^,BLSTM
baker,16,0.016808162007263042,retired,Gc^ --> Gc^^,BLSTM
baker,17,0.016731923172227686,retired,Gc^ --> Gc^^,BLSTM
baker,18,0.016833829328276657,retired,Gc^ --> Gc^^,BLSTM
baker,19,0.01677831811814627,retired,Gc^ --> Gc^^,BLSTM
baker,20,0.01675758625786859,retired,Gc^ --> Gc^^,BLSTM
baker,21,0.016801403052346914,retired,Gc^ --> Gc^^,BLSTM
baker,22,0.01679515001472466,retired,Gc^ --> Gc^^,BLSTM
baker,23,0.01679207206753821,retired,Gc^ --> Gc^^,BLSTM
baker,24,0.01680045677063053,retired,Gc^ --> Gc^^,BLSTM
baker,25,0.01686788806307225,retired,Gc^ --> Gc^^,BLSTM
baker,26,0.016901506557318802,retired,Gc^ --> Gc^^,BLSTM
baker,27,0.0169476319630876,retired,Gc^ --> Gc^^,BLSTM
baker,28,0.01700412852304815,retired,Gc^ --> Gc^^,BLSTM
baker,29,0.017048871699422923,retired,Gc^ --> Gc^^,BLSTM
baker,30,0.01697674845772908,retired,Gc^ --> Gc^^,BLSTM
baker,31,0.01697196536901105,retired,Gc^ --> Gc^^,BLSTM
baker,32,0.01700330168768768,retired,Gc^ --> Gc^^,BLSTM
baker,33,0.01704890293013557,retired,Gc^ --> Gc^^,BLSTM
baker,34,0.017081786070619734,retired,Gc^ --> Gc^^,BLSTM
baker,35,0.01712669845620575,retired,Gc^ --> Gc^^,BLSTM
baker,36,0.017205855112740323,retired,Gc^ --> Gc^^,BLSTM
baker,37,0.017160234201874625,retired,Gc^ --> Gc^^,BLSTM
baker,38,0.017174853510749485,retired,Gc^ --> Gc^^,BLSTM
baker,39,0.017214854002399888,retired,Gc^ --> Gc^^,BLSTM
baker,40,0.01725832978937537,retired,Gc^ --> Gc^^,BLSTM
baker,41,0.01723069548849086,retired,Gc^ --> Gc^^,BLSTM
baker,42,0.017219988925597465,retired,Gc^ --> Gc^^,BLSTM
baker,43,0.017214927541781628,retired,Gc^ --> Gc^^,BLSTM
baker,44,0.01720912386532155,retired,Gc^ --> Gc^^,BLSTM
baker,45,0.017201789772742553,retired,Gc^ --> Gc^^,BLSTM
baker,46,0.017201477897315267,retired,Gc^ --> Gc^^,BLSTM
baker,47,0.01721023484669833,retired,Gc^ --> Gc^^,BLSTM
baker,48,0.017212324125765857,retired,Gc^ --> Gc^^,BLSTM
baker,49,0.017205549823190874,retired,Gc^ --> Gc^^,BLSTM
baker,50,0.017200145272306774,retired,Gc^ --> Gc^^,BLSTM
baker,51,0.017199012243043432,retired,Gc^ --> Gc^^,BLSTM
baker,52,0.017201753696821535,retired,Gc^ --> Gc^^,BLSTM
baker,53,0.017207204207766447,retired,Gc^ --> Gc^^,BLSTM
baker,54,0.017214362614141554,retired,Gc^ --> Gc^^,BLSTM
baker,55,0.017223080980652002,retired,Gc^ --> Gc^^,BLSTM
baker,56,0.01723148834053363,retired,Gc^ --> Gc^^,BLSTM
baker,57,0.017237132533308417,retired,Gc^ --> Gc^^,BLSTM
baker,58,0.017244240906276676,retired,Gc^ --> Gc^^,BLSTM
baker,59,0.01725081064329628,retired,Gc^ --> Gc^^,BLSTM
baker,60,0.01725411479397137,retired,Gc^ --> Gc^^,BLSTM
baker,61,0.017257687251132133,retired,Gc^ --> Gc^^,BLSTM
baker,62,0.01726240039617656,retired,Gc^ --> Gc^^,BLSTM
baker,63,0.017269740698313874,retired,Gc^ --> Gc^^,BLSTM
baker,64,0.017274237149388152,retired,Gc^ --> Gc^^,BLSTM
baker,65,0.01727860037641086,retired,Gc^ --> Gc^^,BLSTM
baker,66,0.017283407103784995,retired,Gc^ --> Gc^^,BLSTM
baker,67,0.01728862688284871,retired,Gc^ --> Gc^^,BLSTM
baker,68,0.017294124031758125,retired,Gc^ --> Gc^^,BLSTM
baker,69,0.017299758090059847,retired,Gc^ --> Gc^^,BLSTM
baker,70,0.017305435063500286,retired,Gc^ --> Gc^^,BLSTM
baker,71,0.01731108731276631,retired,Gc^ --> Gc^^,BLSTM
baker,72,0.017316679805725422,retired,Gc^ --> Gc^^,BLSTM
baker,73,0.01732218398274063,retired,Gc^ --> Gc^^,BLSTM
baker,74,0.017327614011894938,retired,Gc^ --> Gc^^,BLSTM
baker,75,0.017332957778709877,retired,Gc^ --> Gc^^,BLSTM
baker,76,0.017338212461171572,retired,Gc^ --> Gc^^,BLSTM
baker,77,0.017343379439897198,retired,Gc^ --> Gc^^,BLSTM
baker,78,0.017348459673894936,retired,Gc^ --> Gc^^,BLSTM
baker,79,0.017353458471208838,retired,Gc^ --> Gc^^,BLSTM
baker,80,0.01735835735257503,retired,Gc^ --> Gc^^,BLSTM
baker,81,0.017363187708085003,retired,Gc^ --> Gc^^,BLSTM
baker,82,0.017367923031378157,retired,Gc^ --> Gc^^,BLSTM
baker,83,0.017372565547371363,retired,Gc^ --> Gc^^,BLSTM
baker,84,0.017377123761583787,retired,Gc^ --> Gc^^,BLSTM
baker,85,0.01738160091817914,retired,Gc^ --> Gc^^,BLSTM
baker,86,0.017385991172615602,retired,Gc^ --> Gc^^,BLSTM
baker,87,0.017388610425272753,retired,Gc^ --> Gc^^,BLSTM
baker,88,0.015895350772040365,retired,Gc^ --> Gc^^,BLSTM
busybox,1,0.0274149244813139,graduated,Gc^ --> Gc^^,BLSTM
busybox,2,0.03333064091124592,graduated,Gc^ --> Gc^^,BLSTM
busybox,3,0.07000315312841472,graduated,Gc^ --> Gc^^,BLSTM
busybox,4,0.13866465855821958,graduated,Gc^ --> Gc^^,BLSTM
busybox,5,0.20434705888743976,graduated,Gc^ --> Gc^^,BLSTM
busybox,6,0.25670386581895177,graduated,Gc^ --> Gc^^,BLSTM
busybox,7,0.27722258055484356,graduated,Gc^ --> Gc^^,BLSTM
busybox,8,0.30432211458624675,graduated,Gc^ --> Gc^^,BLSTM
busybox,9,0.36804001567677996,graduated,Gc^ --> Gc^^,BLSTM
busybox,10,0.3932296275877984,graduated,Gc^ --> Gc^^,BLSTM
busybox,11,0.5883875189602503,graduated,Gc^ --> Gc^^,BLSTM
busybox,12,0.6433177028396905,graduated,Gc^ --> Gc^^,BLSTM
busybox,13,0.7351868610588956,graduated,Gc^ --> Gc^^,BLSTM
busybox,14,0.753639262195781,graduated,Gc^ --> Gc^^,BLSTM
busybox,15,0.7339827868237495,graduated,Gc^ --> Gc^^,BLSTM
busybox,16,0.7215977050848874,graduated,Gc^ --> Gc^^,BLSTM
busybox,17,0.7841512818054748,graduated,Gc^ --> Gc^^,BLSTM
busybox,18,0.8393066231831832,graduated,Gc^ --> Gc^^,BLSTM
busybox,19,0.8290633539822208,graduated,Gc^ --> Gc^^,BLSTM
busybox,20,0.82776938831273,graduated,Gc^ --> Gc^^,BLSTM
busybox,21,0.8638917786722988,graduated,Gc^ --> Gc^^,BLSTM
busybox,22,0.8695093433558386,graduated,Gc^ --> Gc^^,BLSTM
busybox,23,0.8748229279289049,graduated,Gc^ --> Gc^^,BLSTM
busybox,24,0.8833036982666733,graduated,Gc^ --> Gc^^,BLSTM
busybox,25,0.8891817523548657,graduated,Gc^ --> Gc^^,BLSTM
busybox,26,0.8892592210383148,graduated,Gc^ --> Gc^^,BLSTM
busybox,27,0.8920622030886199,graduated,Gc^ --> Gc^^,BLSTM
busybox,28,0.8931155680134442,graduated,Gc^ --> Gc^^,BLSTM
busybox,29,0.8940044093480977,graduated,Gc^ --> Gc^^,BLSTM
busybox,30,0.8946484873678942,graduated,Gc^ --> Gc^^,BLSTM
busybox,31,0.8961025311929055,graduated,Gc^ --> Gc^^,BLSTM
busybox,32,0.8971066135417978,graduated,Gc^ --> Gc^^,BLSTM
busybox,33,0.8972452267541906,graduated,Gc^ --> Gc^^,BLSTM
busybox,34,0.8969907104651467,graduated,Gc^ --> Gc^^,BLSTM
busybox,35,0.8971917537035625,graduated,Gc^ --> Gc^^,BLSTM
busybox,36,0.8971371185653821,graduated,Gc^ --> Gc^^,BLSTM
busybox,37,0.8972178182858433,graduated,Gc^ --> Gc^^,BLSTM
busybox,38,0.8972467085917353,graduated,Gc^ --> Gc^^,BLSTM
busybox,39,0.8974503460349161,graduated,Gc^ --> Gc^^,BLSTM
busybox,40,0.8974708176263007,graduated,Gc^ --> Gc^^,BLSTM
busybox,41,0.8975621187457291,graduated,Gc^ --> Gc^^,BLSTM
busybox,42,0.8975419449879917,graduated,Gc^ --> Gc^^,BLSTM
busybox,43,0.8976193842240139,graduated,Gc^ --> Gc^^,BLSTM
busybox,44,0.8976861273868538,graduated,Gc^ --> Gc^^,BLSTM
busybox,45,0.8976574725576028,graduated,Gc^ --> Gc^^,BLSTM
busybox,46,0.8976408118490778,graduated,Gc^ --> Gc^^,BLSTM
busybox,47,0.8976524146351897,graduated,Gc^ --> Gc^^,BLSTM
busybox,48,0.8976067878486735,graduated,Gc^ --> Gc^^,BLSTM
busybox,49,0.897597580657277,graduated,Gc^ --> Gc^^,BLSTM
busybox,50,0.8976078120757852,graduated,Gc^ --> Gc^^,BLSTM
busybox,51,0.897634184956954,graduated,Gc^ --> Gc^^,BLSTM
busybox,52,0.8976443724684443,graduated,Gc^ --> Gc^^,BLSTM
busybox,53,0.89765627314272,graduated,Gc^ --> Gc^^,BLSTM
busybox,54,0.8976443346093527,graduated,Gc^ --> Gc^^,BLSTM
busybox,55,0.8976282434499979,graduated,Gc^ --> Gc^^,BLSTM
busybox,56,0.8976904993236374,graduated,Gc^ --> Gc^^,BLSTM
busybox,57,0.8976765331736346,graduated,Gc^ --> Gc^^,BLSTM
busybox,58,0.89772828255036,graduated,Gc^ --> Gc^^,BLSTM
busybox,59,0.8976985245642686,graduated,Gc^ --> Gc^^,BLSTM
busybox,60,0.8976636155102544,graduated,Gc^ --> Gc^^,BLSTM
busybox,61,0.8976656456437077,graduated,Gc^ --> Gc^^,BLSTM
busybox,62,0.8975919117763631,graduated,Gc^ --> Gc^^,BLSTM
busybox,63,0.8974975862434752,graduated,Gc^ --> Gc^^,BLSTM
busybox,64,0.8972127091939217,graduated,Gc^ --> Gc^^,BLSTM
busybox,65,0.8971893949196614,graduated,Gc^ --> Gc^^,BLSTM
busybox,66,0.8972176186222287,graduated,Gc^ --> Gc^^,BLSTM
busybox,67,0.8973528345638415,graduated,Gc^ --> Gc^^,BLSTM
busybox,68,0.8973566054750884,graduated,Gc^ --> Gc^^,BLSTM
busybox,69,0.8974262278198674,graduated,Gc^ --> Gc^^,BLSTM
busybox,70,0.8974933511389778,graduated,Gc^ --> Gc^^,BLSTM
busybox,71,0.8975627366939978,graduated,Gc^ --> Gc^^,BLSTM
busybox,72,0.8976541096434439,graduated,Gc^ --> Gc^^,BLSTM
busybox,73,0.8976875521687078,graduated,Gc^ --> Gc^^,BLSTM
busybox,74,0.897744137871953,graduated,Gc^ --> Gc^^,BLSTM
busybox,75,0.8977953913525959,graduated,Gc^ --> Gc^^,BLSTM
busybox,76,0.8979055753818426,graduated,Gc^ --> Gc^^,BLSTM
busybox,77,0.8978921462855272,graduated,Gc^ --> Gc^^,BLSTM
busybox,78,0.8980374057689442,graduated,Gc^ --> Gc^^,BLSTM
busybox,79,0.8980330571623346,graduated,Gc^ --> Gc^^,BLSTM
busybox,80,0.8979336724505995,graduated,Gc^ --> Gc^^,BLSTM
busybox,81,0.8979581946964609,graduated,Gc^ --> Gc^^,BLSTM
busybox,82,0.8980355086930744,graduated,Gc^ --> Gc^^,BLSTM
busybox,83,0.8979660165105751,graduated,Gc^ --> Gc^^,BLSTM
busybox,84,0.8979253561220613,graduated,Gc^ --> Gc^^,BLSTM
busybox,85,0.8979204054078415,graduated,Gc^ --> Gc^^,BLSTM
busybox,86,0.8979096649147432,graduated,Gc^ --> Gc^^,BLSTM
busybox,87,0.8979013048128105,graduated,Gc^ --> Gc^^,BLSTM
busybox,88,0.8979005319085556,graduated,Gc^ --> Gc^^,BLSTM
busybox,89,0.8978936499743503,graduated,Gc^ --> Gc^^,BLSTM
busybox,90,0.8978896759472551,graduated,Gc^ --> Gc^^,BLSTM
busybox,91,0.8978869781051351,graduated,Gc^ --> Gc^^,BLSTM
busybox,92,0.8979069047529397,graduated,Gc^ --> Gc^^,BLSTM
busybox,93,0.8979074742858142,graduated,Gc^ --> Gc^^,BLSTM
busybox,94,0.8979033124172122,graduated,Gc^ --> Gc^^,BLSTM
busybox,95,0.8978986287690722,graduated,Gc^ --> Gc^^,BLSTM
busybox,96,0.8978924376773295,graduated,Gc^ --> Gc^^,BLSTM
busybox,97,0.8978865831025801,graduated,Gc^ --> Gc^^,BLSTM
busybox,98,0.8978768479969329,graduated,Gc^ --> Gc^^,BLSTM
busybox,99,0.897855867122046,graduated,Gc^ --> Gc^^,BLSTM
busybox,100,0.8978397510441325,graduated,Gc^ --> Gc^^,BLSTM
busybox,101,0.897828834524982,graduated,Gc^ --> Gc^^,BLSTM
busybox,102,0.8978210282909874,graduated,Gc^ --> Gc^^,BLSTM
busybox,103,0.8978053420557294,graduated,Gc^ --> Gc^^,BLSTM
busybox,104,0.897795904305256,graduated,Gc^ --> Gc^^,BLSTM
busybox,105,0.8977894252589657,graduated,Gc^ --> Gc^^,BLSTM
busybox,106,0.897782988761859,graduated,Gc^ --> Gc^^,BLSTM
busybox,107,0.8977692340536038,graduated,Gc^ --> Gc^^,BLSTM
busybox,108,0.8977584878281718,graduated,Gc^ --> Gc^^,BLSTM
busybox,109,0.8977345386811277,graduated,Gc^ --> Gc^^,BLSTM
busybox,110,0.897719908897533,graduated,Gc^ --> Gc^^,BLSTM
busybox,111,0.8977094070668746,graduated,Gc^ --> Gc^^,BLSTM
busybox,112,0.89769243706913,graduated,Gc^ --> Gc^^,BLSTM
busybox,113,0.8976871335696553,graduated,Gc^ --> Gc^^,BLSTM
busybox,114,0.8976778068864457,graduated,Gc^ --> Gc^^,BLSTM
busybox,115,0.897671908438734,graduated,Gc^ --> Gc^^,BLSTM
busybox,116,0.8976683309367937,graduated,Gc^ --> Gc^^,BLSTM
busybox,117,0.897653802124916,graduated,Gc^ --> Gc^^,BLSTM
busybox,118,0.8976420097961604,graduated,Gc^ --> Gc^^,BLSTM
busybox,119,0.8976254575757074,graduated,Gc^ --> Gc^^,BLSTM
busybox,120,0.8976044874475669,graduated,Gc^ --> Gc^^,BLSTM
busybox,121,0.8975991205938844,graduated,Gc^ --> Gc^^,BLSTM
busybox,122,0.8975942985243726,graduated,Gc^ --> Gc^^,BLSTM
busybox,123,0.897583388573157,graduated,Gc^ --> Gc^^,BLSTM
busybox,124,0.897582470330428,graduated,Gc^ --> Gc^^,BLSTM
busybox,125,0.8975792059375338,graduated,Gc^ --> Gc^^,BLSTM
busybox,126,0.8975750472308033,graduated,Gc^ --> Gc^^,BLSTM
busybox,127,0.8975698054552742,graduated,Gc^ --> Gc^^,BLSTM
busybox,128,0.897563281705507,graduated,Gc^ --> Gc^^,BLSTM
busybox,129,0.8975588900908338,graduated,Gc^ --> Gc^^,BLSTM
busybox,130,0.8975528621792619,graduated,Gc^ --> Gc^^,BLSTM
busybox,131,0.8975338127279944,graduated,Gc^ --> Gc^^,BLSTM
busybox,132,0.897530102333031,graduated,Gc^ --> Gc^^,BLSTM
busybox,133,0.8975271665582826,graduated,Gc^ --> Gc^^,BLSTM
busybox,134,0.897523837112527,graduated,Gc^ --> Gc^^,BLSTM
busybox,135,0.897522510477749,graduated,Gc^ --> Gc^^,BLSTM
busybox,136,0.897523120679004,graduated,Gc^ --> Gc^^,BLSTM
busybox,137,0.8975239766450129,graduated,Gc^ --> Gc^^,BLSTM
busybox,138,0.8975241252389005,graduated,Gc^ --> Gc^^,BLSTM
busybox,139,0.8975245405658144,graduated,Gc^ --> Gc^^,BLSTM
busybox,140,0.8975221083344986,graduated,Gc^ --> Gc^^,BLSTM
busybox,141,0.897518772518545,graduated,Gc^ --> Gc^^,BLSTM
busybox,142,0.8975197502637992,graduated,Gc^ --> Gc^^,BLSTM
busybox,143,0.8975285052404591,graduated,Gc^ --> Gc^^,BLSTM
busybox,144,0.8975339266280002,graduated,Gc^ --> Gc^^,BLSTM
busybox,145,0.8975403247484348,graduated,Gc^ --> Gc^^,BLSTM
busybox,146,0.8975524395181671,graduated,Gc^ --> Gc^^,BLSTM
busybox,147,0.8975700668920485,graduated,Gc^ --> Gc^^,BLSTM
busybox,148,0.8975868074868699,graduated,Gc^ --> Gc^^,BLSTM
busybox,149,0.8976105603289944,graduated,Gc^ --> Gc^^,BLSTM
busybox,150,0.8976180938089587,graduated,Gc^ --> Gc^^,BLSTM
busybox,151,0.8976274578978749,graduated,Gc^ --> Gc^^,BLSTM
busybox,152,0.897679567294755,graduated,Gc^ --> Gc^^,BLSTM
busybox,153,0.8976904124263203,graduated,Gc^ --> Gc^^,BLSTM
busybox,154,0.8977188890767233,graduated,Gc^ --> Gc^^,BLSTM
busybox,155,0.8977394314074498,graduated,Gc^ --> Gc^^,BLSTM
busybox,156,0.8977343640311282,graduated,Gc^ --> Gc^^,BLSTM
busybox,157,0.8977438878901035,graduated,Gc^ --> Gc^^,BLSTM
busybox,158,0.8977498533212235,graduated,Gc^ --> Gc^^,BLSTM
busybox,159,0.8977569814768593,graduated,Gc^ --> Gc^^,BLSTM
busybox,160,0.8977581119252078,graduated,Gc^ --> Gc^^,BLSTM
busybox,161,0.8977607745503777,graduated,Gc^ --> Gc^^,BLSTM
busybox,162,0.8977690462618914,graduated,Gc^ --> Gc^^,BLSTM
busybox,163,0.8977726048025688,graduated,Gc^ --> Gc^^,BLSTM
busybox,164,0.8977732071878153,graduated,Gc^ --> Gc^^,BLSTM
busybox,165,0.8977780583541646,graduated,Gc^ --> Gc^^,BLSTM
busybox,166,0.8977830355702909,graduated,Gc^ --> Gc^^,BLSTM
busybox,167,0.8977877072026345,graduated,Gc^ --> Gc^^,BLSTM
busybox,168,0.8977900014704958,graduated,Gc^ --> Gc^^,BLSTM
busybox,169,0.8977900988232083,graduated,Gc^ --> Gc^^,BLSTM
busybox,170,0.8977940179142939,graduated,Gc^ --> Gc^^,BLSTM
busybox,171,0.8977967700698417,graduated,Gc^ --> Gc^^,BLSTM
busybox,172,0.8977992174655173,graduated,Gc^ --> Gc^^,BLSTM
busybox,173,0.8977986221998406,graduated,Gc^ --> Gc^^,BLSTM
busybox,174,0.8977990798895131,graduated,Gc^ --> Gc^^,BLSTM
busybox,175,0.8977996737025733,graduated,Gc^ --> Gc^^,BLSTM
busybox,176,0.897799689306303,graduated,Gc^ --> Gc^^,BLSTM
busybox,177,0.8977994333400877,graduated,Gc^ --> Gc^^,BLSTM
busybox,178,0.8978008320201284,graduated,Gc^ --> Gc^^,BLSTM
busybox,179,0.8978020065758877,graduated,Gc^ --> Gc^^,BLSTM
busybox,180,0.897802201663677,graduated,Gc^ --> Gc^^,BLSTM
busybox,181,0.8978030301092679,graduated,Gc^ --> Gc^^,BLSTM
busybox,182,0.8978029518830406,graduated,Gc^ --> Gc^^,BLSTM
busybox,183,0.8978022285197389,graduated,Gc^ --> Gc^^,BLSTM
busybox,184,0.8978014249506528,graduated,Gc^ --> Gc^^,BLSTM
busybox,185,0.8978008785313366,graduated,Gc^ --> Gc^^,BLSTM
busybox,186,0.8978007619774983,graduated,Gc^ --> Gc^^,BLSTM
busybox,187,0.8978028762814466,graduated,Gc^ --> Gc^^,BLSTM
busybox,188,0.8978029784286209,graduated,Gc^ --> Gc^^,BLSTM
busybox,189,0.8978041369758935,graduated,Gc^ --> Gc^^,BLSTM
busybox,190,0.8978042191208532,graduated,Gc^ --> Gc^^,BLSTM
busybox,191,0.8978039066889918,graduated,Gc^ --> Gc^^,BLSTM
busybox,192,0.8978046653043631,graduated,Gc^ --> Gc^^,BLSTM
busybox,193,0.8978049076185994,graduated,Gc^ --> Gc^^,BLSTM
busybox,194,0.8978055562177295,graduated,Gc^ --> Gc^^,BLSTM
busybox,195,0.8978061336541325,graduated,Gc^ --> Gc^^,BLSTM
busybox,196,0.8978069115669803,graduated,Gc^ --> Gc^^,BLSTM
busybox,197,0.8978073524530993,graduated,Gc^ --> Gc^^,BLSTM
busybox,198,0.8978071469042493,graduated,Gc^ --> Gc^^,BLSTM
busybox,199,0.8978071160544595,graduated,Gc^ --> Gc^^,BLSTM
busybox,200,0.8978069640388985,graduated,Gc^ --> Gc^^,BLSTM
busybox,201,0.8978059260218856,graduated,Gc^ --> Gc^^,BLSTM
busybox,202,0.8978053280708758,graduated,Gc^ --> Gc^^,BLSTM
busybox,203,0.8978047473743276,graduated,Gc^ --> Gc^^,BLSTM
busybox,204,0.8978042656666748,graduated,Gc^ --> Gc^^,BLSTM
busybox,205,0.8978040742332875,graduated,Gc^ --> Gc^^,BLSTM
busybox,206,0.8978059591444074,graduated,Gc^ --> Gc^^,BLSTM
busybox,207,0.8978066390788486,graduated,Gc^ --> Gc^^,BLSTM
busybox,208,0.8978070750252461,graduated,Gc^ --> Gc^^,BLSTM
busybox,209,0.8978070872822979,graduated,Gc^ --> Gc^^,BLSTM
busybox,210,0.8978072590731141,graduated,Gc^ --> Gc^^,BLSTM
busybox,211,0.8978071386755386,graduated,Gc^ --> Gc^^,BLSTM
busybox,212,0.8978076505628562,graduated,Gc^ --> Gc^^,BLSTM
busybox,213,0.8978075928685423,graduated,Gc^ --> Gc^^,BLSTM
busybox,214,0.8978073935976901,graduated,Gc^ --> Gc^^,BLSTM
busybox,215,0.8978069527058022,graduated,Gc^ --> Gc^^,BLSTM
busybox,216,0.8978065746787044,graduated,Gc^ --> Gc^^,BLSTM
busybox,217,0.8978062107786068,graduated,Gc^ --> Gc^^,BLSTM
busybox,218,0.89780678731413,graduated,Gc^ --> Gc^^,BLSTM
busybox,219,0.8978070646669877,graduated,Gc^ --> Gc^^,BLSTM
busybox,220,0.8978067533080347,graduated,Gc^ --> Gc^^,BLSTM
busybox,221,0.8978062919476912,graduated,Gc^ --> Gc^^,BLSTM
busybox,222,0.8978058747613289,graduated,Gc^ --> Gc^^,BLSTM
busybox,223,0.8978055428127739,graduated,Gc^ --> Gc^^,BLSTM
busybox,224,0.8978055171046158,graduated,Gc^ --> Gc^^,BLSTM
busybox,225,0.8978055510126401,graduated,Gc^ --> Gc^^,BLSTM
busybox,226,0.8978054081382074,graduated,Gc^ --> Gc^^,BLSTM
busybox,227,0.8978053876755205,graduated,Gc^ --> Gc^^,BLSTM
busybox,228,0.8978053844442199,graduated,Gc^ --> Gc^^,BLSTM
busybox,229,0.8978057770241771,graduated,Gc^ --> Gc^^,BLSTM
busybox,230,0.8978052766084087,graduated,Gc^ --> Gc^^,BLSTM
busybox,231,0.8978042592329175,graduated,Gc^ --> Gc^^,BLSTM
busybox,232,0.8978043148380657,graduated,Gc^ --> Gc^^,BLSTM
busybox,233,0.8978044287788084,graduated,Gc^ --> Gc^^,BLSTM
busybox,234,0.8978044390216896,graduated,Gc^ --> Gc^^,BLSTM
busybox,235,0.8978044082411262,graduated,Gc^ --> Gc^^,BLSTM
busybox,236,0.8978041018795831,graduated,Gc^ --> Gc^^,BLSTM
busybox,237,0.8978038801491801,graduated,Gc^ --> Gc^^,BLSTM
busybox,238,0.8978030331916155,graduated,Gc^ --> Gc^^,BLSTM
busybox,239,0.8978034597892057,graduated,Gc^ --> Gc^^,BLSTM
busybox,240,0.8978037320350449,graduated,Gc^ --> Gc^^,BLSTM
busybox,241,0.8978035420264673,graduated,Gc^ --> Gc^^,BLSTM
busybox,242,0.8978039611693116,graduated,Gc^ --> Gc^^,BLSTM
busybox,243,0.8978054175263596,graduated,Gc^ --> Gc^^,BLSTM
busybox,244,0.8978055892605246,graduated,Gc^ --> Gc^^,BLSTM
busybox,245,0.8978066646322846,graduated,Gc^ --> Gc^^,BLSTM
busybox,246,0.8978102962246647,graduated,Gc^ --> Gc^^,BLSTM
busybox,247,0.8978091168888909,graduated,Gc^ --> Gc^^,BLSTM
busybox,248,0.8978109579806888,graduated,Gc^ --> Gc^^,BLSTM
busybox,249,0.8978069130976032,graduated,Gc^ --> Gc^^,BLSTM
busybox,250,0.8978053130844151,graduated,Gc^ --> Gc^^,BLSTM
busybox,251,0.8978039714871879,graduated,Gc^ --> Gc^^,BLSTM
busybox,252,0.8978037968563167,graduated,Gc^ --> Gc^^,BLSTM
busybox,253,0.897803275689418,graduated,Gc^ --> Gc^^,BLSTM
busybox,254,0.8978024228335634,graduated,Gc^ --> Gc^^,BLSTM
busybox,255,0.8978017044792095,graduated,Gc^ --> Gc^^,BLSTM
busybox,256,0.8978016171810804,graduated,Gc^ --> Gc^^,BLSTM
busybox,257,0.8978014197513325,graduated,Gc^ --> Gc^^,BLSTM
busybox,258,0.8978013787682702,graduated,Gc^ --> Gc^^,BLSTM
busybox,259,0.8978012326106166,graduated,Gc^ --> Gc^^,BLSTM
busybox,260,0.8978016131469705,graduated,Gc^ --> Gc^^,BLSTM
busybox,261,0.8978008379645692,graduated,Gc^ --> Gc^^,BLSTM
busybox,262,0.8978013119847478,graduated,Gc^ --> Gc^^,BLSTM
busybox,263,0.8978010908379367,graduated,Gc^ --> Gc^^,BLSTM
busybox,264,0.8978006943334781,graduated,Gc^ --> Gc^^,BLSTM
busybox,265,0.8978004629957059,graduated,Gc^ --> Gc^^,BLSTM
busybox,266,0.8978008997784884,graduated,Gc^ --> Gc^^,BLSTM
busybox,267,0.8978005883387715,graduated,Gc^ --> Gc^^,BLSTM
busybox,268,0.897799895888717,graduated,Gc^ --> Gc^^,BLSTM
busybox,269,0.8977997397247063,graduated,Gc^ --> Gc^^,BLSTM
busybox,270,0.8978008986767356,graduated,Gc^ --> Gc^^,BLSTM
busybox,271,0.8978023107675008,graduated,Gc^ --> Gc^^,BLSTM
busybox,272,0.8978017248553631,graduated,Gc^ --> Gc^^,BLSTM
busybox,273,0.8978017979111144,graduated,Gc^ --> Gc^^,BLSTM
busybox,274,0.8978021939012074,graduated,Gc^ --> Gc^^,BLSTM
busybox,275,0.897801404465928,graduated,Gc^ --> Gc^^,BLSTM
busybox,276,0.8978034377805629,graduated,Gc^ --> Gc^^,BLSTM
busybox,277,0.8978058182243815,graduated,Gc^ --> Gc^^,BLSTM
busybox,278,0.8978023781010395,graduated,Gc^ --> Gc^^,BLSTM
busybox,279,0.897714526003807,graduated,Gc^ --> Gc^^,BLSTM
busybox,280,0.8204415665865079,graduated,Gc^ --> Gc^^,BLSTM
calipso,1,0.04185863781741271,retired,Gc^ --> Gc^^,BLSTM
calipso,2,0.24909561318836662,retired,Gc^ --> Gc^^,BLSTM
calipso,3,0.7639890673057648,retired,Gc^ --> Gc^^,BLSTM
calipso,4,0.8453057558669004,retired,Gc^ --> Gc^^,BLSTM
calipso,5,0.8744447993167039,retired,Gc^ --> Gc^^,BLSTM
calipso,6,0.8851135761680072,retired,Gc^ --> Gc^^,BLSTM
calipso,7,0.8557626196074899,retired,Gc^ --> Gc^^,BLSTM
calipso,8,0.61712448030356,retired,Gc^ --> Gc^^,BLSTM
calipso,9,0.08818227551369728,retired,Gc^ --> Gc^^,BLSTM
calipso,10,0.02090560033383318,retired,Gc^ --> Gc^^,BLSTM
calipso,11,0.018283160441059983,retired,Gc^ --> Gc^^,BLSTM
calipso,12,0.017911560200103125,retired,Gc^ --> Gc^^,BLSTM
calipso,13,0.018374114411775895,retired,Gc^ --> Gc^^,BLSTM
calipso,14,0.01824682791486434,retired,Gc^ --> Gc^^,BLSTM
calipso,15,0.018373936218081165,retired,Gc^ --> Gc^^,BLSTM
calipso,16,0.019167131045701623,retired,Gc^ --> Gc^^,BLSTM
calipso,17,0.019036175519521605,retired,Gc^ --> Gc^^,BLSTM
calipso,18,0.019659246053494405,retired,Gc^ --> Gc^^,BLSTM
calipso,19,0.020167439176162635,retired,Gc^ --> Gc^^,BLSTM
calipso,20,0.0202560510962921,retired,Gc^ --> Gc^^,BLSTM
calipso,21,0.02073496347335547,retired,Gc^ --> Gc^^,BLSTM
calipso,22,0.02149184616537009,retired,Gc^ --> Gc^^,BLSTM
calipso,23,0.020094261179199775,retired,Gc^ --> Gc^^,BLSTM
calipso,24,0.019026163845957487,retired,Gc^ --> Gc^^,BLSTM
calipso,25,0.018899531341615778,retired,Gc^ --> Gc^^,BLSTM
calipso,26,0.018596775158351224,retired,Gc^ --> Gc^^,BLSTM
calipso,27,0.019497995763872292,retired,Gc^ --> Gc^^,BLSTM
calipso,28,0.019812377711476693,retired,Gc^ --> Gc^^,BLSTM
calipso,29,0.019362543891185927,retired,Gc^ --> Gc^^,BLSTM
calipso,30,0.019154363894676233,retired,Gc^ --> Gc^^,BLSTM
calipso,31,0.018962368271035285,retired,Gc^ --> Gc^^,BLSTM
calipso,32,0.01876269885364924,retired,Gc^ --> Gc^^,BLSTM
calipso,33,0.018578312290452755,retired,Gc^ --> Gc^^,BLSTM
calipso,34,0.01836293497649243,retired,Gc^ --> Gc^^,BLSTM
calipso,35,0.01832208291593857,retired,Gc^ --> Gc^^,BLSTM
calipso,36,0.018213319359104065,retired,Gc^ --> Gc^^,BLSTM
calipso,37,0.01811847709720928,retired,Gc^ --> Gc^^,BLSTM
calipso,38,0.018143622160994192,retired,Gc^ --> Gc^^,BLSTM
calipso,39,0.01860795606011678,retired,Gc^ --> Gc^^,BLSTM
calipso,40,0.01853303652930747,retired,Gc^ --> Gc^^,BLSTM
calipso,41,0.01839242046963433,retired,Gc^ --> Gc^^,BLSTM
calipso,42,0.018257806846958876,retired,Gc^ --> Gc^^,BLSTM
calipso,43,0.018154544862515474,retired,Gc^ --> Gc^^,BLSTM
calipso,44,0.018091462599452924,retired,Gc^ --> Gc^^,BLSTM
calipso,45,0.018272864601283578,retired,Gc^ --> Gc^^,BLSTM
calipso,46,0.018275523785868036,retired,Gc^ --> Gc^^,BLSTM
calipso,47,0.018195144042800294,retired,Gc^ --> Gc^^,BLSTM
calipso,48,0.018118029743041972,retired,Gc^ --> Gc^^,BLSTM
calipso,49,0.018052210483151736,retired,Gc^ --> Gc^^,BLSTM
calipso,50,0.018008984536313808,retired,Gc^ --> Gc^^,BLSTM
calipso,51,0.017979792945996526,retired,Gc^ --> Gc^^,BLSTM
calipso,52,0.017957795716294616,retired,Gc^ --> Gc^^,BLSTM
calipso,53,0.01793942785444975,retired,Gc^ --> Gc^^,BLSTM
calipso,54,0.01792183510163831,retired,Gc^ --> Gc^^,BLSTM
calipso,55,0.017895036997760856,retired,Gc^ --> Gc^^,BLSTM
calipso,56,0.017877948432888334,retired,Gc^ --> Gc^^,BLSTM
calipso,57,0.017864192964830026,retired,Gc^ --> Gc^^,BLSTM
calipso,58,0.017852745836307547,retired,Gc^ --> Gc^^,BLSTM
calipso,59,0.017843153042730445,retired,Gc^ --> Gc^^,BLSTM
calipso,60,0.01783496576272398,retired,Gc^ --> Gc^^,BLSTM
calipso,61,0.01782782920016835,retired,Gc^ --> Gc^^,BLSTM
calipso,62,0.017821495634113952,retired,Gc^ --> Gc^^,BLSTM
calipso,63,0.0178151697289216,retired,Gc^ --> Gc^^,BLSTM
calipso,64,0.017803631548623737,retired,Gc^ --> Gc^^,BLSTM
calipso,65,0.017796103678731745,retired,Gc^ --> Gc^^,BLSTM
calipso,66,0.017790289108970923,retired,Gc^ --> Gc^^,BLSTM
calipso,67,0.01778584225269941,retired,Gc^ --> Gc^^,BLSTM
calipso,68,0.017782495358252638,retired,Gc^ --> Gc^^,BLSTM
calipso,69,0.017779899531081892,retired,Gc^ --> Gc^^,BLSTM
calipso,70,0.017777780277435328,retired,Gc^ --> Gc^^,BLSTM
calipso,71,0.017775933527062342,retired,Gc^ --> Gc^^,BLSTM
calipso,72,0.0177742709740497,retired,Gc^ --> Gc^^,BLSTM
calipso,73,0.017772703513524973,retired,Gc^ --> Gc^^,BLSTM
calipso,74,0.017771211309519124,retired,Gc^ --> Gc^^,BLSTM
calipso,75,0.017769775111113967,retired,Gc^ --> Gc^^,BLSTM
calipso,76,0.017768408509696115,retired,Gc^ --> Gc^^,BLSTM
calipso,77,0.017767101734017965,retired,Gc^ --> Gc^^,BLSTM
calipso,78,0.01776586057270934,retired,Gc^ --> Gc^^,BLSTM
calipso,79,0.01776468158091215,retired,Gc^ --> Gc^^,BLSTM
calipso,80,0.01776358046321019,retired,Gc^ --> Gc^^,BLSTM
calipso,81,0.017762335352436515,retired,Gc^ --> Gc^^,BLSTM
calipso,82,0.017759176077257726,retired,Gc^ --> Gc^^,BLSTM
calipso,83,0.017755952376357482,retired,Gc^ --> Gc^^,BLSTM
calipso,84,0.017753403914266008,retired,Gc^ --> Gc^^,BLSTM
calipso,85,0.017751676033953896,retired,Gc^ --> Gc^^,BLSTM
calipso,86,0.017750639331658852,retired,Gc^ --> Gc^^,BLSTM
calipso,87,0.01774834254452502,retired,Gc^ --> Gc^^,BLSTM
calipso,88,0.016220362889200084,retired,Gc^ --> Gc^^,BLSTM
component,1,0.0410327796495304,retired,Gc^ --> Gc^^,BLSTM
component,2,0.03634387818120816,retired,Gc^ --> Gc^^,BLSTM
component,3,0.03183007046806021,retired,Gc^ --> Gc^^,BLSTM
component,4,0.024969230357634327,retired,Gc^ --> Gc^^,BLSTM
component,5,0.019557643149741583,retired,Gc^ --> Gc^^,BLSTM
component,6,0.017809701287872036,retired,Gc^ --> Gc^^,BLSTM
component,7,0.016964303907206716,retired,Gc^ --> Gc^^,BLSTM
component,8,0.016643995060842073,retired,Gc^ --> Gc^^,BLSTM
component,9,0.016578233841185255,retired,Gc^ --> Gc^^,BLSTM
component,10,0.016596699360885446,retired,Gc^ --> Gc^^,BLSTM
component,11,0.01661085065632157,retired,Gc^ --> Gc^^,BLSTM
component,12,0.01664816446685621,retired,Gc^ --> Gc^^,BLSTM
component,13,0.01669167878883314,retired,Gc^ --> Gc^^,BLSTM
component,14,0.0167272060598172,retired,Gc^ --> Gc^^,BLSTM
component,15,0.016758332301646243,retired,Gc^ --> Gc^^,BLSTM
component,16,0.016770272363569556,retired,Gc^ --> Gc^^,BLSTM
component,17,0.016794405624792893,retired,Gc^ --> Gc^^,BLSTM
component,18,0.01680809118591825,retired,Gc^ --> Gc^^,BLSTM
component,19,0.01681586241949301,retired,Gc^ --> Gc^^,BLSTM
component,20,0.016827076060129783,retired,Gc^ --> Gc^^,BLSTM
component,21,0.016820842029812398,retired,Gc^ --> Gc^^,BLSTM
component,22,0.016833941087271705,retired,Gc^ --> Gc^^,BLSTM
component,23,0.016861613765788215,retired,Gc^ --> Gc^^,BLSTM
component,24,0.016874544719128533,retired,Gc^ --> Gc^^,BLSTM
component,25,0.016878586345676527,retired,Gc^ --> Gc^^,BLSTM
component,26,0.01690140570239904,retired,Gc^ --> Gc^^,BLSTM
component,27,0.016907205039968336,retired,Gc^ --> Gc^^,BLSTM
component,28,0.016920397711957965,retired,Gc^ --> Gc^^,BLSTM
component,29,0.016927444613958224,retired,Gc^ --> Gc^^,BLSTM
component,30,0.01692934819381894,retired,Gc^ --> Gc^^,BLSTM
component,31,0.016944253812362895,retired,Gc^ --> Gc^^,BLSTM
component,32,0.016945650002201967,retired,Gc^ --> Gc^^,BLSTM
component,33,0.016960789573632912,retired,Gc^ --> Gc^^,BLSTM
component,34,0.016976811439719033,retired,Gc^ --> Gc^^,BLSTM
component,35,0.016995122949126973,retired,Gc^ --> Gc^^,BLSTM
component,36,0.01701750577886433,retired,Gc^ --> Gc^^,BLSTM
component,37,0.017036891911939654,retired,Gc^ --> Gc^^,BLSTM
component,38,0.017054370429980197,retired,Gc^ --> Gc^^,BLSTM
component,39,0.017076182501800454,retired,Gc^ --> Gc^^,BLSTM
component,40,0.01709794414142497,retired,Gc^ --> Gc^^,BLSTM
component,41,0.017113625438535347,retired,Gc^ --> Gc^^,BLSTM
component,42,0.017132695083469852,retired,Gc^ --> Gc^^,BLSTM
component,43,0.017151143301889497,retired,Gc^ --> Gc^^,BLSTM
component,44,0.017168458766206592,retired,Gc^ --> Gc^^,BLSTM
component,45,0.017184554230249827,retired,Gc^ --> Gc^^,BLSTM
component,46,0.017199393967269255,retired,Gc^ --> Gc^^,BLSTM
component,47,0.01721303851276533,retired,Gc^ --> Gc^^,BLSTM
component,48,0.017225602215008472,retired,Gc^ --> Gc^^,BLSTM
component,49,0.01723723267305512,retired,Gc^ --> Gc^^,BLSTM
component,50,0.017248064755669826,retired,Gc^ --> Gc^^,BLSTM
component,51,0.01725825014550496,retired,Gc^ --> Gc^^,BLSTM
component,52,0.017267885406187695,retired,Gc^ --> Gc^^,BLSTM
component,53,0.017277055480580273,retired,Gc^ --> Gc^^,BLSTM
component,54,0.01728584368222116,retired,Gc^ --> Gc^^,BLSTM
component,55,0.017294284007442918,retired,Gc^ --> Gc^^,BLSTM
component,56,0.017302438036199203,retired,Gc^ --> Gc^^,BLSTM
component,57,0.017310309385443236,retired,Gc^ --> Gc^^,BLSTM
component,58,0.017317933100795862,retired,Gc^ --> Gc^^,BLSTM
component,59,0.017325329667928442,retired,Gc^ --> Gc^^,BLSTM
component,60,0.017332501978107397,retired,Gc^ --> Gc^^,BLSTM
component,61,0.017339462267730758,retired,Gc^ --> Gc^^,BLSTM
component,62,0.01734622553407039,retired,Gc^ --> Gc^^,BLSTM
component,63,0.01735111266451242,retired,Gc^ --> Gc^^,BLSTM
component,64,0.01586287184063933,retired,Gc^ --> Gc^^,BLSTM
django-social-auth,1,0.04874561845654645,retired,Gc^ --> Gc^^,BLSTM
django-social-auth,2,0.035097098968726495,retired,Gc^ --> Gc^^,BLSTM
django-social-auth,3,0.027578605567205997,retired,Gc^ --> Gc^^,BLSTM
django-social-auth,4,0.02216422152823119,retired,Gc^ --> Gc^^,BLSTM
django-social-auth,5,0.020773660294558634,retired,Gc^ --> Gc^^,BLSTM
django-social-auth,6,0.019500174061653427,retired,Gc^ --> Gc^^,BLSTM
django-social-auth,7,0.018570062356461962,retired,Gc^ --> Gc^^,BLSTM
django-social-auth,8,0.01766529382898118,retired,Gc^ --> Gc^^,BLSTM
django-social-auth,9,0.017395844138724026,retired,Gc^ --> Gc^^,BLSTM
django-social-auth,10,0.017323275462059192,retired,Gc^ --> Gc^^,BLSTM
django-social-auth,11,0.017337995950574704,retired,Gc^ --> Gc^^,BLSTM
django-social-auth,12,0.017369521958587368,retired,Gc^ --> Gc^^,BLSTM
django-social-auth,13,0.017323604188114877,retired,Gc^ --> Gc^^,BLSTM
django-social-auth,14,0.017423407473993766,retired,Gc^ --> Gc^^,BLSTM
django-social-auth,15,0.017542717955551575,retired,Gc^ --> Gc^^,BLSTM
django-social-auth,16,0.017872358249971847,retired,Gc^ --> Gc^^,BLSTM
django-social-auth,17,0.01819234252383429,retired,Gc^ --> Gc^^,BLSTM
django-social-auth,18,0.019024688264783925,retired,Gc^ --> Gc^^,BLSTM
django-social-auth,19,0.02282103948291063,retired,Gc^ --> Gc^^,BLSTM
django-social-auth,20,0.02473369136767188,retired,Gc^ --> Gc^^,BLSTM
django-social-auth,21,0.027865094210393127,retired,Gc^ --> Gc^^,BLSTM
django-social-auth,22,0.02451449408577987,retired,Gc^ --> Gc^^,BLSTM
django-social-auth,23,0.019094718408198645,retired,Gc^ --> Gc^^,BLSTM
django-social-auth,24,0.018102637506274197,retired,Gc^ --> Gc^^,BLSTM
django-social-auth,25,0.019450830097251244,retired,Gc^ --> Gc^^,BLSTM
django-social-auth,26,0.02785163886561773,retired,Gc^ --> Gc^^,BLSTM
django-social-auth,27,0.05439984629100475,retired,Gc^ --> Gc^^,BLSTM
django-social-auth,28,0.10948685410523867,retired,Gc^ --> Gc^^,BLSTM
django-social-auth,29,0.050373808444282374,retired,Gc^ --> Gc^^,BLSTM
django-social-auth,30,0.03085965984794423,retired,Gc^ --> Gc^^,BLSTM
django-social-auth,31,0.02387773034543719,retired,Gc^ --> Gc^^,BLSTM
django-social-auth,32,0.019826638243833652,retired,Gc^ --> Gc^^,BLSTM
django-social-auth,33,0.025010150401467694,retired,Gc^ --> Gc^^,BLSTM
django-social-auth,34,0.06763098562939412,retired,Gc^ --> Gc^^,BLSTM
django-social-auth,35,0.17012951937202117,retired,Gc^ --> Gc^^,BLSTM
django-social-auth,36,0.0435176197923247,retired,Gc^ --> Gc^^,BLSTM
django-social-auth,37,0.02021377592316214,retired,Gc^ --> Gc^^,BLSTM
django-social-auth,38,0.018329857870784005,retired,Gc^ --> Gc^^,BLSTM
django-social-auth,39,0.018055415724264976,retired,Gc^ --> Gc^^,BLSTM
django-social-auth,40,0.017956829884508935,retired,Gc^ --> Gc^^,BLSTM
django-social-auth,41,0.017884785729955242,retired,Gc^ --> Gc^^,BLSTM
django-social-auth,42,0.01784037249606766,retired,Gc^ --> Gc^^,BLSTM
django-social-auth,43,0.01780436337679414,retired,Gc^ --> Gc^^,BLSTM
django-social-auth,44,0.017774848212543347,retired,Gc^ --> Gc^^,BLSTM
django-social-auth,45,0.017759193062401615,retired,Gc^ --> Gc^^,BLSTM
django-social-auth,46,0.017750229517648704,retired,Gc^ --> Gc^^,BLSTM
django-social-auth,47,0.017745615136763843,retired,Gc^ --> Gc^^,BLSTM
django-social-auth,48,0.017733897170057328,retired,Gc^ --> Gc^^,BLSTM
django-social-auth,49,0.017729289990402994,retired,Gc^ --> Gc^^,BLSTM
django-social-auth,50,0.017722473771868575,retired,Gc^ --> Gc^^,BLSTM
django-social-auth,51,0.017714442100156817,retired,Gc^ --> Gc^^,BLSTM
django-social-auth,52,0.0177074582566432,retired,Gc^ --> Gc^^,BLSTM
django-social-auth,53,0.01769383758880778,retired,Gc^ --> Gc^^,BLSTM
django-social-auth,54,0.01768860919914373,retired,Gc^ --> Gc^^,BLSTM
django-social-auth,55,0.017687089088611465,retired,Gc^ --> Gc^^,BLSTM
django-social-auth,56,0.017681884247076687,retired,Gc^ --> Gc^^,BLSTM
django-social-auth,57,0.0176772603502327,retired,Gc^ --> Gc^^,BLSTM
django-social-auth,58,0.017665024420930018,retired,Gc^ --> Gc^^,BLSTM
django-social-auth,59,0.01765326043633638,retired,Gc^ --> Gc^^,BLSTM
django-social-auth,60,0.017643174894885504,retired,Gc^ --> Gc^^,BLSTM
django-social-auth,61,0.0176354474029391,retired,Gc^ --> Gc^^,BLSTM
django-social-auth,62,0.017635467711885778,retired,Gc^ --> Gc^^,BLSTM
django-social-auth,63,0.017622173847858216,retired,Gc^ --> Gc^^,BLSTM
django-social-auth,64,0.01760887907218626,retired,Gc^ --> Gc^^,BLSTM
django-social-auth,65,0.017602804385780452,retired,Gc^ --> Gc^^,BLSTM
django-social-auth,66,0.017591406953715815,retired,Gc^ --> Gc^^,BLSTM
django-social-auth,67,0.01758026154566194,retired,Gc^ --> Gc^^,BLSTM
django-social-auth,68,0.017570180086836,retired,Gc^ --> Gc^^,BLSTM
django-social-auth,69,0.017561782855838162,retired,Gc^ --> Gc^^,BLSTM
django-social-auth,70,0.017561467770856248,retired,Gc^ --> Gc^^,BLSTM
django-social-auth,71,0.01756868448661394,retired,Gc^ --> Gc^^,BLSTM
django-social-auth,72,0.017568208212500377,retired,Gc^ --> Gc^^,BLSTM
django-social-auth,73,0.017566564166613566,retired,Gc^ --> Gc^^,BLSTM
django-social-auth,74,0.017572140640679006,retired,Gc^ --> Gc^^,BLSTM
django-social-auth,75,0.01757482880997725,retired,Gc^ --> Gc^^,BLSTM
django-social-auth,76,0.017568455535675983,retired,Gc^ --> Gc^^,BLSTM
django-social-auth,77,0.017560964363538552,retired,Gc^ --> Gc^^,BLSTM
django-social-auth,78,0.017549715981453565,retired,Gc^ --> Gc^^,BLSTM
django-social-auth,79,0.017544585082978372,retired,Gc^ --> Gc^^,BLSTM
django-social-auth,80,0.017541026319965253,retired,Gc^ --> Gc^^,BLSTM
django-social-auth,81,0.01753739044112485,retired,Gc^ --> Gc^^,BLSTM
django-social-auth,82,0.017528457482713325,retired,Gc^ --> Gc^^,BLSTM
django-social-auth,83,0.017519653985006316,retired,Gc^ --> Gc^^,BLSTM
django-social-auth,84,0.017511752341303873,retired,Gc^ --> Gc^^,BLSTM
django-social-auth,85,0.01750533050252011,retired,Gc^ --> Gc^^,BLSTM
django-social-auth,86,0.017504667030697165,retired,Gc^ --> Gc^^,BLSTM
django-social-auth,87,0.017499140352676298,retired,Gc^ --> Gc^^,BLSTM
django-social-auth,88,0.01749330247294702,retired,Gc^ --> Gc^^,BLSTM
django-social-auth,89,0.017488399085098992,retired,Gc^ --> Gc^^,BLSTM
django-social-auth,90,0.017488503586970353,retired,Gc^ --> Gc^^,BLSTM
django-social-auth,91,0.017483895286802793,retired,Gc^ --> Gc^^,BLSTM
django-social-auth,92,0.017478872573398332,retired,Gc^ --> Gc^^,BLSTM
django-social-auth,93,0.01747414661059281,retired,Gc^ --> Gc^^,BLSTM
django-social-auth,94,0.017469780552342502,retired,Gc^ --> Gc^^,BLSTM
django-social-auth,95,0.017466221023283744,retired,Gc^ --> Gc^^,BLSTM
django-social-auth,96,0.01746695410030845,retired,Gc^ --> Gc^^,BLSTM
django-social-auth,97,0.017463418377288285,retired,Gc^ --> Gc^^,BLSTM
django-social-auth,98,0.017459435270740686,retired,Gc^ --> Gc^^,BLSTM
django-social-auth,99,0.017455656498250777,retired,Gc^ --> Gc^^,BLSTM
django-social-auth,100,0.0174521561092324,retired,Gc^ --> Gc^^,BLSTM
django-social-auth,101,0.01744893283095959,retired,Gc^ --> Gc^^,BLSTM
django-social-auth,102,0.017446353898921647,retired,Gc^ --> Gc^^,BLSTM
django-social-auth,103,0.01744740210704202,retired,Gc^ --> Gc^^,BLSTM
django-social-auth,104,0.017445060354568255,retired,Gc^ --> Gc^^,BLSTM
django-social-auth,105,0.01744558194610975,retired,Gc^ --> Gc^^,BLSTM
django-social-auth,106,0.017442846838713787,retired,Gc^ --> Gc^^,BLSTM
django-social-auth,107,0.01744294089493113,retired,Gc^ --> Gc^^,BLSTM
django-social-auth,108,0.017439665130910227,retired,Gc^ --> Gc^^,BLSTM
django-social-auth,109,0.017436188849777757,retired,Gc^ --> Gc^^,BLSTM
django-social-auth,110,0.017433024480600766,retired,Gc^ --> Gc^^,BLSTM
django-social-auth,111,0.017430249204402143,retired,Gc^ --> Gc^^,BLSTM
django-social-auth,112,0.01742779707813388,retired,Gc^ --> Gc^^,BLSTM
django-social-auth,113,0.017425627310566728,retired,Gc^ --> Gc^^,BLSTM
django-social-auth,114,0.017423665066102136,retired,Gc^ --> Gc^^,BLSTM
django-social-auth,115,0.017421874991075368,retired,Gc^ --> Gc^^,BLSTM
django-social-auth,116,0.017420231844100742,retired,Gc^ --> Gc^^,BLSTM
django-social-auth,117,0.017418695345506104,retired,Gc^ --> Gc^^,BLSTM
django-social-auth,118,0.01741756973480845,retired,Gc^ --> Gc^^,BLSTM
django-social-auth,119,0.017419464883676454,retired,Gc^ --> Gc^^,BLSTM
django-social-auth,120,0.017420813829209958,retired,Gc^ --> Gc^^,BLSTM
django-social-auth,121,0.017419051601386324,retired,Gc^ --> Gc^^,BLSTM
django-social-auth,122,0.017419365215812995,retired,Gc^ --> Gc^^,BLSTM
django-social-auth,123,0.01741707021722901,retired,Gc^ --> Gc^^,BLSTM
django-social-auth,124,0.01741493212238933,retired,Gc^ --> Gc^^,BLSTM
django-social-auth,125,0.017415494351765454,retired,Gc^ --> Gc^^,BLSTM
django-social-auth,126,0.017413559550207843,retired,Gc^ --> Gc^^,BLSTM
django-social-auth,127,0.0174117700486081,retired,Gc^ --> Gc^^,BLSTM
django-social-auth,128,0.01741261212127313,retired,Gc^ --> Gc^^,BLSTM
django-social-auth,129,0.017410923039113853,retired,Gc^ --> Gc^^,BLSTM
django-social-auth,130,0.017409071281048148,retired,Gc^ --> Gc^^,BLSTM
django-social-auth,131,0.017407448829305255,retired,Gc^ --> Gc^^,BLSTM
django-social-auth,132,0.017406079555011778,retired,Gc^ --> Gc^^,BLSTM
django-social-auth,133,0.01740493989621969,retired,Gc^ --> Gc^^,BLSTM
django-social-auth,134,0.017403974007676164,retired,Gc^ --> Gc^^,BLSTM
django-social-auth,135,0.017403146279290377,retired,Gc^ --> Gc^^,BLSTM
django-social-auth,136,0.017402427195741244,retired,Gc^ --> Gc^^,BLSTM
django-social-auth,137,0.017402047359804624,retired,Gc^ --> Gc^^,BLSTM
django-social-auth,138,0.017403902275998258,retired,Gc^ --> Gc^^,BLSTM
django-social-auth,139,0.017403404737978696,retired,Gc^ --> Gc^^,BLSTM
django-social-auth,140,0.017404595166642157,retired,Gc^ --> Gc^^,BLSTM
django-social-auth,141,0.017403430571789925,retired,Gc^ --> Gc^^,BLSTM
django-social-auth,142,0.017400397371376167,retired,Gc^ --> Gc^^,BLSTM
django-social-auth,143,0.015901648097821266,retired,Gc^ --> Gc^^,BLSTM
docker-registry,1,0.04534950900185545,retired,Gc^ --> Gc^^,BLSTM
docker-registry,2,0.042391782339979034,retired,Gc^ --> Gc^^,BLSTM
docker-registry,3,0.03948757426854868,retired,Gc^ --> Gc^^,BLSTM
docker-registry,4,0.03496204855186105,retired,Gc^ --> Gc^^,BLSTM
docker-registry,5,0.030907539956947963,retired,Gc^ --> Gc^^,BLSTM
docker-registry,6,0.02787743170911004,retired,Gc^ --> Gc^^,BLSTM
docker-registry,7,0.024041860577411738,retired,Gc^ --> Gc^^,BLSTM
docker-registry,8,0.020162100107739344,retired,Gc^ --> Gc^^,BLSTM
docker-registry,9,0.019431847036614006,retired,Gc^ --> Gc^^,BLSTM
docker-registry,10,0.019253146484858163,retired,Gc^ --> Gc^^,BLSTM
docker-registry,11,0.01813449678743395,retired,Gc^ --> Gc^^,BLSTM
docker-registry,12,0.019254458487207925,retired,Gc^ --> Gc^^,BLSTM
docker-registry,13,0.022858301859682954,retired,Gc^ --> Gc^^,BLSTM
docker-registry,14,0.03329991578618211,retired,Gc^ --> Gc^^,BLSTM
docker-registry,15,0.023207598045084352,retired,Gc^ --> Gc^^,BLSTM
docker-registry,16,0.01882751255286987,retired,Gc^ --> Gc^^,BLSTM
docker-registry,17,0.018863387007556832,retired,Gc^ --> Gc^^,BLSTM
docker-registry,18,0.018273089212696686,retired,Gc^ --> Gc^^,BLSTM
docker-registry,19,0.01793192428071317,retired,Gc^ --> Gc^^,BLSTM
docker-registry,20,0.017418010095194898,retired,Gc^ --> Gc^^,BLSTM
docker-registry,21,0.017135631830435642,retired,Gc^ --> Gc^^,BLSTM
docker-registry,22,0.016934630767871793,retired,Gc^ --> Gc^^,BLSTM
docker-registry,23,0.016840263349828383,retired,Gc^ --> Gc^^,BLSTM
docker-registry,24,0.016789996157644645,retired,Gc^ --> Gc^^,BLSTM
docker-registry,25,0.016755964795846987,retired,Gc^ --> Gc^^,BLSTM
docker-registry,26,0.016727378966856103,retired,Gc^ --> Gc^^,BLSTM
docker-registry,27,0.016717172081513687,retired,Gc^ --> Gc^^,BLSTM
docker-registry,28,0.016708669587911045,retired,Gc^ --> Gc^^,BLSTM
docker-registry,29,0.01670481588815867,retired,Gc^ --> Gc^^,BLSTM
docker-registry,30,0.016703243515830267,retired,Gc^ --> Gc^^,BLSTM
docker-registry,31,0.01670226575416761,retired,Gc^ --> Gc^^,BLSTM
docker-registry,32,0.016700151365433413,retired,Gc^ --> Gc^^,BLSTM
docker-registry,33,0.016693940745045485,retired,Gc^ --> Gc^^,BLSTM
docker-registry,34,0.016687603334948353,retired,Gc^ --> Gc^^,BLSTM
docker-registry,35,0.016684866934325117,retired,Gc^ --> Gc^^,BLSTM
docker-registry,36,0.01668521572219773,retired,Gc^ --> Gc^^,BLSTM
docker-registry,37,0.016681195631551772,retired,Gc^ --> Gc^^,BLSTM
docker-registry,38,0.016683093430688866,retired,Gc^ --> Gc^^,BLSTM
docker-registry,39,0.016686672930867324,retired,Gc^ --> Gc^^,BLSTM
docker-registry,40,0.016687555050214794,retired,Gc^ --> Gc^^,BLSTM
docker-registry,41,0.016685135038573325,retired,Gc^ --> Gc^^,BLSTM
docker-registry,42,0.016690979388964463,retired,Gc^ --> Gc^^,BLSTM
docker-registry,43,0.016698678437161718,retired,Gc^ --> Gc^^,BLSTM
docker-registry,44,0.016704911926093358,retired,Gc^ --> Gc^^,BLSTM
docker-registry,45,0.016710370100725538,retired,Gc^ --> Gc^^,BLSTM
docker-registry,46,0.016715064803435174,retired,Gc^ --> Gc^^,BLSTM
docker-registry,47,0.01671768801452814,retired,Gc^ --> Gc^^,BLSTM
docker-registry,48,0.01671901970930377,retired,Gc^ --> Gc^^,BLSTM
docker-registry,49,0.016717943349279427,retired,Gc^ --> Gc^^,BLSTM
docker-registry,50,0.016714099781886867,retired,Gc^ --> Gc^^,BLSTM
docker-registry,51,0.016714104621782893,retired,Gc^ --> Gc^^,BLSTM
docker-registry,52,0.016718101211616397,retired,Gc^ --> Gc^^,BLSTM
docker-registry,53,0.01672850724105917,retired,Gc^ --> Gc^^,BLSTM
docker-registry,54,0.01672950661770899,retired,Gc^ --> Gc^^,BLSTM
docker-registry,55,0.016735007003623955,retired,Gc^ --> Gc^^,BLSTM
docker-registry,56,0.016738394779454498,retired,Gc^ --> Gc^^,BLSTM
docker-registry,57,0.016743603552742903,retired,Gc^ --> Gc^^,BLSTM
docker-registry,58,0.016753521599777874,retired,Gc^ --> Gc^^,BLSTM
docker-registry,59,0.016760450822268583,retired,Gc^ --> Gc^^,BLSTM
docker-registry,60,0.016768217208389925,retired,Gc^ --> Gc^^,BLSTM
docker-registry,61,0.016781585585148234,retired,Gc^ --> Gc^^,BLSTM
docker-registry,62,0.01678582403618171,retired,Gc^ --> Gc^^,BLSTM
docker-registry,63,0.016789626539430516,retired,Gc^ --> Gc^^,BLSTM
docker-registry,64,0.016795276480305595,retired,Gc^ --> Gc^^,BLSTM
docker-registry,65,0.015353687272791306,retired,Gc^ --> Gc^^,BLSTM
famous,1,0.05386214153117754,retired,Gc^ --> Gc^^,BLSTM
famous,2,0.0429181780475558,retired,Gc^ --> Gc^^,BLSTM
famous,3,0.040065188108674536,retired,Gc^ --> Gc^^,BLSTM
famous,4,0.10194104235526583,retired,Gc^ --> Gc^^,BLSTM
famous,5,0.03683091686583199,retired,Gc^ --> Gc^^,BLSTM
famous,6,0.024579665017566466,retired,Gc^ --> Gc^^,BLSTM
famous,7,0.022019351108463547,retired,Gc^ --> Gc^^,BLSTM
famous,8,0.018843872815833617,retired,Gc^ --> Gc^^,BLSTM
famous,9,0.017494992197615605,retired,Gc^ --> Gc^^,BLSTM
famous,10,0.0178244668841748,retired,Gc^ --> Gc^^,BLSTM
famous,11,0.018147841517967785,retired,Gc^ --> Gc^^,BLSTM
famous,12,0.017650203237367306,retired,Gc^ --> Gc^^,BLSTM
famous,13,0.01741577101087257,retired,Gc^ --> Gc^^,BLSTM
famous,14,0.017310702078854445,retired,Gc^ --> Gc^^,BLSTM
famous,15,0.017352957784278228,retired,Gc^ --> Gc^^,BLSTM
famous,16,0.017419342779207408,retired,Gc^ --> Gc^^,BLSTM
famous,17,0.017470631298590132,retired,Gc^ --> Gc^^,BLSTM
famous,18,0.01751312443327893,retired,Gc^ --> Gc^^,BLSTM
famous,19,0.017544906553831,retired,Gc^ --> Gc^^,BLSTM
famous,20,0.016056161174671332,retired,Gc^ --> Gc^^,BLSTM
forem,1,0.032562483737566074,retired,Gc^ --> Gc^^,BLSTM
forem,2,0.03486737990896377,retired,Gc^ --> Gc^^,BLSTM
forem,3,0.03473815512171415,retired,Gc^ --> Gc^^,BLSTM
forem,4,0.030269292619371523,retired,Gc^ --> Gc^^,BLSTM
forem,5,0.025218114608504014,retired,Gc^ --> Gc^^,BLSTM
forem,6,0.024031154792425437,retired,Gc^ --> Gc^^,BLSTM
forem,7,0.02950503893954439,retired,Gc^ --> Gc^^,BLSTM
forem,8,0.02559936842107945,retired,Gc^ --> Gc^^,BLSTM
forem,9,0.03548668200383494,retired,Gc^ --> Gc^^,BLSTM
forem,10,0.02934334470726526,retired,Gc^ --> Gc^^,BLSTM
forem,11,0.033552514153571696,retired,Gc^ --> Gc^^,BLSTM
forem,12,0.09179176254062743,retired,Gc^ --> Gc^^,BLSTM
forem,13,0.2449034540666903,retired,Gc^ --> Gc^^,BLSTM
forem,14,0.3852896996638641,retired,Gc^ --> Gc^^,BLSTM
forem,15,0.5337450415971082,retired,Gc^ --> Gc^^,BLSTM
forem,16,0.5827765263159469,retired,Gc^ --> Gc^^,BLSTM
forem,17,0.6200230444895654,retired,Gc^ --> Gc^^,BLSTM
forem,18,0.6509846360255903,retired,Gc^ --> Gc^^,BLSTM
forem,19,0.6747152494696407,retired,Gc^ --> Gc^^,BLSTM
forem,20,0.6779449977965256,retired,Gc^ --> Gc^^,BLSTM
forem,21,0.6765733216714194,retired,Gc^ --> Gc^^,BLSTM
forem,22,0.7039193749238036,retired,Gc^ --> Gc^^,BLSTM
forem,23,0.7266996776007902,retired,Gc^ --> Gc^^,BLSTM
forem,24,0.7275987244756971,retired,Gc^ --> Gc^^,BLSTM
forem,25,0.4278409693100253,retired,Gc^ --> Gc^^,BLSTM
forem,26,0.3025492790949007,retired,Gc^ --> Gc^^,BLSTM
forem,27,0.24304765082191176,retired,Gc^ --> Gc^^,BLSTM
forem,28,0.2859386231611676,retired,Gc^ --> Gc^^,BLSTM
forem,29,0.31988904909102334,retired,Gc^ --> Gc^^,BLSTM
forem,30,0.3378097588996543,retired,Gc^ --> Gc^^,BLSTM
forem,31,0.2503909703707757,retired,Gc^ --> Gc^^,BLSTM
forem,32,0.1911925733656731,retired,Gc^ --> Gc^^,BLSTM
forem,33,0.22335067271423636,retired,Gc^ --> Gc^^,BLSTM
forem,34,0.1724673696183596,retired,Gc^ --> Gc^^,BLSTM
forem,35,0.21167241634883258,retired,Gc^ --> Gc^^,BLSTM
forem,36,0.14957194162216195,retired,Gc^ --> Gc^^,BLSTM
forem,37,0.11001758895652944,retired,Gc^ --> Gc^^,BLSTM
forem,38,0.09068804498683138,retired,Gc^ --> Gc^^,BLSTM
forem,39,0.08664314156406229,retired,Gc^ --> Gc^^,BLSTM
forem,40,0.07530472277592849,retired,Gc^ --> Gc^^,BLSTM
forem,41,0.06498582437706664,retired,Gc^ --> Gc^^,BLSTM
forem,42,0.05765781517054815,retired,Gc^ --> Gc^^,BLSTM
forem,43,0.05136399727230943,retired,Gc^ --> Gc^^,BLSTM
forem,44,0.04498709064388576,retired,Gc^ --> Gc^^,BLSTM
forem,45,0.03936164094847395,retired,Gc^ --> Gc^^,BLSTM
forem,46,0.035064132275140894,retired,Gc^ --> Gc^^,BLSTM
forem,47,0.03157681788978854,retired,Gc^ --> Gc^^,BLSTM
forem,48,0.02845089513723652,retired,Gc^ --> Gc^^,BLSTM
forem,49,0.0263476883703008,retired,Gc^ --> Gc^^,BLSTM
forem,50,0.02546601228225401,retired,Gc^ --> Gc^^,BLSTM
forem,51,0.02517478199497977,retired,Gc^ --> Gc^^,BLSTM
forem,52,0.02508586304923719,retired,Gc^ --> Gc^^,BLSTM
forem,53,0.02512382412627388,retired,Gc^ --> Gc^^,BLSTM
forem,54,0.02633593235120321,retired,Gc^ --> Gc^^,BLSTM
forem,55,0.025807581798572787,retired,Gc^ --> Gc^^,BLSTM
forem,56,0.025523352791787496,retired,Gc^ --> Gc^^,BLSTM
forem,57,0.025381055413042777,retired,Gc^ --> Gc^^,BLSTM
forem,58,0.025087642828328486,retired,Gc^ --> Gc^^,BLSTM
forem,59,0.024689353205767872,retired,Gc^ --> Gc^^,BLSTM
forem,60,0.024686151700739126,retired,Gc^ --> Gc^^,BLSTM
forem,61,0.02468439959681007,retired,Gc^ --> Gc^^,BLSTM
forem,62,0.025486626629093852,retired,Gc^ --> Gc^^,BLSTM
forem,63,0.023479459209835768,retired,Gc^ --> Gc^^,BLSTM
forem,64,0.020346140829074984,retired,Gc^ --> Gc^^,BLSTM
forem,65,0.018781695892253786,retired,Gc^ --> Gc^^,BLSTM
forem,66,0.01813993700896425,retired,Gc^ --> Gc^^,BLSTM
forem,67,0.017832280481211826,retired,Gc^ --> Gc^^,BLSTM
forem,68,0.017654630958862074,retired,Gc^ --> Gc^^,BLSTM
forem,69,0.01754654674793043,retired,Gc^ --> Gc^^,BLSTM
forem,70,0.017473439790477233,retired,Gc^ --> Gc^^,BLSTM
forem,71,0.01740884051399191,retired,Gc^ --> Gc^^,BLSTM
forem,72,0.017361307657472624,retired,Gc^ --> Gc^^,BLSTM
forem,73,0.01732863558548686,retired,Gc^ --> Gc^^,BLSTM
forem,74,0.017296672503935986,retired,Gc^ --> Gc^^,BLSTM
forem,75,0.017269411317816733,retired,Gc^ --> Gc^^,BLSTM
forem,76,0.017247586359012683,retired,Gc^ --> Gc^^,BLSTM
forem,77,0.015751324734220293,retired,Gc^ --> Gc^^,BLSTM
generator-gulp-angular,1,0.047389648615226536,retired,Gc^ --> Gc^^,BLSTM
generator-gulp-angular,2,0.040525831328153,retired,Gc^ --> Gc^^,BLSTM
generator-gulp-angular,3,0.035822584547480475,retired,Gc^ --> Gc^^,BLSTM
generator-gulp-angular,4,0.028237199366114775,retired,Gc^ --> Gc^^,BLSTM
generator-gulp-angular,5,0.025299766295917275,retired,Gc^ --> Gc^^,BLSTM
generator-gulp-angular,6,0.02112633553606578,retired,Gc^ --> Gc^^,BLSTM
generator-gulp-angular,7,0.02064318091494827,retired,Gc^ --> Gc^^,BLSTM
generator-gulp-angular,8,0.022407030200946813,retired,Gc^ --> Gc^^,BLSTM
generator-gulp-angular,9,0.026171938056042572,retired,Gc^ --> Gc^^,BLSTM
generator-gulp-angular,10,0.023899549442075105,retired,Gc^ --> Gc^^,BLSTM
generator-gulp-angular,11,0.026418292041398273,retired,Gc^ --> Gc^^,BLSTM
generator-gulp-angular,12,0.022343282588103766,retired,Gc^ --> Gc^^,BLSTM
generator-gulp-angular,13,0.020280160432954886,retired,Gc^ --> Gc^^,BLSTM
generator-gulp-angular,14,0.02030975472135708,retired,Gc^ --> Gc^^,BLSTM
generator-gulp-angular,15,0.02150469347821221,retired,Gc^ --> Gc^^,BLSTM
generator-gulp-angular,16,0.021101997761768753,retired,Gc^ --> Gc^^,BLSTM
generator-gulp-angular,17,0.020851823139888228,retired,Gc^ --> Gc^^,BLSTM
generator-gulp-angular,18,0.020945667751891203,retired,Gc^ --> Gc^^,BLSTM
generator-gulp-angular,19,0.021370676267939946,retired,Gc^ --> Gc^^,BLSTM
generator-gulp-angular,20,0.019760316125056177,retired,Gc^ --> Gc^^,BLSTM
generator-gulp-angular,21,0.01822378523035606,retired,Gc^ --> Gc^^,BLSTM
generator-gulp-angular,22,0.01765076594945603,retired,Gc^ --> Gc^^,BLSTM
generator-gulp-angular,23,0.01745080761137912,retired,Gc^ --> Gc^^,BLSTM
generator-gulp-angular,24,0.017417313613532007,retired,Gc^ --> Gc^^,BLSTM
generator-gulp-angular,25,0.017250032841409736,retired,Gc^ --> Gc^^,BLSTM
generator-gulp-angular,26,0.017165063009733902,retired,Gc^ --> Gc^^,BLSTM
generator-gulp-angular,27,0.017179622312571245,retired,Gc^ --> Gc^^,BLSTM
generator-gulp-angular,28,0.017194991911232468,retired,Gc^ --> Gc^^,BLSTM
generator-gulp-angular,29,0.01721155034648735,retired,Gc^ --> Gc^^,BLSTM
generator-gulp-angular,30,0.017225197946503856,retired,Gc^ --> Gc^^,BLSTM
generator-gulp-angular,31,0.017229031870977598,retired,Gc^ --> Gc^^,BLSTM
generator-gulp-angular,32,0.017228597039197067,retired,Gc^ --> Gc^^,BLSTM
generator-gulp-angular,33,0.017232226433339243,retired,Gc^ --> Gc^^,BLSTM
generator-gulp-angular,34,0.017243610898005305,retired,Gc^ --> Gc^^,BLSTM
generator-gulp-angular,35,0.017253213602147,retired,Gc^ --> Gc^^,BLSTM
generator-gulp-angular,36,0.017264329727798514,retired,Gc^ --> Gc^^,BLSTM
generator-gulp-angular,37,0.01727070713496455,retired,Gc^ --> Gc^^,BLSTM
generator-gulp-angular,38,0.017271403760982705,retired,Gc^ --> Gc^^,BLSTM
generator-gulp-angular,39,0.017269623391955473,retired,Gc^ --> Gc^^,BLSTM
generator-gulp-angular,40,0.017271815116968334,retired,Gc^ --> Gc^^,BLSTM
generator-gulp-angular,41,0.017279089572001444,retired,Gc^ --> Gc^^,BLSTM
generator-gulp-angular,42,0.017290332949166508,retired,Gc^ --> Gc^^,BLSTM
generator-gulp-angular,43,0.017293618752752735,retired,Gc^ --> Gc^^,BLSTM
generator-gulp-angular,44,0.017300013468814733,retired,Gc^ --> Gc^^,BLSTM
generator-gulp-angular,45,0.017307100464081984,retired,Gc^ --> Gc^^,BLSTM
generator-gulp-angular,46,0.01731787453687106,retired,Gc^ --> Gc^^,BLSTM
generator-gulp-angular,47,0.017321520258316188,retired,Gc^ --> Gc^^,BLSTM
generator-gulp-angular,48,0.01731918862357606,retired,Gc^ --> Gc^^,BLSTM
generator-gulp-angular,49,0.01731910720445124,retired,Gc^ --> Gc^^,BLSTM
generator-gulp-angular,50,0.017325035476854083,retired,Gc^ --> Gc^^,BLSTM
generator-gulp-angular,51,0.017327368324482315,retired,Gc^ --> Gc^^,BLSTM
generator-gulp-angular,52,0.017330446591436215,retired,Gc^ --> Gc^^,BLSTM
generator-gulp-angular,53,0.01733470643095151,retired,Gc^ --> Gc^^,BLSTM
generator-gulp-angular,54,0.017340151779472186,retired,Gc^ --> Gc^^,BLSTM
generator-gulp-angular,55,0.017349081807557207,retired,Gc^ --> Gc^^,BLSTM
generator-gulp-angular,56,0.01735721471768087,retired,Gc^ --> Gc^^,BLSTM
generator-gulp-angular,57,0.017360025848335528,retired,Gc^ --> Gc^^,BLSTM
generator-gulp-angular,58,0.01736618527656611,retired,Gc^ --> Gc^^,BLSTM
generator-gulp-angular,59,0.017367743888932915,retired,Gc^ --> Gc^^,BLSTM
generator-gulp-angular,60,0.017369573428130787,retired,Gc^ --> Gc^^,BLSTM
generator-gulp-angular,61,0.017372458874238186,retired,Gc^ --> Gc^^,BLSTM
generator-gulp-angular,62,0.01737623728402779,retired,Gc^ --> Gc^^,BLSTM
generator-gulp-angular,63,0.017380627124175412,retired,Gc^ --> Gc^^,BLSTM
generator-gulp-angular,64,0.017385352092786296,retired,Gc^ --> Gc^^,BLSTM
generator-gulp-angular,65,0.01739023000749922,retired,Gc^ --> Gc^^,BLSTM
generator-gulp-angular,66,0.01739514557563488,retired,Gc^ --> Gc^^,BLSTM
generator-gulp-angular,67,0.017400017280472708,retired,Gc^ --> Gc^^,BLSTM
generator-gulp-angular,68,0.01740482624126601,retired,Gc^ --> Gc^^,BLSTM
generator-gulp-angular,69,0.017409548943866312,retired,Gc^ --> Gc^^,BLSTM
generator-gulp-angular,70,0.017414174853664456,retired,Gc^ --> Gc^^,BLSTM
generator-gulp-angular,71,0.01741702456355643,retired,Gc^ --> Gc^^,BLSTM
generator-gulp-angular,72,0.01592150081679054,retired,Gc^ --> Gc^^,BLSTM
inherited_resources,1,0.05792169892483795,retired,Gc^ --> Gc^^,BLSTM
inherited_resources,2,0.040959084891645056,retired,Gc^ --> Gc^^,BLSTM
inherited_resources,3,0.02430662781030238,retired,Gc^ --> Gc^^,BLSTM
inherited_resources,4,0.020120024575198295,retired,Gc^ --> Gc^^,BLSTM
inherited_resources,5,0.017544464371821594,retired,Gc^ --> Gc^^,BLSTM
inherited_resources,6,0.01738072419932798,retired,Gc^ --> Gc^^,BLSTM
inherited_resources,7,0.01787399952186634,retired,Gc^ --> Gc^^,BLSTM
inherited_resources,8,0.018287660275266945,retired,Gc^ --> Gc^^,BLSTM
inherited_resources,9,0.017890384613936706,retired,Gc^ --> Gc^^,BLSTM
inherited_resources,10,0.018032579632333966,retired,Gc^ --> Gc^^,BLSTM
inherited_resources,11,0.01828884799308712,retired,Gc^ --> Gc^^,BLSTM
inherited_resources,12,0.018252379084025105,retired,Gc^ --> Gc^^,BLSTM
inherited_resources,13,0.018513435485893622,retired,Gc^ --> Gc^^,BLSTM
inherited_resources,14,0.01830431395913632,retired,Gc^ --> Gc^^,BLSTM
inherited_resources,15,0.01804591007787092,retired,Gc^ --> Gc^^,BLSTM
inherited_resources,16,0.017983975533216442,retired,Gc^ --> Gc^^,BLSTM
inherited_resources,17,0.01780823352413148,retired,Gc^ --> Gc^^,BLSTM
inherited_resources,18,0.017683990145256106,retired,Gc^ --> Gc^^,BLSTM
inherited_resources,19,0.01792435528891198,retired,Gc^ --> Gc^^,BLSTM
inherited_resources,20,0.017796104787294768,retired,Gc^ --> Gc^^,BLSTM
inherited_resources,21,0.017928662528024508,retired,Gc^ --> Gc^^,BLSTM
inherited_resources,22,0.01787105943167121,retired,Gc^ --> Gc^^,BLSTM
inherited_resources,23,0.01805891722210113,retired,Gc^ --> Gc^^,BLSTM
inherited_resources,24,0.01816578430808672,retired,Gc^ --> Gc^^,BLSTM
inherited_resources,25,0.018137266737173256,retired,Gc^ --> Gc^^,BLSTM
inherited_resources,26,0.01819090131935815,retired,Gc^ --> Gc^^,BLSTM
inherited_resources,27,0.018026299778400576,retired,Gc^ --> Gc^^,BLSTM
inherited_resources,28,0.01792086626807441,retired,Gc^ --> Gc^^,BLSTM
inherited_resources,29,0.017921018056422496,retired,Gc^ --> Gc^^,BLSTM
inherited_resources,30,0.01802977063655177,retired,Gc^ --> Gc^^,BLSTM
inherited_resources,31,0.01811471779743254,retired,Gc^ --> Gc^^,BLSTM
inherited_resources,32,0.01797786826440905,retired,Gc^ --> Gc^^,BLSTM
inherited_resources,33,0.017803698578570944,retired,Gc^ --> Gc^^,BLSTM
inherited_resources,34,0.017682602556388784,retired,Gc^ --> Gc^^,BLSTM
inherited_resources,35,0.017732576441762453,retired,Gc^ --> Gc^^,BLSTM
inherited_resources,36,0.017869838856994315,retired,Gc^ --> Gc^^,BLSTM
inherited_resources,37,0.01802673640739222,retired,Gc^ --> Gc^^,BLSTM
inherited_resources,38,0.01808284747013691,retired,Gc^ --> Gc^^,BLSTM
inherited_resources,39,0.018065871029590418,retired,Gc^ --> Gc^^,BLSTM
inherited_resources,40,0.017983121365314266,retired,Gc^ --> Gc^^,BLSTM
inherited_resources,41,0.017925980623617215,retired,Gc^ --> Gc^^,BLSTM
inherited_resources,42,0.017957567259612697,retired,Gc^ --> Gc^^,BLSTM
inherited_resources,43,0.018029101286776955,retired,Gc^ --> Gc^^,BLSTM
inherited_resources,44,0.018053590187294802,retired,Gc^ --> Gc^^,BLSTM
inherited_resources,45,0.01802884737962152,retired,Gc^ --> Gc^^,BLSTM
inherited_resources,46,0.0181038373099393,retired,Gc^ --> Gc^^,BLSTM
inherited_resources,47,0.018161458321961144,retired,Gc^ --> Gc^^,BLSTM
inherited_resources,48,0.018044163853436775,retired,Gc^ --> Gc^^,BLSTM
inherited_resources,49,0.018045822458967624,retired,Gc^ --> Gc^^,BLSTM
inherited_resources,50,0.018139103995573724,retired,Gc^ --> Gc^^,BLSTM
inherited_resources,51,0.01813306389742733,retired,Gc^ --> Gc^^,BLSTM
inherited_resources,52,0.018119131216274433,retired,Gc^ --> Gc^^,BLSTM
inherited_resources,53,0.018048621524650046,retired,Gc^ --> Gc^^,BLSTM
inherited_resources,54,0.01805791606448133,retired,Gc^ --> Gc^^,BLSTM
inherited_resources,55,0.018088325476731677,retired,Gc^ --> Gc^^,BLSTM
inherited_resources,56,0.018082828527408536,retired,Gc^ --> Gc^^,BLSTM
inherited_resources,57,0.01807706036104995,retired,Gc^ --> Gc^^,BLSTM
inherited_resources,58,0.01806948285036814,retired,Gc^ --> Gc^^,BLSTM
inherited_resources,59,0.0180084287628824,retired,Gc^ --> Gc^^,BLSTM
inherited_resources,60,0.01795030146515007,retired,Gc^ --> Gc^^,BLSTM
inherited_resources,61,0.0179668338312914,retired,Gc^ --> Gc^^,BLSTM
inherited_resources,62,0.017938891675643887,retired,Gc^ --> Gc^^,BLSTM
inherited_resources,63,0.01798441002785926,retired,Gc^ --> Gc^^,BLSTM
inherited_resources,64,0.017998175569774583,retired,Gc^ --> Gc^^,BLSTM
inherited_resources,65,0.018028090313739125,retired,Gc^ --> Gc^^,BLSTM
inherited_resources,66,0.01798100137688371,retired,Gc^ --> Gc^^,BLSTM
inherited_resources,67,0.017922322425762204,retired,Gc^ --> Gc^^,BLSTM
inherited_resources,68,0.017980662011489214,retired,Gc^ --> Gc^^,BLSTM
inherited_resources,69,0.018082391884064825,retired,Gc^ --> Gc^^,BLSTM
inherited_resources,70,0.018102436001676454,retired,Gc^ --> Gc^^,BLSTM
inherited_resources,71,0.01810336573951712,retired,Gc^ --> Gc^^,BLSTM
inherited_resources,72,0.01817103112014052,retired,Gc^ --> Gc^^,BLSTM
inherited_resources,73,0.018121553244192862,retired,Gc^ --> Gc^^,BLSTM
inherited_resources,74,0.018069318942490094,retired,Gc^ --> Gc^^,BLSTM
inherited_resources,75,0.018094341093128866,retired,Gc^ --> Gc^^,BLSTM
inherited_resources,76,0.018043953058628284,retired,Gc^ --> Gc^^,BLSTM
inherited_resources,77,0.017988252224401827,retired,Gc^ --> Gc^^,BLSTM
inherited_resources,78,0.018018588480688772,retired,Gc^ --> Gc^^,BLSTM
inherited_resources,79,0.018055238962486297,retired,Gc^ --> Gc^^,BLSTM
inherited_resources,80,0.018090074517727185,retired,Gc^ --> Gc^^,BLSTM
inherited_resources,81,0.018041418779742874,retired,Gc^ --> Gc^^,BLSTM
inherited_resources,82,0.0180017054739436,retired,Gc^ --> Gc^^,BLSTM
inherited_resources,83,0.017964040239014434,retired,Gc^ --> Gc^^,BLSTM
inherited_resources,84,0.01791917930150155,retired,Gc^ --> Gc^^,BLSTM
inherited_resources,85,0.017882925887412398,retired,Gc^ --> Gc^^,BLSTM
inherited_resources,86,0.01785679111259357,retired,Gc^ --> Gc^^,BLSTM
inherited_resources,87,0.017852205604259434,retired,Gc^ --> Gc^^,BLSTM
inherited_resources,88,0.01782024489074224,retired,Gc^ --> Gc^^,BLSTM
inherited_resources,89,0.017797427319004133,retired,Gc^ --> Gc^^,BLSTM
inherited_resources,90,0.017830891496877457,retired,Gc^ --> Gc^^,BLSTM
inherited_resources,91,0.01783674992733183,retired,Gc^ --> Gc^^,BLSTM
inherited_resources,92,0.017832648960501806,retired,Gc^ --> Gc^^,BLSTM
inherited_resources,93,0.01794300215925003,retired,Gc^ --> Gc^^,BLSTM
inherited_resources,94,0.017931415341685214,retired,Gc^ --> Gc^^,BLSTM
inherited_resources,95,0.017953701782069797,retired,Gc^ --> Gc^^,BLSTM
inherited_resources,96,0.01810856207395147,retired,Gc^ --> Gc^^,BLSTM
inherited_resources,97,0.018162037209277063,retired,Gc^ --> Gc^^,BLSTM
inherited_resources,98,0.018156462733352693,retired,Gc^ --> Gc^^,BLSTM
inherited_resources,99,0.01815788086707821,retired,Gc^ --> Gc^^,BLSTM
inherited_resources,100,0.01821675863607533,retired,Gc^ --> Gc^^,BLSTM
inherited_resources,101,0.01822911144860069,retired,Gc^ --> Gc^^,BLSTM
inherited_resources,102,0.018192201074795338,retired,Gc^ --> Gc^^,BLSTM
inherited_resources,103,0.0181335766766957,retired,Gc^ --> Gc^^,BLSTM
inherited_resources,104,0.018068578678939105,retired,Gc^ --> Gc^^,BLSTM
inherited_resources,105,0.018023215932410862,retired,Gc^ --> Gc^^,BLSTM
inherited_resources,106,0.018074603031273416,retired,Gc^ --> Gc^^,BLSTM
inherited_resources,107,0.018113375754210237,retired,Gc^ --> Gc^^,BLSTM
inherited_resources,108,0.018068546640882456,retired,Gc^ --> Gc^^,BLSTM
inherited_resources,109,0.018017547677054286,retired,Gc^ --> Gc^^,BLSTM
inherited_resources,110,0.017973029947632432,retired,Gc^ --> Gc^^,BLSTM
inherited_resources,111,0.01793918582790242,retired,Gc^ --> Gc^^,BLSTM
inherited_resources,112,0.01794184868517066,retired,Gc^ --> Gc^^,BLSTM
inherited_resources,113,0.017932720907819676,retired,Gc^ --> Gc^^,BLSTM
inherited_resources,114,0.01797489302614642,retired,Gc^ --> Gc^^,BLSTM
inherited_resources,115,0.01806807100264254,retired,Gc^ --> Gc^^,BLSTM
inherited_resources,116,0.018061204372180423,retired,Gc^ --> Gc^^,BLSTM
inherited_resources,117,0.018209981446643993,retired,Gc^ --> Gc^^,BLSTM
inherited_resources,118,0.018280391918285947,retired,Gc^ --> Gc^^,BLSTM
inherited_resources,119,0.018271933593102373,retired,Gc^ --> Gc^^,BLSTM
inherited_resources,120,0.018300308223974653,retired,Gc^ --> Gc^^,BLSTM
inherited_resources,121,0.018270980221314435,retired,Gc^ --> Gc^^,BLSTM
inherited_resources,122,0.018272303464028757,retired,Gc^ --> Gc^^,BLSTM
inherited_resources,123,0.018254275902156506,retired,Gc^ --> Gc^^,BLSTM
inherited_resources,124,0.018209292760272677,retired,Gc^ --> Gc^^,BLSTM
inherited_resources,125,0.018240219164588914,retired,Gc^ --> Gc^^,BLSTM
inherited_resources,126,0.018247036605539255,retired,Gc^ --> Gc^^,BLSTM
inherited_resources,127,0.018237994701405344,retired,Gc^ --> Gc^^,BLSTM
inherited_resources,128,0.018194930921732955,retired,Gc^ --> Gc^^,BLSTM
inherited_resources,129,0.018218804943354552,retired,Gc^ --> Gc^^,BLSTM
inherited_resources,130,0.01818558403012212,retired,Gc^ --> Gc^^,BLSTM
inherited_resources,131,0.01812607631257235,retired,Gc^ --> Gc^^,BLSTM
inherited_resources,132,0.01806868590578164,retired,Gc^ --> Gc^^,BLSTM
inherited_resources,133,0.018020086847315493,retired,Gc^ --> Gc^^,BLSTM
inherited_resources,134,0.01797992348219915,retired,Gc^ --> Gc^^,BLSTM
inherited_resources,135,0.017946732534777843,retired,Gc^ --> Gc^^,BLSTM
inherited_resources,136,0.0179254101133347,retired,Gc^ --> Gc^^,BLSTM
inherited_resources,137,0.017965299315076396,retired,Gc^ --> Gc^^,BLSTM
inherited_resources,138,0.017972743111333022,retired,Gc^ --> Gc^^,BLSTM
inherited_resources,139,0.017951287288060842,retired,Gc^ --> Gc^^,BLSTM
inherited_resources,140,0.01792754102159784,retired,Gc^ --> Gc^^,BLSTM
inherited_resources,141,0.01791185834534649,retired,Gc^ --> Gc^^,BLSTM
inherited_resources,142,0.01795704697390647,retired,Gc^ --> Gc^^,BLSTM
inherited_resources,143,0.017996640510606197,retired,Gc^ --> Gc^^,BLSTM
inherited_resources,144,0.01802422971943478,retired,Gc^ --> Gc^^,BLSTM
inherited_resources,145,0.018005374941886913,retired,Gc^ --> Gc^^,BLSTM
inherited_resources,146,0.018034164130151808,retired,Gc^ --> Gc^^,BLSTM
inherited_resources,147,0.018024174879285943,retired,Gc^ --> Gc^^,BLSTM
inherited_resources,148,0.018110564165527143,retired,Gc^ --> Gc^^,BLSTM
inherited_resources,149,0.018097364645696095,retired,Gc^ --> Gc^^,BLSTM
inherited_resources,150,0.018078751284943344,retired,Gc^ --> Gc^^,BLSTM
inherited_resources,151,0.01804409660270676,retired,Gc^ --> Gc^^,BLSTM
inherited_resources,152,0.018022769866550284,retired,Gc^ --> Gc^^,BLSTM
inherited_resources,153,0.017989208402745347,retired,Gc^ --> Gc^^,BLSTM
inherited_resources,154,0.017962907319229133,retired,Gc^ --> Gc^^,BLSTM
inherited_resources,155,0.01798892774966091,retired,Gc^ --> Gc^^,BLSTM
inherited_resources,156,0.01805748789049261,retired,Gc^ --> Gc^^,BLSTM
inherited_resources,157,0.018085281243358207,retired,Gc^ --> Gc^^,BLSTM
inherited_resources,158,0.018068722412778064,retired,Gc^ --> Gc^^,BLSTM
inherited_resources,159,0.018080566721924617,retired,Gc^ --> Gc^^,BLSTM
inherited_resources,160,0.01805543853756714,retired,Gc^ --> Gc^^,BLSTM
inherited_resources,161,0.01802549826109846,retired,Gc^ --> Gc^^,BLSTM
inherited_resources,162,0.01799698900110767,retired,Gc^ --> Gc^^,BLSTM
inherited_resources,163,0.017972712890863045,retired,Gc^ --> Gc^^,BLSTM
inherited_resources,164,0.017965344667766094,retired,Gc^ --> Gc^^,BLSTM
inherited_resources,165,0.017945580364915947,retired,Gc^ --> Gc^^,BLSTM
inherited_resources,166,0.017940944383692762,retired,Gc^ --> Gc^^,BLSTM
inherited_resources,167,0.017921715984487177,retired,Gc^ --> Gc^^,BLSTM
inherited_resources,168,0.017901267349775506,retired,Gc^ --> Gc^^,BLSTM
inherited_resources,169,0.01634685948891703,retired,Gc^ --> Gc^^,BLSTM
kissy,1,0.03632488680710136,retired,Gc^ --> Gc^^,BLSTM
kissy,2,0.022168390939091783,retired,Gc^ --> Gc^^,BLSTM
kissy,3,0.017945430193677493,retired,Gc^ --> Gc^^,BLSTM
kissy,4,0.017161570159349403,retired,Gc^ --> Gc^^,BLSTM
kissy,5,0.01699079456497959,retired,Gc^ --> Gc^^,BLSTM
kissy,6,0.017159604947755026,retired,Gc^ --> Gc^^,BLSTM
kissy,7,0.017264956961578967,retired,Gc^ --> Gc^^,BLSTM
kissy,8,0.017327529178775572,retired,Gc^ --> Gc^^,BLSTM
kissy,9,0.017357153488494793,retired,Gc^ --> Gc^^,BLSTM
kissy,10,0.017377865061981607,retired,Gc^ --> Gc^^,BLSTM
kissy,11,0.017416725843609565,retired,Gc^ --> Gc^^,BLSTM
kissy,12,0.017450070954459877,retired,Gc^ --> Gc^^,BLSTM
kissy,13,0.0174768769438133,retired,Gc^ --> Gc^^,BLSTM
kissy,14,0.017490224543169237,retired,Gc^ --> Gc^^,BLSTM
kissy,15,0.01749060325203909,retired,Gc^ --> Gc^^,BLSTM
kissy,16,0.01750331934268249,retired,Gc^ --> Gc^^,BLSTM
kissy,17,0.017494132244878495,retired,Gc^ --> Gc^^,BLSTM
kissy,18,0.01750070281263149,retired,Gc^ --> Gc^^,BLSTM
kissy,19,0.017501581944235536,retired,Gc^ --> Gc^^,BLSTM
kissy,20,0.017495525268101587,retired,Gc^ --> Gc^^,BLSTM
kissy,21,0.017496762617714108,retired,Gc^ --> Gc^^,BLSTM
kissy,22,0.017463679391674165,retired,Gc^ --> Gc^^,BLSTM
kissy,23,0.017426443954338434,retired,Gc^ --> Gc^^,BLSTM
kissy,24,0.017413336272230087,retired,Gc^ --> Gc^^,BLSTM
kissy,25,0.017381860607028187,retired,Gc^ --> Gc^^,BLSTM
kissy,26,0.017369065674316245,retired,Gc^ --> Gc^^,BLSTM
kissy,27,0.017350957194002245,retired,Gc^ --> Gc^^,BLSTM
kissy,28,0.017312292678905352,retired,Gc^ --> Gc^^,BLSTM
kissy,29,0.01729315828121918,retired,Gc^ --> Gc^^,BLSTM
kissy,30,0.01729523567825858,retired,Gc^ --> Gc^^,BLSTM
kissy,31,0.017303662273153154,retired,Gc^ --> Gc^^,BLSTM
kissy,32,0.01727877491380035,retired,Gc^ --> Gc^^,BLSTM
kissy,33,0.017237237975351535,retired,Gc^ --> Gc^^,BLSTM
kissy,34,0.01722861574880054,retired,Gc^ --> Gc^^,BLSTM
kissy,35,0.017204837911554582,retired,Gc^ --> Gc^^,BLSTM
kissy,36,0.017163995790209007,retired,Gc^ --> Gc^^,BLSTM
kissy,37,0.017131952014903605,retired,Gc^ --> Gc^^,BLSTM
kissy,38,0.017112015547806458,retired,Gc^ --> Gc^^,BLSTM
kissy,39,0.017117371852293596,retired,Gc^ --> Gc^^,BLSTM
kissy,40,0.017129736305687985,retired,Gc^ --> Gc^^,BLSTM
kissy,41,0.017112988948144354,retired,Gc^ --> Gc^^,BLSTM
kissy,42,0.017124739888410404,retired,Gc^ --> Gc^^,BLSTM
kissy,43,0.017133964733106504,retired,Gc^ --> Gc^^,BLSTM
kissy,44,0.017129936082830876,retired,Gc^ --> Gc^^,BLSTM
kissy,45,0.01713432277696826,retired,Gc^ --> Gc^^,BLSTM
kissy,46,0.017125614257454323,retired,Gc^ --> Gc^^,BLSTM
kissy,47,0.017134517989905163,retired,Gc^ --> Gc^^,BLSTM
kissy,48,0.017142107413621516,retired,Gc^ --> Gc^^,BLSTM
kissy,49,0.017151498864620054,retired,Gc^ --> Gc^^,BLSTM
kissy,50,0.017161056617607657,retired,Gc^ --> Gc^^,BLSTM
kissy,51,0.017177323743855655,retired,Gc^ --> Gc^^,BLSTM
kissy,52,0.017193442474359583,retired,Gc^ --> Gc^^,BLSTM
kissy,53,0.01720710484770985,retired,Gc^ --> Gc^^,BLSTM
kissy,54,0.01721036698207629,retired,Gc^ --> Gc^^,BLSTM
kissy,55,0.017218183351696927,retired,Gc^ --> Gc^^,BLSTM
kissy,56,0.017227715313455304,retired,Gc^ --> Gc^^,BLSTM
kissy,57,0.017238928123961557,retired,Gc^ --> Gc^^,BLSTM
kissy,58,0.017239392734269735,retired,Gc^ --> Gc^^,BLSTM
kissy,59,0.01724385551836815,retired,Gc^ --> Gc^^,BLSTM
kissy,60,0.0172420641819741,retired,Gc^ --> Gc^^,BLSTM
kissy,61,0.017245521001033437,retired,Gc^ --> Gc^^,BLSTM
kissy,62,0.017256547470193614,retired,Gc^ --> Gc^^,BLSTM
kissy,63,0.017265781977150577,retired,Gc^ --> Gc^^,BLSTM
kissy,64,0.017285225930482526,retired,Gc^ --> Gc^^,BLSTM
kissy,65,0.01730189177841152,retired,Gc^ --> Gc^^,BLSTM
kissy,66,0.01730783698607053,retired,Gc^ --> Gc^^,BLSTM
kissy,67,0.01730810302616905,retired,Gc^ --> Gc^^,BLSTM
kissy,68,0.01731022257217315,retired,Gc^ --> Gc^^,BLSTM
kissy,69,0.017317875675715584,retired,Gc^ --> Gc^^,BLSTM
kissy,70,0.017322067445355034,retired,Gc^ --> Gc^^,BLSTM
kissy,71,0.01733028606663798,retired,Gc^ --> Gc^^,BLSTM
kissy,72,0.017334244887878023,retired,Gc^ --> Gc^^,BLSTM
kissy,73,0.017341973445709775,retired,Gc^ --> Gc^^,BLSTM
kissy,74,0.01734477637341032,retired,Gc^ --> Gc^^,BLSTM
kissy,75,0.017347445396269492,retired,Gc^ --> Gc^^,BLSTM
kissy,76,0.017351186020756647,retired,Gc^ --> Gc^^,BLSTM
kissy,77,0.017359775198112694,retired,Gc^ --> Gc^^,BLSTM
kissy,78,0.017367574873164093,retired,Gc^ --> Gc^^,BLSTM
kissy,79,0.017369177282038538,retired,Gc^ --> Gc^^,BLSTM
kissy,80,0.017370590649620196,retired,Gc^ --> Gc^^,BLSTM
kissy,81,0.01737277990917566,retired,Gc^ --> Gc^^,BLSTM
kissy,82,0.017375676243186554,retired,Gc^ --> Gc^^,BLSTM
kissy,83,0.01737956546583723,retired,Gc^ --> Gc^^,BLSTM
kissy,84,0.01738776109866379,retired,Gc^ --> Gc^^,BLSTM
kissy,85,0.017391114770339444,retired,Gc^ --> Gc^^,BLSTM
kissy,86,0.017398104468339063,retired,Gc^ --> Gc^^,BLSTM
kissy,87,0.01740030173431176,retired,Gc^ --> Gc^^,BLSTM
kissy,88,0.01740648028517352,retired,Gc^ --> Gc^^,BLSTM
kissy,89,0.017407598720310325,retired,Gc^ --> Gc^^,BLSTM
kissy,90,0.017414544194570527,retired,Gc^ --> Gc^^,BLSTM
kissy,91,0.01747311048073047,retired,Gc^ --> Gc^^,BLSTM
kissy,92,0.017484624503442497,retired,Gc^ --> Gc^^,BLSTM
kissy,93,0.01748987417332357,retired,Gc^ --> Gc^^,BLSTM
kissy,94,0.017494028920378896,retired,Gc^ --> Gc^^,BLSTM
kissy,95,0.017494235920117947,retired,Gc^ --> Gc^^,BLSTM
kissy,96,0.01749280350584159,retired,Gc^ --> Gc^^,BLSTM
kissy,97,0.017491806469276953,retired,Gc^ --> Gc^^,BLSTM
kissy,98,0.017490810093362508,retired,Gc^ --> Gc^^,BLSTM
kissy,99,0.017491266620186657,retired,Gc^ --> Gc^^,BLSTM
kissy,100,0.017487362127834007,retired,Gc^ --> Gc^^,BLSTM
kissy,101,0.0174668471699945,retired,Gc^ --> Gc^^,BLSTM
kissy,102,0.017398742306430248,retired,Gc^ --> Gc^^,BLSTM
kissy,103,0.01734548262901822,retired,Gc^ --> Gc^^,BLSTM
kissy,104,0.017428378208020127,retired,Gc^ --> Gc^^,BLSTM
kissy,105,0.017463427201677997,retired,Gc^ --> Gc^^,BLSTM
kissy,106,0.017482132003855774,retired,Gc^ --> Gc^^,BLSTM
kissy,107,0.017494507224529787,retired,Gc^ --> Gc^^,BLSTM
kissy,108,0.01750338690350736,retired,Gc^ --> Gc^^,BLSTM
kissy,109,0.017501242672542675,retired,Gc^ --> Gc^^,BLSTM
kissy,110,0.01751207103135077,retired,Gc^ --> Gc^^,BLSTM
kissy,111,0.017524236085982935,retired,Gc^ --> Gc^^,BLSTM
kissy,112,0.017527173907768506,retired,Gc^ --> Gc^^,BLSTM
kissy,113,0.0175287736962455,retired,Gc^ --> Gc^^,BLSTM
kissy,114,0.017533381610183498,retired,Gc^ --> Gc^^,BLSTM
kissy,115,0.017541564885457026,retired,Gc^ --> Gc^^,BLSTM
kissy,116,0.017546038001817997,retired,Gc^ --> Gc^^,BLSTM
kissy,117,0.017550976384359516,retired,Gc^ --> Gc^^,BLSTM
kissy,118,0.017557710744324165,retired,Gc^ --> Gc^^,BLSTM
kissy,119,0.017562215286687347,retired,Gc^ --> Gc^^,BLSTM
kissy,120,0.017569640584993645,retired,Gc^ --> Gc^^,BLSTM
kissy,121,0.017574138345528643,retired,Gc^ --> Gc^^,BLSTM
kissy,122,0.017578612116095026,retired,Gc^ --> Gc^^,BLSTM
kissy,123,0.01758673728407847,retired,Gc^ --> Gc^^,BLSTM
kissy,124,0.017596411445957024,retired,Gc^ --> Gc^^,BLSTM
kissy,125,0.017599335756313606,retired,Gc^ --> Gc^^,BLSTM
kissy,126,0.01760318292100011,retired,Gc^ --> Gc^^,BLSTM
kissy,127,0.017608339075233927,retired,Gc^ --> Gc^^,BLSTM
kissy,128,0.017611479687819037,retired,Gc^ --> Gc^^,BLSTM
kissy,129,0.017617266345657193,retired,Gc^ --> Gc^^,BLSTM
kissy,130,0.01762122831490606,retired,Gc^ --> Gc^^,BLSTM
kissy,131,0.017626470154976884,retired,Gc^ --> Gc^^,BLSTM
kissy,132,0.017639210220748092,retired,Gc^ --> Gc^^,BLSTM
kissy,133,0.0176476807368353,retired,Gc^ --> Gc^^,BLSTM
kissy,134,0.017651211074574135,retired,Gc^ --> Gc^^,BLSTM
kissy,135,0.01765687211011411,retired,Gc^ --> Gc^^,BLSTM
kissy,136,0.017662094484489833,retired,Gc^ --> Gc^^,BLSTM
kissy,137,0.01766672719571253,retired,Gc^ --> Gc^^,BLSTM
kissy,138,0.017665689438494506,retired,Gc^ --> Gc^^,BLSTM
kissy,139,0.017672114396785753,retired,Gc^ --> Gc^^,BLSTM
kissy,140,0.017679373182105263,retired,Gc^ --> Gc^^,BLSTM
kissy,141,0.01768581196693275,retired,Gc^ --> Gc^^,BLSTM
kissy,142,0.017691454323396184,retired,Gc^ --> Gc^^,BLSTM
kissy,143,0.017697581305504965,retired,Gc^ --> Gc^^,BLSTM
kissy,144,0.017702980851098556,retired,Gc^ --> Gc^^,BLSTM
kissy,145,0.017707511434368623,retired,Gc^ --> Gc^^,BLSTM
kissy,146,0.01770549393100257,retired,Gc^ --> Gc^^,BLSTM
kissy,147,0.01771253182623527,retired,Gc^ --> Gc^^,BLSTM
kissy,148,0.017720276253018617,retired,Gc^ --> Gc^^,BLSTM
kissy,149,0.01772721773770105,retired,Gc^ --> Gc^^,BLSTM
kissy,150,0.017733694009461336,retired,Gc^ --> Gc^^,BLSTM
kissy,151,0.017738972596493385,retired,Gc^ --> Gc^^,BLSTM
kissy,152,0.017744695894787447,retired,Gc^ --> Gc^^,BLSTM
kissy,153,0.01774547897580881,retired,Gc^ --> Gc^^,BLSTM
kissy,154,0.016215928829908192,retired,Gc^ --> Gc^^,BLSTM
meteor-up,1,0.055149107985150936,retired,Gc^ --> Gc^^,BLSTM
meteor-up,2,0.05184914674963153,retired,Gc^ --> Gc^^,BLSTM
meteor-up,3,0.04411607321913602,retired,Gc^ --> Gc^^,BLSTM
meteor-up,4,0.0339586754418683,retired,Gc^ --> Gc^^,BLSTM
meteor-up,5,0.027363221670715303,retired,Gc^ --> Gc^^,BLSTM
meteor-up,6,0.02219872161400585,retired,Gc^ --> Gc^^,BLSTM
meteor-up,7,0.020278125042317054,retired,Gc^ --> Gc^^,BLSTM
meteor-up,8,0.018846614402964146,retired,Gc^ --> Gc^^,BLSTM
meteor-up,9,0.017824301330293113,retired,Gc^ --> Gc^^,BLSTM
meteor-up,10,0.01729035114099381,retired,Gc^ --> Gc^^,BLSTM
meteor-up,11,0.016942993844919575,retired,Gc^ --> Gc^^,BLSTM
meteor-up,12,0.016806813339150153,retired,Gc^ --> Gc^^,BLSTM
meteor-up,13,0.016761441260967357,retired,Gc^ --> Gc^^,BLSTM
meteor-up,14,0.016734208098767866,retired,Gc^ --> Gc^^,BLSTM
meteor-up,15,0.01676738067327294,retired,Gc^ --> Gc^^,BLSTM
meteor-up,16,0.01678590722165237,retired,Gc^ --> Gc^^,BLSTM
meteor-up,17,0.016782438578055395,retired,Gc^ --> Gc^^,BLSTM
meteor-up,18,0.01683967167980911,retired,Gc^ --> Gc^^,BLSTM
meteor-up,19,0.01699864433978712,retired,Gc^ --> Gc^^,BLSTM
meteor-up,20,0.017200424484250503,retired,Gc^ --> Gc^^,BLSTM
meteor-up,21,0.017289856734421787,retired,Gc^ --> Gc^^,BLSTM
meteor-up,22,0.017237700439844475,retired,Gc^ --> Gc^^,BLSTM
meteor-up,23,0.017264298353243612,retired,Gc^ --> Gc^^,BLSTM
meteor-up,24,0.01716877906150373,retired,Gc^ --> Gc^^,BLSTM
meteor-up,25,0.01706447410846397,retired,Gc^ --> Gc^^,BLSTM
meteor-up,26,0.017051120556462292,retired,Gc^ --> Gc^^,BLSTM
meteor-up,27,0.017070753032284527,retired,Gc^ --> Gc^^,BLSTM
meteor-up,28,0.01706672201865241,retired,Gc^ --> Gc^^,BLSTM
meteor-up,29,0.017089053254249136,retired,Gc^ --> Gc^^,BLSTM
meteor-up,30,0.017096053005646455,retired,Gc^ --> Gc^^,BLSTM
meteor-up,31,0.017124528960593983,retired,Gc^ --> Gc^^,BLSTM
meteor-up,32,0.0172881250790565,retired,Gc^ --> Gc^^,BLSTM
meteor-up,33,0.017270303903752306,retired,Gc^ --> Gc^^,BLSTM
meteor-up,34,0.01723635340143974,retired,Gc^ --> Gc^^,BLSTM
meteor-up,35,0.01720521916294962,retired,Gc^ --> Gc^^,BLSTM
meteor-up,36,0.017171708476799327,retired,Gc^ --> Gc^^,BLSTM
meteor-up,37,0.017192333386107074,retired,Gc^ --> Gc^^,BLSTM
meteor-up,38,0.017197888879546878,retired,Gc^ --> Gc^^,BLSTM
meteor-up,39,0.017328448762970797,retired,Gc^ --> Gc^^,BLSTM
meteor-up,40,0.01733612501564307,retired,Gc^ --> Gc^^,BLSTM
meteor-up,41,0.01737255597970983,retired,Gc^ --> Gc^^,BLSTM
meteor-up,42,0.017351893342214153,retired,Gc^ --> Gc^^,BLSTM
meteor-up,43,0.01739543477519957,retired,Gc^ --> Gc^^,BLSTM
meteor-up,44,0.017405729411213624,retired,Gc^ --> Gc^^,BLSTM
meteor-up,45,0.017371612155674163,retired,Gc^ --> Gc^^,BLSTM
meteor-up,46,0.017346234556156918,retired,Gc^ --> Gc^^,BLSTM
meteor-up,47,0.017325183909493152,retired,Gc^ --> Gc^^,BLSTM
meteor-up,48,0.01731075312598814,retired,Gc^ --> Gc^^,BLSTM
meteor-up,49,0.01731963785757506,retired,Gc^ --> Gc^^,BLSTM
meteor-up,50,0.01740200882124598,retired,Gc^ --> Gc^^,BLSTM
meteor-up,51,0.017455333579959015,retired,Gc^ --> Gc^^,BLSTM
meteor-up,52,0.01747232550924699,retired,Gc^ --> Gc^^,BLSTM
meteor-up,53,0.01744445136268173,retired,Gc^ --> Gc^^,BLSTM
meteor-up,54,0.017503079117440794,retired,Gc^ --> Gc^^,BLSTM
meteor-up,55,0.01753343019477796,retired,Gc^ --> Gc^^,BLSTM
meteor-up,56,0.01753319935551577,retired,Gc^ --> Gc^^,BLSTM
meteor-up,57,0.017495739228072193,retired,Gc^ --> Gc^^,BLSTM
meteor-up,58,0.017451130361244183,retired,Gc^ --> Gc^^,BLSTM
meteor-up,59,0.017417551605261525,retired,Gc^ --> Gc^^,BLSTM
meteor-up,60,0.017394774447706752,retired,Gc^ --> Gc^^,BLSTM
meteor-up,61,0.017467631599076376,retired,Gc^ --> Gc^^,BLSTM
meteor-up,62,0.0174546037958427,retired,Gc^ --> Gc^^,BLSTM
meteor-up,63,0.01741829636150218,retired,Gc^ --> Gc^^,BLSTM
meteor-up,64,0.017430511694623108,retired,Gc^ --> Gc^^,BLSTM
meteor-up,65,0.017419396021089432,retired,Gc^ --> Gc^^,BLSTM
meteor-up,66,0.017420703760967663,retired,Gc^ --> Gc^^,BLSTM
meteor-up,67,0.017408751605291265,retired,Gc^ --> Gc^^,BLSTM
meteor-up,68,0.017397009706816707,retired,Gc^ --> Gc^^,BLSTM
meteor-up,69,0.017398112931883154,retired,Gc^ --> Gc^^,BLSTM
meteor-up,70,0.017494413840514294,retired,Gc^ --> Gc^^,BLSTM
meteor-up,71,0.017502969954925323,retired,Gc^ --> Gc^^,BLSTM
meteor-up,72,0.01748219281739955,retired,Gc^ --> Gc^^,BLSTM
meteor-up,73,0.01744982198691702,retired,Gc^ --> Gc^^,BLSTM
meteor-up,74,0.017429115911707548,retired,Gc^ --> Gc^^,BLSTM
meteor-up,75,0.017410601247785873,retired,Gc^ --> Gc^^,BLSTM
meteor-up,76,0.017408698010108536,retired,Gc^ --> Gc^^,BLSTM
meteor-up,77,0.01751349075903016,retired,Gc^ --> Gc^^,BLSTM
meteor-up,78,0.017504859534608192,retired,Gc^ --> Gc^^,BLSTM
meteor-up,79,0.017476617749448684,retired,Gc^ --> Gc^^,BLSTM
meteor-up,80,0.01746068020661897,retired,Gc^ --> Gc^^,BLSTM
meteor-up,81,0.01744843312320213,retired,Gc^ --> Gc^^,BLSTM
meteor-up,82,0.017439219158063644,retired,Gc^ --> Gc^^,BLSTM
meteor-up,83,0.01742601861403088,retired,Gc^ --> Gc^^,BLSTM
meteor-up,84,0.017426503194464545,retired,Gc^ --> Gc^^,BLSTM
meteor-up,85,0.01742103166666004,retired,Gc^ --> Gc^^,BLSTM
meteor-up,86,0.015942481828806077,retired,Gc^ --> Gc^^,BLSTM
mojito,1,0.04790344294759952,retired,Gc^ --> Gc^^,BLSTM
mojito,2,0.2930397826094721,retired,Gc^ --> Gc^^,BLSTM
mojito,3,0.598954617415881,retired,Gc^ --> Gc^^,BLSTM
mojito,4,0.8664275528934631,retired,Gc^ --> Gc^^,BLSTM
mojito,5,0.8917198232186567,retired,Gc^ --> Gc^^,BLSTM
mojito,6,0.886197375771812,retired,Gc^ --> Gc^^,BLSTM
mojito,7,0.890683498744732,retired,Gc^ --> Gc^^,BLSTM
mojito,8,0.8917614355751828,retired,Gc^ --> Gc^^,BLSTM
mojito,9,0.894021200127344,retired,Gc^ --> Gc^^,BLSTM
mojito,10,0.8953053535852026,retired,Gc^ --> Gc^^,BLSTM
mojito,11,0.8945259413815779,retired,Gc^ --> Gc^^,BLSTM
mojito,12,0.8944262932511626,retired,Gc^ --> Gc^^,BLSTM
mojito,13,0.8931962822221512,retired,Gc^ --> Gc^^,BLSTM
mojito,14,0.8935918239243601,retired,Gc^ --> Gc^^,BLSTM
mojito,15,0.8920663707394472,retired,Gc^ --> Gc^^,BLSTM
mojito,16,0.8917038209317681,retired,Gc^ --> Gc^^,BLSTM
mojito,17,0.8910833607279521,retired,Gc^ --> Gc^^,BLSTM
mojito,18,0.8924547688708869,retired,Gc^ --> Gc^^,BLSTM
mojito,19,0.8676997392956752,retired,Gc^ --> Gc^^,BLSTM
mojito,20,0.6375178794423416,retired,Gc^ --> Gc^^,BLSTM
mojito,21,0.4895364387629691,retired,Gc^ --> Gc^^,BLSTM
mojito,22,0.20629752074514868,retired,Gc^ --> Gc^^,BLSTM
mojito,23,0.18730684251340862,retired,Gc^ --> Gc^^,BLSTM
mojito,24,0.22447325881720792,retired,Gc^ --> Gc^^,BLSTM
mojito,25,0.28674978578445415,retired,Gc^ --> Gc^^,BLSTM
mojito,26,0.1995110156414094,retired,Gc^ --> Gc^^,BLSTM
mojito,27,0.11214014808974661,retired,Gc^ --> Gc^^,BLSTM
mojito,28,0.07006373927772756,retired,Gc^ --> Gc^^,BLSTM
mojito,29,0.07566436422823154,retired,Gc^ --> Gc^^,BLSTM
mojito,30,0.07916831709571187,retired,Gc^ --> Gc^^,BLSTM
mojito,31,0.04436279176077817,retired,Gc^ --> Gc^^,BLSTM
mojito,32,0.037438470099106086,retired,Gc^ --> Gc^^,BLSTM
mojito,33,0.027300711201822047,retired,Gc^ --> Gc^^,BLSTM
mojito,34,0.023409095358724645,retired,Gc^ --> Gc^^,BLSTM
mojito,35,0.020434321962146597,retired,Gc^ --> Gc^^,BLSTM
mojito,36,0.018991438449860346,retired,Gc^ --> Gc^^,BLSTM
mojito,37,0.018448624729155975,retired,Gc^ --> Gc^^,BLSTM
mojito,38,0.018189198885030306,retired,Gc^ --> Gc^^,BLSTM
mojito,39,0.01805441780719796,retired,Gc^ --> Gc^^,BLSTM
mojito,40,0.017978821458713497,retired,Gc^ --> Gc^^,BLSTM
mojito,41,0.017929462956385967,retired,Gc^ --> Gc^^,BLSTM
mojito,42,0.017880170518632717,retired,Gc^ --> Gc^^,BLSTM
mojito,43,0.01784990158432974,retired,Gc^ --> Gc^^,BLSTM
mojito,44,0.0178275386998205,retired,Gc^ --> Gc^^,BLSTM
mojito,45,0.017810005722796354,retired,Gc^ --> Gc^^,BLSTM
mojito,46,0.017795936151039884,retired,Gc^ --> Gc^^,BLSTM
mojito,47,0.017784401011842033,retired,Gc^ --> Gc^^,BLSTM
mojito,48,0.017774770764847864,retired,Gc^ --> Gc^^,BLSTM
mojito,49,0.017766621459796392,retired,Gc^ --> Gc^^,BLSTM
mojito,50,0.017759635292747294,retired,Gc^ --> Gc^^,BLSTM
mojito,51,0.017753647656933838,retired,Gc^ --> Gc^^,BLSTM
mojito,52,0.017748466867493838,retired,Gc^ --> Gc^^,BLSTM
mojito,53,0.017743988144694633,retired,Gc^ --> Gc^^,BLSTM
mojito,54,0.0177401141442733,retired,Gc^ --> Gc^^,BLSTM
mojito,55,0.017735030041701516,retired,Gc^ --> Gc^^,BLSTM
mojito,56,0.016206007305367674,retired,Gc^ --> Gc^^,BLSTM
neocomplcache.vim,1,0.033356586011580036,retired,Gc^ --> Gc^^,BLSTM
neocomplcache.vim,2,0.027189268636001546,retired,Gc^ --> Gc^^,BLSTM
neocomplcache.vim,3,0.0193225762683253,retired,Gc^ --> Gc^^,BLSTM
neocomplcache.vim,4,0.017597351097518622,retired,Gc^ --> Gc^^,BLSTM
neocomplcache.vim,5,0.017396409345159354,retired,Gc^ --> Gc^^,BLSTM
neocomplcache.vim,6,0.01747000758946178,retired,Gc^ --> Gc^^,BLSTM
neocomplcache.vim,7,0.017533864275294665,retired,Gc^ --> Gc^^,BLSTM
neocomplcache.vim,8,0.017639638456616948,retired,Gc^ --> Gc^^,BLSTM
neocomplcache.vim,9,0.018031313240089743,retired,Gc^ --> Gc^^,BLSTM
neocomplcache.vim,10,0.01828767826385433,retired,Gc^ --> Gc^^,BLSTM
neocomplcache.vim,11,0.018431856866236534,retired,Gc^ --> Gc^^,BLSTM
neocomplcache.vim,12,0.018625686781761828,retired,Gc^ --> Gc^^,BLSTM
neocomplcache.vim,13,0.018864592823648677,retired,Gc^ --> Gc^^,BLSTM
neocomplcache.vim,14,0.018917711776251792,retired,Gc^ --> Gc^^,BLSTM
neocomplcache.vim,15,0.018875660386015652,retired,Gc^ --> Gc^^,BLSTM
neocomplcache.vim,16,0.018928149509891454,retired,Gc^ --> Gc^^,BLSTM
neocomplcache.vim,17,0.01905355292459532,retired,Gc^ --> Gc^^,BLSTM
neocomplcache.vim,18,0.01916854943496117,retired,Gc^ --> Gc^^,BLSTM
neocomplcache.vim,19,0.01921843808792019,retired,Gc^ --> Gc^^,BLSTM
neocomplcache.vim,20,0.01930481790774999,retired,Gc^ --> Gc^^,BLSTM
neocomplcache.vim,21,0.019183194818511155,retired,Gc^ --> Gc^^,BLSTM
neocomplcache.vim,22,0.019137250561371763,retired,Gc^ --> Gc^^,BLSTM
neocomplcache.vim,23,0.018854368003774696,retired,Gc^ --> Gc^^,BLSTM
neocomplcache.vim,24,0.018645242098869197,retired,Gc^ --> Gc^^,BLSTM
neocomplcache.vim,25,0.018720745853589824,retired,Gc^ --> Gc^^,BLSTM
neocomplcache.vim,26,0.018877404461684285,retired,Gc^ --> Gc^^,BLSTM
neocomplcache.vim,27,0.0189642911906316,retired,Gc^ --> Gc^^,BLSTM
neocomplcache.vim,28,0.019152656281570434,retired,Gc^ --> Gc^^,BLSTM
neocomplcache.vim,29,0.018879564294962535,retired,Gc^ --> Gc^^,BLSTM
neocomplcache.vim,30,0.01881636597409526,retired,Gc^ --> Gc^^,BLSTM
neocomplcache.vim,31,0.018555373239193252,retired,Gc^ --> Gc^^,BLSTM
neocomplcache.vim,32,0.01885102454333769,retired,Gc^ --> Gc^^,BLSTM
neocomplcache.vim,33,0.019148742907521776,retired,Gc^ --> Gc^^,BLSTM
neocomplcache.vim,34,0.019248640850834973,retired,Gc^ --> Gc^^,BLSTM
neocomplcache.vim,35,0.01924906701462329,retired,Gc^ --> Gc^^,BLSTM
neocomplcache.vim,36,0.018907711150386176,retired,Gc^ --> Gc^^,BLSTM
neocomplcache.vim,37,0.01895163447668764,retired,Gc^ --> Gc^^,BLSTM
neocomplcache.vim,38,0.01924180209452146,retired,Gc^ --> Gc^^,BLSTM
neocomplcache.vim,39,0.01940226679064695,retired,Gc^ --> Gc^^,BLSTM
neocomplcache.vim,40,0.019414187479374272,retired,Gc^ --> Gc^^,BLSTM
neocomplcache.vim,41,0.01925008056641646,retired,Gc^ --> Gc^^,BLSTM
neocomplcache.vim,42,0.018707892903382494,retired,Gc^ --> Gc^^,BLSTM
neocomplcache.vim,43,0.01842454001081846,retired,Gc^ --> Gc^^,BLSTM
neocomplcache.vim,44,0.018263513308152325,retired,Gc^ --> Gc^^,BLSTM
neocomplcache.vim,45,0.01817956211223372,retired,Gc^ --> Gc^^,BLSTM
neocomplcache.vim,46,0.018276338341206514,retired,Gc^ --> Gc^^,BLSTM
neocomplcache.vim,47,0.01830535438463022,retired,Gc^ --> Gc^^,BLSTM
neocomplcache.vim,48,0.01844028074274914,retired,Gc^ --> Gc^^,BLSTM
neocomplcache.vim,49,0.01826534577389454,retired,Gc^ --> Gc^^,BLSTM
neocomplcache.vim,50,0.018053730276277345,retired,Gc^ --> Gc^^,BLSTM
neocomplcache.vim,51,0.01831009517528729,retired,Gc^ --> Gc^^,BLSTM
neocomplcache.vim,52,0.018457357789602072,retired,Gc^ --> Gc^^,BLSTM
neocomplcache.vim,53,0.018464771905209797,retired,Gc^ --> Gc^^,BLSTM
neocomplcache.vim,54,0.018416423809763098,retired,Gc^ --> Gc^^,BLSTM
neocomplcache.vim,55,0.01840169107048197,retired,Gc^ --> Gc^^,BLSTM
neocomplcache.vim,56,0.018623590613873444,retired,Gc^ --> Gc^^,BLSTM
neocomplcache.vim,57,0.018782750432624076,retired,Gc^ --> Gc^^,BLSTM
neocomplcache.vim,58,0.01868324269221119,retired,Gc^ --> Gc^^,BLSTM
neocomplcache.vim,59,0.018454345936728025,retired,Gc^ --> Gc^^,BLSTM
neocomplcache.vim,60,0.01827980583626111,retired,Gc^ --> Gc^^,BLSTM
neocomplcache.vim,61,0.018133246388774962,retired,Gc^ --> Gc^^,BLSTM
neocomplcache.vim,62,0.018039673994613283,retired,Gc^ --> Gc^^,BLSTM
neocomplcache.vim,63,0.017961127330565117,retired,Gc^ --> Gc^^,BLSTM
neocomplcache.vim,64,0.017916121353081307,retired,Gc^ --> Gc^^,BLSTM
neocomplcache.vim,65,0.01789370957867191,retired,Gc^ --> Gc^^,BLSTM
neocomplcache.vim,66,0.017923554495089193,retired,Gc^ --> Gc^^,BLSTM
neocomplcache.vim,67,0.017933842333099276,retired,Gc^ --> Gc^^,BLSTM
neocomplcache.vim,68,0.01798776001703109,retired,Gc^ --> Gc^^,BLSTM
neocomplcache.vim,69,0.017951464367594355,retired,Gc^ --> Gc^^,BLSTM
neocomplcache.vim,70,0.017884599190906174,retired,Gc^ --> Gc^^,BLSTM
neocomplcache.vim,71,0.017953288434540974,retired,Gc^ --> Gc^^,BLSTM
neocomplcache.vim,72,0.018101120852371193,retired,Gc^ --> Gc^^,BLSTM
neocomplcache.vim,73,0.01806597002265784,retired,Gc^ --> Gc^^,BLSTM
neocomplcache.vim,74,0.017994854296204437,retired,Gc^ --> Gc^^,BLSTM
neocomplcache.vim,75,0.017946048042512642,retired,Gc^ --> Gc^^,BLSTM
neocomplcache.vim,76,0.017953080016619934,retired,Gc^ --> Gc^^,BLSTM
neocomplcache.vim,77,0.01792397376973893,retired,Gc^ --> Gc^^,BLSTM
neocomplcache.vim,78,0.01789783525942464,retired,Gc^ --> Gc^^,BLSTM
neocomplcache.vim,79,0.017877397645734434,retired,Gc^ --> Gc^^,BLSTM
neocomplcache.vim,80,0.017862032126483723,retired,Gc^ --> Gc^^,BLSTM
neocomplcache.vim,81,0.017843139945704977,retired,Gc^ --> Gc^^,BLSTM
neocomplcache.vim,82,0.01782653087656999,retired,Gc^ --> Gc^^,BLSTM
neocomplcache.vim,83,0.017814269074950193,retired,Gc^ --> Gc^^,BLSTM
neocomplcache.vim,84,0.017802359500551344,retired,Gc^ --> Gc^^,BLSTM
neocomplcache.vim,85,0.017817761603255145,retired,Gc^ --> Gc^^,BLSTM
neocomplcache.vim,86,0.017809208896109787,retired,Gc^ --> Gc^^,BLSTM
neocomplcache.vim,87,0.017797643676812348,retired,Gc^ --> Gc^^,BLSTM
neocomplcache.vim,88,0.01778703153954588,retired,Gc^ --> Gc^^,BLSTM
neocomplcache.vim,89,0.017777842580656386,retired,Gc^ --> Gc^^,BLSTM
neocomplcache.vim,90,0.01777006901978019,retired,Gc^ --> Gc^^,BLSTM
neocomplcache.vim,91,0.017763487339567403,retired,Gc^ --> Gc^^,BLSTM
neocomplcache.vim,92,0.017757888505728583,retired,Gc^ --> Gc^^,BLSTM
neocomplcache.vim,93,0.017753069525507092,retired,Gc^ --> Gc^^,BLSTM
neocomplcache.vim,94,0.01774993345565484,retired,Gc^ --> Gc^^,BLSTM
neocomplcache.vim,95,0.017755845443662432,retired,Gc^ --> Gc^^,BLSTM
neocomplcache.vim,96,0.01774920998059576,retired,Gc^ --> Gc^^,BLSTM
neocomplcache.vim,97,0.017741808708182514,retired,Gc^ --> Gc^^,BLSTM
neocomplcache.vim,98,0.017735862210739424,retired,Gc^ --> Gc^^,BLSTM
neocomplcache.vim,99,0.017731451386528315,retired,Gc^ --> Gc^^,BLSTM
neocomplcache.vim,100,0.017728314326296398,retired,Gc^ --> Gc^^,BLSTM
neocomplcache.vim,101,0.017726094203968073,retired,Gc^ --> Gc^^,BLSTM
neocomplcache.vim,102,0.017724491631927224,retired,Gc^ --> Gc^^,BLSTM
neocomplcache.vim,103,0.017723283731493785,retired,Gc^ --> Gc^^,BLSTM
neocomplcache.vim,104,0.01772061167111661,retired,Gc^ --> Gc^^,BLSTM
neocomplcache.vim,105,0.016194598173204445,retired,Gc^ --> Gc^^,BLSTM
node,1,0.037280237846892696,graduated,Gc^ --> Gc^^,BLSTM
node,2,0.032708178060248096,graduated,Gc^ --> Gc^^,BLSTM
node,3,0.032165114451143346,graduated,Gc^ --> Gc^^,BLSTM
node,4,0.039922477208516785,graduated,Gc^ --> Gc^^,BLSTM
node,5,0.025351766227126864,graduated,Gc^ --> Gc^^,BLSTM
node,6,0.02398807995293745,graduated,Gc^ --> Gc^^,BLSTM
node,7,0.024877502308859573,graduated,Gc^ --> Gc^^,BLSTM
node,8,0.024864927894015017,graduated,Gc^ --> Gc^^,BLSTM
node,9,0.021941055795121296,graduated,Gc^ --> Gc^^,BLSTM
node,10,0.02286421135267885,graduated,Gc^ --> Gc^^,BLSTM
node,11,0.024744282967281303,graduated,Gc^ --> Gc^^,BLSTM
node,12,0.02283225881136882,graduated,Gc^ --> Gc^^,BLSTM
node,13,0.02222757555038521,graduated,Gc^ --> Gc^^,BLSTM
node,14,0.022078106268694407,graduated,Gc^ --> Gc^^,BLSTM
node,15,0.021650795049049924,graduated,Gc^ --> Gc^^,BLSTM
node,16,0.021934680866459024,graduated,Gc^ --> Gc^^,BLSTM
node,17,0.02184215996921801,graduated,Gc^ --> Gc^^,BLSTM
node,18,0.021345110914149607,graduated,Gc^ --> Gc^^,BLSTM
node,19,0.022083836720132692,graduated,Gc^ --> Gc^^,BLSTM
node,20,0.02190721496627637,graduated,Gc^ --> Gc^^,BLSTM
node,21,0.021294681364718474,graduated,Gc^ --> Gc^^,BLSTM
node,22,0.021026127016853555,graduated,Gc^ --> Gc^^,BLSTM
node,23,0.021209078130459226,graduated,Gc^ --> Gc^^,BLSTM
node,24,0.021123934553325712,graduated,Gc^ --> Gc^^,BLSTM
node,25,0.020666003366389647,graduated,Gc^ --> Gc^^,BLSTM
node,26,0.020330555479982255,graduated,Gc^ --> Gc^^,BLSTM
node,27,0.01971314079453471,graduated,Gc^ --> Gc^^,BLSTM
node,28,0.01948931024037971,graduated,Gc^ --> Gc^^,BLSTM
node,29,0.020133267879799768,graduated,Gc^ --> Gc^^,BLSTM
node,30,0.025480898335866226,graduated,Gc^ --> Gc^^,BLSTM
node,31,0.0338832584916517,graduated,Gc^ --> Gc^^,BLSTM
node,32,0.029583732918959448,graduated,Gc^ --> Gc^^,BLSTM
node,33,0.05363631415493062,graduated,Gc^ --> Gc^^,BLSTM
node,34,0.13896608742941552,graduated,Gc^ --> Gc^^,BLSTM
node,35,0.26841917496818596,graduated,Gc^ --> Gc^^,BLSTM
node,36,0.17795521235834696,graduated,Gc^ --> Gc^^,BLSTM
node,37,0.28766141340546963,graduated,Gc^ --> Gc^^,BLSTM
node,38,0.5755471999284351,graduated,Gc^ --> Gc^^,BLSTM
node,39,0.44238831244452675,graduated,Gc^ --> Gc^^,BLSTM
node,40,0.6918061142494656,graduated,Gc^ --> Gc^^,BLSTM
node,41,0.7324843759796399,graduated,Gc^ --> Gc^^,BLSTM
node,42,0.646081960975251,graduated,Gc^ --> Gc^^,BLSTM
node,43,0.44163962994296446,graduated,Gc^ --> Gc^^,BLSTM
node,44,0.6395604916153699,graduated,Gc^ --> Gc^^,BLSTM
node,45,0.38009511292920795,graduated,Gc^ --> Gc^^,BLSTM
node,46,0.13521549615061834,graduated,Gc^ --> Gc^^,BLSTM
node,47,0.10011090768199153,graduated,Gc^ --> Gc^^,BLSTM
node,48,0.2805556547213593,graduated,Gc^ --> Gc^^,BLSTM
node,49,0.6254011711839481,graduated,Gc^ --> Gc^^,BLSTM
node,50,0.8013185928813973,graduated,Gc^ --> Gc^^,BLSTM
node,51,0.8265887412847968,graduated,Gc^ --> Gc^^,BLSTM
node,52,0.8356446749392055,graduated,Gc^ --> Gc^^,BLSTM
node,53,0.8437207178163351,graduated,Gc^ --> Gc^^,BLSTM
node,54,0.8462590530646262,graduated,Gc^ --> Gc^^,BLSTM
node,55,0.849067110530722,graduated,Gc^ --> Gc^^,BLSTM
node,56,0.8508355498805248,graduated,Gc^ --> Gc^^,BLSTM
node,57,0.8535743386716711,graduated,Gc^ --> Gc^^,BLSTM
node,58,0.8548185937856253,graduated,Gc^ --> Gc^^,BLSTM
node,59,0.8435609307306071,graduated,Gc^ --> Gc^^,BLSTM
node,60,0.8349229488867682,graduated,Gc^ --> Gc^^,BLSTM
node,61,0.8415018101255205,graduated,Gc^ --> Gc^^,BLSTM
node,62,0.8449364919443808,graduated,Gc^ --> Gc^^,BLSTM
node,63,0.8455426152832414,graduated,Gc^ --> Gc^^,BLSTM
node,64,0.8360413481881868,graduated,Gc^ --> Gc^^,BLSTM
node,65,0.8302432598965954,graduated,Gc^ --> Gc^^,BLSTM
node,66,0.8145915072295675,graduated,Gc^ --> Gc^^,BLSTM
node,67,0.7913770286797044,graduated,Gc^ --> Gc^^,BLSTM
node,68,0.7706084974119659,graduated,Gc^ --> Gc^^,BLSTM
node,69,0.7884566097848481,graduated,Gc^ --> Gc^^,BLSTM
node,70,0.8154473708649099,graduated,Gc^ --> Gc^^,BLSTM
node,71,0.8453479661132487,graduated,Gc^ --> Gc^^,BLSTM
node,72,0.8742515259902371,graduated,Gc^ --> Gc^^,BLSTM
node,73,0.8824995109948894,graduated,Gc^ --> Gc^^,BLSTM
node,74,0.8911317845090068,graduated,Gc^ --> Gc^^,BLSTM
node,75,0.8952763265946005,graduated,Gc^ --> Gc^^,BLSTM
node,76,0.8974035548076269,graduated,Gc^ --> Gc^^,BLSTM
node,77,0.8987297600451696,graduated,Gc^ --> Gc^^,BLSTM
node,78,0.8996673664678049,graduated,Gc^ --> Gc^^,BLSTM
node,79,0.9003525840807609,graduated,Gc^ --> Gc^^,BLSTM
node,80,0.9008422504065168,graduated,Gc^ --> Gc^^,BLSTM
node,81,0.9011789756672463,graduated,Gc^ --> Gc^^,BLSTM
node,82,0.9012346053300463,graduated,Gc^ --> Gc^^,BLSTM
node,83,0.9014894294827759,graduated,Gc^ --> Gc^^,BLSTM
node,84,0.9016696931013869,graduated,Gc^ --> Gc^^,BLSTM
node,85,0.9018037915328712,graduated,Gc^ --> Gc^^,BLSTM
node,86,0.901923308746393,graduated,Gc^ --> Gc^^,BLSTM
node,87,0.9020285722219373,graduated,Gc^ --> Gc^^,BLSTM
node,88,0.9021190911254751,graduated,Gc^ --> Gc^^,BLSTM
node,89,0.9022027539611279,graduated,Gc^ --> Gc^^,BLSTM
node,90,0.9022765926607247,graduated,Gc^ --> Gc^^,BLSTM
node,91,0.9023387567980562,graduated,Gc^ --> Gc^^,BLSTM
node,92,0.9023920653308142,graduated,Gc^ --> Gc^^,BLSTM
node,93,0.9024287904009962,graduated,Gc^ --> Gc^^,BLSTM
node,94,0.9024181955133382,graduated,Gc^ --> Gc^^,BLSTM
node,95,0.9024595374119294,graduated,Gc^ --> Gc^^,BLSTM
node,96,0.902501629491982,graduated,Gc^ --> Gc^^,BLSTM
node,97,0.9025342217594047,graduated,Gc^ --> Gc^^,BLSTM
node,98,0.9025669163706743,graduated,Gc^ --> Gc^^,BLSTM
node,99,0.9025908838786908,graduated,Gc^ --> Gc^^,BLSTM
node,100,0.9026202248471867,graduated,Gc^ --> Gc^^,BLSTM
node,101,0.90264366366294,graduated,Gc^ --> Gc^^,BLSTM
node,102,0.9026602527287086,graduated,Gc^ --> Gc^^,BLSTM
node,103,0.9026727332464491,graduated,Gc^ --> Gc^^,BLSTM
node,104,0.9026830377027197,graduated,Gc^ --> Gc^^,BLSTM
node,105,0.9026845122654102,graduated,Gc^ --> Gc^^,BLSTM
node,106,0.9026876578316326,graduated,Gc^ --> Gc^^,BLSTM
node,107,0.902692786405517,graduated,Gc^ --> Gc^^,BLSTM
node,108,0.9026894407919732,graduated,Gc^ --> Gc^^,BLSTM
node,109,0.9026940884569652,graduated,Gc^ --> Gc^^,BLSTM
node,110,0.9026891010097488,graduated,Gc^ --> Gc^^,BLSTM
node,111,0.902687043735758,graduated,Gc^ --> Gc^^,BLSTM
node,112,0.9026904297112998,graduated,Gc^ --> Gc^^,BLSTM
node,113,0.9026859043685096,graduated,Gc^ --> Gc^^,BLSTM
node,114,0.9026845194134699,graduated,Gc^ --> Gc^^,BLSTM
node,115,0.9026819677074963,graduated,Gc^ --> Gc^^,BLSTM
node,116,0.9026799572398625,graduated,Gc^ --> Gc^^,BLSTM
node,117,0.9026826297971787,graduated,Gc^ --> Gc^^,BLSTM
node,118,0.9026843539980396,graduated,Gc^ --> Gc^^,BLSTM
node,119,0.9026960040872659,graduated,Gc^ --> Gc^^,BLSTM
node,120,0.9027003001385632,graduated,Gc^ --> Gc^^,BLSTM
node,121,0.902705520008353,graduated,Gc^ --> Gc^^,BLSTM
node,122,0.9027117440139006,graduated,Gc^ --> Gc^^,BLSTM
node,123,0.9027126061754229,graduated,Gc^ --> Gc^^,BLSTM
node,124,0.9027149432529024,graduated,Gc^ --> Gc^^,BLSTM
node,125,0.9027134577785979,graduated,Gc^ --> Gc^^,BLSTM
node,126,0.9027131373362054,graduated,Gc^ --> Gc^^,BLSTM
node,127,0.9027134079764264,graduated,Gc^ --> Gc^^,BLSTM
node,128,0.9027111145817394,graduated,Gc^ --> Gc^^,BLSTM
node,129,0.9027122337929874,graduated,Gc^ --> Gc^^,BLSTM
node,130,0.9027199476262109,graduated,Gc^ --> Gc^^,BLSTM
node,131,0.9027276334123288,graduated,Gc^ --> Gc^^,BLSTM
node,132,0.902736395420887,graduated,Gc^ --> Gc^^,BLSTM
node,133,0.902741673980829,graduated,Gc^ --> Gc^^,BLSTM
node,134,0.9027366450015714,graduated,Gc^ --> Gc^^,BLSTM
node,135,0.9027324139870692,graduated,Gc^ --> Gc^^,BLSTM
node,136,0.9027263920221649,graduated,Gc^ --> Gc^^,BLSTM
node,137,0.9027242583301585,graduated,Gc^ --> Gc^^,BLSTM
node,138,0.902720341200286,graduated,Gc^ --> Gc^^,BLSTM
node,139,0.9027174114257949,graduated,Gc^ --> Gc^^,BLSTM
node,140,0.9027143998467074,graduated,Gc^ --> Gc^^,BLSTM
node,141,0.9027098587415182,graduated,Gc^ --> Gc^^,BLSTM
node,142,0.9027102786861342,graduated,Gc^ --> Gc^^,BLSTM
node,143,0.9027148196114508,graduated,Gc^ --> Gc^^,BLSTM
node,144,0.9027141404404744,graduated,Gc^ --> Gc^^,BLSTM
node,145,0.9027113588418556,graduated,Gc^ --> Gc^^,BLSTM
node,146,0.9027140814106416,graduated,Gc^ --> Gc^^,BLSTM
node,147,0.9027098307998711,graduated,Gc^ --> Gc^^,BLSTM
node,148,0.9027076000189015,graduated,Gc^ --> Gc^^,BLSTM
node,149,0.9027066963995493,graduated,Gc^ --> Gc^^,BLSTM
node,150,0.902708384706806,graduated,Gc^ --> Gc^^,BLSTM
node,151,0.9027110945909611,graduated,Gc^ --> Gc^^,BLSTM
node,152,0.9027128602198713,graduated,Gc^ --> Gc^^,BLSTM
node,153,0.9027157173655075,graduated,Gc^ --> Gc^^,BLSTM
node,154,0.9027214501156955,graduated,Gc^ --> Gc^^,BLSTM
node,155,0.9027285518604087,graduated,Gc^ --> Gc^^,BLSTM
node,156,0.9027316836094292,graduated,Gc^ --> Gc^^,BLSTM
node,157,0.9027392396404855,graduated,Gc^ --> Gc^^,BLSTM
node,158,0.902747880086258,graduated,Gc^ --> Gc^^,BLSTM
node,159,0.9027549159540975,graduated,Gc^ --> Gc^^,BLSTM
node,160,0.9027559345162558,graduated,Gc^ --> Gc^^,BLSTM
node,161,0.9027591830420257,graduated,Gc^ --> Gc^^,BLSTM
node,162,0.9027660716945348,graduated,Gc^ --> Gc^^,BLSTM
node,163,0.9027684787341334,graduated,Gc^ --> Gc^^,BLSTM
node,164,0.902770766325009,graduated,Gc^ --> Gc^^,BLSTM
node,165,0.9027729706307636,graduated,Gc^ --> Gc^^,BLSTM
node,166,0.9027788161151655,graduated,Gc^ --> Gc^^,BLSTM
node,167,0.9027868296589314,graduated,Gc^ --> Gc^^,BLSTM
node,168,0.9027940205303028,graduated,Gc^ --> Gc^^,BLSTM
node,169,0.9027060775521362,graduated,Gc^ --> Gc^^,BLSTM
node,170,0.8250035296292582,graduated,Gc^ --> Gc^^,BLSTM
scripted,1,0.4417560635790824,retired,Gc^ --> Gc^^,BLSTM
scripted,2,0.6219957519278623,retired,Gc^ --> Gc^^,BLSTM
scripted,3,0.5241705152325163,retired,Gc^ --> Gc^^,BLSTM
scripted,4,0.628730549654376,retired,Gc^ --> Gc^^,BLSTM
scripted,5,0.6296462946223644,retired,Gc^ --> Gc^^,BLSTM
scripted,6,0.4968030161576663,retired,Gc^ --> Gc^^,BLSTM
scripted,7,0.07661220953876954,retired,Gc^ --> Gc^^,BLSTM
scripted,8,0.025693474514739262,retired,Gc^ --> Gc^^,BLSTM
scripted,9,0.01908810470168878,retired,Gc^ --> Gc^^,BLSTM
scripted,10,0.017966841385274816,retired,Gc^ --> Gc^^,BLSTM
scripted,11,0.01779113340129917,retired,Gc^ --> Gc^^,BLSTM
scripted,12,0.0177671084381846,retired,Gc^ --> Gc^^,BLSTM
scripted,13,0.01777072826737929,retired,Gc^ --> Gc^^,BLSTM
scripted,14,0.017777607622342765,retired,Gc^ --> Gc^^,BLSTM
scripted,15,0.017802573644049524,retired,Gc^ --> Gc^^,BLSTM
scripted,16,0.017817070496753726,retired,Gc^ --> Gc^^,BLSTM
scripted,17,0.017780781466509427,retired,Gc^ --> Gc^^,BLSTM
scripted,18,0.01778510282620636,retired,Gc^ --> Gc^^,BLSTM
scripted,19,0.01782129324008148,retired,Gc^ --> Gc^^,BLSTM
scripted,20,0.018009290247747174,retired,Gc^ --> Gc^^,BLSTM
scripted,21,0.01799246015103563,retired,Gc^ --> Gc^^,BLSTM
scripted,22,0.017952476799130035,retired,Gc^ --> Gc^^,BLSTM
scripted,23,0.017926573133484152,retired,Gc^ --> Gc^^,BLSTM
scripted,24,0.01791296892357716,retired,Gc^ --> Gc^^,BLSTM
scripted,25,0.017895790181143987,retired,Gc^ --> Gc^^,BLSTM
scripted,26,0.017890019846255004,retired,Gc^ --> Gc^^,BLSTM
scripted,27,0.017886974547658183,retired,Gc^ --> Gc^^,BLSTM
scripted,28,0.01788379706129858,retired,Gc^ --> Gc^^,BLSTM
scripted,29,0.017879532848536505,retired,Gc^ --> Gc^^,BLSTM
scripted,30,0.017874011813655357,retired,Gc^ --> Gc^^,BLSTM
scripted,31,0.017867467810440546,retired,Gc^ --> Gc^^,BLSTM
scripted,32,0.01786026867673732,retired,Gc^ --> Gc^^,BLSTM
scripted,33,0.017852759302698668,retired,Gc^ --> Gc^^,BLSTM
scripted,34,0.017845246410010056,retired,Gc^ --> Gc^^,BLSTM
scripted,35,0.01783795531597198,retired,Gc^ --> Gc^^,BLSTM
scripted,36,0.017831013834781233,retired,Gc^ --> Gc^^,BLSTM
scripted,37,0.017824509830458166,retired,Gc^ --> Gc^^,BLSTM
scripted,38,0.017816922647434043,retired,Gc^ --> Gc^^,BLSTM
scripted,39,0.017796253168643094,retired,Gc^ --> Gc^^,BLSTM
scripted,40,0.017787818041776107,retired,Gc^ --> Gc^^,BLSTM
scripted,41,0.017782420775114938,retired,Gc^ --> Gc^^,BLSTM
scripted,42,0.01777862206550132,retired,Gc^ --> Gc^^,BLSTM
scripted,43,0.01777509070555544,retired,Gc^ --> Gc^^,BLSTM
scripted,44,0.01776454460386,retired,Gc^ --> Gc^^,BLSTM
scripted,45,0.01775988845817679,retired,Gc^ --> Gc^^,BLSTM
scripted,46,0.01775709129875608,retired,Gc^ --> Gc^^,BLSTM
scripted,47,0.01775545415710835,retired,Gc^ --> Gc^^,BLSTM
scripted,48,0.0177546305962794,retired,Gc^ --> Gc^^,BLSTM
scripted,49,0.017754245859473657,retired,Gc^ --> Gc^^,BLSTM
scripted,50,0.017754061716819453,retired,Gc^ --> Gc^^,BLSTM
scripted,51,0.017753536123768027,retired,Gc^ --> Gc^^,BLSTM
scripted,52,0.017749782806741665,retired,Gc^ --> Gc^^,BLSTM
scripted,53,0.017748863210457426,retired,Gc^ --> Gc^^,BLSTM
scripted,54,0.01775036343729174,retired,Gc^ --> Gc^^,BLSTM
scripted,55,0.017752552165992506,retired,Gc^ --> Gc^^,BLSTM
scripted,56,0.017754541397718905,retired,Gc^ --> Gc^^,BLSTM
scripted,57,0.01775595158365412,retired,Gc^ --> Gc^^,BLSTM
scripted,58,0.01775672485245203,retired,Gc^ --> Gc^^,BLSTM
scripted,59,0.017756943356863723,retired,Gc^ --> Gc^^,BLSTM
scripted,60,0.01775673872145761,retired,Gc^ --> Gc^^,BLSTM
scripted,61,0.017756241263223276,retired,Gc^ --> Gc^^,BLSTM
scripted,62,0.017755559074916657,retired,Gc^ --> Gc^^,BLSTM
scripted,63,0.01775479107183643,retired,Gc^ --> Gc^^,BLSTM
scripted,64,0.017753997240398292,retired,Gc^ --> Gc^^,BLSTM
scripted,65,0.017753215740026643,retired,Gc^ --> Gc^^,BLSTM
scripted,66,0.017752460695573572,retired,Gc^ --> Gc^^,BLSTM
scripted,67,0.017751760763868422,retired,Gc^ --> Gc^^,BLSTM
scripted,68,0.01775110767998616,retired,Gc^ --> Gc^^,BLSTM
scripted,69,0.01775052290479886,retired,Gc^ --> Gc^^,BLSTM
scripted,70,0.01774998964277455,retired,Gc^ --> Gc^^,BLSTM
scripted,71,0.017749486531495443,retired,Gc^ --> Gc^^,BLSTM
scripted,72,0.01774904155729498,retired,Gc^ --> Gc^^,BLSTM
scripted,73,0.017748627530008564,retired,Gc^ --> Gc^^,BLSTM
scripted,74,0.017748267914149938,retired,Gc^ --> Gc^^,BLSTM
scripted,75,0.0177479306742195,retired,Gc^ --> Gc^^,BLSTM
scripted,76,0.017747627481965036,retired,Gc^ --> Gc^^,BLSTM
scripted,77,0.01774734654119532,retired,Gc^ --> Gc^^,BLSTM
scripted,78,0.017747088534091845,retired,Gc^ --> Gc^^,BLSTM
scripted,79,0.017746845971137307,retired,Gc^ --> Gc^^,BLSTM
scripted,80,0.017746630483340013,retired,Gc^ --> Gc^^,BLSTM
scripted,81,0.017746431339542814,retired,Gc^ --> Gc^^,BLSTM
scripted,82,0.01774624879851542,retired,Gc^ --> Gc^^,BLSTM
scripted,83,0.01774608125800487,retired,Gc^ --> Gc^^,BLSTM
scripted,84,0.017745913843920814,retired,Gc^ --> Gc^^,BLSTM
scripted,85,0.01774576467199344,retired,Gc^ --> Gc^^,BLSTM
scripted,86,0.017745632521560452,retired,Gc^ --> Gc^^,BLSTM
scripted,87,0.017745502357675216,retired,Gc^ --> Gc^^,BLSTM
scripted,88,0.017745389894941975,retired,Gc^ --> Gc^^,BLSTM
scripted,89,0.017745274152353295,retired,Gc^ --> Gc^^,BLSTM
scripted,90,0.017745168143157165,retired,Gc^ --> Gc^^,BLSTM
scripted,91,0.01774507420770004,retired,Gc^ --> Gc^^,BLSTM
scripted,92,0.0177449848005526,retired,Gc^ --> Gc^^,BLSTM
scripted,93,0.017744899760498027,retired,Gc^ --> Gc^^,BLSTM
scripted,94,0.01774482429225862,retired,Gc^ --> Gc^^,BLSTM
scripted,95,0.01774475058748899,retired,Gc^ --> Gc^^,BLSTM
scripted,96,0.017744684271799344,retired,Gc^ --> Gc^^,BLSTM
scripted,97,0.0177446159964525,retired,Gc^ --> Gc^^,BLSTM
scripted,98,0.017744551767207097,retired,Gc^ --> Gc^^,BLSTM
scripted,99,0.0177445001916421,retired,Gc^ --> Gc^^,BLSTM
scripted,100,0.01774445005909629,retired,Gc^ --> Gc^^,BLSTM
scripted,101,0.0177426839167054,retired,Gc^ --> Gc^^,BLSTM
scripted,102,0.01621540500227484,retired,Gc^ --> Gc^^,BLSTM
social-app-django,1,0.03883041475390245,graduated,Gc^ --> Gc^^,BLSTM
social-app-django,2,0.02843561732264175,graduated,Gc^ --> Gc^^,BLSTM
social-app-django,3,0.02319402831960304,graduated,Gc^ --> Gc^^,BLSTM
social-app-django,4,0.029363247507651746,graduated,Gc^ --> Gc^^,BLSTM
social-app-django,5,0.026092935528043072,graduated,Gc^ --> Gc^^,BLSTM
social-app-django,6,0.02282942142550957,graduated,Gc^ --> Gc^^,BLSTM
social-app-django,7,0.019763180183766462,graduated,Gc^ --> Gc^^,BLSTM
social-app-django,8,0.01908203515413891,graduated,Gc^ --> Gc^^,BLSTM
social-app-django,9,0.019548613405680874,graduated,Gc^ --> Gc^^,BLSTM
social-app-django,10,0.02404018192530857,graduated,Gc^ --> Gc^^,BLSTM
social-app-django,11,0.10027354612478814,graduated,Gc^ --> Gc^^,BLSTM
social-app-django,12,0.6217180185342928,graduated,Gc^ --> Gc^^,BLSTM
social-app-django,13,0.5806606040851574,graduated,Gc^ --> Gc^^,BLSTM
social-app-django,14,0.6654009302521747,graduated,Gc^ --> Gc^^,BLSTM
social-app-django,15,0.8559510495985777,graduated,Gc^ --> Gc^^,BLSTM
social-app-django,16,0.8807120363868607,graduated,Gc^ --> Gc^^,BLSTM
social-app-django,17,0.8945276302485942,graduated,Gc^ --> Gc^^,BLSTM
social-app-django,18,0.8986714929543084,graduated,Gc^ --> Gc^^,BLSTM
social-app-django,19,0.8992198071327964,graduated,Gc^ --> Gc^^,BLSTM
social-app-django,20,0.899384482091168,graduated,Gc^ --> Gc^^,BLSTM
social-app-django,21,0.89943973173305,graduated,Gc^ --> Gc^^,BLSTM
social-app-django,22,0.8994081585469876,graduated,Gc^ --> Gc^^,BLSTM
social-app-django,23,0.899345771266031,graduated,Gc^ --> Gc^^,BLSTM
social-app-django,24,0.8992724863656244,graduated,Gc^ --> Gc^^,BLSTM
social-app-django,25,0.8990436798224584,graduated,Gc^ --> Gc^^,BLSTM
social-app-django,26,0.8989632443825216,graduated,Gc^ --> Gc^^,BLSTM
social-app-django,27,0.8990135850918947,graduated,Gc^ --> Gc^^,BLSTM
social-app-django,28,0.8989812073686859,graduated,Gc^ --> Gc^^,BLSTM
social-app-django,29,0.8989443487515759,graduated,Gc^ --> Gc^^,BLSTM
social-app-django,30,0.8988768144941467,graduated,Gc^ --> Gc^^,BLSTM
social-app-django,31,0.8988939452053106,graduated,Gc^ --> Gc^^,BLSTM
social-app-django,32,0.8989083636666021,graduated,Gc^ --> Gc^^,BLSTM
social-app-django,33,0.8988624743948448,graduated,Gc^ --> Gc^^,BLSTM
social-app-django,34,0.8988131397800802,graduated,Gc^ --> Gc^^,BLSTM
social-app-django,35,0.8987940053813928,graduated,Gc^ --> Gc^^,BLSTM
social-app-django,36,0.8987112528792249,graduated,Gc^ --> Gc^^,BLSTM
social-app-django,37,0.8986741486008181,graduated,Gc^ --> Gc^^,BLSTM
social-app-django,38,0.8986308338028864,graduated,Gc^ --> Gc^^,BLSTM
social-app-django,39,0.8985704052314687,graduated,Gc^ --> Gc^^,BLSTM
social-app-django,40,0.8985080633974408,graduated,Gc^ --> Gc^^,BLSTM
social-app-django,41,0.8984323284624348,graduated,Gc^ --> Gc^^,BLSTM
social-app-django,42,0.8983951931037367,graduated,Gc^ --> Gc^^,BLSTM
social-app-django,43,0.8983564873138058,graduated,Gc^ --> Gc^^,BLSTM
social-app-django,44,0.8983421763324462,graduated,Gc^ --> Gc^^,BLSTM
social-app-django,45,0.8983214081943681,graduated,Gc^ --> Gc^^,BLSTM
social-app-django,46,0.8982507179800958,graduated,Gc^ --> Gc^^,BLSTM
social-app-django,47,0.8982144691790912,graduated,Gc^ --> Gc^^,BLSTM
social-app-django,48,0.898190444867772,graduated,Gc^ --> Gc^^,BLSTM
social-app-django,49,0.8981639507082632,graduated,Gc^ --> Gc^^,BLSTM
social-app-django,50,0.8981543934458892,graduated,Gc^ --> Gc^^,BLSTM
social-app-django,51,0.8982060917136697,graduated,Gc^ --> Gc^^,BLSTM
social-app-django,52,0.8982611726564402,graduated,Gc^ --> Gc^^,BLSTM
social-app-django,53,0.8982947777373674,graduated,Gc^ --> Gc^^,BLSTM
social-app-django,54,0.8983092899840637,graduated,Gc^ --> Gc^^,BLSTM
social-app-django,55,0.898324841887295,graduated,Gc^ --> Gc^^,BLSTM
social-app-django,56,0.8983347887726015,graduated,Gc^ --> Gc^^,BLSTM
social-app-django,57,0.898342022775965,graduated,Gc^ --> Gc^^,BLSTM
social-app-django,58,0.8983458935225817,graduated,Gc^ --> Gc^^,BLSTM
social-app-django,59,0.8983457815115514,graduated,Gc^ --> Gc^^,BLSTM
social-app-django,60,0.8983476761406868,graduated,Gc^ --> Gc^^,BLSTM
social-app-django,61,0.8983498728857807,graduated,Gc^ --> Gc^^,BLSTM
social-app-django,62,0.8983524759792263,graduated,Gc^ --> Gc^^,BLSTM
social-app-django,63,0.8983542455950579,graduated,Gc^ --> Gc^^,BLSTM
social-app-django,64,0.8983555302373226,graduated,Gc^ --> Gc^^,BLSTM
social-app-django,65,0.8983572176331992,graduated,Gc^ --> Gc^^,BLSTM
social-app-django,66,0.8983589081796124,graduated,Gc^ --> Gc^^,BLSTM
social-app-django,67,0.8983597518838384,graduated,Gc^ --> Gc^^,BLSTM
social-app-django,68,0.8983608998950549,graduated,Gc^ --> Gc^^,BLSTM
social-app-django,69,0.8983625868178842,graduated,Gc^ --> Gc^^,BLSTM
social-app-django,70,0.8983639930853548,graduated,Gc^ --> Gc^^,BLSTM
social-app-django,71,0.8983615019090186,graduated,Gc^ --> Gc^^,BLSTM
social-app-django,72,0.8983610441261084,graduated,Gc^ --> Gc^^,BLSTM
social-app-django,73,0.8983627426935529,graduated,Gc^ --> Gc^^,BLSTM
social-app-django,74,0.8983651057820813,graduated,Gc^ --> Gc^^,BLSTM
social-app-django,75,0.8983674643105966,graduated,Gc^ --> Gc^^,BLSTM
social-app-django,76,0.8983669259825757,graduated,Gc^ --> Gc^^,BLSTM
social-app-django,77,0.8983657748218602,graduated,Gc^ --> Gc^^,BLSTM
social-app-django,78,0.8983669179201249,graduated,Gc^ --> Gc^^,BLSTM
social-app-django,79,0.8983653629376201,graduated,Gc^ --> Gc^^,BLSTM
social-app-django,80,0.8983636444103167,graduated,Gc^ --> Gc^^,BLSTM
social-app-django,81,0.8983643070411341,graduated,Gc^ --> Gc^^,BLSTM
social-app-django,82,0.8983616710348196,graduated,Gc^ --> Gc^^,BLSTM
social-app-django,83,0.8983622092801027,graduated,Gc^ --> Gc^^,BLSTM
social-app-django,84,0.8983601619778563,graduated,Gc^ --> Gc^^,BLSTM
social-app-django,85,0.8983578653912132,graduated,Gc^ --> Gc^^,BLSTM
social-app-django,86,0.8983590182891933,graduated,Gc^ --> Gc^^,BLSTM
social-app-django,87,0.8983609883977389,graduated,Gc^ --> Gc^^,BLSTM
social-app-django,88,0.8983606376218958,graduated,Gc^ --> Gc^^,BLSTM
social-app-django,89,0.898361667879197,graduated,Gc^ --> Gc^^,BLSTM
social-app-django,90,0.8983548430289443,graduated,Gc^ --> Gc^^,BLSTM
social-app-django,91,0.8983528787444773,graduated,Gc^ --> Gc^^,BLSTM
social-app-django,92,0.8983507836158218,graduated,Gc^ --> Gc^^,BLSTM
social-app-django,93,0.8983510520871503,graduated,Gc^ --> Gc^^,BLSTM
social-app-django,94,0.8983525605075642,graduated,Gc^ --> Gc^^,BLSTM
social-app-django,95,0.8983547657928878,graduated,Gc^ --> Gc^^,BLSTM
social-app-django,96,0.8983575899533162,graduated,Gc^ --> Gc^^,BLSTM
social-app-django,97,0.8983599142949276,graduated,Gc^ --> Gc^^,BLSTM
social-app-django,98,0.8983554328886588,graduated,Gc^ --> Gc^^,BLSTM
social-app-django,99,0.8983541231189182,graduated,Gc^ --> Gc^^,BLSTM
social-app-django,100,0.8983519643871586,graduated,Gc^ --> Gc^^,BLSTM
social-app-django,101,0.8983531274761002,graduated,Gc^ --> Gc^^,BLSTM
social-app-django,102,0.8983549961422095,graduated,Gc^ --> Gc^^,BLSTM
social-app-django,103,0.8983527012428849,graduated,Gc^ --> Gc^^,BLSTM
social-app-django,104,0.8983535741363514,graduated,Gc^ --> Gc^^,BLSTM
social-app-django,105,0.898350071961529,graduated,Gc^ --> Gc^^,BLSTM
social-app-django,106,0.8983495940437198,graduated,Gc^ --> Gc^^,BLSTM
social-app-django,107,0.8983497580221201,graduated,Gc^ --> Gc^^,BLSTM
social-app-django,108,0.898351651082224,graduated,Gc^ --> Gc^^,BLSTM
social-app-django,109,0.8983541542927008,graduated,Gc^ --> Gc^^,BLSTM
social-app-django,110,0.898357103669381,graduated,Gc^ --> Gc^^,BLSTM
social-app-django,111,0.8983601979058201,graduated,Gc^ --> Gc^^,BLSTM
social-app-django,112,0.898363331243835,graduated,Gc^ --> Gc^^,BLSTM
social-app-django,113,0.8983662569784475,graduated,Gc^ --> Gc^^,BLSTM
social-app-django,114,0.8983689936735509,graduated,Gc^ --> Gc^^,BLSTM
social-app-django,115,0.8983715102263604,graduated,Gc^ --> Gc^^,BLSTM
social-app-django,116,0.8983719428296219,graduated,Gc^ --> Gc^^,BLSTM
social-app-django,117,0.8983548037642213,graduated,Gc^ --> Gc^^,BLSTM
social-app-django,118,0.8983532840613401,graduated,Gc^ --> Gc^^,BLSTM
social-app-django,119,0.8983540447002433,graduated,Gc^ --> Gc^^,BLSTM
social-app-django,120,0.8983486669458017,graduated,Gc^ --> Gc^^,BLSTM
social-app-django,121,0.8983490616119135,graduated,Gc^ --> Gc^^,BLSTM
social-app-django,122,0.898261484103659,graduated,Gc^ --> Gc^^,BLSTM
social-app-django,123,0.8209400606849838,graduated,Gc^ --> Gc^^,BLSTM
sstoolkit,1,0.027251403436935915,retired,Gc^ --> Gc^^,BLSTM
sstoolkit,2,0.04078252091009667,retired,Gc^ --> Gc^^,BLSTM
sstoolkit,3,0.05274151804906155,retired,Gc^ --> Gc^^,BLSTM
sstoolkit,4,0.03804547450561755,retired,Gc^ --> Gc^^,BLSTM
sstoolkit,5,0.025291085160181404,retired,Gc^ --> Gc^^,BLSTM
sstoolkit,6,0.02028117234453199,retired,Gc^ --> Gc^^,BLSTM
sstoolkit,7,0.022233466003064854,retired,Gc^ --> Gc^^,BLSTM
sstoolkit,8,0.023520677423106304,retired,Gc^ --> Gc^^,BLSTM
sstoolkit,9,0.022692375180951272,retired,Gc^ --> Gc^^,BLSTM
sstoolkit,10,0.02306429824607902,retired,Gc^ --> Gc^^,BLSTM
sstoolkit,11,0.023277992911353393,retired,Gc^ --> Gc^^,BLSTM
sstoolkit,12,0.02709414641743551,retired,Gc^ --> Gc^^,BLSTM
sstoolkit,13,0.027868757782010076,retired,Gc^ --> Gc^^,BLSTM
sstoolkit,14,0.026629613501356172,retired,Gc^ --> Gc^^,BLSTM
sstoolkit,15,0.02986997572180399,retired,Gc^ --> Gc^^,BLSTM
sstoolkit,16,0.02775736418077166,retired,Gc^ --> Gc^^,BLSTM
sstoolkit,17,0.03147463587166081,retired,Gc^ --> Gc^^,BLSTM
sstoolkit,18,0.03794857060666819,retired,Gc^ --> Gc^^,BLSTM
sstoolkit,19,0.0427347046180986,retired,Gc^ --> Gc^^,BLSTM
sstoolkit,20,0.053312649489403,retired,Gc^ --> Gc^^,BLSTM
sstoolkit,21,0.05832822254031445,retired,Gc^ --> Gc^^,BLSTM
sstoolkit,22,0.06948005643969707,retired,Gc^ --> Gc^^,BLSTM
sstoolkit,23,0.06647651356655868,retired,Gc^ --> Gc^^,BLSTM
sstoolkit,24,0.03920650537976714,retired,Gc^ --> Gc^^,BLSTM
sstoolkit,25,0.04223991224198101,retired,Gc^ --> Gc^^,BLSTM
sstoolkit,26,0.04525133599328323,retired,Gc^ --> Gc^^,BLSTM
sstoolkit,27,0.04629988828752241,retired,Gc^ --> Gc^^,BLSTM
sstoolkit,28,0.027453657484825766,retired,Gc^ --> Gc^^,BLSTM
sstoolkit,29,0.02212997904219107,retired,Gc^ --> Gc^^,BLSTM
sstoolkit,30,0.020450556061834546,retired,Gc^ --> Gc^^,BLSTM
sstoolkit,31,0.01959113882248737,retired,Gc^ --> Gc^^,BLSTM
sstoolkit,32,0.02000936536429348,retired,Gc^ --> Gc^^,BLSTM
sstoolkit,33,0.021460342772479518,retired,Gc^ --> Gc^^,BLSTM
sstoolkit,34,0.020272742111686167,retired,Gc^ --> Gc^^,BLSTM
sstoolkit,35,0.01951442733668083,retired,Gc^ --> Gc^^,BLSTM
sstoolkit,36,0.018868116952853096,retired,Gc^ --> Gc^^,BLSTM
sstoolkit,37,0.019102313954505658,retired,Gc^ --> Gc^^,BLSTM
sstoolkit,38,0.0197279485267216,retired,Gc^ --> Gc^^,BLSTM
sstoolkit,39,0.019564871509816346,retired,Gc^ --> Gc^^,BLSTM
sstoolkit,40,0.01953893797695239,retired,Gc^ --> Gc^^,BLSTM
sstoolkit,41,0.019329768781697853,retired,Gc^ --> Gc^^,BLSTM
sstoolkit,42,0.01926969794411277,retired,Gc^ --> Gc^^,BLSTM
sstoolkit,43,0.019342743595424275,retired,Gc^ --> Gc^^,BLSTM
sstoolkit,44,0.019307167970862238,retired,Gc^ --> Gc^^,BLSTM
sstoolkit,45,0.019205271595544318,retired,Gc^ --> Gc^^,BLSTM
sstoolkit,46,0.019310522588616832,retired,Gc^ --> Gc^^,BLSTM
sstoolkit,47,0.018966920535829452,retired,Gc^ --> Gc^^,BLSTM
sstoolkit,48,0.018691502588834275,retired,Gc^ --> Gc^^,BLSTM
sstoolkit,49,0.01850416633309672,retired,Gc^ --> Gc^^,BLSTM
sstoolkit,50,0.018385021663117743,retired,Gc^ --> Gc^^,BLSTM
sstoolkit,51,0.01830341956584984,retired,Gc^ --> Gc^^,BLSTM
sstoolkit,52,0.018241396581648802,retired,Gc^ --> Gc^^,BLSTM
sstoolkit,53,0.018188592316578205,retired,Gc^ --> Gc^^,BLSTM
sstoolkit,54,0.016586154602676095,retired,Gc^ --> Gc^^,BLSTM
tensorflow,1,0.02932492255783793,graduated,Gc^ --> Gc^^,BLSTM
tensorflow,2,0.037110173010292895,graduated,Gc^ --> Gc^^,BLSTM
tensorflow,3,0.03440662047256058,graduated,Gc^ --> Gc^^,BLSTM
tensorflow,4,0.03562313605092539,graduated,Gc^ --> Gc^^,BLSTM
tensorflow,5,0.044363423502994305,graduated,Gc^ --> Gc^^,BLSTM
tensorflow,6,0.05397093542824743,graduated,Gc^ --> Gc^^,BLSTM
tensorflow,7,0.0549286488546448,graduated,Gc^ --> Gc^^,BLSTM
tensorflow,8,0.04719115081021667,graduated,Gc^ --> Gc^^,BLSTM
tensorflow,9,0.042908319627943246,graduated,Gc^ --> Gc^^,BLSTM
tensorflow,10,0.04060534215187829,graduated,Gc^ --> Gc^^,BLSTM
tensorflow,11,0.046558777417970244,graduated,Gc^ --> Gc^^,BLSTM
tensorflow,12,0.05580732452230049,graduated,Gc^ --> Gc^^,BLSTM
tensorflow,13,0.06681692960345317,graduated,Gc^ --> Gc^^,BLSTM
tensorflow,14,0.08139884897318839,graduated,Gc^ --> Gc^^,BLSTM
tensorflow,15,0.1100424217980812,graduated,Gc^ --> Gc^^,BLSTM
tensorflow,16,0.2364011967249289,graduated,Gc^ --> Gc^^,BLSTM
tensorflow,17,0.33293742234225215,graduated,Gc^ --> Gc^^,BLSTM
tensorflow,18,0.36321122164731806,graduated,Gc^ --> Gc^^,BLSTM
tensorflow,19,0.43709038532670197,graduated,Gc^ --> Gc^^,BLSTM
tensorflow,20,0.514933185751474,graduated,Gc^ --> Gc^^,BLSTM
tensorflow,21,0.4851335487254754,graduated,Gc^ --> Gc^^,BLSTM
tensorflow,22,0.46040093673961663,graduated,Gc^ --> Gc^^,BLSTM
tensorflow,23,0.4666566702345772,graduated,Gc^ --> Gc^^,BLSTM
tensorflow,24,0.46902065133684895,graduated,Gc^ --> Gc^^,BLSTM
tensorflow,25,0.5397652767936341,graduated,Gc^ --> Gc^^,BLSTM
tensorflow,26,0.6683206263858953,graduated,Gc^ --> Gc^^,BLSTM
tensorflow,27,0.7634761302183913,graduated,Gc^ --> Gc^^,BLSTM
tensorflow,28,0.8208474752889061,graduated,Gc^ --> Gc^^,BLSTM
tensorflow,29,0.8512621472656936,graduated,Gc^ --> Gc^^,BLSTM
tensorflow,30,0.8674308227376559,graduated,Gc^ --> Gc^^,BLSTM
tensorflow,31,0.8782000972090558,graduated,Gc^ --> Gc^^,BLSTM
tensorflow,32,0.8876077317903823,graduated,Gc^ --> Gc^^,BLSTM
tensorflow,33,0.8915118778512998,graduated,Gc^ --> Gc^^,BLSTM
tensorflow,34,0.8968659657768381,graduated,Gc^ --> Gc^^,BLSTM
tensorflow,35,0.9000673165615557,graduated,Gc^ --> Gc^^,BLSTM
tensorflow,36,0.9010811517695761,graduated,Gc^ --> Gc^^,BLSTM
tensorflow,37,0.9015562452480225,graduated,Gc^ --> Gc^^,BLSTM
tensorflow,38,0.9018807112428836,graduated,Gc^ --> Gc^^,BLSTM
tensorflow,39,0.9021486663951677,graduated,Gc^ --> Gc^^,BLSTM
tensorflow,40,0.9023587103584719,graduated,Gc^ --> Gc^^,BLSTM
tensorflow,41,0.9025270468799705,graduated,Gc^ --> Gc^^,BLSTM
tensorflow,42,0.9026689374797026,graduated,Gc^ --> Gc^^,BLSTM
tensorflow,43,0.90279337363987,graduated,Gc^ --> Gc^^,BLSTM
tensorflow,44,0.9028913776581795,graduated,Gc^ --> Gc^^,BLSTM
tensorflow,45,0.9029792325234781,graduated,Gc^ --> Gc^^,BLSTM
tensorflow,46,0.9030654335850526,graduated,Gc^ --> Gc^^,BLSTM
tensorflow,47,0.9031436362265345,graduated,Gc^ --> Gc^^,BLSTM
tensorflow,48,0.9032037144241083,graduated,Gc^ --> Gc^^,BLSTM
tensorflow,49,0.9032413292247606,graduated,Gc^ --> Gc^^,BLSTM
tensorflow,50,0.9032590083880391,graduated,Gc^ --> Gc^^,BLSTM
tensorflow,51,0.9032813407081723,graduated,Gc^ --> Gc^^,BLSTM
tensorflow,52,0.9033326544210519,graduated,Gc^ --> Gc^^,BLSTM
tensorflow,53,0.9033960817008009,graduated,Gc^ --> Gc^^,BLSTM
tensorflow,54,0.9034385304242439,graduated,Gc^ --> Gc^^,BLSTM
tensorflow,55,0.9033772728201346,graduated,Gc^ --> Gc^^,BLSTM
tensorflow,56,0.9034259839916577,graduated,Gc^ --> Gc^^,BLSTM
tensorflow,57,0.9034779916433885,graduated,Gc^ --> Gc^^,BLSTM
tensorflow,58,0.9035221406184338,graduated,Gc^ --> Gc^^,BLSTM
tensorflow,59,0.9035618596040063,graduated,Gc^ --> Gc^^,BLSTM
tensorflow,60,0.903595629678097,graduated,Gc^ --> Gc^^,BLSTM
tensorflow,61,0.9036097046983893,graduated,Gc^ --> Gc^^,BLSTM
tensorflow,62,0.9036117852207484,graduated,Gc^ --> Gc^^,BLSTM
tensorflow,63,0.9036134122092726,graduated,Gc^ --> Gc^^,BLSTM
tensorflow,64,0.9036147439741445,graduated,Gc^ --> Gc^^,BLSTM
tensorflow,65,0.9036158863418375,graduated,Gc^ --> Gc^^,BLSTM
tensorflow,66,0.9036165791600621,graduated,Gc^ --> Gc^^,BLSTM
tensorflow,67,0.9036135415806791,graduated,Gc^ --> Gc^^,BLSTM
tensorflow,68,0.9036102006114547,graduated,Gc^ --> Gc^^,BLSTM
tensorflow,69,0.9036097344766123,graduated,Gc^ --> Gc^^,BLSTM
tensorflow,70,0.9036072325775414,graduated,Gc^ --> Gc^^,BLSTM
tensorflow,71,0.9036054457360926,graduated,Gc^ --> Gc^^,BLSTM
tensorflow,72,0.9036035464431043,graduated,Gc^ --> Gc^^,BLSTM
tensorflow,73,0.9036009237925832,graduated,Gc^ --> Gc^^,BLSTM
tensorflow,74,0.9035975366860897,graduated,Gc^ --> Gc^^,BLSTM
tensorflow,75,0.9035935504633759,graduated,Gc^ --> Gc^^,BLSTM
tensorflow,76,0.9035896525828552,graduated,Gc^ --> Gc^^,BLSTM
tensorflow,77,0.9035862191151438,graduated,Gc^ --> Gc^^,BLSTM
tensorflow,78,0.9035828947061428,graduated,Gc^ --> Gc^^,BLSTM
tensorflow,79,0.9035793430280927,graduated,Gc^ --> Gc^^,BLSTM
tensorflow,80,0.903576807167104,graduated,Gc^ --> Gc^^,BLSTM
tensorflow,81,0.9035748243803793,graduated,Gc^ --> Gc^^,BLSTM
tensorflow,82,0.9035755750313708,graduated,Gc^ --> Gc^^,BLSTM
tensorflow,83,0.9035754725756885,graduated,Gc^ --> Gc^^,BLSTM
tensorflow,84,0.903577267211209,graduated,Gc^ --> Gc^^,BLSTM
tensorflow,85,0.9035775403463904,graduated,Gc^ --> Gc^^,BLSTM
tensorflow,86,0.9035774847873933,graduated,Gc^ --> Gc^^,BLSTM
tensorflow,87,0.9035781560411782,graduated,Gc^ --> Gc^^,BLSTM
tensorflow,88,0.9034897162105693,graduated,Gc^ --> Gc^^,BLSTM
tensorflow,89,0.8257192020889881,graduated,Gc^ --> Gc^^,BLSTM
