contributor,rabbit_type,rabbit_confidence,rabbit_features,rabbit_is_bot
0101adm,Unknown,,{},0
13sergy,Invalid,,{},0
32teeths,Invalid,,{},0
360disrupt,Unknown,,{},0
4kochi,Unknown,,{},0
4vanger,Unknown,,{},0
70853n,Unknown,,{},0
AEPKILL,Human,0.726,"{""NA"": 18.0, ""NT"": 2.0, ""NOR"": 17.0, ""ORR"": 0.944, ""DCA_mean"": 38.49, ""DCA_median"": 25.809, ""DCA_std"": 40.06, ""DCA_gini"": 0.521, ""NAR_mean"": 1.0, ""NAR_median"": 1.0, ""NAR_gini"": 0.0, ""NAR_IQR"": 0.0, ""NTR_mean"": 1.0, ""NTR_median"": 1.0, ""NTR_std"": 0.0, ""NTR_gini"": 0.0, ""NCAR_mean"": 1.0, ""NCAR_std"": 0.0, ""NCAR_IQR"": 0.0, ""DCAR_mean"": 0.0, ""DCAR_median"": 0.0, ""DCAR_std"": 0.0, ""DCAR_IQR"": 0.0, ""DAAR_mean"": 38.49, ""DAAR_median"": 25.809, ""DAAR_std"": 40.06, ""DAAR_gini"": 0.521, ""DAAR_IQR"": 40.974, ""DCAT_mean"": 35.178, ""DCAT_median"": 35.178, ""DCAT_std"": 0.0, ""DCAT_gini"": 0.0, ""DCAT_IQR"": 0.0, ""NAT_mean"": 9.0, ""NAT_median"": 9.0, ""NAT_std"": 11.314, ""NAT_gini"": 0.444, ""NAT_IQR"": 8.0}",0
ARaqeeb,Unknown,,{},0
AbdelhadiLahlou,Unknown,,{},0
Abhishek Shende,Invalid,,{},0
AdamJessop,Unknown,,{},0
AhmetCanSolak,Unknown,,{},0
AlbertoBasalo,Human,0.293,"{""NA"": 97.0, ""NT"": 4.0, ""NOR"": 5.0, ""ORR"": 0.714, ""DCA_mean"": 4.553, ""DCA_median"": 0.454, ""DCA_std"": 10.196, ""DCA_gini"": 0.816, ""NAR_mean"": 13.857, ""NAR_median"": 4.0, ""NAR_gini"": 0.58, ""NAR_IQR"": 15.0, ""NTR_mean"": 1.571, ""NTR_median"": 2.0, ""NTR_std"": 0.535, ""NTR_gini"": 0.156, ""NCAR_mean"": 2.694, ""NCAR_std"": 2.847, ""NCAR_IQR"": 2.0, ""DCAR_mean"": 2.581, ""DCAR_median"": 0.004, ""DCAR_std"": 8.436, ""DCAR_IQR"": 1.157, ""DAAR_mean"": 9.834, ""DAAR_median"": 2.0, ""DAAR_std"": 13.773, ""DAAR_gini"": 0.683, ""DAAR_IQR"": 15.72, ""DCAT_mean"": 5.783, ""DCAT_median"": 0.754, ""DCAT_std"": 12.195, ""DCAT_gini"": 0.77, ""DCAT_IQR"": 3.095, ""NAT_mean"": 24.25, ""NAT_median"": 3.5, ""NAT_std"": 43.2, ""NAT_gini"": 0.688, ""NAT_IQR"": 24.25}",0
AlejandroDelRioAlbrechet,Unknown,,{},0
AleksMeshkov,Unknown,,{},0
AleskiWeb,Unknown,,{},0
AlexGrs,Unknown,,{},0
AlexVKO,Unknown,,{},0
AlexanderTserkovniy,Unknown,,{},0
Alligatore3,Unknown,,{},0
An Phan,Invalid,,{},0
AndresDevelop,Unknown,,{},0
Andy Perlitch,Invalid,,{},0
AntonyPritchett,Unknown,,{},0
Arnaud Kleinpeter,Invalid,,{},0
BAByrne,Unknown,,{},0
Badisi,Unknown,,{},0
BeOleg,Unknown,,{},0
BertrandNOEL,Unknown,,{},0
BhagyashriK,Unknown,,{},0
BobbieBarker,Unknown,,{},0
Boscop,Unknown,,{},0
Bradley Flood,Invalid,,{},0
Can Aksakalli,Invalid,,{},0
CarlAmbroselli,Bot,0.04,"{""NA"": 9.0, ""NT"": 2.0, ""NOR"": 2.0, ""ORR"": 1.0, ""DCA_mean"": 33.878, ""DCA_median"": 23.998, ""DCA_std"": 27.946, ""DCA_gini"": 0.255, ""NAR_mean"": 4.5, ""NAR_median"": 4.5, ""NAR_gini"": 0.389, ""NAR_IQR"": 3.5, ""NTR_mean"": 1.0, ""NTR_median"": 1.0, ""NTR_std"": 0.0, ""NTR_gini"": 0.0, ""NCAR_mean"": 4.5, ""NCAR_std"": 4.95, ""NCAR_IQR"": 3.5, ""DCAR_mean"": 83.992, ""DCAR_median"": 83.992, ""DCAR_std"": 118.782, ""DCAR_IQR"": 83.992, ""DAAR_mean"": 103.04, ""DAAR_median"": 103.04, ""DAAR_std"": 0.0, ""DAAR_gini"": 0.0, ""DAAR_IQR"": 0.0, ""DCAT_mean"": 103.04, ""DCAT_median"": 103.04, ""DCAT_std"": 0.0, ""DCAT_gini"": 0.0, ""DCAT_IQR"": 0.0, ""NAT_mean"": 4.5, ""NAT_median"": 4.5, ""NAT_std"": 4.95, ""NAT_gini"": 0.389, ""NAT_IQR"": 3.5}",1
ChandraKantPaliwal,Unknown,,{},0
Chase Fleming,Invalid,,{},0
CodeMonkey128,Invalid,,{},0
CodeOneTwo,Unknown,,{},0
Codem3ay,Unknown,,{},0
CosticaPuntaru,Unknown,,{},0
CrankNPlank,Unknown,,{},0
CristianMR,Unknown,,{},0
DaAwesomeP,Human,0.962,"{""NA"": 77.0, ""NT"": 12.0, ""NOR"": 8.0, ""ORR"": 0.889, ""DCA_mean"": 9.174, ""DCA_median"": 0.286, ""DCA_std"": 26.094, ""DCA_gini"": 0.851, ""NAR_mean"": 8.556, ""NAR_median"": 3.0, ""NAR_gini"": 0.658, ""NAR_IQR"": 5.0, ""NTR_mean"": 2.222, ""NTR_median"": 1.0, ""NTR_std"": 2.224, ""NTR_gini"": 0.422, ""NCAR_mean"": 2.081, ""NCAR_std"": 2.113, ""NCAR_IQR"": 1.0, ""DCAR_mean"": 3.887, ""DCAR_median"": 0.0, ""DCAR_std"": 10.282, ""DCAR_IQR"": 0.21, ""DAAR_mean"": 15.373, ""DAAR_median"": 1.802, ""DAAR_std"": 36.317, ""DAAR_gini"": 0.817, ""DAAR_IQR"": 12.115, ""DCAT_mean"": 5.847, ""DCAT_median"": 0.258, ""DCAT_std"": 14.447, ""DCAT_gini"": 0.837, ""DCAT_IQR"": 2.427, ""NAT_mean"": 6.417, ""NAT_median"": 4.5, ""NAT_std"": 6.127, ""NAT_gini"": 0.488, ""NAT_IQR"": 7.0}",0
DallanQ,Human,0.557,"{""NA"": 19.0, ""NT"": 4.0, ""NOR"": 3.0, ""ORR"": 0.75, ""DCA_mean"": 28.465, ""DCA_median"": 1.22, ""DCA_std"": 51.733, ""DCA_gini"": 0.772, ""NAR_mean"": 4.75, ""NAR_median"": 2.5, ""NAR_gini"": 0.513, ""NAR_IQR"": 5.25, ""NTR_mean"": 2.0, ""NTR_median"": 1.5, ""NTR_std"": 1.414, ""NTR_gini"": 0.312, ""NCAR_mean"": 2.375, ""NCAR_std"": 1.996, ""NCAR_IQR"": 1.25, ""DCAR_mean"": 3.182, ""DCAR_median"": 0.002, ""DCAR_std"": 8.655, ""DCAR_IQR"": 0.22, ""DAAR_mean"": 69.56, ""DAAR_median"": 54.185, ""DAAR_std"": 65.709, ""DAAR_gini"": 0.479, ""DAAR_IQR"": 80.493, ""DCAT_mean"": 32.476, ""DCAT_median"": 1.22, ""DCAT_std"": 57.088, ""DCAT_gini"": 0.759, ""DCAT_IQR"": 32.193, ""NAT_mean"": 4.75, ""NAT_median"": 5.0, ""NAT_std"": 2.986, ""NAT_gini"": 0.303, ""NAT_IQR"": 3.25}",0
DarKDinDoN,Invalid,,{},0
DarrylD,Unknown,,{},0
David,Human,0.857,"{""NA"": 96.0, ""NT"": 7.0, ""NOR"": 1.0, ""ORR"": 0.333, ""DCA_mean"": 7.92, ""DCA_median"": 0.02, ""DCA_std"": 38.959, ""DCA_gini"": 0.938, ""NAR_mean"": 32.0, ""NAR_median"": 18.0, ""NAR_gini"": 0.514, ""NAR_IQR"": 37.0, ""NTR_mean"": 4.667, ""NTR_median"": 5.0, ""NTR_std"": 2.517, ""NTR_gini"": 0.238, ""NCAR_mean"": 19.2, ""NCAR_std"": 31.925, ""NCAR_IQR"": 16.0, ""DCAR_mean"": 34.846, ""DCAR_median"": 0.811, ""DCAR_std"": 66.411, ""DCAR_IQR"": 20.848, ""DAAR_mean"": 144.554, ""DAAR_median"": 144.938, ""DAAR_std"": 143.46, ""DAAR_gini"": 0.458, ""DAAR_IQR"": 226.53, ""DCAT_mean"": 6.326, ""DCAT_median"": 0.019, ""DCAT_std"": 36.352, ""DCAT_gini"": 0.941, ""DCAT_IQR"": 0.652, ""NAT_mean"": 13.714, ""NAT_median"": 12.0, ""NAT_std"": 17.173, ""NAT_gini"": 0.557, ""NAT_IQR"": 12.5}",0
David Pertiller,Invalid,,{},0
Denis Schneider,Invalid,,{},0
Dmytro TOLSTYI,Invalid,,{},0
Dominic Watson,Invalid,,{},0
Dominik Moritz,Invalid,,{},0
EmmanuelDemey,Human,0.906,"{""NA"": 125.0, ""NT"": 7.0, ""NOR"": 5.0, ""ORR"": 0.556, ""DCA_mean"": 6.695, ""DCA_median"": 0.206, ""DCA_std"": 15.923, ""DCA_gini"": 0.844, ""NAR_mean"": 13.889, ""NAR_median"": 9.0, ""NAR_gini"": 0.464, ""NAR_IQR"": 13.0, ""NTR_mean"": 4.0, ""NTR_median"": 4.0, ""NTR_std"": 1.581, ""NTR_gini"": 0.204, ""NCAR_mean"": 2.083, ""NCAR_std"": 1.453, ""NCAR_IQR"": 2.0, ""DCAR_mean"": 4.016, ""DCAR_median"": 0.001, ""DCAR_std"": 17.104, ""DCAR_IQR"": 0.349, ""DAAR_mean"": 9.987, ""DAAR_median"": 0.978, ""DAAR_std"": 18.317, ""DAAR_gini"": 0.762, ""DAAR_IQR"": 10.803, ""DCAT_mean"": 6.201, ""DCAT_median"": 0.105, ""DCAT_std"": 16.113, ""DCAT_gini"": 0.869, ""DCAT_IQR"": 1.132, ""NAT_mean"": 17.857, ""NAT_median"": 15.0, ""NAT_std"": 18.898, ""NAT_gini"": 0.464, ""NAT_IQR"": 8.5}",0
F1LT3R,Human,0.884,"{""NA"": 9.0, ""NT"": 5.0, ""NOR"": 4.0, ""ORR"": 1.0, ""DCA_mean"": 58.537, ""DCA_median"": 29.407, ""DCA_std"": 91.864, ""DCA_gini"": 0.651, ""NAR_mean"": 2.25, ""NAR_median"": 2.5, ""NAR_gini"": 0.194, ""NAR_IQR"": 1.25, ""NTR_mean"": 1.5, ""NTR_median"": 1.5, ""NTR_std"": 0.577, ""NTR_gini"": 0.167, ""NCAR_mean"": 1.5, ""NCAR_std"": 0.548, ""NCAR_IQR"": 1.0, ""DCAR_mean"": 8.565, ""DCAR_median"": 0.001, ""DCAR_std"": 17.373, ""DCAR_IQR"": 5.972, ""DAAR_mean"": 83.381, ""DAAR_median"": 46.32, ""DAAR_std"": 111.551, ""DAAR_gini"": 0.581, ""DAAR_IQR"": 59.714, ""DCAT_mean"": 69.484, ""DCAT_median"": 30.853, ""DCAT_std"": 105.421, ""DCAT_gini"": 0.651, ""DCAT_IQR"": 61.427, ""NAT_mean"": 1.8, ""NAT_median"": 2.0, ""NAT_std"": 0.837, ""NAT_gini"": 0.222, ""NAT_IQR"": 1.0}",0
Forrest Thomas,Invalid,,{},0
Gary-Pan,Unknown,,{},0
Gladney,Unknown,,{},0
Glenn Geenen,Invalid,,{},0
GlennGeenen,Unknown,,{},0
Grandiz,Unknown,,{},0
GregaVrbancic,Human,0.62,"{""NA"": 15.0, ""NT"": 3.0, ""NOR"": 3.0, ""ORR"": 1.0, ""DCA_mean"": 27.931, ""DCA_median"": 0.055, ""DCA_std"": 96.356, ""DCA_gini"": 0.917, ""NAR_mean"": 5.0, ""NAR_median"": 7.0, ""NAR_gini"": 0.267, ""NAR_IQR"": 3.0, ""NTR_mean"": 1.667, ""NTR_median"": 2.0, ""NTR_std"": 0.577, ""NTR_gini"": 0.133, ""NCAR_mean"": 5.0, ""NCAR_std"": 3.464, ""NCAR_IQR"": 3.0, ""DCAR_mean"": 0.248, ""DCAR_median"": 0.011, ""DCAR_std"": 0.421, ""DCAR_IQR"": 0.367, ""DAAR_mean"": 195.143, ""DAAR_median"": 195.143, ""DAAR_std"": 235.498, ""DAAR_gini"": 0.427, ""DAAR_IQR"": 166.522, ""DCAT_mean"": 7.222, ""DCAT_median"": 0.133, ""DCAT_std"": 14.266, ""DCAT_gini"": 0.745, ""DCAT_IQR"": 7.352, ""NAT_mean"": 5.0, ""NAT_median"": 7.0, ""NAT_std"": 3.464, ""NAT_gini"": 0.267, ""NAT_IQR"": 3.0}",0
Gu3,Unknown,,{},0
GuillaumeUnice,Unknown,,{},0
Gujarats,Unknown,,{},0
Henry0422,Error,,"{""error"": ""[APIRequestError] Error while querying Henry0422.. Status code: 502. Reason: Bad Gateway""}",0
Hesesses,Unknown,,{},0
Hosar,Unknown,,{},0
IvanCoronado,Unknown,,{},0
JG-CMASS,Unknown,,{},0
JR-Utily,Unknown,,{},0
JackNorris,Unknown,,{},0
JacoboDB,Unknown,,{},0
JamesBender,Unknown,,{},0
Janzelf,Unknown,,{},0
Jbz797,Bot,0.848,"{""NA"": 8.0, ""NT"": 1.0, ""NOR"": 1.0, ""ORR"": 1.0, ""DCA_mean"": 67.031, ""DCA_median"": 57.166, ""DCA_std"": 52.913, ""DCA_gini"": 0.41, ""NAR_mean"": 8.0, ""NAR_median"": 8.0, ""NAR_gini"": 0.0, ""NAR_IQR"": 0.0, ""NTR_mean"": 1.0, ""NTR_median"": 1.0, ""NTR_std"": 0.0, ""NTR_gini"": 0.0, ""NCAR_mean"": 8.0, ""NCAR_std"": 0.0, ""NCAR_IQR"": 0.0, ""DCAR_mean"": 469.216, ""DCAR_median"": 469.216, ""DCAR_std"": 0.0, ""DCAR_IQR"": 0.0, ""DAAR_mean"": NaN, ""DAAR_median"": NaN, ""DAAR_std"": 0.0, ""DAAR_gini"": 0.0, ""DAAR_IQR"": NaN, ""DCAT_mean"": NaN, ""DCAT_median"": NaN, ""DCAT_std"": 0.0, ""DCAT_gini"": 0.0, ""DCAT_IQR"": NaN, ""NAT_mean"": 8.0, ""NAT_median"": 8.0, ""NAT_std"": 0.0, ""NAT_gini"": 0.0, ""NAT_IQR"": 0.0}",1
Jean-Baptiste Pionnier,Invalid,,{},0
Jean-François Genillier,Invalid,,{},0
Jeremy Granadillo,Invalid,,{},0
Jesse Pinuelas,Invalid,,{},0
JimLynchCodes,Human,0.613,"{""NA"": 25.0, ""NT"": 3.0, ""NOR"": 3.0, ""ORR"": 0.75, ""DCA_mean"": 28.491, ""DCA_median"": 6.28, ""DCA_std"": 47.375, ""DCA_gini"": 0.72, ""NAR_mean"": 6.25, ""NAR_median"": 6.0, ""NAR_gini"": 0.37, ""NAR_IQR"": 5.75, ""NTR_mean"": 1.5, ""NTR_median"": 1.5, ""NTR_std"": 0.577, ""NTR_gini"": 0.167, ""NCAR_mean"": 5.0, ""NCAR_std"": 2.646, ""NCAR_IQR"": 2.0, ""DCAR_mean"": 64.796, ""DCAR_median"": 82.776, ""DCAR_std"": 61.64, ""DCAR_IQR"": 108.046, ""DAAR_mean"": 89.948, ""DAAR_median"": 87.976, ""DAAR_std"": 85.46, ""DAAR_gini"": 0.448, ""DAAR_IQR"": 126.503, ""DCAT_mean"": 59.996, ""DCAT_median"": 18.025, ""DCAT_std"": 80.84, ""DCAT_gini"": 0.631, ""DCAT_IQR"": 114.467, ""NAT_mean"": 8.333, ""NAT_median"": 2.0, ""NAT_std"": 11.846, ""NAT_gini"": 0.56, ""NAT_IQR"": 10.5}",0
Joao Dias,Invalid,,{},0
JoshuaAdamYoung,Unknown,,{},0
Jozef Dúc,Invalid,,{},0
JustinLien,Unknown,,{},0
Kageetai,Human,0.831,"{""NA"": 13.0, ""NT"": 3.0, ""NOR"": 11.0, ""ORR"": 1.0, ""DCA_mean"": 46.457, ""DCA_median"": 21.338, ""DCA_std"": 65.984, ""DCA_gini"": 0.634, ""NAR_mean"": 1.182, ""NAR_median"": 1.0, ""NAR_gini"": 0.14, ""NAR_IQR"": 0.0, ""NTR_mean"": 1.091, ""NTR_median"": 1.0, ""NTR_std"": 0.302, ""NTR_gini"": 0.076, ""NCAR_mean"": 1.182, ""NCAR_std"": 0.603, ""NCAR_IQR"": 0.0, ""DCAR_mean"": 0.037, ""DCAR_median"": 0.0, ""DCAR_std"": 0.124, ""DCAR_IQR"": 0.0, ""DAAR_mean"": 55.707, ""DAAR_median"": 23.83, ""DAAR_std"": 68.927, ""DAAR_gini"": 0.562, ""DAAR_IQR"": 64.412, ""DCAT_mean"": 4.548, ""DCAT_median"": 4.548, ""DCAT_std"": 6.263, ""DCAT_gini"": 0.487, ""DCAT_IQR"": 4.428, ""NAT_mean"": 4.333, ""NAT_median"": 2.0, ""NAT_std"": 4.933, ""NAT_gini"": 0.462, ""NAT_IQR"": 4.5}",0
KamBha,Unknown,,{},0
Karl Horky,Invalid,,{},0
KarlNewark,Unknown,,{},0
Kate Lizogubova,Invalid,,{},0
Kehet,Unknown,,{},0
Kirill Fuchs,Invalid,,{},0
Kyle Alwyn,Invalid,,{},0
Lawrence Hunt,Invalid,,{},0
Lesac76,Unknown,,{},0
LiranBri,Unknown,,{},0
MCautreels,Unknown,,{},0
MQuy,Unknown,,{},0
MRichardson1,Unknown,,{},0
MaksimAbramchuk,Unknown,,{},0
Manu Phatak,Invalid,,{},0
MarcLoupias,Unknown,,{},0
MarioAraque,Unknown,,{},0
Martin-Andersen,Unknown,,{},0
MasonFI,Unknown,,{},0
MattCowski,Unknown,,{},0
Matthieu Lux,Invalid,,{},0
MaxFlower,Unknown,,{},0
Maxim Abramchuk,Invalid,,{},0
McGiogen,Unknown,,{},0
Mehdy Dara,Invalid,,{},0
MelissaMMDP,Unknown,,{},0
MicFin,Unknown,,{},0
Michael Asimakopoulos,Invalid,,{},0
Michael Blakeney,Invalid,,{},0
Michał Błotniak,Invalid,,{},0
Miguel-Herrero,Unknown,,{},0
Mike Sigsworth,Invalid,,{},0
MinDokan,Unknown,,{},0
Mmpc1994,Unknown,,{},0
MoatazAbdallh,Unknown,,{},0
Mohsen Azimi,Invalid,,{},0
Moshe,Unknown,,{},0
Mr-LiuDC,Unknown,,{},0
NTag,Unknown,,{},0
NathanWalker,Human,0.958,"{""NA"": 176.0, ""NT"": 17.0, ""NOR"": 9.0, ""ORR"": 0.45, ""DCA_mean"": 3.849, ""DCA_median"": 0.293, ""DCA_std"": 12.42, ""DCA_gini"": 0.843, ""NAR_mean"": 8.8, ""NAR_median"": 3.5, ""NAR_gini"": 0.659, ""NAR_IQR"": 5.5, ""NTR_mean"": 3.0, ""NTR_median"": 1.5, ""NTR_std"": 2.884, ""NTR_gini"": 0.46, ""NCAR_mean"": 1.872, ""NCAR_std"": 1.601, ""NCAR_IQR"": 1.0, ""DCAR_mean"": 1.286, ""DCAR_median"": 0.0, ""DCAR_std"": 5.366, ""DCAR_IQR"": 0.107, ""DAAR_mean"": 5.942, ""DAAR_median"": 0.687, ""DAAR_std"": 16.372, ""DAAR_gini"": 0.799, ""DAAR_IQR"": 4.299, ""DCAT_mean"": 4.623, ""DCAT_median"": 0.324, ""DCAT_std"": 15.274, ""DCAT_gini"": 0.838, ""DCAT_IQR"": 2.81, ""NAT_mean"": 10.353, ""NAT_median"": 4.0, ""NAT_std"": 21.526, ""NAT_gini"": 0.67, ""NAT_IQR"": 7.0}",0
NeXTs,Human,0.853,"{""NA"": 5.0, ""NT"": 2.0, ""NOR"": 5.0, ""ORR"": 1.0, ""DCA_mean"": 82.781, ""DCA_median"": 79.743, ""DCA_std"": 64.343, ""DCA_gini"": 0.369, ""NAR_mean"": 1.0, ""NAR_median"": 1.0, ""NAR_gini"": 0.0, ""NAR_IQR"": 0.0, ""NTR_mean"": 1.0, ""NTR_median"": 1.0, ""NTR_std"": 0.0, ""NTR_gini"": 0.0, ""NCAR_mean"": 1.0, ""NCAR_std"": 0.0, ""NCAR_IQR"": 0.0, ""DCAR_mean"": 0.0, ""DCAR_median"": 0.0, ""DCAR_std"": 0.0, ""DCAR_IQR"": 0.0, ""DAAR_mean"": 82.781, ""DAAR_median"": 79.743, ""DAAR_std"": 64.343, ""DAAR_gini"": 0.369, ""DAAR_IQR"": 54.736, ""DCAT_mean"": 69.247, ""DCAT_median"": 69.247, ""DCAT_std"": 0.0, ""DCAT_gini"": 0.0, ""DCAT_IQR"": 0.0, ""NAT_mean"": 2.5, ""NAT_median"": 2.5, ""NAT_std"": 2.121, ""NAT_gini"": 0.3, ""NAT_IQR"": 1.5}",0
Nek (Maxime Veber),Invalid,,{},0
Nek-,Human,0.755,"{""NA"": 14.0, ""NT"": 5.0, ""NOR"": 3.0, ""ORR"": 1.0, ""DCA_mean"": 23.814, ""DCA_median"": 1.386, ""DCA_std"": 38.724, ""DCA_gini"": 0.727, ""NAR_mean"": 4.667, ""NAR_median"": 2.0, ""NAR_gini"": 0.381, ""NAR_IQR"": 4.0, ""NTR_mean"": 2.0, ""NTR_median"": 2.0, ""NTR_std"": 1.0, ""NTR_gini"": 0.222, ""NCAR_mean"": 3.5, ""NCAR_std"": 3.697, ""NCAR_IQR"": 2.0, ""DCAR_mean"": 42.462, ""DCAR_median"": 0.831, ""DCAR_std"": 83.819, ""DCAR_IQR"": 42.879, ""DAAR_mean"": 46.577, ""DAAR_median"": 45.79, ""DAAR_std"": 46.739, ""DAAR_gini"": 0.446, ""DAAR_IQR"": 46.734, ""DCAT_mean"": 35.121, ""DCAT_median"": 12.533, ""DCAT_std"": 46.472, ""DCAT_gini"": 0.642, ""DCAT_IQR"": 57.59, ""NAT_mean"": 2.8, ""NAT_median"": 2.0, ""NAT_std"": 2.95, ""NAT_gini"": 0.429, ""NAT_IQR"": 1.0}",0
NicoBleh,Bot,0.47,"{""NA"": 5.0, ""NT"": 2.0, ""NOR"": 1.0, ""ORR"": 1.0, ""DCA_mean"": 4.769, ""DCA_median"": 1.213, ""DCA_std"": 7.975, ""DCA_gini"": 0.68, ""NAR_mean"": 5.0, ""NAR_median"": 5.0, ""NAR_gini"": 0.0, ""NAR_IQR"": 0.0, ""NTR_mean"": 2.0, ""NTR_median"": 2.0, ""NTR_std"": 0.0, ""NTR_gini"": 0.0, ""NCAR_mean"": 5.0, ""NCAR_std"": 0.0, ""NCAR_IQR"": 0.0, ""DCAR_mean"": 19.078, ""DCAR_median"": 19.078, ""DCAR_std"": 0.0, ""DCAR_IQR"": 0.0, ""DAAR_mean"": NaN, ""DAAR_median"": NaN, ""DAAR_std"": 0.0, ""DAAR_gini"": 0.0, ""DAAR_IQR"": NaN, ""DCAT_mean"": 8.435, ""DCAT_median"": 8.435, ""DCAT_std"": 11.605, ""DCAT_gini"": 0.486, ""DCAT_IQR"": 8.206, ""NAT_mean"": 2.5, ""NAT_median"": 2.5, ""NAT_std"": 0.707, ""NAT_gini"": 0.1, ""NAT_IQR"": 0.5}",1
ObiKerui,Unknown,,{},0
Olgagr,Unknown,,{},0
Otávio Augusto Soares,Invalid,,{},0
OvidiuGuta,Unknown,,{},0
Pentiado,Unknown,,{},0
PierreRAFFA,Unknown,,{},0
RainingNight,Unknown,,{},0
Rajarshi Nigam,Invalid,,{},0
Ramon Boss,Invalid,,{},0
RobEasthope,Unknown,,{},0
RobbieTheWagner,Human,0.956,"{""NA"": 135.0, ""NT"": 9.0, ""NOR"": 10.0, ""ORR"": 0.714, ""DCA_mean"": 58.003, ""DCA_median"": 0.051, ""DCA_std"": 617.015, ""DCA_gini"": 0.984, ""NAR_mean"": 9.643, ""NAR_median"": 1.5, ""NAR_gini"": 0.743, ""NAR_IQR"": 3.5, ""NTR_mean"": 2.071, ""NTR_median"": 1.0, ""NTR_std"": 1.685, ""NTR_gini"": 0.372, ""NCAR_mean"": 6.136, ""NCAR_std"": 8.34, ""NCAR_IQR"": 7.0, ""DCAR_mean"": 4.881, ""DCAR_median"": 0.01, ""DCAR_std"": 13.714, ""DCAR_IQR"": 0.395, ""DAAR_mean"": 365.0, ""DAAR_median"": 15.052, ""DAAR_std"": 1553.794, ""DAAR_gini"": 0.924, ""DAAR_IQR"": 44.141, ""DCAT_mean"": 77.81, ""DCAT_median"": 0.016, ""DCAT_std"": 728.971, ""DCAT_gini"": 0.985, ""DCAT_IQR"": 0.204, ""NAT_mean"": 15.0, ""NAT_median"": 7.0, ""NAT_std"": 20.304, ""NAT_gini"": 0.611, ""NAT_IQR"": 15.0}",0
RomFouq,Unknown,,{},0
RootProgger,Unknown,,{},0
SalmonRiver,Unknown,,{},0
SanDiegoCasey,Unknown,,{},0
Santino-Wu,Unknown,,{},0
Sasicumaar,Unknown,,{},0
Schurke,Unknown,,{},0
Scott Busche,Invalid,,{},0
Scott Cooper,Invalid,,{},0
Sepho,Unknown,,{},0
Sergey Lapin,Invalid,,{},0
SergeyKhval,Human,0.866,"{""NA"": 37.0, ""NT"": 6.0, ""NOR"": 9.0, ""ORR"": 1.0, ""DCA_mean"": 19.483, ""DCA_median"": 19.026, ""DCA_std"": 26.05, ""DCA_gini"": 0.531, ""NAR_mean"": 4.111, ""NAR_median"": 1.0, ""NAR_gini"": 0.673, ""NAR_IQR"": 0.0, ""NTR_mean"": 1.333, ""NTR_median"": 1.0, ""NTR_std"": 1.0, ""NTR_gini"": 0.222, ""NCAR_mean"": 2.643, ""NCAR_std"": 2.62, ""NCAR_IQR"": 3.25, ""DCAR_mean"": 34.122, ""DCAR_median"": 0.0, ""DCAR_std"": 73.909, ""DCAR_IQR"": 23.506, ""DAAR_mean"": 17.205, ""DAAR_median"": 16.482, ""DAAR_std"": 17.672, ""DAAR_gini"": 0.449, ""DAAR_IQR"": 13.32, ""DCAT_mean"": 10.788, ""DCAT_median"": 5.242, ""DCAT_std"": 15.797, ""DCAT_gini"": 0.634, ""DCAT_IQR"": 17.995, ""NAT_mean"": 6.167, ""NAT_median"": 3.0, ""NAT_std"": 8.085, ""NAT_gini"": 0.563, ""NAT_IQR"": 5.0}",0
SergiySev,Unknown,,{},0
ShMcK,Human,0.918,"{""NA"": 8.0, ""NT"": 5.0, ""NOR"": 7.0, ""ORR"": 1.0, ""DCA_mean"": 94.552, ""DCA_median"": 36.539, ""DCA_std"": 121.563, ""DCA_gini"": 0.608, ""NAR_mean"": 1.143, ""NAR_median"": 1.0, ""NAR_gini"": 0.107, ""NAR_IQR"": 0.0, ""NTR_mean"": 1.143, ""NTR_median"": 1.0, ""NTR_std"": 0.378, ""NTR_gini"": 0.107, ""NCAR_mean"": 1.0, ""NCAR_std"": 0.0, ""NCAR_IQR"": 0.0, ""DCAR_mean"": 0.0, ""DCAR_median"": 0.0, ""DCAR_std"": 0.0, ""DCAR_IQR"": 0.0, ""DAAR_mean"": 94.552, ""DAAR_median"": 36.539, ""DAAR_std"": 121.563, ""DAAR_gini"": 0.608, ""DAAR_IQR"": 118.182, ""DCAT_mean"": 31.018, ""DCAT_median"": 28.141, ""DCAT_std"": 37.019, ""DCAT_gini"": 0.56, ""DCAT_IQR"": 36.495, ""NAT_mean"": 1.6, ""NAT_median"": 1.0, ""NAT_std"": 1.342, ""NAT_gini"": 0.3, ""NAT_IQR"": 0.0}",0
ShawnTalbert,Unknown,,{},0
Shinnosuke Watanabe,Invalid,,{},0
SinaArdehali,Unknown,,{},0
Soumya-mp,Unknown,,{},0
St1c,Unknown,,{},0
Steve Mao,Invalid,,{},0
SunEagle,Unknown,,{},0
Swiip,Human,0.609,"{""NA"": 5.0, ""NT"": 2.0, ""NOR"": 2.0, ""ORR"": 1.0, ""DCA_mean"": 67.364, ""DCA_median"": 0.263, ""DCA_std"": 134.257, ""DCA_gini"": 0.748, ""NAR_mean"": 2.5, ""NAR_median"": 2.5, ""NAR_gini"": 0.1, ""NAR_IQR"": 0.5, ""NTR_mean"": 1.0, ""NTR_median"": 1.0, ""NTR_std"": 0.0, ""NTR_gini"": 0.0, ""NCAR_mean"": 1.25, ""NCAR_std"": 0.5, ""NCAR_IQR"": 0.25, ""DCAR_mean"": 0.079, ""DCAR_median"": 0.0, ""DCAR_std"": 0.157, ""DCAR_IQR"": 0.079, ""DAAR_mean"": 89.714, ""DAAR_median"": 0.211, ""DAAR_std"": 155.05, ""DAAR_gini"": 0.665, ""DAAR_IQR"": 134.285, ""DCAT_mean"": 89.714, ""DCAT_median"": 0.211, ""DCAT_std"": 155.05, ""DCAT_gini"": 0.665, ""DCAT_IQR"": 134.285, ""NAT_mean"": 2.5, ""NAT_median"": 2.5, ""NAT_std"": 0.707, ""NAT_gini"": 0.1, ""NAT_IQR"": 0.5}",0
TJKoury,Human,0.867,"{""NA"": 201.0, ""NT"": 7.0, ""NOR"": 6.0, ""ORR"": 0.5, ""DCA_mean"": 4.083, ""DCA_median"": 0.309, ""DCA_std"": 13.68, ""DCA_gini"": 0.844, ""NAR_mean"": 16.75, ""NAR_median"": 5.5, ""NAR_gini"": 0.714, ""NAR_IQR"": 13.25, ""NTR_mean"": 2.083, ""NTR_median"": 1.5, ""NTR_std"": 1.311, ""NTR_gini"": 0.317, ""NCAR_mean"": 2.792, ""NCAR_std"": 4.534, ""NCAR_IQR"": 1.0, ""DCAR_mean"": 3.25, ""DCAR_median"": 0.0, ""DCAR_std"": 13.269, ""DCAR_IQR"": 0.08, ""DAAR_mean"": 8.205, ""DAAR_median"": 0.381, ""DAAR_std"": 21.914, ""DAAR_gini"": 0.834, ""DAAR_IQR"": 4.771, ""DCAT_mean"": 9.133, ""DCAT_median"": 0.678, ""DCAT_std"": 24.921, ""DCAT_gini"": 0.836, ""DCAT_IQR"": 5.381, ""NAT_mean"": 28.714, ""NAT_median"": 11.0, ""NAT_std"": 54.65, ""NAT_gini"": 0.692, ""NAT_IQR"": 11.0}",0
TMD,Unknown,,{},0
Tallyb,Unknown,,{},0
TheNemus,Unknown,,{},0
TheOpti,Unknown,,{},0
Thib,Unknown,,{},0
Toilal,Unknown,,{},0
Tom Vincent,Invalid,,{},0
TomaszScisloGS,Unknown,,{},0
Toub,Unknown,,{},0
Touched,Unknown,,{},0
Tsouef,Human,0.787,"{""NA"": 34.0, ""NT"": 3.0, ""NOR"": 4.0, ""ORR"": 1.0, ""DCA_mean"": 12.576, ""DCA_median"": 0.327, ""DCA_std"": 30.244, ""DCA_gini"": 0.856, ""NAR_mean"": 8.5, ""NAR_median"": 1.0, ""NAR_gini"": 0.662, ""NAR_IQR"": 7.5, ""NTR_mean"": 1.25, ""NTR_median"": 1.0, ""NTR_std"": 0.5, ""NTR_gini"": 0.15, ""NCAR_mean"": 6.8, ""NCAR_std"": 10.872, ""NCAR_IQR"": 4.0, ""DCAR_mean"": 52.697, ""DCAR_median"": 0.0, ""DCAR_std"": 72.201, ""DCAR_IQR"": 128.242, ""DAAR_mean"": 37.879, ""DAAR_median"": 34.631, ""DAAR_std"": 43.427, ""DAAR_gini"": 0.515, ""DAAR_IQR"": 71.324, ""DCAT_mean"": 17.443, ""DCAT_median"": 0.558, ""DCAT_std"": 34.128, ""DCAT_gini"": 0.738, ""DCAT_IQR"": 17.259, ""NAT_mean"": 11.333, ""NAT_median"": 3.0, ""NAT_std"": 16.197, ""NAT_gini"": 0.569, ""NAT_IQR"": 14.5}",0
Undergrounder,Unknown,,{},0
UzEE,Unknown,,{},0
Veronica,Unknown,,{},0
VishneviyMazhor,Unknown,,{},0
Vladimir Stolyarov,Invalid,,{},0
Vvaltz,Unknown,,{},0
Webbrother,Unknown,,{},0
Webenius,Unknown,,{},0
Wojciech Krzystek,Invalid,,{},0
XIXIAOSHI124,Unknown,,{},0
XavierLeTohic,Human,0.651,"{""NA"": 5.0, ""NT"": 1.0, ""NOR"": 5.0, ""ORR"": 1.0, ""DCA_mean"": 115.315, ""DCA_median"": 83.355, ""DCA_std"": 124.581, ""DCA_gini"": 0.498, ""NAR_mean"": 1.0, ""NAR_median"": 1.0, ""NAR_gini"": 0.0, ""NAR_IQR"": 0.0, ""NTR_mean"": 1.0, ""NTR_median"": 1.0, ""NTR_std"": 0.0, ""NTR_gini"": 0.0, ""NCAR_mean"": 1.0, ""NCAR_std"": 0.0, ""NCAR_IQR"": 0.0, ""DCAR_mean"": 0.0, ""DCAR_median"": 0.0, ""DCAR_std"": 0.0, ""DCAR_IQR"": 0.0, ""DAAR_mean"": 115.315, ""DAAR_median"": 83.355, ""DAAR_std"": 124.581, ""DAAR_gini"": 0.498, ""DAAR_IQR"": 125.809, ""DCAT_mean"": NaN, ""DCAT_median"": NaN, ""DCAT_std"": 0.0, ""DCAT_gini"": 0.0, ""DCAT_IQR"": NaN, ""NAT_mean"": 5.0, ""NAT_median"": 5.0, ""NAT_std"": 0.0, ""NAT_gini"": 0.0, ""NAT_IQR"": 0.0}",0
Xepe,Unknown,,{},0
YonatanKra,Unknown,,{},0
YuriZaliznyak,Unknown,,{},0
a14m,Unknown,,{},0
a50397,Human,0.18,"{""NA"": 15.0, ""NT"": 3.0, ""NOR"": 2.0, ""ORR"": 1.0, ""DCA_mean"": 25.832, ""DCA_median"": 5.005, ""DCA_std"": 41.09, ""DCA_gini"": 0.711, ""NAR_mean"": 7.5, ""NAR_median"": 7.5, ""NAR_gini"": 0.433, ""NAR_IQR"": 6.5, ""NTR_mean"": 1.5, ""NTR_median"": 1.5, ""NTR_std"": 0.707, ""NTR_gini"": 0.167, ""NCAR_mean"": 7.5, ""NCAR_std"": 9.192, ""NCAR_IQR"": 6.5, ""DCAR_mean"": 178.208, ""DCAR_median"": 178.208, ""DCAR_std"": 252.024, ""DCAR_IQR"": 178.208, ""DAAR_mean"": 5.231, ""DAAR_median"": 5.231, ""DAAR_std"": 0.0, ""DAAR_gini"": 0.0, ""DAAR_IQR"": 0.0, ""DCAT_mean"": 25.942, ""DCAT_median"": 10.668, ""DCAT_std"": 38.205, ""DCAT_gini"": 0.621, ""DCAT_IQR"": 28.73, ""NAT_mean"": 5.0, ""NAT_median"": 2.0, ""NAT_std"": 6.083, ""NAT_gini"": 0.489, ""NAT_IQR"": 5.5}",0
aarondufall,Unknown,,{},0
abbish,Unknown,,{},0
abdulwahid24,Unknown,,{},0
abrown28,Unknown,,{},0
abruzzihraig,Human,0.944,"{""NA"": 64.0, ""NT"": 7.0, ""NOR"": 32.0, ""ORR"": 0.865, ""DCA_mean"": 11.931, ""DCA_median"": 0.946, ""DCA_std"": 31.246, ""DCA_gini"": 0.83, ""NAR_mean"": 1.73, ""NAR_median"": 1.0, ""NAR_gini"": 0.41, ""NAR_IQR"": 0.0, ""NTR_mean"": 1.162, ""NTR_median"": 1.0, ""NTR_std"": 0.986, ""NTR_gini"": 0.136, ""NCAR_mean"": 1.561, ""NCAR_std"": 2.47, ""NCAR_IQR"": 0.0, ""DCAR_mean"": 3.417, ""DCAR_median"": 0.0, ""DCAR_std"": 18.268, ""DCAR_IQR"": 0.0, ""DAAR_mean"": 15.288, ""DAAR_median"": 1.987, ""DAAR_std"": 37.276, ""DAAR_gini"": 0.81, ""DAAR_IQR"": 9.559, ""DCAT_mean"": 8.345, ""DCAT_median"": 0.27, ""DCAT_std"": 17.924, ""DCAT_gini"": 0.818, ""DCAT_IQR"": 3.422, ""NAT_mean"": 9.143, ""NAT_median"": 2.0, ""NAT_std"": 13.533, ""NAT_gini"": 0.634, ""NAT_IQR"": 9.0}",0
adam404,Unknown,,{},0
adamkarb,Unknown,,{},0
admorphit,Unknown,,{},0
adrianchung,Human,0.425,"{""NA"": 8.0, ""NT"": 3.0, ""NOR"": 2.0, ""ORR"": 0.5, ""DCA_mean"": 48.073, ""DCA_median"": 0.232, ""DCA_std"": 74.64, ""DCA_gini"": 0.694, ""NAR_mean"": 2.0, ""NAR_median"": 1.5, ""NAR_gini"": 0.312, ""NAR_IQR"": 1.5, ""NTR_mean"": 1.25, ""NTR_median"": 1.0, ""NTR_std"": 0.5, ""NTR_gini"": 0.15, ""NCAR_mean"": 1.6, ""NCAR_std"": 0.894, ""NCAR_IQR"": 1.0, ""DCAR_mean"": 4.829, ""DCAR_median"": 0.0, ""DCAR_std"": 10.795, ""DCAR_IQR"": 0.004, ""DAAR_mean"": 78.092, ""DAAR_median"": 71.892, ""DAAR_std"": 90.605, ""DAAR_gini"": 0.519, ""DAAR_IQR"": 149.626, ""DCAT_mean"": 0.125, ""DCAT_median"": 0.125, ""DCAT_std"": 0.151, ""DCAT_gini"": 0.426, ""DCAT_IQR"": 0.107, ""NAT_mean"": 2.667, ""NAT_median"": 2.0, ""NAT_std"": 2.082, ""NAT_gini"": 0.333, ""NAT_IQR"": 2.0}",0
adriangordon1231,Unknown,,{},0
adrianoresende,Unknown,,{},0
adriatic,Bot,0.674,"{""NA"": 34.0, ""NT"": 2.0, ""NOR"": 1.0, ""ORR"": 0.5, ""DCA_mean"": 21.812, ""DCA_median"": 10.114, ""DCA_std"": 29.778, ""DCA_gini"": 0.646, ""NAR_mean"": 17.0, ""NAR_median"": 17.0, ""NAR_gini"": 0.471, ""NAR_IQR"": 16.0, ""NTR_mean"": 1.5, ""NTR_median"": 1.5, ""NTR_std"": 0.707, ""NTR_gini"": 0.167, ""NCAR_mean"": 17.0, ""NCAR_std"": 22.627, ""NCAR_IQR"": 16.0, ""DCAR_mean"": 347.583, ""DCAR_median"": 347.583, ""DCAR_std"": 491.556, ""DCAR_IQR"": 347.583, ""DAAR_mean"": 24.644, ""DAAR_median"": 24.644, ""DAAR_std"": 0.0, ""DAAR_gini"": 0.0, ""DAAR_IQR"": 0.0, ""DCAT_mean"": 30.154, ""DCAT_median"": 30.154, ""DCAT_std"": 7.793, ""DCAT_gini"": 0.091, ""DCAT_IQR"": 5.51, ""NAT_mean"": 17.0, ""NAT_median"": 17.0, ""NAT_std"": 22.627, ""NAT_gini"": 0.471, ""NAT_IQR"": 16.0}",1
adstep,Human,0.791,"{""NA"": 283.0, ""NT"": 11.0, ""NOR"": 3.0, ""ORR"": 1.0, ""DCA_mean"": 0.874, ""DCA_median"": 0.051, ""DCA_std"": 4.413, ""DCA_gini"": 0.896, ""NAR_mean"": 94.333, ""NAR_median"": 126.0, ""NAR_gini"": 0.365, ""NAR_IQR"": 77.5, ""NTR_mean"": 5.0, ""NTR_median"": 7.0, ""NTR_std"": 3.464, ""NTR_gini"": 0.267, ""NCAR_mean"": 2.177, ""NCAR_std"": 2.657, ""NCAR_IQR"": 1.0, ""DCAR_mean"": 1.259, ""DCAR_median"": 0.0, ""DCAR_std"": 8.244, ""DCAR_IQR"": 0.102, ""DAAR_mean"": 0.642, ""DAAR_median"": 0.042, ""DAAR_std"": 1.786, ""DAAR_gini"": 0.852, ""DAAR_IQR"": 0.29, ""DCAT_mean"": 1.209, ""DCAT_median"": 0.065, ""DCAT_std"": 5.259, ""DCAT_gini"": 0.883, ""DCAT_IQR"": 0.385, ""NAT_mean"": 25.727, ""NAT_median"": 7.0, ""NAT_std"": 31.337, ""NAT_gini"": 0.6, ""NAT_IQR"": 51.0}",0
aendra-rininsland,Unknown,,{},0
aforanil,Unknown,,{},0
agdolla,Human,0.785,"{""NA"": 51.0, ""NT"": 3.0, ""NOR"": 46.0, ""ORR"": 0.902, ""DCA_mean"": 14.065, ""DCA_median"": 0.251, ""DCA_std"": 38.208, ""DCA_gini"": 0.835, ""NAR_mean"": 1.0, ""NAR_median"": 1.0, ""NAR_gini"": 0.0, ""NAR_IQR"": 0.0, ""NTR_mean"": 1.0, ""NTR_median"": 1.0, ""NTR_std"": 0.0, ""NTR_gini"": 0.0, ""NCAR_mean"": 1.0, ""NCAR_std"": 0.0, ""NCAR_IQR"": 0.0, ""DCAR_mean"": 0.0, ""DCAR_median"": 0.0, ""DCAR_std"": 0.0, ""DCAR_IQR"": 0.0, ""DAAR_mean"": 14.065, ""DAAR_median"": 0.251, ""DAAR_std"": 38.208, ""DAAR_gini"": 0.835, ""DAAR_IQR"": 13.232, ""DCAT_mean"": 8.195, ""DCAT_median"": 0.251, ""DCAT_std"": 13.353, ""DCAT_gini"": 0.709, ""DCAT_IQR"": 12.534, ""NAT_mean"": 17.0, ""NAT_median"": 2.0, ""NAT_std"": 26.851, ""NAT_gini"": 0.614, ""NAT_IQR"": 23.5}",0
agustin107,Unknown,,{},0
aitk,Unknown,,{},0
ajay12892,Unknown,,{},0
akhileshmohan,Unknown,,{},0
aksakalli,Unknown,,{},0
al-the-x,Unknown,,{},0
aladine,Unknown,,{},0
alaksandarjesus,Unknown,,{},0
alangunning,Human,0.712,"{""NA"": 13.0, ""NT"": 2.0, ""NOR"": 8.0, ""ORR"": 1.0, ""DCA_mean"": 44.925, ""DCA_median"": 0.401, ""DCA_std"": 127.421, ""DCA_gini"": 0.872, ""NAR_mean"": 1.625, ""NAR_median"": 2.0, ""NAR_gini"": 0.144, ""NAR_IQR"": 1.0, ""NTR_mean"": 1.625, ""NTR_median"": 2.0, ""NTR_std"": 0.518, ""NTR_gini"": 0.144, ""NCAR_mean"": 1.625, ""NCAR_std"": 0.518, ""NCAR_IQR"": 1.0, ""DCAR_mean"": 0.002, ""DCAR_median"": 0.001, ""DCAR_std"": 0.003, ""DCAR_IQR"": 0.004, ""DAAR_mean"": 77.011, ""DAAR_median"": 7.371, ""DAAR_std"": 163.961, ""DAAR_gini"": 0.781, ""DAAR_IQR"": 41.221, ""DCAT_mean"": 50.979, ""DCAT_median"": 0.395, ""DCAT_std"": 139.829, ""DCAT_gini"": 0.87, ""DCAT_IQR"": 5.736, ""NAT_mean"": 6.5, ""NAT_median"": 6.5, ""NAT_std"": 2.121, ""NAT_gini"": 0.115, ""NAT_IQR"": 1.5}",0
alejandronanez,Human,0.842,"{""NA"": 7.0, ""NT"": 2.0, ""NOR"": 7.0, ""ORR"": 1.0, ""DCA_mean"": 102.718, ""DCA_median"": 91.642, ""DCA_std"": 82.031, ""DCA_gini"": 0.402, ""NAR_mean"": 1.0, ""NAR_median"": 1.0, ""NAR_gini"": 0.0, ""NAR_IQR"": 0.0, ""NTR_mean"": 1.0, ""NTR_median"": 1.0, ""NTR_std"": 0.0, ""NTR_gini"": 0.0, ""NCAR_mean"": 1.0, ""NCAR_std"": 0.0, ""NCAR_IQR"": 0.0, ""DCAR_mean"": 0.0, ""DCAR_median"": 0.0, ""DCAR_std"": 0.0, ""DCAR_IQR"": 0.0, ""DAAR_mean"": 102.718, ""DAAR_median"": 91.642, ""DAAR_std"": 82.031, ""DAAR_gini"": 0.402, ""DAAR_IQR"": 79.044, ""DCAT_mean"": 6.669, ""DCAT_median"": 6.669, ""DCAT_std"": 0.0, ""DCAT_gini"": 0.0, ""DCAT_IQR"": 0.0, ""NAT_mean"": 3.5, ""NAT_median"": 3.5, ""NAT_std"": 3.536, ""NAT_gini"": 0.357, ""NAT_IQR"": 2.5}",0
alexpaluzzi,Unknown,,{},0
alfaproject,Unknown,,{},0
alinnert,Bot,0.594,"{""NA"": 7.0, ""NT"": 1.0, ""NOR"": 2.0, ""ORR"": 0.333, ""DCA_mean"": 45.093, ""DCA_median"": 0.062, ""DCA_std"": 110.289, ""DCA_gini"": 0.833, ""NAR_mean"": 1.167, ""NAR_median"": 1.0, ""NAR_gini"": 0.119, ""NAR_IQR"": 0.0, ""NTR_mean"": 1.0, ""NTR_median"": 1.0, ""NTR_std"": 0.0, ""NTR_gini"": 0.0, ""NCAR_mean"": 1.167, ""NCAR_std"": 0.408, ""NCAR_IQR"": 0.0, ""DCAR_mean"": 0.002, ""DCAR_median"": 0.0, ""DCAR_std"": 0.005, ""DCAR_IQR"": 0.0, ""DAAR_mean"": 54.109, ""DAAR_median"": 0.062, ""DAAR_std"": 120.81, ""DAAR_gini"": 0.799, ""DAAR_IQR"": 0.115, ""DCAT_mean"": NaN, ""DCAT_median"": NaN, ""DCAT_std"": 0.0, ""DCAT_gini"": 0.0, ""DCAT_IQR"": NaN, ""NAT_mean"": 7.0, ""NAT_median"": 7.0, ""NAT_std"": 0.0, ""NAT_gini"": 0.0, ""NAT_IQR"": 0.0}",1
altinselimi,Unknown,,{},0
alumallachandan,Unknown,,{},0
amgadfahmi,Unknown,,{},0
amirtuval,Human,0.605,"{""NA"": 48.0, ""NT"": 6.0, ""NOR"": 2.0, ""ORR"": 1.0, ""DCA_mean"": 13.847, ""DCA_median"": 0.078, ""DCA_std"": 60.497, ""DCA_gini"": 0.936, ""NAR_mean"": 24.0, ""NAR_median"": 24.0, ""NAR_gini"": 0.25, ""NAR_IQR"": 12.0, ""NTR_mean"": 5.0, ""NTR_median"": 5.0, ""NTR_std"": 0.0, ""NTR_gini"": 0.0, ""NCAR_mean"": 24.0, ""NCAR_std"": 16.971, ""NCAR_IQR"": 12.0, ""DCAR_mean"": 275.202, ""DCAR_median"": 275.202, ""DCAR_std"": 252.878, ""DCAR_IQR"": 178.812, ""DAAR_mean"": 100.395, ""DAAR_median"": 100.395, ""DAAR_std"": 0.0, ""DAAR_gini"": 0.0, ""DAAR_IQR"": 0.0, ""DCAT_mean"": 21.294, ""DCAT_median"": 0.038, ""DCAT_std"": 75.138, ""DCAT_gini"": 0.904, ""DCAT_IQR"": 0.288, ""NAT_mean"": 8.0, ""NAT_median"": 4.0, ""NAT_std"": 8.786, ""NAT_gini"": 0.521, ""NAT_IQR"": 10.0}",0
amrynsky,Human,0.794,"{""NA"": 50.0, ""NT"": 8.0, ""NOR"": 1.0, ""ORR"": 0.333, ""DCA_mean"": 5.494, ""DCA_median"": 0.04, ""DCA_std"": 23.971, ""DCA_gini"": 0.939, ""NAR_mean"": 16.667, ""NAR_median"": 4.0, ""NAR_gini"": 0.56, ""NAR_IQR"": 21.0, ""NTR_mean"": 3.333, ""NTR_median"": 2.0, ""NTR_std"": 2.309, ""NTR_gini"": 0.267, ""NCAR_mean"": 12.5, ""NCAR_std"": 13.699, ""NCAR_IQR"": 13.5, ""DCAR_mean"": 49.749, ""DCAR_median"": 9.624, ""DCAR_std"": 86.849, ""DCAR_IQR"": 54.04, ""DAAR_mean"": 23.397, ""DAAR_median"": 11.529, ""DAAR_std"": 30.043, ""DAAR_gini"": 0.536, ""DAAR_IQR"": 28.231, ""DCAT_mean"": 19.402, ""DCAT_median"": 0.062, ""DCAT_std"": 44.765, ""DCAT_gini"": 0.831, ""DCAT_IQR"": 11.503, ""NAT_mean"": 6.25, ""NAT_median"": 2.0, ""NAT_std"": 13.242, ""NAT_gini"": 0.685, ""NAT_IQR"": 1.0}",0
anaumov,Unknown,,{},0
andrea-spotsoftware,Unknown,,{},0
andreicojea,Unknown,,{},0
andreierdoss,Unknown,,{},0
andrekampert,Unknown,,{},0
andrenovax,Unknown,,{},0
andrescuev,Unknown,,{},0
andyjessop,Unknown,,{},0
andyperlitch,Unknown,,{},0
anggiaj,Unknown,,{},0
anishbenji,Unknown,,{},0
ansumanshah,Unknown,,{},0
ant0ha,Unknown,,{},0
antoescu,Unknown,,{},0
aonemd,Human,0.939,"{""NA"": 53.0, ""NT"": 9.0, ""NOR"": 7.0, ""ORR"": 0.538, ""DCA_mean"": 20.193, ""DCA_median"": 0.058, ""DCA_std"": 40.829, ""DCA_gini"": 0.804, ""NAR_mean"": 4.077, ""NAR_median"": 1.0, ""NAR_gini"": 0.554, ""NAR_IQR"": 3.0, ""NTR_mean"": 2.308, ""NTR_median"": 1.0, ""NTR_std"": 1.974, ""NTR_gini"": 0.4, ""NCAR_mean"": 2.409, ""NCAR_std"": 2.039, ""NCAR_IQR"": 2.0, ""DCAR_mean"": 11.549, ""DCAR_median"": 0.0, ""DCAR_std"": 49.135, ""DCAR_IQR"": 0.098, ""DAAR_mean"": 37.903, ""DAAR_median"": 16.832, ""DAAR_std"": 49.498, ""DAAR_gini"": 0.634, ""DAAR_IQR"": 55.978, ""DCAT_mean"": 12.864, ""DCAT_median"": 0.036, ""DCAT_std"": 34.095, ""DCAT_gini"": 0.861, ""DCAT_IQR"": 3.681, ""NAT_mean"": 5.889, ""NAT_median"": 6.0, ""NAT_std"": 3.756, ""NAT_gini"": 0.335, ""NAT_IQR"": 6.0}",0
apartyka,Unknown,,{},0
arcdev1,Unknown,,{},0
artem,Unknown,,{},0
asafper,Unknown,,{},0
asm0dey,Human,0.967,"{""NA"": 89.0, ""NT"": 10.0, ""NOR"": 6.0, ""ORR"": 0.545, ""DCA_mean"": 6.685, ""DCA_median"": 0.039, ""DCA_std"": 24.06, ""DCA_gini"": 0.92, ""NAR_mean"": 8.091, ""NAR_median"": 2.0, ""NAR_gini"": 0.611, ""NAR_IQR"": 12.0, ""NTR_mean"": 2.091, ""NTR_median"": 2.0, ""NTR_std"": 1.221, ""NTR_gini"": 0.285, ""NCAR_mean"": 6.846, ""NCAR_std"": 9.999, ""NCAR_IQR"": 10.0, ""DCAR_mean"": 4.691, ""DCAR_median"": 0.011, ""DCAR_std"": 12.16, ""DCAR_IQR"": 1.707, ""DAAR_mean"": 43.938, ""DAAR_median"": 26.721, ""DAAR_std"": 52.519, ""DAAR_gini"": 0.581, ""DAAR_IQR"": 50.63, ""DCAT_mean"": 7.129, ""DCAT_median"": 0.039, ""DCAT_std"": 23.172, ""DCAT_gini"": 0.904, ""DCAT_IQR"": 0.188, ""NAT_mean"": 8.9, ""NAT_median"": 2.0, ""NAT_std"": 15.387, ""NAT_gini"": 0.673, ""NAT_IQR"": 1.5}",0
astw,Unknown,,{},0
atul-bhosale,Unknown,,{},0
auxcoder,Bot,0.007,"{""NA"": 42.0, ""NT"": 3.0, ""NOR"": 8.0, ""ORR"": 0.667, ""DCA_mean"": 16.6, ""DCA_median"": 0.006, ""DCA_std"": 50.529, ""DCA_gini"": 0.891, ""NAR_mean"": 3.5, ""NAR_median"": 1.0, ""NAR_gini"": 0.571, ""NAR_IQR"": 1.5, ""NTR_mean"": 1.25, ""NTR_median"": 1.0, ""NTR_std"": 0.452, ""NTR_gini"": 0.15, ""NCAR_mean"": 1.909, ""NCAR_std"": 1.377, ""NCAR_IQR"": 1.0, ""DCAR_mean"": 2.985, ""DCAR_median"": 0.0, ""DCAR_std"": 13.992, ""DCAR_IQR"": 0.001, ""DAAR_mean"": 29.282, ""DAAR_median"": 0.016, ""DAAR_std"": 67.496, ""DAAR_gini"": 0.826, ""DAAR_IQR"": 23.005, ""DCAT_mean"": 8.761, ""DCAT_median"": 0.003, ""DCAT_std"": 25.91, ""DCAT_gini"": 0.9, ""DCAT_IQR"": 0.006, ""NAT_mean"": 14.0, ""NAT_median"": 15.0, ""NAT_std"": 5.568, ""NAT_gini"": 0.175, ""NAT_IQR"": 5.5}",1
axetroy,Human,0.951,"{""NA"": 95.0, ""NT"": 7.0, ""NOR"": 4.0, ""ORR"": 0.444, ""DCA_mean"": 6.686, ""DCA_median"": 0.137, ""DCA_std"": 21.407, ""DCA_gini"": 0.9, ""NAR_mean"": 10.556, ""NAR_median"": 1.0, ""NAR_gini"": 0.709, ""NAR_IQR"": 7.0, ""NTR_mean"": 1.889, ""NTR_median"": 1.0, ""NTR_std"": 1.167, ""NTR_gini"": 0.301, ""NCAR_mean"": 6.333, ""NCAR_std"": 8.449, ""NCAR_IQR"": 5.5, ""DCAR_mean"": 17.603, ""DCAR_median"": 0.174, ""DCAR_std"": 37.717, ""DCAR_IQR"": 11.194, ""DAAR_mean"": 26.03, ""DAAR_median"": 11.656, ""DAAR_std"": 41.28, ""DAAR_gini"": 0.69, ""DAAR_IQR"": 24.385, ""DCAT_mean"": 7.755, ""DCAT_median"": 0.239, ""DCAT_std"": 23.158, ""DCAT_gini"": 0.879, ""DCAT_IQR"": 1.29, ""NAT_mean"": 13.571, ""NAT_median"": 2.0, ""NAT_std"": 20.991, ""NAT_gini"": 0.665, ""NAT_IQR"": 19.5}",0
bagusflyer,Unknown,,{},0
barretodavid,Unknown,,{},0
bartsmilner,Unknown,,{},0
bartvanremortele,Unknown,,{},0
bastienJS,Unknown,,{},0
bcg-amitag,Unknown,,{},0
bdizha,Unknown,,{},0
bearfriend,Human,0.949,"{""NA"": 51.0, ""NT"": 9.0, ""NOR"": 4.0, ""ORR"": 0.571, ""DCA_mean"": 12.959, ""DCA_median"": 0.958, ""DCA_std"": 36.124, ""DCA_gini"": 0.849, ""NAR_mean"": 7.286, ""NAR_median"": 5.0, ""NAR_gini"": 0.583, ""NAR_IQR"": 6.0, ""NTR_mean"": 2.286, ""NTR_median"": 1.0, ""NTR_std"": 1.704, ""NTR_gini"": 0.357, ""NCAR_mean"": 2.318, ""NCAR_std"": 1.912, ""NCAR_IQR"": 2.75, ""DCAR_mean"": 3.144, ""DCAR_median"": 0.0, ""DCAR_std"": 7.544, ""DCAR_IQR"": 0.627, ""DAAR_mean"": 27.561, ""DAAR_median"": 4.658, ""DAAR_std"": 52.578, ""DAAR_gini"": 0.75, ""DAAR_IQR"": 24.369, ""DCAT_mean"": 14.38, ""DCAT_median"": 1.073, ""DCAT_std"": 40.344, ""DCAT_gini"": 0.847, ""DCAT_IQR"": 6.833, ""NAT_mean"": 5.667, ""NAT_median"": 5.0, ""NAT_std"": 6.083, ""NAT_gini"": 0.488, ""NAT_IQR"": 3.0}",0
beckler,Unknown,,{},0
behrad,Unknown,,{},0
benjamincharity,Human,0.906,"{""NA"": 6.0, ""NT"": 3.0, ""NOR"": 3.0, ""ORR"": 0.75, ""DCA_mean"": 68.615, ""DCA_median"": 45.845, ""DCA_std"": 80.452, ""DCA_gini"": 0.566, ""NAR_mean"": 1.5, ""NAR_median"": 1.5, ""NAR_gini"": 0.167, ""NAR_IQR"": 1.0, ""NTR_mean"": 1.25, ""NTR_median"": 1.0, ""NTR_std"": 0.5, ""NTR_gini"": 0.15, ""NCAR_mean"": 1.5, ""NCAR_std"": 0.577, ""NCAR_IQR"": 1.0, ""DCAR_mean"": 0.08, ""DCAR_median"": 0.017, ""DCAR_std"": 0.138, ""DCAR_IQR"": 0.096, ""DAAR_mean"": 114.252, ""DAAR_median"": 108.141, ""DAAR_std"": 71.657, ""DAAR_gini"": 0.278, ""DAAR_IQR"": 71.462, ""DCAT_mean"": 98.981, ""DCAT_median"": 108.141, ""DCAT_std"": 94.701, ""DCAT_gini"": 0.424, ""DCAT_IQR"": 94.368, ""NAT_mean"": 2.0, ""NAT_median"": 1.0, ""NAT_std"": 1.732, ""NAT_gini"": 0.333, ""NAT_IQR"": 1.5}",0
benkroeger,Human,0.942,"{""NA"": 21.0, ""NT"": 8.0, ""NOR"": 4.0, ""ORR"": 0.667, ""DCA_mean"": 34.681, ""DCA_median"": 0.846, ""DCA_std"": 82.592, ""DCA_gini"": 0.834, ""NAR_mean"": 3.5, ""NAR_median"": 3.0, ""NAR_gini"": 0.389, ""NAR_IQR"": 4.75, ""NTR_mean"": 2.0, ""NTR_median"": 1.5, ""NTR_std"": 1.265, ""NTR_gini"": 0.306, ""NCAR_mean"": 1.615, ""NCAR_std"": 0.87, ""NCAR_IQR"": 1.0, ""DCAR_mean"": 29.361, ""DCAR_median"": 0.0, ""DCAR_std"": 97.127, ""DCAR_IQR"": 0.328, ""DAAR_mean"": 25.993, ""DAAR_median"": 0.98, ""DAAR_std"": 43.852, ""DAAR_gini"": 0.746, ""DAAR_IQR"": 34.687, ""DCAT_mean"": 16.068, ""DCAT_median"": 0.447, ""DCAT_std"": 37.097, ""DCAT_gini"": 0.838, ""DCAT_IQR"": 1.085, ""NAT_mean"": 2.625, ""NAT_median"": 2.0, ""NAT_std"": 1.847, ""NAT_gini"": 0.351, ""NAT_IQR"": 3.0}",0
benmurden,Human,0.778,"{""NA"": 6.0, ""NT"": 5.0, ""NOR"": 3.0, ""ORR"": 1.0, ""DCA_mean"": 73.757, ""DCA_median"": 0.792, ""DCA_std"": 162.044, ""DCA_gini"": 0.793, ""NAR_mean"": 2.0, ""NAR_median"": 1.0, ""NAR_gini"": 0.333, ""NAR_IQR"": 1.5, ""NTR_mean"": 2.0, ""NTR_median"": 1.0, ""NTR_std"": 1.732, ""NTR_gini"": 0.333, ""NCAR_mean"": 1.5, ""NCAR_std"": 0.577, ""NCAR_IQR"": 1.0, ""DCAR_mean"": 1.258, ""DCAR_median"": 0.396, ""DCAR_std"": 2.022, ""DCAR_IQR"": 1.654, ""DAAR_mean"": 121.252, ""DAAR_median"": 0.086, ""DAAR_std"": 209.892, ""DAAR_gini"": 0.666, ""DAAR_IQR"": 181.779, ""DCAT_mean"": 1.293, ""DCAT_median"": 0.439, ""DCAT_std"": 1.993, ""DCAT_gini"": 0.641, ""DCAT_IQR"": 1.576, ""NAT_mean"": 1.2, ""NAT_median"": 1.0, ""NAT_std"": 0.447, ""NAT_gini"": 0.133, ""NAT_IQR"": 0.0}",0
bennypowers,Human,0.926,"{""NA"": 234.0, ""NT"": 15.0, ""NOR"": 9.0, ""ORR"": 0.429, ""DCA_mean"": 0.643, ""DCA_median"": 0.053, ""DCA_std"": 2.715, ""DCA_gini"": 0.87, ""NAR_mean"": 11.143, ""NAR_median"": 3.0, ""NAR_gini"": 0.689, ""NAR_IQR"": 10.0, ""NTR_mean"": 2.81, ""NTR_median"": 1.0, ""NTR_std"": 2.581, ""NTR_gini"": 0.442, ""NCAR_mean"": 3.493, ""NCAR_std"": 7.353, ""NCAR_IQR"": 1.0, ""DCAR_mean"": 0.37, ""DCAR_median"": 0.0, ""DCAR_std"": 1.158, ""DCAR_IQR"": 0.116, ""DAAR_mean"": 1.895, ""DAAR_median"": 0.192, ""DAAR_std"": 4.887, ""DAAR_gini"": 0.84, ""DAAR_IQR"": 0.492, ""DCAT_mean"": 0.734, ""DCAT_median"": 0.096, ""DCAT_std"": 2.527, ""DCAT_gini"": 0.857, ""DCAT_IQR"": 0.304, ""NAT_mean"": 15.6, ""NAT_median"": 7.0, ""NAT_std"": 20.357, ""NAT_gini"": 0.605, ""NAT_IQR"": 19.0}",0
bertramn,Unknown,,{},0
bhj,Human,0.158,"{""NA"": 5.0, ""NT"": 3.0, ""NOR"": 1.0, ""ORR"": 1.0, ""DCA_mean"": 143.396, ""DCA_median"": 154.684, ""DCA_std"": 127.646, ""DCA_gini"": 0.417, ""NAR_mean"": 5.0, ""NAR_median"": 5.0, ""NAR_gini"": 0.0, ""NAR_IQR"": 0.0, ""NTR_mean"": 3.0, ""NTR_median"": 3.0, ""NTR_std"": 0.0, ""NTR_gini"": 0.0, ""NCAR_mean"": 5.0, ""NCAR_std"": 0.0, ""NCAR_IQR"": 0.0, ""DCAR_mean"": 573.582, ""DCAR_median"": 573.582, ""DCAR_std"": 0.0, ""DCAR_IQR"": 0.0, ""DAAR_mean"": NaN, ""DAAR_median"": NaN, ""DAAR_std"": 0.0, ""DAAR_gini"": 0.0, ""DAAR_IQR"": NaN, ""DCAT_mean"": 143.396, ""DCAT_median"": 154.684, ""DCAT_std"": 127.646, ""DCAT_gini"": 0.417, ""DCAT_IQR"": 189.34, ""NAT_mean"": 1.667, ""NAT_median"": 2.0, ""NAT_std"": 0.577, ""NAT_gini"": 0.133, ""NAT_IQR"": 0.5}",0
biglanggwapoventures,Unknown,,{},0
biks152207,Unknown,,{},0
blackfyre,Human,0.877,"{""NA"": 11.0, ""NT"": 4.0, ""NOR"": 9.0, ""ORR"": 1.0, ""DCA_mean"": 69.566, ""DCA_median"": 50.277, ""DCA_std"": 61.13, ""DCA_gini"": 0.461, ""NAR_mean"": 1.222, ""NAR_median"": 1.0, ""NAR_gini"": 0.141, ""NAR_IQR"": 0.0, ""NTR_mean"": 1.222, ""NTR_median"": 1.0, ""NTR_std"": 0.441, ""NTR_gini"": 0.141, ""NCAR_mean"": 1.1, ""NCAR_std"": 0.316, ""NCAR_IQR"": 0.0, ""DCAR_mean"": 4.993, ""DCAR_median"": 0.0, ""DCAR_std"": 15.789, ""DCAR_IQR"": 0.0, ""DAAR_mean"": 71.747, ""DAAR_median"": 50.623, ""DAAR_std"": 64.423, ""DAAR_gini"": 0.471, ""DAAR_IQR"": 124.544, ""DCAT_mean"": 85.478, ""DCAT_median"": 50.623, ""DCAT_std"": 63.452, ""DCAT_gini"": 0.375, ""DCAT_IQR"": 100.925, ""NAT_mean"": 2.75, ""NAT_median"": 3.0, ""NAT_std"": 1.5, ""NAT_gini"": 0.25, ""NAT_IQR"": 2.25}",0
blackleafs,Unknown,,{},0
blended-ideas,Unknown,,{},0
blowsie,Unknown,,{},0
bluesliverx,Human,0.933,"{""NA"": 12.0, ""NT"": 6.0, ""NOR"": 4.0, ""ORR"": 0.8, ""DCA_mean"": 61.101, ""DCA_median"": 0.115, ""DCA_std"": 150.168, ""DCA_gini"": 0.851, ""NAR_mean"": 2.4, ""NAR_median"": 2.0, ""NAR_gini"": 0.233, ""NAR_IQR"": 1.0, ""NTR_mean"": 1.6, ""NTR_median"": 2.0, ""NTR_std"": 0.548, ""NTR_gini"": 0.15, ""NCAR_mean"": 1.5, ""NCAR_std"": 0.756, ""NCAR_IQR"": 1.0, ""DCAR_mean"": 0.552, ""DCAR_median"": 0.0, ""DCAR_std"": 1.517, ""DCAR_IQR"": 0.031, ""DAAR_mean"": 95.385, ""DAAR_median"": 0.322, ""DAAR_std"": 183.877, ""DAAR_gini"": 0.772, ""DAAR_IQR"": 86.847, ""DCAT_mean"": 83.997, ""DCAT_median"": 2.313, ""DCAT_std"": 173.258, ""DCAT_gini"": 0.796, ""DCAT_IQR"": 55.19, ""NAT_mean"": 2.0, ""NAT_median"": 1.0, ""NAT_std"": 2.0, ""NAT_gini"": 0.389, ""NAT_IQR"": 0.75}",0
bondarewicz,Human,0.953,"{""NA"": 166.0, ""NT"": 12.0, ""NOR"": 2.0, ""ORR"": 0.667, ""DCA_mean"": 10.979, ""DCA_median"": 0.237, ""DCA_std"": 79.594, ""DCA_gini"": 0.902, ""NAR_mean"": 55.333, ""NAR_median"": 75.0, ""NAR_gini"": 0.357, ""NAR_IQR"": 44.5, ""NTR_mean"": 4.667, ""NTR_median"": 1.0, ""NTR_std"": 6.351, ""NTR_gini"": 0.524, ""NCAR_mean"": 11.857, ""NCAR_std"": 13.45, ""NCAR_IQR"": 11.5, ""DCAR_mean"": 113.74, ""DCAR_median"": 1.862, ""DCAR_std"": 272.552, ""DCAR_IQR"": 48.06, ""DAAR_mean"": 16.861, ""DAAR_median"": 10.012, ""DAAR_std"": 24.262, ""DAAR_gini"": 0.498, ""DAAR_IQR"": 9.617, ""DCAT_mean"": 29.534, ""DCAT_median"": 0.086, ""DCAT_std"": 161.028, ""DCAT_gini"": 0.957, ""DCAT_IQR"": 1.208, ""NAT_mean"": 13.833, ""NAT_median"": 3.0, ""NAT_std"": 32.119, ""NAT_gini"": 0.755, ""NAT_IQR"": 4.25}",0
bradleyflood,Unknown,,{},0
bramvanoploo,Unknown,,{},0
brian428,Unknown,,{},0
brijesh1ec,Unknown,,{},0
brucejcw,Unknown,,{},0
brunoeris,Unknown,,{},0
brunoksato,Unknown,,{},0
bsides,Unknown,,{},0
bsitruk,Human,0.31,"{""NA"": 6.0, ""NT"": 1.0, ""NOR"": 6.0, ""ORR"": 1.0, ""DCA_mean"": 36.587, ""DCA_median"": 26.976, ""DCA_std"": 48.833, ""DCA_gini"": 0.596, ""NAR_mean"": 1.0, ""NAR_median"": 1.0, ""NAR_gini"": 0.0, ""NAR_IQR"": 0.0, ""NTR_mean"": 1.0, ""NTR_median"": 1.0, ""NTR_std"": 0.0, ""NTR_gini"": 0.0, ""NCAR_mean"": 1.0, ""NCAR_std"": 0.0, ""NCAR_IQR"": 0.0, ""DCAR_mean"": 0.0, ""DCAR_median"": 0.0, ""DCAR_std"": 0.0, ""DCAR_IQR"": 0.0, ""DAAR_mean"": 36.587, ""DAAR_median"": 26.976, ""DAAR_std"": 48.833, ""DAAR_gini"": 0.596, ""DAAR_IQR"": 34.538, ""DCAT_mean"": NaN, ""DCAT_median"": NaN, ""DCAT_std"": 0.0, ""DCAT_gini"": 0.0, ""DCAT_IQR"": NaN, ""NAT_mean"": 6.0, ""NAT_median"": 6.0, ""NAT_std"": 0.0, ""NAT_gini"": 0.0, ""NAT_IQR"": 0.0}",0
btn0s,Bot,0.495,"{""NA"": 63.0, ""NT"": 4.0, ""NOR"": 1.0, ""ORR"": 0.062, ""DCA_mean"": 9.731, ""DCA_median"": 0.024, ""DCA_std"": 52.002, ""DCA_gini"": 0.958, ""NAR_mean"": 3.938, ""NAR_median"": 2.0, ""NAR_gini"": 0.501, ""NAR_IQR"": 0.0, ""NTR_mean"": 1.375, ""NTR_median"": 1.0, ""NTR_std"": 1.025, ""NTR_gini"": 0.239, ""NCAR_mean"": 1.909, ""NCAR_std"": 3.565, ""NCAR_IQR"": 0.0, ""DCAR_mean"": 3.483, ""DCAR_median"": 0.0, ""DCAR_std"": 18.347, ""DCAR_IQR"": 0.0, ""DAAR_mean"": 15.262, ""DAAR_median"": 0.013, ""DAAR_std"": 70.938, ""DAAR_gini"": 0.953, ""DAAR_IQR"": 0.092, ""DCAT_mean"": 17.688, ""DCAT_median"": 0.03, ""DCAT_std"": 76.256, ""DCAT_gini"": 0.946, ""DCAT_IQR"": 0.338, ""NAT_mean"": 15.75, ""NAT_median"": 10.0, ""NAT_std"": 12.868, ""NAT_gini"": 0.321, ""NAT_IQR"": 6.75}",1
buoto,Unknown,,{},0
burakgormek,Unknown,,{},0
busches,Unknown,,{},0
bx2,Human,0.959,"{""NA"": 46.0, ""NT"": 8.0, ""NOR"": 8.0, ""ORR"": 0.889, ""DCA_mean"": 8.953, ""DCA_median"": 0.051, ""DCA_std"": 27.129, ""DCA_gini"": 0.902, ""NAR_mean"": 5.111, ""NAR_median"": 1.0, ""NAR_gini"": 0.705, ""NAR_IQR"": 0.0, ""NTR_mean"": 1.778, ""NTR_median"": 1.0, ""NTR_std"": 1.716, ""NTR_gini"": 0.361, ""NCAR_mean"": 5.111, ""NCAR_std"": 11.602, ""NCAR_IQR"": 0.0, ""DCAR_mean"": 1.33, ""DCAR_median"": 0.0, ""DCAR_std"": 3.351, ""DCAR_IQR"": 0.0, ""DAAR_mean"": 48.866, ""DAAR_median"": 32.589, ""DAAR_std"": 48.982, ""DAAR_gini"": 0.499, ""DAAR_IQR"": 46.518, ""DCAT_mean"": 5.314, ""DCAT_median"": 0.032, ""DCAT_std"": 25.069, ""DCAT_gini"": 0.95, ""DCAT_IQR"": 0.112, ""NAT_mean"": 5.75, ""NAT_median"": 6.5, ""NAT_std"": 3.919, ""NAT_gini"": 0.353, ""NAT_IQR"": 7.5}",0
c-johnson,Unknown,,{},0
c0debreaker,Unknown,,{},0
carlosfunk,Unknown,,{},0
carlosrbta,Unknown,,{},0
cazacugmihai,Unknown,,{},0
cbentley,Unknown,,{},0
cgaudreau,Unknown,,{},0
chachra,Human,0.883,"{""NA"": 9.0, ""NT"": 2.0, ""NOR"": 9.0, ""ORR"": 1.0, ""DCA_mean"": 88.501, ""DCA_median"": 44.872, ""DCA_std"": 128.393, ""DCA_gini"": 0.599, ""NAR_mean"": 1.0, ""NAR_median"": 1.0, ""NAR_gini"": 0.0, ""NAR_IQR"": 0.0, ""NTR_mean"": 1.0, ""NTR_median"": 1.0, ""NTR_std"": 0.0, ""NTR_gini"": 0.0, ""NCAR_mean"": 1.0, ""NCAR_std"": 0.0, ""NCAR_IQR"": 0.0, ""DCAR_mean"": 0.0, ""DCAR_median"": 0.0, ""DCAR_std"": 0.0, ""DCAR_IQR"": 0.0, ""DAAR_mean"": 88.501, ""DAAR_median"": 44.872, ""DAAR_std"": 128.393, ""DAAR_gini"": 0.599, ""DAAR_IQR"": 67.472, ""DCAT_mean"": 219.264, ""DCAT_median"": 219.264, ""DCAT_std"": 246.571, ""DCAT_gini"": 0.398, ""DCAT_IQR"": 174.352, ""NAT_mean"": 4.5, ""NAT_median"": 4.5, ""NAT_std"": 4.95, ""NAT_gini"": 0.389, ""NAT_IQR"": 3.5}",0
chakatodd,Unknown,,{},0
chalettu,Unknown,,{},0
chandrabezzo,Unknown,,{},0
chandraflyrobe,Unknown,,{},0
chanu,Unknown,,{},0
chap31,Unknown,,{},0
chhsiao,Unknown,,{},0
chhsiao1981,Human,0.916,"{""NA"": 41.0, ""NT"": 7.0, ""NOR"": 3.0, ""ORR"": 0.5, ""DCA_mean"": 12.38, ""DCA_median"": 2.059, ""DCA_std"": 39.254, ""DCA_gini"": 0.791, ""NAR_mean"": 6.833, ""NAR_median"": 2.0, ""NAR_gini"": 0.646, ""NAR_IQR"": 2.25, ""NTR_mean"": 2.0, ""NTR_median"": 2.0, ""NTR_std"": 1.095, ""NTR_gini"": 0.25, ""NCAR_mean"": 4.556, ""NCAR_std"": 8.457, ""NCAR_IQR"": 2.0, ""DCAR_mean"": 22.779, ""DCAR_median"": 0.056, ""DCAR_std"": 65.755, ""DCAR_IQR"": 0.082, ""DAAR_mean"": 36.271, ""DAAR_median"": 0.331, ""DAAR_std"": 86.601, ""DAAR_gini"": 0.823, ""DAAR_IQR"": 19.133, ""DCAT_mean"": 24.192, ""DCAT_median"": 0.058, ""DCAT_std"": 71.35, ""DCAT_gini"": 0.881, ""DCAT_IQR"": 4.941, ""NAT_mean"": 5.857, ""NAT_median"": 1.0, ""NAT_std"": 11.142, ""NAT_gini"": 0.676, ""NAT_IQR"": 2.0}",0
chojowliu,Unknown,,{},0
chrisUsick,Unknown,,{},0
chrisheninger,Unknown,,{},0
chriskolenko,Human,0.684,"{""NA"": 37.0, ""NT"": 3.0, ""NOR"": 4.0, ""ORR"": 0.8, ""DCA_mean"": 17.893, ""DCA_median"": 1.048, ""DCA_std"": 57.58, ""DCA_gini"": 0.859, ""NAR_mean"": 7.4, ""NAR_median"": 2.0, ""NAR_gini"": 0.649, ""NAR_IQR"": 2.0, ""NTR_mean"": 1.6, ""NTR_median"": 1.0, ""NTR_std"": 0.894, ""NTR_gini"": 0.25, ""NCAR_mean"": 4.625, ""NCAR_std"": 6.391, ""NCAR_IQR"": 3.25, ""DCAR_mean"": 16.279, ""DCAR_median"": 0.002, ""DCAR_std"": 36.184, ""DCAR_IQR"": 7.525, ""DAAR_mean"": 73.417, ""DAAR_median"": 24.043, ""DAAR_std"": 120.497, ""DAAR_gini"": 0.674, ""DAAR_IQR"": 61.807, ""DCAT_mean"": 82.36, ""DCAT_median"": 0.295, ""DCAT_std"": 146.61, ""DCAT_gini"": 0.728, ""DCAT_IQR"": 72.505, ""NAT_mean"": 12.333, ""NAT_median"": 5.0, ""NAT_std"": 13.577, ""NAT_gini"": 0.432, ""NAT_IQR"": 12.0}",0
christianmalek,Unknown,,{},0
christophertrudel,Unknown,,{},0
cksachdev,Human,0.933,"{""NA"": 5.0, ""NT"": 5.0, ""NOR"": 4.0, ""ORR"": 1.0, ""DCA_mean"": 85.973, ""DCA_median"": 49.493, ""DCA_std"": 108.505, ""DCA_gini"": 0.537, ""NAR_mean"": 1.25, ""NAR_median"": 1.0, ""NAR_gini"": 0.15, ""NAR_IQR"": 0.25, ""NTR_mean"": 1.25, ""NTR_median"": 1.0, ""NTR_std"": 0.5, ""NTR_gini"": 0.15, ""NCAR_mean"": 1.25, ""NCAR_std"": 0.5, ""NCAR_IQR"": 0.25, ""DCAR_mean"": 0.001, ""DCAR_median"": 0.0, ""DCAR_std"": 0.003, ""DCAR_IQR"": 0.001, ""DAAR_mean"": 114.629, ""DAAR_median"": 51.706, ""DAAR_std"": 112.84, ""DAAR_gini"": 0.383, ""DAAR_IQR"": 98.81, ""DCAT_mean"": 85.973, ""DCAT_median"": 49.493, ""DCAT_std"": 108.505, ""DCAT_gini"": 0.537, ""DCAT_IQR"": 64.543, ""NAT_mean"": 1.0, ""NAT_median"": 1.0, ""NAT_std"": 0.0, ""NAT_gini"": 0.0, ""NAT_IQR"": 0.0}",0
claboran,Bot,0.239,"{""NA"": 16.0, ""NT"": 4.0, ""NOR"": 1.0, ""ORR"": 1.0, ""DCA_mean"": 3.284, ""DCA_median"": 0.012, ""DCA_std"": 8.187, ""DCA_gini"": 0.859, ""NAR_mean"": 16.0, ""NAR_median"": 16.0, ""NAR_gini"": 0.0, ""NAR_IQR"": 0.0, ""NTR_mean"": 4.0, ""NTR_median"": 4.0, ""NTR_std"": 0.0, ""NTR_gini"": 0.0, ""NCAR_mean"": 16.0, ""NCAR_std"": 0.0, ""NCAR_IQR"": 0.0, ""DCAR_mean"": 49.26, ""DCAR_median"": 49.26, ""DCAR_std"": 0.0, ""DCAR_IQR"": 0.0, ""DAAR_mean"": NaN, ""DAAR_median"": NaN, ""DAAR_std"": 0.0, ""DAAR_gini"": 0.0, ""DAAR_IQR"": NaN, ""DCAT_mean"": 6.096, ""DCAT_median"": 0.117, ""DCAT_std"": 10.708, ""DCAT_gini"": 0.744, ""DCAT_IQR"": 6.645, ""NAT_mean"": 4.0, ""NAT_median"": 2.0, ""NAT_std"": 4.761, ""NAT_gini"": 0.5, ""NAT_IQR"": 4.0}",1
claytondus,Unknown,,{},0
clement-escolano,Human,0.716,"{""NA"": 9.0, ""NT"": 5.0, ""NOR"": 2.0, ""ORR"": 1.0, ""DCA_mean"": 48.061, ""DCA_median"": 0.053, ""DCA_std"": 135.731, ""DCA_gini"": 0.874, ""NAR_mean"": 4.5, ""NAR_median"": 4.5, ""NAR_gini"": 0.389, ""NAR_IQR"": 3.5, ""NTR_mean"": 2.5, ""NTR_median"": 2.5, ""NTR_std"": 2.121, ""NTR_gini"": 0.3, ""NCAR_mean"": 4.5, ""NCAR_std"": 4.95, ""NCAR_IQR"": 3.5, ""DCAR_mean"": 0.256, ""DCAR_median"": 0.256, ""DCAR_std"": 0.362, ""DCAR_IQR"": 0.256, ""DAAR_mean"": 383.979, ""DAAR_median"": 383.979, ""DAAR_std"": 0.0, ""DAAR_gini"": 0.0, ""DAAR_IQR"": 0.0, ""DCAT_mean"": 54.925, ""DCAT_median"": 0.066, ""DCAT_std"": 145.099, ""DCAT_gini"": 0.856, ""DCAT_IQR"": 0.158, ""NAT_mean"": 1.8, ""NAT_median"": 1.0, ""NAT_std"": 1.304, ""NAT_gini"": 0.311, ""NAT_IQR"": 1.0}",0
clessg,Unknown,,{},0
climboid,Unknown,,{},0
cm325,Unknown,,{},0
cmcnamara87,Unknown,,{},0
cmelion,Unknown,,{},0
cmullix,Unknown,,{},0
codeofsumit,Unknown,,{},0
color2life,Unknown,,{},0
coryarmbrecht,Unknown,,{},0
cosminonnet,Unknown,,{},0
cousine,Unknown,,{},0
craigsh,Unknown,,{},0
crdil,Unknown,,{},0
creimers,Human,0.925,"{""NA"": 18.0, ""NT"": 6.0, ""NOR"": 8.0, ""ORR"": 0.889, ""DCA_mean"": 33.76, ""DCA_median"": 6.031, ""DCA_std"": 50.443, ""DCA_gini"": 0.7, ""NAR_mean"": 2.0, ""NAR_median"": 1.0, ""NAR_gini"": 0.358, ""NAR_IQR"": 2.0, ""NTR_mean"": 1.333, ""NTR_median"": 1.0, ""NTR_std"": 0.707, ""NTR_gini"": 0.204, ""NCAR_mean"": 1.5, ""NCAR_std"": 1.243, ""NCAR_IQR"": 0.0, ""DCAR_mean"": 6.203, ""DCAR_median"": 0.0, ""DCAR_std"": 21.009, ""DCAR_IQR"": 0.0, ""DAAR_mean"": 45.408, ""DAAR_median"": 19.983, ""DAAR_std"": 56.775, ""DAAR_gini"": 0.612, ""DAAR_IQR"": 67.154, ""DCAT_mean"": 38.541, ""DCAT_median"": 14.24, ""DCAT_std"": 54.473, ""DCAT_gini"": 0.668, ""DCAT_IQR"": 40.079, ""NAT_mean"": 3.0, ""NAT_median"": 2.0, ""NAT_std"": 2.53, ""NAT_gini"": 0.407, ""NAT_IQR"": 3.5}",0
crimsondr,Unknown,,{},0
csablons,Unknown,,{},0
cttobin,Unknown,,{},0
cveld,Human,0.936,"{""NA"": 22.0, ""NT"": 8.0, ""NOR"": 10.0, ""ORR"": 0.625, ""DCA_mean"": 31.992, ""DCA_median"": 5.199, ""DCA_std"": 53.072, ""DCA_gini"": 0.722, ""NAR_mean"": 1.375, ""NAR_median"": 1.0, ""NAR_gini"": 0.199, ""NAR_IQR"": 1.0, ""NTR_mean"": 1.125, ""NTR_median"": 1.0, ""NTR_std"": 0.342, ""NTR_gini"": 0.097, ""NCAR_mean"": 1.1, ""NCAR_std"": 0.308, ""NCAR_IQR"": 0.0, ""DCAR_mean"": 0.049, ""DCAR_median"": 0.0, ""DCAR_std"": 0.159, ""DCAR_IQR"": 0.0, ""DAAR_mean"": 35.308, ""DAAR_median"": 7.256, ""DAAR_std"": 54.843, ""DAAR_gini"": 0.695, ""DAAR_IQR"": 37.046, ""DCAT_mean"": 11.219, ""DCAT_median"": 3.64, ""DCAT_std"": 15.16, ""DCAT_gini"": 0.655, ""DCAT_IQR"": 15.628, ""NAT_mean"": 2.75, ""NAT_median"": 2.5, ""NAT_std"": 2.053, ""NAT_gini"": 0.364, ""NAT_IQR"": 2.25}",0
cyberdemon8,Unknown,,{},0
cyborg92,Unknown,,{},0
d0d0,Unknown,,{},0
damdoum,Unknown,,{},0
damienstanton,Human,0.966,"{""NA"": 28.0, ""NT"": 10.0, ""NOR"": 4.0, ""ORR"": 0.667, ""DCA_mean"": 25.626, ""DCA_median"": 0.093, ""DCA_std"": 74.205, ""DCA_gini"": 0.885, ""NAR_mean"": 4.667, ""NAR_median"": 2.5, ""NAR_gini"": 0.548, ""NAR_IQR"": 3.0, ""NTR_mean"": 2.5, ""NTR_median"": 1.5, ""NTR_std"": 2.739, ""NTR_gini"": 0.433, ""NCAR_mean"": 3.5, ""NCAR_std"": 3.742, ""NCAR_IQR"": 3.0, ""DCAR_mean"": 1.721, ""DCAR_median"": 0.058, ""DCAR_std"": 3.971, ""DCAR_IQR"": 0.977, ""DAAR_mean"": 96.878, ""DAAR_median"": 56.593, ""DAAR_std"": 125.883, ""DAAR_gini"": 0.59, ""DAAR_IQR"": 95.746, ""DCAT_mean"": 30.913, ""DCAT_median"": 0.101, ""DCAT_std"": 81.578, ""DCAT_gini"": 0.868, ""DCAT_IQR"": 11.909, ""NAT_mean"": 2.8, ""NAT_median"": 2.0, ""NAT_std"": 3.645, ""NAT_gini"": 0.464, ""NAT_IQR"": 1.0}",0
dancancro,Unknown,,{},0
danieldiazastudillo,Unknown,,{},0
danielrvt,Unknown,,{},0
danivek,Human,0.52,"{""NA"": 17.0, ""NT"": 2.0, ""NOR"": 10.0, ""ORR"": 0.909, ""DCA_mean"": 36.769, ""DCA_median"": 5.522, ""DCA_std"": 73.022, ""DCA_gini"": 0.785, ""NAR_mean"": 1.545, ""NAR_median"": 1.0, ""NAR_gini"": 0.321, ""NAR_IQR"": 0.0, ""NTR_mean"": 1.0, ""NTR_median"": 1.0, ""NTR_std"": 0.0, ""NTR_gini"": 0.0, ""NCAR_mean"": 1.545, ""NCAR_std"": 1.809, ""NCAR_IQR"": 0.0, ""DCAR_mean"": 3.296, ""DCAR_median"": 0.0, ""DCAR_std"": 10.932, ""DCAR_IQR"": 0.0, ""DAAR_mean"": 55.205, ""DAAR_median"": 5.522, ""DAAR_std"": 88.64, ""DAAR_gini"": 0.718, ""DAAR_IQR"": 101.862, ""DCAT_mean"": 133.279, ""DCAT_median"": 133.279, ""DCAT_std"": 0.0, ""DCAT_gini"": 0.0, ""DCAT_IQR"": 0.0, ""NAT_mean"": 8.5, ""NAT_median"": 8.5, ""NAT_std"": 2.121, ""NAT_gini"": 0.088, ""NAT_IQR"": 1.5}",0
dannygoncalves,Unknown,,{},0
danpii,Unknown,,{},0
danprime,Unknown,,{},0
danyim,Unknown,,{},0
darmie,Unknown,,{},0
datnq201088,Unknown,,{},0
daveteply,Bot,0.866,"{""NA"": 78.0, ""NT"": 2.0, ""NOR"": 1.0, ""ORR"": 1.0, ""DCA_mean"": 8.155, ""DCA_median"": 1.487, ""DCA_std"": 25.115, ""DCA_gini"": 0.776, ""NAR_mean"": 78.0, ""NAR_median"": 78.0, ""NAR_gini"": 0.0, ""NAR_IQR"": 0.0, ""NTR_mean"": 2.0, ""NTR_median"": 2.0, ""NTR_std"": 0.0, ""NTR_gini"": 0.0, ""NCAR_mean"": 78.0, ""NCAR_std"": 0.0, ""NCAR_IQR"": 0.0, ""DCAR_mean"": 627.92, ""DCAR_median"": 627.92, ""DCAR_std"": 0.0, ""DCAR_IQR"": 0.0, ""DAAR_mean"": NaN, ""DAAR_median"": NaN, ""DAAR_std"": 0.0, ""DAAR_gini"": 0.0, ""DAAR_IQR"": NaN, ""DCAT_mean"": 24.837, ""DCAT_median"": 24.837, ""DCAT_std"": 0.0, ""DCAT_gini"": 0.0, ""DCAT_IQR"": 0.0, ""NAT_mean"": 39.0, ""NAT_median"": 39.0, ""NAT_std"": 53.74, ""NAT_gini"": 0.487, ""NAT_IQR"": 38.0}",1
davewalk,Unknown,,{},0
davguij,Unknown,,{},0
davidalekna,Invalid,,{},0
davidpv,Unknown,,{},0
dbajpeyi,Human,0.794,"{""NA"": 8.0, ""NT"": 6.0, ""NOR"": 1.0, ""ORR"": 0.333, ""DCA_mean"": 133.541, ""DCA_median"": 144.732, ""DCA_std"": 130.737, ""DCA_gini"": 0.504, ""NAR_mean"": 2.667, ""NAR_median"": 1.0, ""NAR_gini"": 0.417, ""NAR_IQR"": 2.5, ""NTR_mean"": 2.333, ""NTR_median"": 1.0, ""NTR_std"": 2.309, ""NTR_gini"": 0.381, ""NCAR_mean"": 1.6, ""NCAR_std"": 0.894, ""NCAR_IQR"": 1.0, ""DCAR_mean"": 68.145, ""DCAR_median"": 0.0, ""DCAR_std"": 151.192, ""DCAR_IQR"": 2.125, ""DAAR_mean"": 148.516, ""DAAR_median"": 165.616, ""DAAR_std"": 90.375, ""DAAR_gini"": 0.285, ""DAAR_IQR"": 84.312, ""DCAT_mean"": 90.291, ""DCAT_median"": 25.442, ""DCAT_std"": 112.944, ""DCAT_gini"": 0.584, ""DCAT_IQR"": 184.402, ""NAT_mean"": 1.333, ""NAT_median"": 1.0, ""NAT_std"": 0.516, ""NAT_gini"": 0.167, ""NAT_IQR"": 0.75}",0
dbogda,Unknown,,{},0
debuggerpk,Human,0.905,"{""NA"": 9.0, ""NT"": 4.0, ""NOR"": 5.0, ""ORR"": 0.714, ""DCA_mean"": 81.339, ""DCA_median"": 17.835, ""DCA_std"": 107.763, ""DCA_gini"": 0.634, ""NAR_mean"": 1.286, ""NAR_median"": 1.0, ""NAR_gini"": 0.159, ""NAR_IQR"": 0.5, ""NTR_mean"": 1.143, ""NTR_median"": 1.0, ""NTR_std"": 0.378, ""NTR_gini"": 0.107, ""NCAR_mean"": 1.286, ""NCAR_std"": 0.488, ""NCAR_IQR"": 0.5, ""DCAR_mean"": 3.109, ""DCAR_median"": 0.0, ""DCAR_std"": 8.223, ""DCAR_IQR"": 0.003, ""DAAR_mean"": 104.825, ""DAAR_median"": 68.271, ""DAAR_std"": 116.461, ""DAAR_gini"": 0.547, ""DAAR_IQR"": 192.056, ""DCAT_mean"": 130.331, ""DCAT_median"": 124.052, ""DCAT_std"": 130.633, ""DCAT_gini"": 0.451, ""DCAT_IQR"": 214.79, ""NAT_mean"": 2.25, ""NAT_median"": 2.0, ""NAT_std"": 1.5, ""NAT_gini"": 0.306, ""NAT_IQR"": 2.25}",0
dedoyle,Unknown,,{},0
deebloo,Human,0.771,"{""NA"": 67.0, ""NT"": 6.0, ""NOR"": 3.0, ""ORR"": 0.5, ""DCA_mean"": 10.64, ""DCA_median"": 0.032, ""DCA_std"": 30.174, ""DCA_gini"": 0.895, ""NAR_mean"": 11.167, ""NAR_median"": 10.0, ""NAR_gini"": 0.336, ""NAR_IQR"": 5.0, ""NTR_mean"": 2.5, ""NTR_median"": 2.5, ""NTR_std"": 1.378, ""NTR_gini"": 0.278, ""NCAR_mean"": 3.722, ""NCAR_std"": 3.121, ""NCAR_IQR"": 3.5, ""DCAR_mean"": 3.168, ""DCAR_median"": 0.039, ""DCAR_std"": 11.903, ""DCAR_IQR"": 0.206, ""DAAR_mean"": 37.954, ""DAAR_median"": 10.087, ""DAAR_std"": 50.025, ""DAAR_gini"": 0.653, ""DAAR_IQR"": 53.44, ""DCAT_mean"": 16.744, ""DCAT_median"": 0.048, ""DCAT_std"": 39.908, ""DCAT_gini"": 0.855, ""DCAT_IQR"": 3.74, ""NAT_mean"": 11.167, ""NAT_median"": 3.0, ""NAT_std"": 21.489, ""NAT_gini"": 0.679, ""NAT_IQR"": 0.75}",0
dereklin,Unknown,,{},0
designnotdrum,Human,0.777,"{""NA"": 7.0, ""NT"": 2.0, ""NOR"": 6.0, ""ORR"": 1.0, ""DCA_mean"": 110.5, ""DCA_median"": 89.306, ""DCA_std"": 92.454, ""DCA_gini"": 0.423, ""NAR_mean"": 1.167, ""NAR_median"": 1.0, ""NAR_gini"": 0.119, ""NAR_IQR"": 0.0, ""NTR_mean"": 1.167, ""NTR_median"": 1.0, ""NTR_std"": 0.408, ""NTR_gini"": 0.119, ""NCAR_mean"": 1.167, ""NCAR_std"": 0.408, ""NCAR_IQR"": 0.0, ""DCAR_mean"": 0.02, ""DCAR_median"": 0.0, ""DCAR_std"": 0.05, ""DCAR_IQR"": 0.0, ""DAAR_mean"": 132.575, ""DAAR_median"": 94.17, ""DAAR_std"": 83.843, ""DAAR_gini"": 0.308, ""DAAR_IQR"": 118.867, ""DCAT_mean"": 0.122, ""DCAT_median"": 0.122, ""DCAT_std"": 0.0, ""DCAT_gini"": 0.0, ""DCAT_IQR"": 0.0, ""NAT_mean"": 3.5, ""NAT_median"": 3.5, ""NAT_std"": 3.536, ""NAT_gini"": 0.357, ""NAT_IQR"": 2.5}",0
devakone,Human,0.926,"{""NA"": 7.0, ""NT"": 3.0, ""NOR"": 7.0, ""ORR"": 1.0, ""DCA_mean"": 92.098, ""DCA_median"": 98.29, ""DCA_std"": 55.717, ""DCA_gini"": 0.307, ""NAR_mean"": 1.0, ""NAR_median"": 1.0, ""NAR_gini"": 0.0, ""NAR_IQR"": 0.0, ""NTR_mean"": 1.0, ""NTR_median"": 1.0, ""NTR_std"": 0.0, ""NTR_gini"": 0.0, ""NCAR_mean"": 1.0, ""NCAR_std"": 0.0, ""NCAR_IQR"": 0.0, ""DCAR_mean"": 0.0, ""DCAR_median"": 0.0, ""DCAR_std"": 0.0, ""DCAR_IQR"": 0.0, ""DAAR_mean"": 92.098, ""DAAR_median"": 98.29, ""DAAR_std"": 55.717, ""DAAR_gini"": 0.307, ""DAAR_IQR"": 79.401, ""DCAT_mean"": 95.826, ""DCAT_median"": 99.715, ""DCAT_std"": 70.095, ""DCAT_gini"": 0.325, ""DCAT_IQR"": 70.014, ""NAT_mean"": 2.333, ""NAT_median"": 1.0, ""NAT_std"": 2.309, ""NAT_gini"": 0.381, ""NAT_IQR"": 2.0}",0
devmark,Unknown,,{},0
devonzara,Bot,0.105,"{""NA"": 7.0, ""NT"": 2.0, ""NOR"": 1.0, ""ORR"": 0.167, ""DCA_mean"": 71.604, ""DCA_median"": 0.006, ""DCA_std"": 175.316, ""DCA_gini"": 0.833, ""NAR_mean"": 1.167, ""NAR_median"": 1.0, ""NAR_gini"": 0.119, ""NAR_IQR"": 0.0, ""NTR_mean"": 1.167, ""NTR_median"": 1.0, ""NTR_std"": 0.408, ""NTR_gini"": 0.119, ""NCAR_mean"": 1.167, ""NCAR_std"": 0.408, ""NCAR_IQR"": 0.0, ""DCAR_mean"": 0.0, ""DCAR_median"": 0.0, ""DCAR_std"": 0.0, ""DCAR_IQR"": 0.0, ""DAAR_mean"": 85.924, ""DAAR_median"": 0.006, ""DAAR_std"": 192.045, ""DAAR_gini"": 0.8, ""DAAR_IQR"": 0.136, ""DCAT_mean"": 214.733, ""DCAT_median"": 214.733, ""DCAT_std"": 303.677, ""DCAT_gini"": 0.5, ""DCAT_IQR"": 214.732, ""NAT_mean"": 3.5, ""NAT_median"": 3.5, ""NAT_std"": 3.536, ""NAT_gini"": 0.357, ""NAT_IQR"": 2.5}",1
devsaik,Unknown,,{},0
deyceg,Unknown,,{},0
dfromero,Human,0.537,"{""NA"": 5.0, ""NT"": 1.0, ""NOR"": 5.0, ""ORR"": 1.0, ""DCA_mean"": 110.222, ""DCA_median"": 134.2, ""DCA_std"": 76.5, ""DCA_gini"": 0.309, ""NAR_mean"": 1.0, ""NAR_median"": 1.0, ""NAR_gini"": 0.0, ""NAR_IQR"": 0.0, ""NTR_mean"": 1.0, ""NTR_median"": 1.0, ""NTR_std"": 0.0, ""NTR_gini"": 0.0, ""NCAR_mean"": 1.0, ""NCAR_std"": 0.0, ""NCAR_IQR"": 0.0, ""DCAR_mean"": 0.0, ""DCAR_median"": 0.0, ""DCAR_std"": 0.0, ""DCAR_IQR"": 0.0, ""DAAR_mean"": 110.222, ""DAAR_median"": 134.2, ""DAAR_std"": 76.5, ""DAAR_gini"": 0.309, ""DAAR_IQR"": 63.841, ""DCAT_mean"": NaN, ""DCAT_median"": NaN, ""DCAT_std"": 0.0, ""DCAT_gini"": 0.0, ""DCAT_IQR"": NaN, ""NAT_mean"": 5.0, ""NAT_median"": 5.0, ""NAT_std"": 0.0, ""NAT_gini"": 0.0, ""NAT_IQR"": 0.0}",0
dheerajui,Unknown,,{},0
digitalfiz,Invalid,,{},0
dingguijin,Human,0.598,"{""NA"": 18.0, ""NT"": 4.0, ""NOR"": 8.0, ""ORR"": 1.0, ""DCA_mean"": 10.833, ""DCA_median"": 0.192, ""DCA_std"": 31.157, ""DCA_gini"": 0.885, ""NAR_mean"": 2.25, ""NAR_median"": 2.0, ""NAR_gini"": 0.194, ""NAR_IQR"": 0.0, ""NTR_mean"": 1.875, ""NTR_median"": 2.0, ""NTR_std"": 0.354, ""NTR_gini"": 0.058, ""NCAR_mean"": 2.25, ""NCAR_std"": 1.165, ""NCAR_IQR"": 0.0, ""DCAR_mean"": 0.221, ""DCAR_median"": 0.002, ""DCAR_std"": 0.599, ""DCAR_IQR"": 0.025, ""DAAR_mean"": 26.057, ""DAAR_median"": 0.956, ""DAAR_std"": 46.139, ""DAAR_gini"": 0.737, ""DAAR_IQR"": 27.148, ""DCAT_mean"": 14.197, ""DCAT_median"": 0.041, ""DCAT_std"": 36.883, ""DCAT_gini"": 0.867, ""DCAT_IQR"": 0.707, ""NAT_mean"": 4.5, ""NAT_median"": 5.0, ""NAT_std"": 2.646, ""NAT_gini"": 0.278, ""NAT_IQR"": 3.0}",0
dinuchiriac,Unknown,,{},0
dirknilius,Unknown,,{},0
disharmonized,Unknown,,{},0
disolovyov,Unknown,,{},0
djedi,Human,0.734,"{""NA"": 6.0, ""NT"": 5.0, ""NOR"": 2.0, ""ORR"": 1.0, ""DCA_mean"": 80.96, ""DCA_median"": 0.032, ""DCA_std"": 180.772, ""DCA_gini"": 0.799, ""NAR_mean"": 3.0, ""NAR_median"": 3.0, ""NAR_gini"": 0.333, ""NAR_IQR"": 2.0, ""NTR_mean"": 2.5, ""NTR_median"": 2.5, ""NTR_std"": 2.121, ""NTR_gini"": 0.3, ""NCAR_mean"": 3.0, ""NCAR_std"": 2.828, ""NCAR_IQR"": 2.0, ""DCAR_mean"": 0.232, ""DCAR_median"": 0.232, ""DCAR_std"": 0.329, ""DCAR_IQR"": 0.232, ""DAAR_mean"": 404.334, ""DAAR_median"": 404.334, ""DAAR_std"": 0.0, ""DAAR_gini"": 0.0, ""DAAR_IQR"": 0.0, ""DCAT_mean"": 80.96, ""DCAT_median"": 0.032, ""DCAT_std"": 180.772, ""DCAT_gini"": 0.799, ""DCAT_IQR"": 0.411, ""NAT_mean"": 1.2, ""NAT_median"": 1.0, ""NAT_std"": 0.447, ""NAT_gini"": 0.133, ""NAT_IQR"": 0.0}",0
dlombardi,Human,0.897,"{""NA"": 7.0, ""NT"": 4.0, ""NOR"": 3.0, ""ORR"": 1.0, ""DCA_mean"": 206.925, ""DCA_median"": 0.721, ""DCA_std"": 328.468, ""DCA_gini"": 0.546, ""NAR_mean"": 2.333, ""NAR_median"": 1.0, ""NAR_gini"": 0.381, ""NAR_IQR"": 2.0, ""NTR_mean"": 1.667, ""NTR_median"": 1.0, ""NTR_std"": 1.155, ""NTR_gini"": 0.267, ""NCAR_mean"": 1.75, ""NCAR_std"": 0.957, ""NCAR_IQR"": 1.25, ""DCAR_mean"": 0.0, ""DCAR_median"": 0.0, ""DCAR_std"": 0.0, ""DCAR_IQR"": 0.0, ""DAAR_mean"": 413.85, ""DAAR_median"": 502.954, ""DAAR_std"": 375.864, ""DAAR_gini"": 0.395, ""DAAR_IQR"": 367.857, ""DCAT_mean"": 310.388, ""DCAT_median"": 252.197, ""DCAT_std"": 370.135, ""DCAT_gini"": 0.546, ""DCAT_IQR"": 560.423, ""NAT_mean"": 1.75, ""NAT_median"": 1.5, ""NAT_std"": 0.957, ""NAT_gini"": 0.25, ""NAT_IQR"": 1.25}",0
dmastag,Unknown,,{},0
dmitriynosenko,Unknown,,{},0
dnlbox,Human,0.551,"{""NA"": 47.0, ""NT"": 4.0, ""NOR"": 4.0, ""ORR"": 0.5, ""DCA_mean"": 9.271, ""DCA_median"": 0.093, ""DCA_std"": 26.449, ""DCA_gini"": 0.886, ""NAR_mean"": 5.875, ""NAR_median"": 4.0, ""NAR_gini"": 0.492, ""NAR_IQR"": 8.5, ""NTR_mean"": 1.75, ""NTR_median"": 1.5, ""NTR_std"": 0.886, ""NTR_gini"": 0.25, ""NCAR_mean"": 1.741, ""NCAR_std"": 1.873, ""NCAR_IQR"": 1.0, ""DCAR_mean"": 0.097, ""DCAR_median"": 0.0, ""DCAR_std"": 0.325, ""DCAR_IQR"": 0.002, ""DAAR_mean"": 16.301, ""DAAR_median"": 0.164, ""DAAR_std"": 33.778, ""DAAR_gini"": 0.805, ""DAAR_IQR"": 20.639, ""DCAT_mean"": 6.68, ""DCAT_median"": 0.092, ""DCAT_std"": 13.294, ""DCAT_gini"": 0.805, ""DCAT_IQR"": 0.508, ""NAT_mean"": 11.75, ""NAT_median"": 4.5, ""NAT_std"": 16.256, ""NAT_gini"": 0.559, ""NAT_IQR"": 10.75}",0
domoritz,Human,0.951,"{""NA"": 222.0, ""NT"": 12.0, ""NOR"": 11.0, ""ORR"": 0.478, ""DCA_mean"": 27.704, ""DCA_median"": 0.032, ""DCA_std"": 367.855, ""DCA_gini"": 0.987, ""NAR_mean"": 9.652, ""NAR_median"": 5.0, ""NAR_gini"": 0.625, ""NAR_IQR"": 8.5, ""NTR_mean"": 2.783, ""NTR_median"": 2.0, ""NTR_std"": 1.999, ""NTR_gini"": 0.361, ""NCAR_mean"": 2.523, ""NCAR_std"": 2.889, ""NCAR_IQR"": 2.0, ""DCAR_mean"": 0.971, ""DCAR_median"": 0.0, ""DCAR_std"": 5.035, ""DCAR_IQR"": 0.047, ""DAAR_mean"": 69.393, ""DAAR_median"": 0.101, ""DAAR_std"": 585.868, ""DAAR_gini"": 0.975, ""DAAR_IQR"": 2.885, ""DCAT_mean"": 34.034, ""DCAT_median"": 0.027, ""DCAT_std"": 408.697, ""DCAT_gini"": 0.986, ""DCAT_IQR"": 0.21, ""NAT_mean"": 18.5, ""NAT_median"": 6.0, ""NAT_std"": 23.685, ""NAT_gini"": 0.607, ""NAT_IQR"": 32.5}",0
donnygunawan93,Unknown,,{},0
doronsever,Unknown,,{},0
dpocheketa,Unknown,,{},0
drGrove,Bot,0.665,"{""NA"": 194.0, ""NT"": 3.0, ""NOR"": 6.0, ""ORR"": 1.0, ""DCA_mean"": 1.874, ""DCA_median"": 0.099, ""DCA_std"": 3.207, ""DCA_gini"": 0.73, ""NAR_mean"": 32.333, ""NAR_median"": 1.0, ""NAR_gini"": 0.808, ""NAR_IQR"": 0.0, ""NTR_mean"": 1.167, ""NTR_median"": 1.0, ""NTR_std"": 0.408, ""NTR_gini"": 0.119, ""NCAR_mean"": 19.4, ""NCAR_std"": 37.239, ""NCAR_IQR"": 21.0, ""DCAR_mean"": 34.209, ""DCAR_median"": 7.925, ""DCAR_std"": 52.556, ""DCAR_IQR"": 54.857, ""DAAR_mean"": 2.185, ""DAAR_median"": 0.996, ""DAAR_std"": 2.865, ""DAAR_gini"": 0.578, ""DAAR_IQR"": 2.346, ""DCAT_mean"": 2.262, ""DCAT_median"": 2.192, ""DCAT_std"": 1.878, ""DCAT_gini"": 0.444, ""DCAT_IQR"": 2.316, ""NAT_mean"": 64.667, ""NAT_median"": 32.0, ""NAT_std"": 82.033, ""NAT_gini"": 0.529, ""NAT_IQR"": 77.0}",1
drcsantos,Unknown,,{},0
drejohnson,Unknown,,{},0
drixie,Unknown,,{},0
drmikeh,Human,0.764,"{""NA"": 49.0, ""NT"": 7.0, ""NOR"": 1.0, ""ORR"": 0.2, ""DCA_mean"": 11.428, ""DCA_median"": 0.345, ""DCA_std"": 33.054, ""DCA_gini"": 0.885, ""NAR_mean"": 9.8, ""NAR_median"": 6.0, ""NAR_gini"": 0.424, ""NAR_IQR"": 6.0, ""NTR_mean"": 3.0, ""NTR_median"": 2.0, ""NTR_std"": 2.345, ""NTR_gini"": 0.347, ""NCAR_mean"": 6.125, ""NCAR_std"": 5.303, ""NCAR_IQR"": 6.25, ""DCAR_mean"": 16.515, ""DCAR_median"": 1.889, ""DCAR_std"": 36.158, ""DCAR_IQR"": 7.403, ""DAAR_mean"": 59.491, ""DAAR_median"": 27.066, ""DAAR_std"": 63.603, ""DAAR_gini"": 0.516, ""DAAR_IQR"": 84.955, ""DCAT_mean"": 15.413, ""DCAT_median"": 0.176, ""DCAT_std"": 40.298, ""DCAT_gini"": 0.866, ""DCAT_IQR"": 4.508, ""NAT_mean"": 7.0, ""NAT_median"": 5.0, ""NAT_std"": 7.071, ""NAT_gini"": 0.455, ""NAT_IQR"": 4.5}",0
drock07,Unknown,,{},0
dsimmons,Unknown,,{},0
dstroyrofworlds,Unknown,,{},0
dtolstyi,Unknown,,{},0
dts,Bot,0.412,"{""NA"": 42.0, ""NT"": 4.0, ""NOR"": 1.0, ""ORR"": 0.5, ""DCA_mean"": 0.723, ""DCA_median"": 0.086, ""DCA_std"": 2.062, ""DCA_gini"": 0.835, ""NAR_mean"": 21.0, ""NAR_median"": 21.0, ""NAR_gini"": 0.476, ""NAR_IQR"": 20.0, ""NTR_mean"": 2.5, ""NTR_median"": 2.5, ""NTR_std"": 2.121, ""NTR_gini"": 0.3, ""NCAR_mean"": 14.0, ""NCAR_std"": 21.656, ""NCAR_IQR"": 19.0, ""DCAR_mean"": 9.835, ""DCAR_median"": 2.203, ""DCAR_std"": 15.166, ""DCAR_IQR"": 13.65, ""DAAR_mean"": 0.066, ""DAAR_median"": 0.066, ""DAAR_std"": 0.05, ""DAAR_gini"": 0.271, ""DAAR_IQR"": 0.036, ""DCAT_mean"": 0.655, ""DCAT_median"": 0.074, ""DCAT_std"": 2.158, ""DCAT_gini"": 0.861, ""DCAT_IQR"": 0.312, ""NAT_mean"": 10.5, ""NAT_median"": 10.0, ""NAT_std"": 1.0, ""NAT_gini"": 0.036, ""NAT_IQR"": 0.5}",1
duleorlovic,Unknown,,{},0
dxxvi,Human,0.217,"{""NA"": 5.0, ""NT"": 2.0, ""NOR"": 1.0, ""ORR"": 0.333, ""DCA_mean"": 162.165, ""DCA_median"": 20.196, ""DCA_std"": 297.333, ""DCA_gini"": 0.706, ""NAR_mean"": 1.667, ""NAR_median"": 2.0, ""NAR_gini"": 0.133, ""NAR_IQR"": 0.5, ""NTR_mean"": 1.333, ""NTR_median"": 1.0, ""NTR_std"": 0.577, ""NTR_gini"": 0.167, ""NCAR_mean"": 1.667, ""NCAR_std"": 0.577, ""NCAR_IQR"": 0.5, ""DCAR_mean"": 8.482, ""DCAR_median"": 0.364, ""DCAR_std"": 14.378, ""DCAR_IQR"": 12.541, ""DAAR_mean"": 311.607, ""DAAR_median"": 311.607, ""DAAR_std"": 419.028, ""DAAR_gini"": 0.475, ""DAAR_IQR"": 296.297, ""DCAT_mean"": 0.364, ""DCAT_median"": 0.364, ""DCAT_std"": 0.0, ""DCAT_gini"": 0.0, ""DCAT_IQR"": 0.0, ""NAT_mean"": 2.5, ""NAT_median"": 2.5, ""NAT_std"": 2.121, ""NAT_gini"": 0.3, ""NAT_IQR"": 1.5}",0
dylanlawrence,Unknown,,{},0
dylanwatsonsoftware,Bot,0.613,"{""NA"": 87.0, ""NT"": 5.0, ""NOR"": 1.0, ""ORR"": 1.0, ""DCA_mean"": 3.626, ""DCA_median"": 0.109, ""DCA_std"": 10.261, ""DCA_gini"": 0.877, ""NAR_mean"": 87.0, ""NAR_median"": 87.0, ""NAR_gini"": 0.0, ""NAR_IQR"": 0.0, ""NTR_mean"": 5.0, ""NTR_median"": 5.0, ""NTR_std"": 0.0, ""NTR_gini"": 0.0, ""NCAR_mean"": 87.0, ""NCAR_std"": 0.0, ""NCAR_IQR"": 0.0, ""DCAR_mean"": 311.873, ""DCAR_median"": 311.873, ""DCAR_std"": 0.0, ""DCAR_IQR"": 0.0, ""DAAR_mean"": NaN, ""DAAR_median"": NaN, ""DAAR_std"": 0.0, ""DAAR_gini"": 0.0, ""DAAR_IQR"": NaN, ""DCAT_mean"": 3.63, ""DCAT_median"": 0.077, ""DCAT_std"": 9.081, ""DCAT_gini"": 0.861, ""DCAT_IQR"": 0.577, ""NAT_mean"": 17.4, ""NAT_median"": 15.0, ""NAT_std"": 10.784, ""NAT_gini"": 0.29, ""NAT_IQR"": 5.0}",1
dzafel,Unknown,,{},0
dzonatan,Human,0.947,"{""NA"": 33.0, ""NT"": 8.0, ""NOR"": 5.0, ""ORR"": 0.833, ""DCA_mean"": 21.189, ""DCA_median"": 4.583, ""DCA_std"": 33.534, ""DCA_gini"": 0.718, ""NAR_mean"": 5.5, ""NAR_median"": 1.0, ""NAR_gini"": 0.631, ""NAR_IQR"": 3.75, ""NTR_mean"": 1.833, ""NTR_median"": 1.0, ""NTR_std"": 2.041, ""NTR_gini"": 0.379, ""NCAR_mean"": 2.357, ""NCAR_std"": 2.061, ""NCAR_IQR"": 1.75, ""DCAR_mean"": 28.649, ""DCAR_median"": 0.002, ""DCAR_std"": 57.275, ""DCAR_IQR"": 24.212, ""DAAR_mean"": 21.306, ""DAAR_median"": 2.997, ""DAAR_std"": 28.94, ""DAAR_gini"": 0.664, ""DAAR_IQR"": 38.935, ""DCAT_mean"": 28.334, ""DCAT_median"": 4.144, ""DCAT_std"": 38.315, ""DCAT_gini"": 0.662, ""DCAT_IQR"": 45.344, ""NAT_mean"": 4.125, ""NAT_median"": 1.0, ""NAT_std"": 7.699, ""NAT_gini"": 0.64, ""NAT_IQR"": 0.75}",0
e-oz,Unknown,,{},0
ebowers,Unknown,,{},0
eddiemonge,Unknown,,{},0
edimoldovan,Unknown,,{},0
edmanolache,Unknown,,{},0
edu2004eu,Unknown,,{},0
eduardosanzb,Unknown,,{},0
egor-smirnov,Unknown,,{},0
ehteshamkafeel,Unknown,,{},0
eigotec,Unknown,,{},0
elado,Unknown,,{},0
elboman,Unknown,,{},0
elimence,Unknown,,{},0
elliot-a,Unknown,,{},0
elouazzany,Unknown,,{},0
emersonmellado,Unknown,,{},0
end-user,Unknown,,{},0
eperedo,Human,0.582,"{""NA"": 52.0, ""NT"": 7.0, ""NOR"": 2.0, ""ORR"": 0.25, ""DCA_mean"": 13.928, ""DCA_median"": 2.735, ""DCA_std"": 23.49, ""DCA_gini"": 0.733, ""NAR_mean"": 6.5, ""NAR_median"": 4.0, ""NAR_gini"": 0.486, ""NAR_IQR"": 5.25, ""NTR_mean"": 2.875, ""NTR_median"": 3.0, ""NTR_std"": 1.458, ""NTR_gini"": 0.266, ""NCAR_mean"": 2.261, ""NCAR_std"": 1.888, ""NCAR_IQR"": 2.0, ""DCAR_mean"": 10.607, ""DCAR_median"": 0.0, ""DCAR_std"": 23.908, ""DCAR_IQR"": 6.05, ""DAAR_mean"": 21.199, ""DAAR_median"": 9.882, ""DAAR_std"": 26.413, ""DAAR_gini"": 0.615, ""DAAR_IQR"": 41.095, ""DCAT_mean"": 14.029, ""DCAT_median"": 1.137, ""DCAT_std"": 26.071, ""DCAT_gini"": 0.762, ""DCAT_IQR"": 10.331, ""NAT_mean"": 7.429, ""NAT_median"": 6.0, ""NAT_std"": 6.321, ""NAT_gini"": 0.429, ""NAT_IQR"": 7.0}",0
equero,Unknown,,{},0
ereze,Unknown,,{},0
erichiggins,Unknown,,{},0
erikdonohoo,Unknown,,{},0
eseceve,Bot,0.085,"{""NA"": 11.0, ""NT"": 5.0, ""NOR"": 1.0, ""ORR"": 1.0, ""DCA_mean"": 2.868, ""DCA_median"": 0.398, ""DCA_std"": 4.685, ""DCA_gini"": 0.716, ""NAR_mean"": 11.0, ""NAR_median"": 11.0, ""NAR_gini"": 0.0, ""NAR_IQR"": 0.0, ""NTR_mean"": 5.0, ""NTR_median"": 5.0, ""NTR_std"": 0.0, ""NTR_gini"": 0.0, ""NCAR_mean"": 11.0, ""NCAR_std"": 0.0, ""NCAR_IQR"": 0.0, ""DCAR_mean"": 28.681, ""DCAR_median"": 28.681, ""DCAR_std"": 0.0, ""DCAR_IQR"": 0.0, ""DAAR_mean"": NaN, ""DAAR_median"": NaN, ""DAAR_std"": 0.0, ""DAAR_gini"": 0.0, ""DAAR_IQR"": NaN, ""DCAT_mean"": 4.698, ""DCAT_median"": 3.323, ""DCAT_std"": 5.428, ""DCAT_gini"": 0.556, ""DCAT_IQR"": 5.748, ""NAT_mean"": 2.2, ""NAT_median"": 1.0, ""NAT_std"": 1.789, ""NAT_gini"": 0.364, ""NAT_IQR"": 2.0}",1
esquevin,Unknown,,{},0
estudiooka,Unknown,,{},0
fa8ster,Invalid,,{},0
faidoc,Unknown,,{},0
falahatiali,Unknown,,{},0
fannur,Unknown,,{},0
fd,Unknown,,{},0
fdcastel,Human,0.909,"{""NA"": 273.0, ""NT"": 12.0, ""NOR"": 5.0, ""ORR"": 0.333, ""DCA_mean"": 0.7, ""DCA_median"": 0.101, ""DCA_std"": 2.647, ""DCA_gini"": 0.856, ""NAR_mean"": 18.2, ""NAR_median"": 8.0, ""NAR_gini"": 0.592, ""NAR_IQR"": 16.0, ""NTR_mean"": 2.467, ""NTR_median"": 2.0, ""NTR_std"": 1.846, ""NTR_gini"": 0.375, ""NCAR_mean"": 2.294, ""NCAR_std"": 4.552, ""NCAR_IQR"": 1.0, ""DCAR_mean"": 0.435, ""DCAR_median"": 0.0, ""DCAR_std"": 1.708, ""DCAR_IQR"": 0.167, ""DAAR_mean"": 1.175, ""DAAR_median"": 0.113, ""DAAR_std"": 3.687, ""DAAR_gini"": 0.865, ""DAAR_IQR"": 0.37, ""DCAT_mean"": 1.198, ""DCAT_median"": 0.142, ""DCAT_std"": 3.668, ""DCAT_gini"": 0.853, ""DCAT_IQR"": 0.388, ""NAT_mean"": 22.75, ""NAT_median"": 5.5, ""NAT_std"": 53.786, ""NAT_gini"": 0.754, ""NAT_IQR"": 9.0}",0
fespinoza,Human,0.02,"{""NA"": 15.0, ""NT"": 4.0, ""NOR"": 1.0, ""ORR"": 1.0, ""DCA_mean"": 50.317, ""DCA_median"": 14.249, ""DCA_std"": 92.913, ""DCA_gini"": 0.753, ""NAR_mean"": 15.0, ""NAR_median"": 15.0, ""NAR_gini"": 0.0, ""NAR_IQR"": 0.0, ""NTR_mean"": 4.0, ""NTR_median"": 4.0, ""NTR_std"": 0.0, ""NTR_gini"": 0.0, ""NCAR_mean"": 15.0, ""NCAR_std"": 0.0, ""NCAR_IQR"": 0.0, ""DCAR_mean"": 704.439, ""DCAR_median"": 704.439, ""DCAR_std"": 0.0, ""DCAR_IQR"": 0.0, ""DAAR_mean"": NaN, ""DAAR_median"": NaN, ""DAAR_std"": 0.0, ""DAAR_gini"": 0.0, ""DAAR_IQR"": NaN, ""DCAT_mean"": 71.758, ""DCAT_median"": 14.582, ""DCAT_std"": 119.239, ""DCAT_gini"": 0.719, ""DCAT_IQR"": 71.436, ""NAT_mean"": 3.75, ""NAT_median"": 2.0, ""NAT_std"": 4.272, ""NAT_gini"": 0.483, ""NAT_IQR"": 3.75}",0
fpernia,Unknown,,{},0
frankalbenesius,Human,0.343,"{""NA"": 7.0, ""NT"": 6.0, ""NOR"": 2.0, ""ORR"": 1.0, ""DCA_mean"": 0.109, ""DCA_median"": 0.1, ""DCA_std"": 0.056, ""DCA_gini"": 0.253, ""NAR_mean"": 3.5, ""NAR_median"": 3.5, ""NAR_gini"": 0.071, ""NAR_IQR"": 0.5, ""NTR_mean"": 3.0, ""NTR_median"": 3.0, ""NTR_std"": 1.414, ""NTR_gini"": 0.167, ""NCAR_mean"": 1.167, ""NCAR_std"": 0.408, ""NCAR_IQR"": 0.0, ""DCAR_mean"": 0.009, ""DCAR_median"": 0.0, ""DCAR_std"": 0.021, ""DCAR_IQR"": 0.0, ""DAAR_mean"": 0.121, ""DAAR_median"": 0.128, ""DAAR_std"": 0.054, ""DAAR_gini"": 0.217, ""DAAR_IQR"": 0.065, ""DCAT_mean"": 0.109, ""DCAT_median"": 0.1, ""DCAT_std"": 0.056, ""DCAT_gini"": 0.253, ""DCAT_IQR"": 0.065, ""NAT_mean"": 1.167, ""NAT_median"": 1.0, ""NAT_std"": 0.408, ""NAT_gini"": 0.119, ""NAT_IQR"": 0.0}",0
frankradocaj,Unknown,,{},0
franzherzog,Unknown,,{},0
freeman29,Unknown,,{},0
fubu,Unknown,,{},0
fuchao2012,Unknown,,{},0
furnace915,Unknown,,{},0
fvezzoso,Unknown,,{},0
gablabelle,Unknown,,{},0
gaboesquivel,Human,0.628,"{""NA"": 14.0, ""NT"": 5.0, ""NOR"": 2.0, ""ORR"": 0.5, ""DCA_mean"": 31.445, ""DCA_median"": 3.911, ""DCA_std"": 86.081, ""DCA_gini"": 0.828, ""NAR_mean"": 3.5, ""NAR_median"": 3.5, ""NAR_gini"": 0.357, ""NAR_IQR"": 5.0, ""NTR_mean"": 1.75, ""NTR_median"": 1.0, ""NTR_std"": 1.5, ""NTR_gini"": 0.321, ""NCAR_mean"": 2.0, ""NCAR_std"": 1.915, ""NCAR_IQR"": 1.0, ""DCAR_mean"": 3.545, ""DCAR_median"": 0.0, ""DCAR_std"": 6.348, ""DCAR_IQR"": 4.551, ""DAAR_mean"": 63.995, ""DAAR_median"": 18.088, ""DAAR_std"": 124.024, ""DAAR_gini"": 0.719, ""DAAR_IQR"": 18.961, ""DCAT_mean"": 53.125, ""DCAT_median"": 8.489, ""DCAT_std"": 116.452, ""DCAT_gini"": 0.78, ""DCAT_IQR"": 19.303, ""NAT_mean"": 2.8, ""NAT_median"": 1.0, ""NAT_std"": 4.025, ""NAT_gini"": 0.514, ""NAT_IQR"": 0.0}",0
gadieichhorn,Human,0.032,"{""NA"": 5.0, ""NT"": 3.0, ""NOR"": 1.0, ""ORR"": 1.0, ""DCA_mean"": 1.718, ""DCA_median"": 0.809, ""DCA_std"": 2.413, ""DCA_gini"": 0.606, ""NAR_mean"": 5.0, ""NAR_median"": 5.0, ""NAR_gini"": 0.0, ""NAR_IQR"": 0.0, ""NTR_mean"": 3.0, ""NTR_median"": 3.0, ""NTR_std"": 0.0, ""NTR_gini"": 0.0, ""NCAR_mean"": 5.0, ""NCAR_std"": 0.0, ""NCAR_IQR"": 0.0, ""DCAR_mean"": 6.872, ""DCAR_median"": 6.872, ""DCAR_std"": 0.0, ""DCAR_IQR"": 0.0, ""DAAR_mean"": NaN, ""DAAR_median"": NaN, ""DAAR_std"": 0.0, ""DAAR_gini"": 0.0, ""DAAR_IQR"": NaN, ""DCAT_mean"": 0.172, ""DCAT_median"": 0.172, ""DCAT_std"": 0.232, ""DCAT_gini"": 0.477, ""DCAT_IQR"": 0.164, ""NAT_mean"": 1.667, ""NAT_median"": 1.0, ""NAT_std"": 1.155, ""NAT_gini"": 0.267, ""NAT_IQR"": 1.0}",0
galenmarchetti,Unknown,,{},0
gameboyzone,Unknown,,{},0
gangadharjannu,Bot,0.744,"{""NA"": 44.0, ""NT"": 1.0, ""NOR"": 44.0, ""ORR"": 1.0, ""DCA_mean"": 15.117, ""DCA_median"": 1.085, ""DCA_std"": 23.654, ""DCA_gini"": 0.729, ""NAR_mean"": 1.0, ""NAR_median"": 1.0, ""NAR_gini"": 0.0, ""NAR_IQR"": 0.0, ""NTR_mean"": 1.0, ""NTR_median"": 1.0, ""NTR_std"": 0.0, ""NTR_gini"": 0.0, ""NCAR_mean"": 1.0, ""NCAR_std"": 0.0, ""NCAR_IQR"": 0.0, ""DCAR_mean"": 0.0, ""DCAR_median"": 0.0, ""DCAR_std"": 0.0, ""DCAR_IQR"": 0.0, ""DAAR_mean"": 15.117, ""DAAR_median"": 1.085, ""DAAR_std"": 23.654, ""DAAR_gini"": 0.729, ""DAAR_IQR"": 24.216, ""DCAT_mean"": NaN, ""DCAT_median"": NaN, ""DCAT_std"": 0.0, ""DCAT_gini"": 0.0, ""DCAT_IQR"": NaN, ""NAT_mean"": 44.0, ""NAT_median"": 44.0, ""NAT_std"": 0.0, ""NAT_gini"": 0.0, ""NAT_IQR"": 0.0}",1
gauravsahu21,Unknown,,{},0
gavinbarron,Human,0.895,"{""NA"": 75.0, ""NT"": 10.0, ""NOR"": 2.0, ""ORR"": 0.167, ""DCA_mean"": 15.634, ""DCA_median"": 0.118, ""DCA_std"": 92.576, ""DCA_gini"": 0.95, ""NAR_mean"": 6.25, ""NAR_median"": 3.5, ""NAR_gini"": 0.557, ""NAR_IQR"": 6.75, ""NTR_mean"": 3.083, ""NTR_median"": 2.0, ""NTR_std"": 2.429, ""NTR_gini"": 0.399, ""NCAR_mean"": 2.273, ""NCAR_std"": 2.198, ""NCAR_IQR"": 1.0, ""DCAR_mean"": 0.335, ""DCAR_median"": 0.0, ""DCAR_std"": 1.104, ""DCAR_IQR"": 0.201, ""DAAR_mean"": 35.809, ""DAAR_median"": 0.534, ""DAAR_std"": 139.43, ""DAAR_gini"": 0.897, ""DAAR_IQR"": 16.21, ""DCAT_mean"": 19.052, ""DCAT_median"": 0.104, ""DCAT_std"": 105.212, ""DCAT_gini"": 0.949, ""DCAT_IQR"": 1.568, ""NAT_mean"": 7.5, ""NAT_median"": 4.0, ""NAT_std"": 7.778, ""NAT_gini"": 0.497, ""NAT_IQR"": 9.0}",0
gelevanog,Human,0.905,"{""NA"": 8.0, ""NT"": 3.0, ""NOR"": 6.0, ""ORR"": 1.0, ""DCA_mean"": 65.752, ""DCA_median"": 26.931, ""DCA_std"": 73.512, ""DCA_gini"": 0.551, ""NAR_mean"": 1.333, ""NAR_median"": 1.0, ""NAR_gini"": 0.208, ""NAR_IQR"": 0.0, ""NTR_mean"": 1.333, ""NTR_median"": 1.0, ""NTR_std"": 0.816, ""NTR_gini"": 0.208, ""NCAR_mean"": 1.143, ""NCAR_std"": 0.378, ""NCAR_IQR"": 0.0, ""DCAR_mean"": 3.847, ""DCAR_median"": 0.0, ""DCAR_std"": 10.179, ""DCAR_IQR"": 0.0, ""DAAR_mean"": 72.223, ""DAAR_median"": 48.271, ""DAAR_std"": 78.315, ""DAAR_gini"": 0.54, ""DAAR_IQR"": 114.596, ""DCAT_mean"": 79.733, ""DCAT_median"": 70.513, ""DCAT_std"": 57.966, ""DCAT_gini"": 0.32, ""DCAT_IQR"": 57.413, ""NAT_mean"": 2.667, ""NAT_median"": 1.0, ""NAT_std"": 2.887, ""NAT_gini"": 0.417, ""NAT_IQR"": 2.5}",0
gen4sp,Unknown,,{},0
genu,Human,0.844,"{""NA"": 152.0, ""NT"": 9.0, ""NOR"": 3.0, ""ORR"": 0.333, ""DCA_mean"": 1.497, ""DCA_median"": 0.007, ""DCA_std"": 6.327, ""DCA_gini"": 0.939, ""NAR_mean"": 16.889, ""NAR_median"": 6.0, ""NAR_gini"": 0.661, ""NAR_IQR"": 9.0, ""NTR_mean"": 2.667, ""NTR_median"": 2.0, ""NTR_std"": 2.062, ""NTR_gini"": 0.287, ""NCAR_mean"": 6.333, ""NCAR_std"": 12.211, ""NCAR_IQR"": 4.0, ""DCAR_mean"": 3.934, ""DCAR_median"": 0.001, ""DCAR_std"": 12.138, ""DCAR_IQR"": 0.02, ""DAAR_mean"": 5.723, ""DAAR_median"": 0.007, ""DAAR_std"": 13.407, ""DAAR_gini"": 0.853, ""DAAR_IQR"": 0.119, ""DCAT_mean"": 1.571, ""DCAT_median"": 0.009, ""DCAT_std"": 6.506, ""DCAT_gini"": 0.936, ""DCAT_IQR"": 0.14, ""NAT_mean"": 16.889, ""NAT_median"": 11.0, ""NAT_std"": 20.319, ""NAT_gini"": 0.577, ""NAT_IQR"": 20.0}",0
geoHeil,Human,0.889,"{""NA"": 78.0, ""NT"": 11.0, ""NOR"": 4.0, ""ORR"": 0.667, ""DCA_mean"": 2.12, ""DCA_median"": 0.147, ""DCA_std"": 4.178, ""DCA_gini"": 0.8, ""NAR_mean"": 13.0, ""NAR_median"": 12.5, ""NAR_gini"": 0.402, ""NAR_IQR"": 14.5, ""NTR_mean"": 3.167, ""NTR_median"": 2.0, ""NTR_std"": 2.787, ""NTR_gini"": 0.412, ""NCAR_mean"": 1.56, ""NCAR_std"": 1.473, ""NCAR_IQR"": 1.0, ""DCAR_mean"": 0.848, ""DCAR_median"": 0.0, ""DCAR_std"": 3.074, ""DCAR_IQR"": 0.01, ""DAAR_mean"": 2.466, ""DAAR_median"": 0.194, ""DAAR_std"": 4.62, ""DAAR_gini"": 0.784, ""DAAR_IQR"": 2.304, ""DCAT_mean"": 2.891, ""DCAT_median"": 0.503, ""DCAT_std"": 4.768, ""DCAT_gini"": 0.74, ""DCAT_IQR"": 2.78, ""NAT_mean"": 7.091, ""NAT_median"": 3.0, ""NAT_std"": 10.53, ""NAT_gini"": 0.599, ""NAT_IQR"": 6.0}",0
getglad,Human,0.344,"{""NA"": 5.0, ""NT"": 5.0, ""NOR"": 1.0, ""ORR"": 1.0, ""DCA_mean"": 71.457, ""DCA_median"": 46.385, ""DCA_std"": 92.007, ""DCA_gini"": 0.587, ""NAR_mean"": 5.0, ""NAR_median"": 5.0, ""NAR_gini"": 0.0, ""NAR_IQR"": 0.0, ""NTR_mean"": 5.0, ""NTR_median"": 5.0, ""NTR_std"": 0.0, ""NTR_gini"": 0.0, ""NCAR_mean"": 5.0, ""NCAR_std"": 0.0, ""NCAR_IQR"": 0.0, ""DCAR_mean"": 285.828, ""DCAR_median"": 285.828, ""DCAR_std"": 0.0, ""DCAR_IQR"": 0.0, ""DAAR_mean"": NaN, ""DAAR_median"": NaN, ""DAAR_std"": 0.0, ""DAAR_gini"": 0.0, ""DAAR_IQR"": NaN, ""DCAT_mean"": 71.457, ""DCAT_median"": 46.385, ""DCAT_std"": 92.007, ""DCAT_gini"": 0.587, ""DCAT_IQR"": 117.604, ""NAT_mean"": 1.0, ""NAT_median"": 1.0, ""NAT_std"": 0.0, ""NAT_gini"": 0.0, ""NAT_IQR"": 0.0}",0
gimox,Unknown,,{},0
gintsgints,Human,0.734,"{""NA"": 31.0, ""NT"": 5.0, ""NOR"": 2.0, ""ORR"": 0.667, ""DCA_mean"": 20.39, ""DCA_median"": 1.781, ""DCA_std"": 53.741, ""DCA_gini"": 0.83, ""NAR_mean"": 10.333, ""NAR_median"": 1.0, ""NAR_gini"": 0.602, ""NAR_IQR"": 14.0, ""NTR_mean"": 2.333, ""NTR_median"": 1.0, ""NTR_std"": 2.309, ""NTR_gini"": 0.381, ""NCAR_mean"": 6.2, ""NCAR_std"": 11.077, ""NCAR_IQR"": 1.0, ""DCAR_mean"": 29.702, ""DCAR_median"": 0.0, ""DCAR_std"": 65.472, ""DCAR_IQR"": 1.695, ""DAAR_mean"": 115.801, ""DAAR_median"": 87.066, ""DAAR_std"": 114.959, ""DAAR_gini"": 0.451, ""DAAR_IQR"": 91.901, ""DCAT_mean"": 28.389, ""DCAT_median"": 4.362, ""DCAT_std"": 64.59, ""DCAT_gini"": 0.8, ""DCAT_IQR"": 19.555, ""NAT_mean"": 6.2, ""NAT_median"": 3.0, ""NAT_std"": 7.19, ""NAT_gini"": 0.452, ""NAT_IQR"": 1.0}",0
girod,Unknown,,{},0
gitsuraj,Unknown,,{},0
glennz,Unknown,,{},0
glsee,Unknown,,{},0
gnicol-bzh,Unknown,,{},0
gokhandemirtas,Human,0.809,"{""NA"": 12.0, ""NT"": 3.0, ""NOR"": 3.0, ""ORR"": 1.0, ""DCA_mean"": 63.621, ""DCA_median"": 48.832, ""DCA_std"": 50.377, ""DCA_gini"": 0.421, ""NAR_mean"": 4.0, ""NAR_median"": 1.0, ""NAR_gini"": 0.5, ""NAR_IQR"": 4.5, ""NTR_mean"": 1.333, ""NTR_median"": 1.0, ""NTR_std"": 0.577, ""NTR_gini"": 0.167, ""NCAR_mean"": 3.0, ""NCAR_std"": 2.449, ""NCAR_IQR"": 3.5, ""DCAR_mean"": 121.063, ""DCAR_median"": 119.365, ""DCAR_std"": 139.82, ""DCAR_IQR"": 240.428, ""DAAR_mean"": 71.858, ""DAAR_median"": 96.135, ""DAAR_std"": 63.103, ""DAAR_gini"": 0.368, ""DAAR_IQR"": 59.498, ""DCAT_mean"": 83.911, ""DCAT_median"": 107.632, ""DCAT_std"": 56.225, ""DCAT_gini"": 0.281, ""DCAT_IQR"": 46.76, ""NAT_mean"": 4.0, ""NAT_median"": 2.0, ""NAT_std"": 4.359, ""NAT_gini"": 0.444, ""NAT_IQR"": 4.0}",0
goncalomarques,Unknown,,{},0
goodmind,Unknown,,{},0
grahamtwine,Unknown,,{},0
greg-js,Unknown,,{},0
grimaldo,Unknown,,{},0
grimurd,Unknown,,{},0
gryftir,Unknown,,{},0
gsemet,Human,0.826,"{""NA"": 16.0, ""NT"": 3.0, ""NOR"": 6.0, ""ORR"": 1.0, ""DCA_mean"": 29.953, ""DCA_median"": 13.379, ""DCA_std"": 39.308, ""DCA_gini"": 0.624, ""NAR_mean"": 2.667, ""NAR_median"": 2.5, ""NAR_gini"": 0.312, ""NAR_IQR"": 2.5, ""NTR_mean"": 1.333, ""NTR_median"": 1.0, ""NTR_std"": 0.516, ""NTR_gini"": 0.167, ""NCAR_mean"": 2.286, ""NCAR_std"": 1.113, ""NCAR_IQR"": 1.5, ""DCAR_mean"": 22.326, ""DCAR_median"": 23.079, ""DCAR_std"": 25.524, ""DCAR_IQR"": 30.369, ""DAAR_mean"": 48.836, ""DAAR_median"": 37.986, ""DAAR_std"": 54.544, ""DAAR_gini"": 0.549, ""DAAR_IQR"": 67.973, ""DCAT_mean"": 60.213, ""DCAT_median"": 62.558, ""DCAT_std"": 53.399, ""DCAT_gini"": 0.439, ""DCAT_IQR"": 53.135, ""NAT_mean"": 5.333, ""NAT_median"": 3.0, ""NAT_std"": 5.859, ""NAT_gini"": 0.458, ""NAT_IQR"": 5.5}",0
gt-tech,Unknown,,{},0
gunish,Unknown,,{},0
handijk,Unknown,,{},0
haohello,Unknown,,{},0
harconst,Unknown,,{},0
hardywu,Unknown,,{},0
hartwm,Unknown,,{},0
hassansw,Unknown,,{},0
healthyme,Unknown,,{},0
hege088,Unknown,,{},0
heikoholland,Unknown,,{},0
henry74,Unknown,,{},0
heshamelmasry77,Unknown,,{},0
hilel,Unknown,,{},0
histfuture,Unknown,,{},0
homeway,Unknown,,{},0
horizon0514,Bot,0.053,"{""NA"": 21.0, ""NT"": 1.0, ""NOR"": 20.0, ""ORR"": 0.952, ""DCA_mean"": 35.527, ""DCA_median"": 22.107, ""DCA_std"": 40.659, ""DCA_gini"": 0.56, ""NAR_mean"": 1.0, ""NAR_median"": 1.0, ""NAR_gini"": 0.0, ""NAR_IQR"": 0.0, ""NTR_mean"": 1.0, ""NTR_median"": 1.0, ""NTR_std"": 0.0, ""NTR_gini"": 0.0, ""NCAR_mean"": 1.0, ""NCAR_std"": 0.0, ""NCAR_IQR"": 0.0, ""DCAR_mean"": 0.0, ""DCAR_median"": 0.0, ""DCAR_std"": 0.0, ""DCAR_IQR"": 0.0, ""DAAR_mean"": 35.527, ""DAAR_median"": 22.107, ""DAAR_std"": 40.659, ""DAAR_gini"": 0.56, ""DAAR_IQR"": 39.708, ""DCAT_mean"": NaN, ""DCAT_median"": NaN, ""DCAT_std"": 0.0, ""DCAT_gini"": 0.0, ""DCAT_IQR"": NaN, ""NAT_mean"": 21.0, ""NAT_median"": 21.0, ""NAT_std"": 0.0, ""NAT_gini"": 0.0, ""NAT_IQR"": 0.0}",1
hourliert,Unknown,,{},0
huguangju,Human,0.872,"{""NA"": 19.0, ""NT"": 3.0, ""NOR"": 16.0, ""ORR"": 0.889, ""DCA_mean"": 32.042, ""DCA_median"": 17.197, ""DCA_std"": 44.3, ""DCA_gini"": 0.629, ""NAR_mean"": 1.056, ""NAR_median"": 1.0, ""NAR_gini"": 0.05, ""NAR_IQR"": 0.0, ""NTR_mean"": 1.056, ""NTR_median"": 1.0, ""NTR_std"": 0.236, ""NTR_gini"": 0.05, ""NCAR_mean"": 1.056, ""NCAR_std"": 0.236, ""NCAR_IQR"": 0.0, ""DCAR_mean"": 0.04, ""DCAR_median"": 0.0, ""DCAR_std"": 0.168, ""DCAR_IQR"": 0.0, ""DAAR_mean"": 33.885, ""DAAR_median"": 21.804, ""DAAR_std"": 44.947, ""DAAR_gini"": 0.609, ""DAAR_IQR"": 32.106, ""DCAT_mean"": 48.819, ""DCAT_median"": 21.804, ""DCAT_std"": 71.309, ""DCAT_gini"": 0.608, ""DCAT_IQR"": 24.058, ""NAT_mean"": 6.333, ""NAT_median"": 2.0, ""NAT_std"": 8.386, ""NAT_gini"": 0.526, ""NAT_IQR"": 7.5}",0
hwoarangzk,Unknown,,{},0
iam4x,Human,0.856,"{""NA"": 10.0, ""NT"": 3.0, ""NOR"": 3.0, ""ORR"": 0.429, ""DCA_mean"": 69.947, ""DCA_median"": 33.561, ""DCA_std"": 84.889, ""DCA_gini"": 0.573, ""NAR_mean"": 1.429, ""NAR_median"": 1.0, ""NAR_gini"": 0.171, ""NAR_IQR"": 1.0, ""NTR_mean"": 1.0, ""NTR_median"": 1.0, ""NTR_std"": 0.0, ""NTR_gini"": 0.0, ""NCAR_mean"": 1.111, ""NCAR_std"": 0.333, ""NCAR_IQR"": 0.0, ""DCAR_mean"": 0.003, ""DCAR_median"": 0.0, ""DCAR_std"": 0.008, ""DCAR_IQR"": 0.0, ""DAAR_mean"": 78.687, ""DAAR_median"": 50.373, ""DAAR_std"": 86.312, ""DAAR_gini"": 0.52, ""DAAR_IQR"": 65.55, ""DCAT_mean"": 79.413, ""DCAT_median"": 27.486, ""DCAT_std"": 122.778, ""DCAT_gini"": 0.629, ""DCAT_IQR"": 74.651, ""NAT_mean"": 3.333, ""NAT_median"": 1.0, ""NAT_std"": 4.041, ""NAT_gini"": 0.467, ""NAT_IQR"": 3.5}",0
ianks,Human,0.957,"{""NA"": 95.0, ""NT"": 12.0, ""NOR"": 6.0, ""ORR"": 0.6, ""DCA_mean"": 7.548, ""DCA_median"": 0.15, ""DCA_std"": 20.339, ""DCA_gini"": 0.878, ""NAR_mean"": 9.5, ""NAR_median"": 3.0, ""NAR_gini"": 0.639, ""NAR_IQR"": 8.5, ""NTR_mean"": 3.1, ""NTR_median"": 3.0, ""NTR_std"": 1.853, ""NTR_gini"": 0.306, ""NCAR_mean"": 3.958, ""NCAR_std"": 6.362, ""NCAR_IQR"": 2.0, ""DCAR_mean"": 10.073, ""DCAR_median"": 0.0, ""DCAR_std"": 25.157, ""DCAR_IQR"": 0.71, ""DAAR_mean"": 20.338, ""DAAR_median"": 1.059, ""DAAR_std"": 31.58, ""DAAR_gini"": 0.722, ""DAAR_IQR"": 33.181, ""DCAT_mean"": 8.099, ""DCAT_median"": 0.071, ""DCAT_std"": 20.452, ""DCAT_gini"": 0.869, ""DCAT_IQR"": 1.832, ""NAT_mean"": 7.917, ""NAT_median"": 2.5, ""NAT_std"": 9.529, ""NAT_gini"": 0.575, ""NAT_IQR"": 10.75}",0
idanb11,Unknown,,{},0
idoo,Human,0.594,"{""NA"": 23.0, ""NT"": 2.0, ""NOR"": 23.0, ""ORR"": 1.0, ""DCA_mean"": 30.56, ""DCA_median"": 25.099, ""DCA_std"": 28.129, ""DCA_gini"": 0.503, ""NAR_mean"": 1.0, ""NAR_median"": 1.0, ""NAR_gini"": 0.0, ""NAR_IQR"": 0.0, ""NTR_mean"": 1.0, ""NTR_median"": 1.0, ""NTR_std"": 0.0, ""NTR_gini"": 0.0, ""NCAR_mean"": 1.0, ""NCAR_std"": 0.0, ""NCAR_IQR"": 0.0, ""DCAR_mean"": 0.0, ""DCAR_median"": 0.0, ""DCAR_std"": 0.0, ""DCAR_IQR"": 0.0, ""DAAR_mean"": 30.56, ""DAAR_median"": 25.099, ""DAAR_std"": 28.129, ""DAAR_gini"": 0.503, ""DAAR_IQR"": 43.012, ""DCAT_mean"": 1.702, ""DCAT_median"": 1.702, ""DCAT_std"": 0.0, ""DCAT_gini"": 0.0, ""DCAT_IQR"": 0.0, ""NAT_mean"": 11.5, ""NAT_median"": 11.5, ""NAT_std"": 14.849, ""NAT_gini"": 0.457, ""NAT_IQR"": 10.5}",0
idwd,Unknown,,{},0
igisav,Unknown,,{},0
igor-yamshchykov,Unknown,,{},0
iki,Human,0.127,"{""NA"": 203.0, ""NT"": 6.0, ""NOR"": 152.0, ""ORR"": 0.831, ""DCA_mean"": 3.539, ""DCA_median"": 0.332, ""DCA_std"": 8.648, ""DCA_gini"": 0.813, ""NAR_mean"": 1.109, ""NAR_median"": 1.0, ""NAR_gini"": 0.095, ""NAR_IQR"": 0.0, ""NTR_mean"": 1.066, ""NTR_median"": 1.0, ""NTR_std"": 0.325, ""NTR_gini"": 0.059, ""NCAR_mean"": 1.063, ""NCAR_std"": 0.379, ""NCAR_IQR"": 0.0, ""DCAR_mean"": 0.019, ""DCAR_median"": 0.0, ""DCAR_std"": 0.154, ""DCAR_IQR"": 0.0, ""DAAR_mean"": 3.744, ""DAAR_median"": 0.371, ""DAAR_std"": 8.878, ""DAAR_gini"": 0.805, ""DAAR_IQR"": 3.017, ""DCAT_mean"": 3.749, ""DCAT_median"": 0.695, ""DCAT_std"": 5.71, ""DCAT_gini"": 0.706, ""DCAT_IQR"": 4.145, ""NAT_mean"": 33.833, ""NAT_median"": 4.0, ""NAT_std"": 70.292, ""NAT_gini"": 0.751, ""NAT_IQR"": 10.0}",0
intellix,Human,0.874,"{""NA"": 16.0, ""NT"": 5.0, ""NOR"": 5.0, ""ORR"": 1.0, ""DCA_mean"": 39.951, ""DCA_median"": 0.178, ""DCA_std"": 129.611, ""DCA_gini"": 0.906, ""NAR_mean"": 3.2, ""NAR_median"": 1.0, ""NAR_gini"": 0.525, ""NAR_IQR"": 1.0, ""NTR_mean"": 1.2, ""NTR_median"": 1.0, ""NTR_std"": 0.447, ""NTR_gini"": 0.133, ""NCAR_mean"": 2.286, ""NCAR_std"": 3.402, ""NCAR_IQR"": 0.0, ""DCAR_mean"": 0.232, ""DCAR_median"": 0.0, ""DCAR_std"": 0.613, ""DCAR_IQR"": 0.0, ""DAAR_mean"": 99.607, ""DAAR_median"": 10.485, ""DAAR_std"": 199.798, ""DAAR_gini"": 0.769, ""DAAR_IQR"": 60.028, ""DCAT_mean"": 99.607, ""DCAT_median"": 10.485, ""DCAT_std"": 199.798, ""DCAT_gini"": 0.769, ""DCAT_IQR"": 60.028, ""NAT_mean"": 3.2, ""NAT_median"": 1.0, ""NAT_std"": 4.382, ""NAT_gini"": 0.525, ""NAT_IQR"": 1.0}",0
iomgi,Unknown,,{},0
ipansensoy,Unknown,,{},0
isaacweathers,Unknown,,{},0
ismarslomic,Bot,0.672,"{""NA"": 34.0, ""NT"": 2.0, ""NOR"": 1.0, ""ORR"": 0.2, ""DCA_mean"": 19.091, ""DCA_median"": 0.008, ""DCA_std"": 72.463, ""DCA_gini"": 0.924, ""NAR_mean"": 6.8, ""NAR_median"": 9.0, ""NAR_gini"": 0.353, ""NAR_IQR"": 8.0, ""NTR_mean"": 1.2, ""NTR_median"": 1.0, ""NTR_std"": 0.447, ""NTR_gini"": 0.133, ""NCAR_mean"": 2.615, ""NCAR_std"": 1.446, ""NCAR_IQR"": 2.0, ""DCAR_mean"": 35.401, ""DCAR_median"": 0.004, ""DCAR_std"": 127.316, ""DCAR_IQR"": 0.014, ""DAAR_mean"": 14.149, ""DAAR_median"": 0.041, ""DAAR_std"": 28.555, ""DAAR_gini"": 0.796, ""DAAR_IQR"": 14.468, ""DCAT_mean"": 0.081, ""DCAT_median"": 0.081, ""DCAT_std"": 0.036, ""DCAT_gini"": 0.156, ""DCAT_IQR"": 0.025, ""NAT_mean"": 17.0, ""NAT_median"": 17.0, ""NAT_std"": 22.627, ""NAT_gini"": 0.471, ""NAT_IQR"": 16.0}",1
isrd1,Unknown,,{},0
iwhy,Human,0.204,"{""NA"": 7.0, ""NT"": 1.0, ""NOR"": 6.0, ""ORR"": 0.857, ""DCA_mean"": 32.632, ""DCA_median"": 3.063, ""DCA_std"": 62.252, ""DCA_gini"": 0.756, ""NAR_mean"": 1.0, ""NAR_median"": 1.0, ""NAR_gini"": 0.0, ""NAR_IQR"": 0.0, ""NTR_mean"": 1.0, ""NTR_median"": 1.0, ""NTR_std"": 0.0, ""NTR_gini"": 0.0, ""NCAR_mean"": 1.0, ""NCAR_std"": 0.0, ""NCAR_IQR"": 0.0, ""DCAR_mean"": 0.0, ""DCAR_median"": 0.0, ""DCAR_std"": 0.0, ""DCAR_IQR"": 0.0, ""DAAR_mean"": 32.632, ""DAAR_median"": 3.063, ""DAAR_std"": 62.252, ""DAAR_gini"": 0.756, ""DAAR_IQR"": 25.536, ""DCAT_mean"": NaN, ""DCAT_median"": NaN, ""DCAT_std"": 0.0, ""DCAT_gini"": 0.0, ""DCAT_IQR"": NaN, ""NAT_mean"": 7.0, ""NAT_median"": 7.0, ""NAT_std"": 0.0, ""NAT_gini"": 0.0, ""NAT_IQR"": 0.0}",0
iwuvjhdva,Unknown,,{},0
j0hnsmith,Unknown,,{},0
j4ml3t,Invalid,,{},0
jaarong,Unknown,,{},0
jackhutu,Invalid,,{},0
jackrobertscott,Human,0.784,"{""NA"": 19.0, ""NT"": 3.0, ""NOR"": 7.0, ""ORR"": 0.875, ""DCA_mean"": 35.605, ""DCA_median"": 1.779, ""DCA_std"": 106.072, ""DCA_gini"": 0.859, ""NAR_mean"": 2.375, ""NAR_median"": 1.0, ""NAR_gini"": 0.441, ""NAR_IQR"": 1.25, ""NTR_mean"": 1.125, ""NTR_median"": 1.0, ""NTR_std"": 0.354, ""NTR_gini"": 0.097, ""NCAR_mean"": 2.111, ""NCAR_std"": 1.833, ""NCAR_IQR"": 2.0, ""DCAR_mean"": 5.102, ""DCAR_median"": 0.0, ""DCAR_std"": 13.722, ""DCAR_IQR"": 0.145, ""DAAR_mean"": 74.372, ""DAAR_median"": 14.469, ""DAAR_std"": 155.371, ""DAAR_gini"": 0.769, ""DAAR_IQR"": 41.011, ""DCAT_mean"": 74.005, ""DCAT_median"": 5.153, ""DCAT_std"": 167.824, ""DCAT_gini"": 0.797, ""DCAT_IQR"": 26.31, ""NAT_mean"": 6.333, ""NAT_median"": 6.0, ""NAT_std"": 5.508, ""NAT_gini"": 0.386, ""NAT_IQR"": 5.5}",0
jagwire,Unknown,,{},0
jahammo2,Unknown,,{},0
jahumes,Invalid,,{},0
jajourda,Invalid,,{},0
jamesbehr,Unknown,,{},0
jamesdixon,Unknown,,{},0
jamiebuilds,Unknown,,{},0
jasel-lewis,Unknown,,{},0
jaskaran14,Unknown,,{},0
jasonswett,Bot,0.771,"{""NA"": 101.0, ""NT"": 3.0, ""NOR"": 2.0, ""ORR"": 0.25, ""DCA_mean"": 0.798, ""DCA_median"": 0.057, ""DCA_std"": 3.194, ""DCA_gini"": 0.89, ""NAR_mean"": 12.625, ""NAR_median"": 4.0, ""NAR_gini"": 0.613, ""NAR_IQR"": 13.5, ""NTR_mean"": 1.75, ""NTR_median"": 2.0, ""NTR_std"": 0.707, ""NTR_gini"": 0.196, ""NCAR_mean"": 1.906, ""NCAR_std"": 2.124, ""NCAR_IQR"": 1.0, ""DCAR_mean"": 0.254, ""DCAR_median"": 0.0, ""DCAR_std"": 0.767, ""DCAR_IQR"": 0.002, ""DAAR_mean"": 1.276, ""DAAR_median"": 0.065, ""DAAR_std"": 4.346, ""DAAR_gini"": 0.89, ""DAAR_IQR"": 0.238, ""DCAT_mean"": 1.242, ""DCAT_median"": 0.046, ""DCAT_std"": 4.655, ""DCAT_gini"": 0.91, ""DCAT_IQR"": 0.139, ""NAT_mean"": 33.667, ""NAT_median"": 25.0, ""NAT_std"": 37.754, ""NAT_gini"": 0.488, ""NAT_IQR"": 37.0}",1
jasperblues,Human,0.96,"{""NA"": 125.0, ""NT"": 11.0, ""NOR"": 10.0, ""ORR"": 0.556, ""DCA_mean"": 5.604, ""DCA_median"": 0.484, ""DCA_std"": 12.295, ""DCA_gini"": 0.807, ""NAR_mean"": 6.944, ""NAR_median"": 1.5, ""NAR_gini"": 0.707, ""NAR_IQR"": 3.0, ""NTR_mean"": 1.944, ""NTR_median"": 1.0, ""NTR_std"": 1.924, ""NTR_gini"": 0.395, ""NCAR_mean"": 2.717, ""NCAR_std"": 3.716, ""NCAR_IQR"": 2.0, ""DCAR_mean"": 6.135, ""DCAR_median"": 0.0, ""DCAR_std"": 18.248, ""DCAR_IQR"": 2.233, ""DAAR_mean"": 9.17, ""DAAR_median"": 2.239, ""DAAR_std"": 14.826, ""DAAR_gini"": 0.7, ""DAAR_IQR"": 13.512, ""DCAT_mean"": 5.128, ""DCAT_median"": 0.357, ""DCAT_std"": 11.273, ""DCAT_gini"": 0.802, ""DCAT_IQR"": 2.77, ""NAT_mean"": 11.364, ""NAT_median"": 9.0, ""NAT_std"": 12.355, ""NAT_gini"": 0.461, ""NAT_IQR"": 8.0}",0
jballands,Unknown,,{},0
jbaroudi,Unknown,,{},0
jbnizet,Invalid,,{},0
jbonigomes,Unknown,,{},0
jbrantly,Unknown,,{},0
jchayan,Unknown,,{},0
jcollum,Unknown,,{},0
jdhiro,Unknown,,{},0
jeansaigne,Unknown,,{},0
jedwards1211,Human,0.959,"{""NA"": 54.0, ""NT"": 12.0, ""NOR"": 9.0, ""ORR"": 0.6, ""DCA_mean"": 19.478, ""DCA_median"": 0.3, ""DCA_std"": 57.519, ""DCA_gini"": 0.853, ""NAR_mean"": 3.6, ""NAR_median"": 2.0, ""NAR_gini"": 0.331, ""NAR_IQR"": 2.5, ""NTR_mean"": 2.2, ""NTR_median"": 2.0, ""NTR_std"": 1.373, ""NTR_gini"": 0.299, ""NCAR_mean"": 2.16, ""NCAR_std"": 1.675, ""NCAR_IQR"": 2.0, ""DCAR_mean"": 6.771, ""DCAR_median"": 0.018, ""DCAR_std"": 28.332, ""DCAR_IQR"": 0.434, ""DAAR_mean"": 35.962, ""DAAR_median"": 14.724, ""DAAR_std"": 78.223, ""DAAR_gini"": 0.736, ""DAAR_IQR"": 34.502, ""DCAT_mean"": 24.432, ""DCAT_median"": 0.887, ""DCAT_std"": 64.684, ""DCAT_gini"": 0.83, ""DCAT_IQR"": 17.507, ""NAT_mean"": 4.5, ""NAT_median"": 2.0, ""NAT_std"": 5.179, ""NAT_gini"": 0.512, ""NAT_IQR"": 3.0}",0
jeffscottward,Unknown,,{},0
jerexyz,Unknown,,{},0
jeserkin,Unknown,,{},0
jessepinuelas,Unknown,,{},0
jesucarr,Invalid,,{},0
jetspeed,Unknown,,{},0
jgodi,Unknown,,{},0
jlu1202,Unknown,,{},0
jmcmichael,Human,0.214,"{""NA"": 34.0, ""NT"": 5.0, ""NOR"": 2.0, ""ORR"": 1.0, ""DCA_mean"": 21.067, ""DCA_median"": 0.444, ""DCA_std"": 60.312, ""DCA_gini"": 0.872, ""NAR_mean"": 17.0, ""NAR_median"": 17.0, ""NAR_gini"": 0.324, ""NAR_IQR"": 11.0, ""NTR_mean"": 3.0, ""NTR_median"": 3.0, ""NTR_std"": 1.414, ""NTR_gini"": 0.167, ""NCAR_mean"": 5.667, ""NCAR_std"": 9.993, ""NCAR_IQR"": 1.75, ""DCAR_mean"": 111.474, ""DCAR_median"": 0.01, ""DCAR_std"": 271.944, ""DCAR_IQR"": 1.691, ""DAAR_mean"": 5.276, ""DAAR_median"": 0.005, ""DAAR_std"": 9.814, ""DAAR_gini"": 0.742, ""DAAR_IQR"": 3.779, ""DCAT_mean"": 57.785, ""DCAT_median"": 1.385, ""DCAT_std"": 114.768, ""DCAT_gini"": 0.789, ""DCAT_IQR"": 37.587, ""NAT_mean"": 6.8, ""NAT_median"": 2.0, ""NAT_std"": 11.323, ""NAT_gini"": 0.635, ""NAT_IQR"": 2.0}",0
jmfirth,Bot,0.407,"{""NA"": 98.0, ""NT"": 4.0, ""NOR"": 1.0, ""ORR"": 0.143, ""DCA_mean"": 6.012, ""DCA_median"": 0.37, ""DCA_std"": 22.465, ""DCA_gini"": 0.892, ""NAR_mean"": 14.0, ""NAR_median"": 13.0, ""NAR_gini"": 0.408, ""NAR_IQR"": 9.5, ""NTR_mean"": 2.143, ""NTR_median"": 2.0, ""NTR_std"": 0.378, ""NTR_gini"": 0.057, ""NCAR_mean"": 4.083, ""NCAR_std"": 5.477, ""NCAR_IQR"": 3.25, ""DCAR_mean"": 5.245, ""DCAR_median"": 0.026, ""DCAR_std"": 12.654, ""DCAR_IQR"": 2.915, ""DAAR_mean"": 19.883, ""DAAR_median"": 2.291, ""DAAR_std"": 43.197, ""DAAR_gini"": 0.811, ""DAAR_IQR"": 10.275, ""DCAT_mean"": 10.91, ""DCAT_median"": 0.307, ""DCAT_std"": 33.582, ""DCAT_gini"": 0.856, ""DCAT_IQR"": 6.037, ""NAT_mean"": 24.5, ""NAT_median"": 6.5, ""NAT_std"": 39.753, ""NAT_gini"": 0.638, ""NAT_IQR"": 21.5}",1
jmls,Human,0.907,"{""NA"": 5.0, ""NT"": 2.0, ""NOR"": 5.0, ""ORR"": 1.0, ""DCA_mean"": 53.508, ""DCA_median"": 48.82, ""DCA_std"": 60.712, ""DCA_gini"": 0.51, ""NAR_mean"": 1.0, ""NAR_median"": 1.0, ""NAR_gini"": 0.0, ""NAR_IQR"": 0.0, ""NTR_mean"": 1.0, ""NTR_median"": 1.0, ""NTR_std"": 0.0, ""NTR_gini"": 0.0, ""NCAR_mean"": 1.0, ""NCAR_std"": 0.0, ""NCAR_IQR"": 0.0, ""DCAR_mean"": 0.0, ""DCAR_median"": 0.0, ""DCAR_std"": 0.0, ""DCAR_IQR"": 0.0, ""DAAR_mean"": 53.508, ""DAAR_median"": 48.82, ""DAAR_std"": 60.712, ""DAAR_gini"": 0.51, ""DAAR_IQR"": 99.388, ""DCAT_mean"": 48.82, ""DCAT_median"": 48.82, ""DCAT_std"": 66.819, ""DCAT_gini"": 0.484, ""DCAT_IQR"": 47.248, ""NAT_mean"": 2.5, ""NAT_median"": 2.5, ""NAT_std"": 0.707, ""NAT_gini"": 0.1, ""NAT_IQR"": 0.5}",0
jnizet,Human,0.214,"{""NA"": 5.0, ""NT"": 2.0, ""NOR"": 2.0, ""ORR"": 1.0, ""DCA_mean"": 169.105, ""DCA_median"": 114.119, ""DCA_std"": 196.559, ""DCA_gini"": 0.528, ""NAR_mean"": 2.5, ""NAR_median"": 2.5, ""NAR_gini"": 0.1, ""NAR_IQR"": 0.5, ""NTR_mean"": 1.0, ""NTR_median"": 1.0, ""NTR_std"": 0.0, ""NTR_gini"": 0.0, ""NCAR_mean"": 2.5, ""NCAR_std"": 0.707, ""NCAR_IQR"": 0.5, ""DCAR_mean"": 302.998, ""DCAR_median"": 302.998, ""DCAR_std"": 427.81, ""DCAR_IQR"": 302.507, ""DAAR_mean"": 70.423, ""DAAR_median"": 70.423, ""DAAR_std"": 0.0, ""DAAR_gini"": 0.0, ""DAAR_IQR"": 0.0, ""DCAT_mean"": 70.423, ""DCAT_median"": 70.423, ""DCAT_std"": 0.0, ""DCAT_gini"": 0.0, ""DCAT_IQR"": 0.0, ""NAT_mean"": 2.5, ""NAT_median"": 2.5, ""NAT_std"": 0.707, ""NAT_gini"": 0.1, ""NAT_IQR"": 0.5}",0
joaocc,Bot,0.227,"{""NA"": 124.0, ""NT"": 3.0, ""NOR"": 117.0, ""ORR"": 0.944, ""DCA_mean"": 5.816, ""DCA_median"": 0.336, ""DCA_std"": 10.487, ""DCA_gini"": 0.768, ""NAR_mean"": 1.0, ""NAR_median"": 1.0, ""NAR_gini"": 0.0, ""NAR_IQR"": 0.0, ""NTR_mean"": 1.0, ""NTR_median"": 1.0, ""NTR_std"": 0.0, ""NTR_gini"": 0.0, ""NCAR_mean"": 1.0, ""NCAR_std"": 0.0, ""NCAR_IQR"": 0.0, ""DCAR_mean"": 0.0, ""DCAR_median"": 0.0, ""DCAR_std"": 0.0, ""DCAR_IQR"": 0.0, ""DAAR_mean"": 5.816, ""DAAR_median"": 0.336, ""DAAR_std"": 10.487, ""DAAR_gini"": 0.768, ""DAAR_IQR"": 5.417, ""DCAT_mean"": 5.173, ""DCAT_median"": 2.657, ""DCAT_std"": 6.235, ""DCAT_gini"": 0.579, ""DCAT_IQR"": 8.099, ""NAT_mean"": 41.333, ""NAT_median"": 2.0, ""NAT_std"": 68.995, ""NAT_gini"": 0.645, ""NAT_IQR"": 60.0}",1
joelcdoyle,Unknown,,{},0
joelim01,Unknown,,{},0
joelso,Unknown,,{},0
johnoscott,Human,0.908,"{""NA"": 8.0, ""NT"": 3.0, ""NOR"": 7.0, ""ORR"": 0.875, ""DCA_mean"": 67.394, ""DCA_median"": 15.146, ""DCA_std"": 120.236, ""DCA_gini"": 0.695, ""NAR_mean"": 1.0, ""NAR_median"": 1.0, ""NAR_gini"": 0.0, ""NAR_IQR"": 0.0, ""NTR_mean"": 1.0, ""NTR_median"": 1.0, ""NTR_std"": 0.0, ""NTR_gini"": 0.0, ""NCAR_mean"": 1.0, ""NCAR_std"": 0.0, ""NCAR_IQR"": 0.0, ""DCAR_mean"": 0.0, ""DCAR_median"": 0.0, ""DCAR_std"": 0.0, ""DCAR_IQR"": 0.0, ""DAAR_mean"": 67.394, ""DAAR_median"": 15.146, ""DAAR_std"": 120.236, ""DAAR_gini"": 0.695, ""DAAR_IQR"": 39.967, ""DCAT_mean"": 167.217, ""DCAT_median"": 167.217, ""DCAT_std"": 235.051, ""DCAT_gini"": 0.497, ""DCAT_IQR"": 166.206, ""NAT_mean"": 2.667, ""NAT_median"": 1.0, ""NAT_std"": 2.887, ""NAT_gini"": 0.417, ""NAT_IQR"": 2.5}",0
johnstontrav,Unknown,,{},0
jolugama,Unknown,,{},0
jonathanhds,Unknown,,{},0
jonathanobino,Unknown,,{},0
jonlil,Human,0.825,"{""NA"": 24.0, ""NT"": 6.0, ""NOR"": 2.0, ""ORR"": 1.0, ""DCA_mean"": 7.635, ""DCA_median"": 0.8, ""DCA_std"": 19.549, ""DCA_gini"": 0.827, ""NAR_mean"": 12.0, ""NAR_median"": 12.0, ""NAR_gini"": 0.458, ""NAR_IQR"": 11.0, ""NTR_mean"": 3.5, ""NTR_median"": 3.5, ""NTR_std"": 3.536, ""NTR_gini"": 0.357, ""NCAR_mean"": 8.0, ""NCAR_std"": 6.083, ""NCAR_IQR"": 5.5, ""DCAR_mean"": 28.839, ""DCAR_median"": 8.869, ""DCAR_std"": 42.502, ""DCAR_IQR"": 38.824, ""DAAR_mean"": 44.538, ""DAAR_median"": 44.538, ""DAAR_std"": 62.966, ""DAAR_gini"": 0.5, ""DAAR_IQR"": 44.524, ""DCAT_mean"": 10.094, ""DCAT_median"": 0.8, ""DCAT_std"": 23.611, ""DCAT_gini"": 0.812, ""DCAT_IQR"": 1.523, ""NAT_mean"": 4.0, ""NAT_median"": 2.5, ""NAT_std"": 4.29, ""NAT_gini"": 0.486, ""NAT_IQR"": 3.75}",0
jordic,Unknown,,{},0
jordond,Human,0.919,"{""NA"": 111.0, ""NT"": 7.0, ""NOR"": 3.0, ""ORR"": 0.429, ""DCA_mean"": 6.096, ""DCA_median"": 0.016, ""DCA_std"": 17.852, ""DCA_gini"": 0.894, ""NAR_mean"": 15.857, ""NAR_median"": 1.0, ""NAR_gini"": 0.749, ""NAR_IQR"": 9.0, ""NTR_mean"": 2.0, ""NTR_median"": 1.0, ""NTR_std"": 1.528, ""NTR_gini"": 0.347, ""NCAR_mean"": 6.938, ""NCAR_std"": 7.169, ""NCAR_IQR"": 9.0, ""DCAR_mean"": 14.306, ""DCAR_median"": 0.02, ""DCAR_std"": 40.848, ""DCAR_IQR"": 4.135, ""DAAR_mean"": 29.446, ""DAAR_median"": 13.492, ""DAAR_std"": 35.095, ""DAAR_gini"": 0.601, ""DAAR_IQR"": 48.158, ""DCAT_mean"": 6.231, ""DCAT_median"": 0.012, ""DCAT_std"": 18.5, ""DCAT_gini"": 0.898, ""DCAT_IQR"": 0.738, ""NAT_mean"": 15.857, ""NAT_median"": 17.0, ""NAT_std"": 14.679, ""NAT_gini"": 0.471, ""NAT_IQR"": 19.0}",0
jorovipe97,Human,0.024,"{""NA"": 26.0, ""NT"": 3.0, ""NOR"": 2.0, ""ORR"": 1.0, ""DCA_mean"": 26.924, ""DCA_median"": 8.684, ""DCA_std"": 46.345, ""DCA_gini"": 0.722, ""NAR_mean"": 13.0, ""NAR_median"": 13.0, ""NAR_gini"": 0.423, ""NAR_IQR"": 11.0, ""NTR_mean"": 1.5, ""NTR_median"": 1.5, ""NTR_std"": 0.707, ""NTR_gini"": 0.167, ""NCAR_mean"": 8.667, ""NCAR_std"": 10.693, ""NCAR_IQR"": 9.5, ""DCAR_mean"": 216.658, ""DCAR_median"": 25.168, ""DCAR_std"": 353.558, ""DCAR_IQR"": 312.254, ""DAAR_mean"": 11.563, ""DAAR_median"": 11.563, ""DAAR_std"": 4.071, ""DAAR_gini"": 0.124, ""DAAR_IQR"": 2.878, ""DCAT_mean"": 7.758, ""DCAT_median"": 8.684, ""DCAT_std"": 7.191, ""DCAT_gini"": 0.409, ""DCAT_IQR"": 7.146, ""NAT_mean"": 8.667, ""NAT_median"": 1.0, ""NAT_std"": 13.279, ""NAT_gini"": 0.59, ""NAT_IQR"": 11.5}",0
joshhornby,Unknown,,{},0
joshmu,Human,0.743,"{""NA"": 175.0, ""NT"": 7.0, ""NOR"": 10.0, ""ORR"": 0.263, ""DCA_mean"": 4.443, ""DCA_median"": 0.002, ""DCA_std"": 18.825, ""DCA_gini"": 0.949, ""NAR_mean"": 4.605, ""NAR_median"": 2.5, ""NAR_gini"": 0.522, ""NAR_IQR"": 5.0, ""NTR_mean"": 1.184, ""NTR_median"": 1.0, ""NTR_std"": 0.609, ""NTR_gini"": 0.143, ""NCAR_mean"": 1.378, ""NCAR_std"": 1.076, ""NCAR_IQR"": 0.0, ""DCAR_mean"": 0.849, ""DCAR_median"": 0.0, ""DCAR_std"": 9.391, ""DCAR_IQR"": 0.0, ""DAAR_mean"": 5.279, ""DAAR_median"": 0.002, ""DAAR_std"": 20.096, ""DAAR_gini"": 0.936, ""DAAR_IQR"": 0.01, ""DCAT_mean"": 28.248, ""DCAT_median"": 9.708, ""DCAT_std"": 40.865, ""DCAT_gini"": 0.681, ""DCAT_IQR"": 45.588, ""NAT_mean"": 25.0, ""NAT_median"": 3.0, ""NAT_std"": 56.924, ""NAT_gini"": 0.766, ""NAT_IQR"": 2.5}",0
jpca999,Invalid,,{},0
jpoiri,Unknown,,{},0
jsmylnycky,Human,0.057,"{""NA"": 9.0, ""NT"": 5.0, ""NOR"": 1.0, ""ORR"": 1.0, ""DCA_mean"": 3.068, ""DCA_median"": 0.063, ""DCA_std"": 8.075, ""DCA_gini"": 0.852, ""NAR_mean"": 9.0, ""NAR_median"": 9.0, ""NAR_gini"": 0.0, ""NAR_IQR"": 0.0, ""NTR_mean"": 5.0, ""NTR_median"": 5.0, ""NTR_std"": 0.0, ""NTR_gini"": 0.0, ""NCAR_mean"": 9.0, ""NCAR_std"": 0.0, ""NCAR_IQR"": 0.0, ""DCAR_mean"": 24.546, ""DCAR_median"": 24.546, ""DCAR_std"": 0.0, ""DCAR_IQR"": 0.0, ""DAAR_mean"": NaN, ""DAAR_median"": NaN, ""DAAR_std"": 0.0, ""DAAR_gini"": 0.0, ""DAAR_IQR"": NaN, ""DCAT_mean"": 3.459, ""DCAT_median"": 0.062, ""DCAT_std"": 8.641, ""DCAT_gini"": 0.84, ""DCAT_IQR"": 0.528, ""NAT_mean"": 1.8, ""NAT_median"": 2.0, ""NAT_std"": 0.447, ""NAT_gini"": 0.089, ""NAT_IQR"": 0.0}",0
jspizziri,Human,0.826,"{""NA"": 12.0, ""NT"": 3.0, ""NOR"": 5.0, ""ORR"": 0.714, ""DCA_mean"": 63.874, ""DCA_median"": 18.821, ""DCA_std"": 108.329, ""DCA_gini"": 0.723, ""NAR_mean"": 1.714, ""NAR_median"": 1.0, ""NAR_gini"": 0.333, ""NAR_IQR"": 0.5, ""NTR_mean"": 1.0, ""NTR_median"": 1.0, ""NTR_std"": 0.0, ""NTR_gini"": 0.0, ""NCAR_mean"": 1.2, ""NCAR_std"": 0.422, ""NCAR_IQR"": 0.0, ""DCAR_mean"": 0.405, ""DCAR_median"": 0.0, ""DCAR_std"": 1.247, ""DCAR_IQR"": 0.0, ""DAAR_mean"": 77.618, ""DAAR_median"": 20.447, ""DAAR_std"": 116.186, ""DAAR_gini"": 0.67, ""DAAR_IQR"": 118.563, ""DCAT_mean"": 77.618, ""DCAT_median"": 20.447, ""DCAT_std"": 116.186, ""DCAT_gini"": 0.67, ""DCAT_IQR"": 118.563, ""NAT_mean"": 4.0, ""NAT_median"": 3.0, ""NAT_std"": 2.646, ""NAT_gini"": 0.278, ""NAT_IQR"": 2.5}",0
jstoneky,Human,0.93,"{""NA"": 34.0, ""NT"": 8.0, ""NOR"": 3.0, ""ORR"": 0.6, ""DCA_mean"": 16.853, ""DCA_median"": 0.182, ""DCA_std"": 61.549, ""DCA_gini"": 0.909, ""NAR_mean"": 6.8, ""NAR_median"": 4.0, ""NAR_gini"": 0.518, ""NAR_IQR"": 8.0, ""NTR_mean"": 2.4, ""NTR_median"": 2.0, ""NTR_std"": 1.517, ""NTR_gini"": 0.3, ""NCAR_mean"": 2.833, ""NCAR_std"": 3.713, ""NCAR_IQR"": 2.25, ""DCAR_mean"": 39.759, ""DCAR_median"": 0.0, ""DCAR_std"": 111.091, ""DCAR_IQR"": 0.374, ""DAAR_mean"": 7.187, ""DAAR_median"": 0.534, ""DAAR_std"": 14.528, ""DAAR_gini"": 0.759, ""DAAR_IQR"": 5.703, ""DCAT_mean"": 9.866, ""DCAT_median"": 0.336, ""DCAT_std"": 22.3, ""DCAT_gini"": 0.817, ""DCAT_IQR"": 6.631, ""NAT_mean"": 4.25, ""NAT_median"": 2.0, ""NAT_std"": 6.84, ""NAT_gini"": 0.581, ""NAT_IQR"": 1.5}",0
jsvini,Unknown,,{},0
jt3k,Unknown,,{},0
jtallen,Unknown,,{},0
jtrollia,Unknown,,{},0
juan-manuel-alberro,Unknown,,{},0
jukka-varis,Unknown,,{},0
julianfresco,Unknown,,{},0
julmot,Unknown,,{},0
jwbaart,Unknown,,{},0
jwickowski,Human,0.224,"{""NA"": 4.0, ""NT"": 2.0, ""NOR"": 2.0, ""ORR"": 0.667, ""DCA_mean"": 2.038, ""DCA_median"": 0.024, ""DCA_std"": 3.507, ""DCA_gini"": 0.664, ""NAR_mean"": 1.333, ""NAR_median"": 1.0, ""NAR_gini"": 0.167, ""NAR_IQR"": 0.5, ""NTR_mean"": 1.0, ""NTR_median"": 1.0, ""NTR_std"": 0.0, ""NTR_gini"": 0.0, ""NCAR_mean"": 1.333, ""NCAR_std"": 0.577, ""NCAR_IQR"": 0.5, ""DCAR_mean"": 0.001, ""DCAR_median"": 0.0, ""DCAR_std"": 0.001, ""DCAR_IQR"": 0.001, ""DAAR_mean"": 3.056, ""DAAR_median"": 3.056, ""DAAR_std"": 4.288, ""DAAR_gini"": 0.496, ""DAAR_IQR"": 3.032, ""DCAT_mean"": 0.024, ""DCAT_median"": 0.024, ""DCAT_std"": 0.0, ""DCAT_gini"": 0.0, ""DCAT_IQR"": 0.0, ""NAT_mean"": 2.0, ""NAT_median"": 2.0, ""NAT_std"": 1.414, ""NAT_gini"": 0.25, ""NAT_IQR"": 1.0}",0
jxjj,Human,0.968,"{""NA"": 140.0, ""NT"": 14.0, ""NOR"": 5.0, ""ORR"": 0.625, ""DCA_mean"": 11.094, ""DCA_median"": 0.236, ""DCA_std"": 86.227, ""DCA_gini"": 0.947, ""NAR_mean"": 17.5, ""NAR_median"": 6.5, ""NAR_gini"": 0.618, ""NAR_IQR"": 27.0, ""NTR_mean"": 4.75, ""NTR_median"": 4.0, ""NTR_std"": 4.062, ""NTR_gini"": 0.414, ""NCAR_mean"": 2.979, ""NCAR_std"": 2.863, ""NCAR_IQR"": 3.0, ""DCAR_mean"": 2.094, ""DCAR_median"": 0.048, ""DCAR_std"": 5.498, ""DCAR_IQR"": 0.838, ""DAAR_mean"": 31.385, ""DAAR_median"": 1.523, ""DAAR_std"": 148.828, ""DAAR_gini"": 0.909, ""DAAR_IQR"": 10.448, ""DCAT_mean"": 14.858, ""DCAT_median"": 0.386, ""DCAT_std"": 100.019, ""DCAT_gini"": 0.937, ""DCAT_IQR"": 1.967, ""NAT_mean"": 10.0, ""NAT_median"": 4.0, ""NAT_std"": 12.89, ""NAT_gini"": 0.602, ""NAT_IQR"": 14.0}",0
kamilshahzad,Unknown,,{},0
kanitw,Human,0.084,"{""NA"": 7.0, ""NT"": 5.0, ""NOR"": 1.0, ""ORR"": 1.0, ""DCA_mean"": 10.904, ""DCA_median"": 0.017, ""DCA_std"": 17.854, ""DCA_gini"": 0.656, ""NAR_mean"": 7.0, ""NAR_median"": 7.0, ""NAR_gini"": 0.0, ""NAR_IQR"": 0.0, ""NTR_mean"": 5.0, ""NTR_median"": 5.0, ""NTR_std"": 0.0, ""NTR_gini"": 0.0, ""NCAR_mean"": 7.0, ""NCAR_std"": 0.0, ""NCAR_IQR"": 0.0, ""DCAR_mean"": 65.426, ""DCAR_median"": 65.426, ""DCAR_std"": 0.0, ""DCAR_IQR"": 0.0, ""DAAR_mean"": NaN, ""DAAR_median"": NaN, ""DAAR_std"": 0.0, ""DAAR_gini"": 0.0, ""DAAR_IQR"": NaN, ""DCAT_mean"": 4.706, ""DCAT_median"": 0.002, ""DCAT_std"": 10.505, ""DCAT_gini"": 0.749, ""DCAT_IQR"": 0.031, ""NAT_mean"": 1.4, ""NAT_median"": 1.0, ""NAT_std"": 0.548, ""NAT_gini"": 0.171, ""NAT_IQR"": 1.0}",0
karneaud,Human,0.739,"{""NA"": 16.0, ""NT"": 5.0, ""NOR"": 10.0, ""ORR"": 1.0, ""DCA_mean"": 42.877, ""DCA_median"": 8.029, ""DCA_std"": 60.295, ""DCA_gini"": 0.678, ""NAR_mean"": 1.6, ""NAR_median"": 1.0, ""NAR_gini"": 0.25, ""NAR_IQR"": 1.0, ""NTR_mean"": 1.4, ""NTR_median"": 1.0, ""NTR_std"": 0.516, ""NTR_gini"": 0.171, ""NCAR_mean"": 1.455, ""NCAR_std"": 0.82, ""NCAR_IQR"": 0.5, ""DCAR_mean"": 8.882, ""DCAR_median"": 0.0, ""DCAR_std"": 22.395, ""DCAR_IQR"": 0.158, ""DAAR_mean"": 54.546, ""DAAR_median"": 15.548, ""DAAR_std"": 69.064, ""DAAR_gini"": 0.627, ""DAAR_IQR"": 94.338, ""DCAT_mean"": 33.972, ""DCAT_median"": 4.74, ""DCAT_std"": 61.789, ""DCAT_gini"": 0.75, ""DCAT_IQR"": 24.078, ""NAT_mean"": 3.2, ""NAT_median"": 4.0, ""NAT_std"": 1.643, ""NAT_gini"": 0.25, ""NAT_IQR"": 2.0}",0
karolrynio,Unknown,,{},0
karthick-manoharan,Human,0.333,"{""NA"": 18.0, ""NT"": 4.0, ""NOR"": 2.0, ""ORR"": 0.4, ""DCA_mean"": 15.74, ""DCA_median"": 2.751, ""DCA_std"": 31.362, ""DCA_gini"": 0.778, ""NAR_mean"": 3.6, ""NAR_median"": 3.0, ""NAR_gini"": 0.422, ""NAR_IQR"": 3.0, ""NTR_mean"": 2.0, ""NTR_median"": 2.0, ""NTR_std"": 1.225, ""NTR_gini"": 0.28, ""NCAR_mean"": 1.8, ""NCAR_std"": 1.135, ""NCAR_IQR"": 1.75, ""DCAR_mean"": 6.613, ""DCAR_median"": 0.0, ""DCAR_std"": 17.798, ""DCAR_IQR"": 2.876, ""DAAR_mean"": 22.385, ""DAAR_median"": 4.053, ""DAAR_std"": 38.981, ""DAAR_gini"": 0.71, ""DAAR_IQR"": 23.721, ""DCAT_mean"": 22.462, ""DCAT_median"": 4.053, ""DCAT_std"": 38.93, ""DCAT_gini"": 0.705, ""DCAT_IQR"": 23.523, ""NAT_mean"": 4.5, ""NAT_median"": 3.0, ""NAT_std"": 4.509, ""NAT_gini"": 0.444, ""NAT_IQR"": 4.0}",0
kbjorklid,Bot,0.625,"{""NA"": 27.0, ""NT"": 3.0, ""NOR"": 1.0, ""ORR"": 1.0, ""DCA_mean"": 1.87, ""DCA_median"": 0.129, ""DCA_std"": 3.524, ""DCA_gini"": 0.777, ""NAR_mean"": 27.0, ""NAR_median"": 27.0, ""NAR_gini"": 0.0, ""NAR_IQR"": 0.0, ""NTR_mean"": 3.0, ""NTR_median"": 3.0, ""NTR_std"": 0.0, ""NTR_gini"": 0.0, ""NCAR_mean"": 27.0, ""NCAR_std"": 0.0, ""NCAR_IQR"": 0.0, ""DCAR_mean"": 48.632, ""DCAR_median"": 48.632, ""DCAR_std"": 0.0, ""DCAR_IQR"": 0.0, ""DAAR_mean"": NaN, ""DAAR_median"": NaN, ""DAAR_std"": 0.0, ""DAAR_gini"": 0.0, ""DAAR_IQR"": NaN, ""DCAT_mean"": 1.411, ""DCAT_median"": 0.015, ""DCAT_std"": 3.532, ""DCAT_gini"": 0.842, ""DCAT_IQR"": 0.779, ""NAT_mean"": 9.0, ""NAT_median"": 5.0, ""NAT_std"": 10.583, ""NAT_gini"": 0.494, ""NAT_IQR"": 10.0}",1
keichi,Human,0.873,"{""NA"": 9.0, ""NT"": 2.0, ""NOR"": 8.0, ""ORR"": 0.889, ""DCA_mean"": 61.297, ""DCA_median"": 35.229, ""DCA_std"": 60.568, ""DCA_gini"": 0.503, ""NAR_mean"": 1.0, ""NAR_median"": 1.0, ""NAR_gini"": 0.0, ""NAR_IQR"": 0.0, ""NTR_mean"": 1.0, ""NTR_median"": 1.0, ""NTR_std"": 0.0, ""NTR_gini"": 0.0, ""NCAR_mean"": 1.0, ""NCAR_std"": 0.0, ""NCAR_IQR"": 0.0, ""DCAR_mean"": 0.0, ""DCAR_median"": 0.0, ""DCAR_std"": 0.0, ""DCAR_IQR"": 0.0, ""DAAR_mean"": 61.297, ""DAAR_median"": 35.229, ""DAAR_std"": 60.568, ""DAAR_gini"": 0.503, ""DAAR_IQR"": 100.652, ""DCAT_mean"": 71.101, ""DCAT_median"": 71.101, ""DCAT_std"": 53.969, ""DCAT_gini"": 0.268, ""DCAT_IQR"": 38.162, ""NAT_mean"": 4.5, ""NAT_median"": 4.5, ""NAT_std"": 4.95, ""NAT_gini"": 0.389, ""NAT_IQR"": 3.5}",0
keithkml,Unknown,,{},0
kevin_zenika,Invalid,,{},0
kgopi,Unknown,,{},0
kikar,Unknown,,{},0
kikoanis,Unknown,,{},0
kkavod,Unknown,,{},0
kl09,Unknown,,{},0
klovelovely,Unknown,,{},0
klueless-io,Human,0.681,"{""NA"": 59.0, ""NT"": 5.0, ""NOR"": 7.0, ""ORR"": 0.778, ""DCA_mean"": 10.302, ""DCA_median"": 0.502, ""DCA_std"": 20.088, ""DCA_gini"": 0.785, ""NAR_mean"": 6.556, ""NAR_median"": 3.0, ""NAR_gini"": 0.584, ""NAR_IQR"": 4.0, ""NTR_mean"": 1.444, ""NTR_median"": 1.0, ""NTR_std"": 0.527, ""NTR_gini"": 0.171, ""NCAR_mean"": 4.214, ""NCAR_std"": 6.079, ""NCAR_IQR"": 3.0, ""DCAR_mean"": 21.524, ""DCAR_median"": 4.896, ""DCAR_std"": 33.017, ""DCAR_IQR"": 33.751, ""DAAR_mean"": 22.781, ""DAAR_median"": 19.135, ""DAAR_std"": 24.881, ""DAAR_gini"": 0.557, ""DAAR_IQR"": 26.36, ""DCAT_mean"": 18.385, ""DCAT_median"": 3.882, ""DCAT_std"": 26.22, ""DCAT_gini"": 0.677, ""DCAT_IQR"": 22.667, ""NAT_mean"": 11.8, ""NAT_median"": 2.0, ""NAT_std"": 20.849, ""NAT_gini"": 0.671, ""NAT_IQR"": 3.0}",0
knicholes,Unknown,,{},0
kondi,Unknown,,{},0
konradhalas,Unknown,,{},0
koraybalci,Human,0.494,"{""NA"": 5.0, ""NT"": 3.0, ""NOR"": 2.0, ""ORR"": 1.0, ""DCA_mean"": 90.941, ""DCA_median"": 2.722, ""DCA_std"": 178.258, ""DCA_gini"": 0.74, ""NAR_mean"": 2.5, ""NAR_median"": 2.5, ""NAR_gini"": 0.1, ""NAR_IQR"": 0.5, ""NTR_mean"": 1.5, ""NTR_median"": 1.5, ""NTR_std"": 0.707, ""NTR_gini"": 0.167, ""NCAR_mean"": 1.667, ""NCAR_std"": 0.577, ""NCAR_IQR"": 0.5, ""DCAR_mean"": 119.44, ""DCAR_median"": 0.002, ""DCAR_std"": 206.875, ""DCAR_IQR"": 179.159, ""DAAR_mean"": 2.722, ""DAAR_median"": 2.722, ""DAAR_std"": 1.289, ""DAAR_gini"": 0.167, ""DAAR_IQR"": 0.911, ""DCAT_mean"": 1.815, ""DCAT_median"": 1.811, ""DCAT_std"": 1.815, ""DCAT_gini"": 0.444, ""DCAT_IQR"": 1.815, ""NAT_mean"": 1.667, ""NAT_median"": 1.0, ""NAT_std"": 1.155, ""NAT_gini"": 0.267, ""NAT_IQR"": 1.0}",0
koutakou,Unknown,,{},0
kraihn,Human,0.943,"{""NA"": 6.0, ""NT"": 4.0, ""NOR"": 5.0, ""ORR"": 0.833, ""DCA_mean"": 6738.64, ""DCA_median"": 97.793, ""DCA_std"": 14744.169, ""DCA_gini"": 0.788, ""NAR_mean"": 1.0, ""NAR_median"": 1.0, ""NAR_gini"": 0.0, ""NAR_IQR"": 0.0, ""NTR_mean"": 1.0, ""NTR_median"": 1.0, ""NTR_std"": 0.0, ""NTR_gini"": 0.0, ""NCAR_mean"": 1.0, ""NCAR_std"": 0.0, ""NCAR_IQR"": 0.0, ""DCAR_mean"": 0.0, ""DCAR_median"": 0.0, ""DCAR_std"": 0.0, ""DCAR_IQR"": 0.0, ""DAAR_mean"": 6738.64, ""DAAR_median"": 97.793, ""DAAR_std"": 14744.169, ""DAAR_gini"": 0.788, ""DAAR_IQR"": 271.677, ""DCAT_mean"": 11182.23, ""DCAT_median"": 352.724, ""DCAT_std"": 18993.02, ""DCAT_gini"": 0.656, ""DCAT_IQR"": 16515.937, ""NAT_mean"": 1.5, ""NAT_median"": 1.0, ""NAT_std"": 1.0, ""NAT_gini"": 0.25, ""NAT_IQR"": 0.5}",0
krewmarco,Unknown,,{},0
krzksz,Unknown,,{},0
krzysieki,Unknown,,{},0
ksambhav,Unknown,,{},0
ksgupta,Unknown,,{},0
kudresov,Unknown,,{},0
kuka,Unknown,,{},0
kuncevic,Error,,"{""error"": ""[RabbitErrors] A critical error occurred: argument of type 'NoneType' is not iterable""}",0
kvetis,Unknown,,{},0
kylebuckingham,Unknown,,{},0
labrute,Unknown,,{},0
lahdo,Unknown,,{},0
lancevo,Unknown,,{},0
langerc,Unknown,,{},0
larodiel,Human,0.837,"{""NA"": 29.0, ""NT"": 6.0, ""NOR"": 3.0, ""ORR"": 0.6, ""DCA_mean"": 19.332, ""DCA_median"": 0.649, ""DCA_std"": 62.376, ""DCA_gini"": 0.871, ""NAR_mean"": 5.8, ""NAR_median"": 5.0, ""NAR_gini"": 0.345, ""NAR_IQR"": 3.0, ""NTR_mean"": 2.4, ""NTR_median"": 2.0, ""NTR_std"": 1.14, ""NTR_gini"": 0.233, ""NCAR_mean"": 2.9, ""NCAR_std"": 2.885, ""NCAR_IQR"": 2.75, ""DCAR_mean"": 7.975, ""DCAR_median"": 0.465, ""DCAR_std"": 14.924, ""DCAR_IQR"": 10.555, ""DAAR_mean"": 51.283, ""DAAR_median"": 6.253, ""DAAR_std"": 106.364, ""DAAR_gini"": 0.787, ""DAAR_IQR"": 21.924, ""DCAT_mean"": 34.681, ""DCAT_median"": 6.253, ""DCAT_std"": 83.34, ""DCAT_gini"": 0.801, ""DCAT_IQR"": 20.197, ""NAT_mean"": 4.833, ""NAT_median"": 1.5, ""NAT_std"": 5.707, ""NAT_gini"": 0.534, ""NAT_IQR"": 7.0}",0
lbecraft,Unknown,,{},0
lebsral,Bot,0.829,"{""NA"": 190.0, ""NT"": 1.0, ""NOR"": 2.0, ""ORR"": 1.0, ""DCA_mean"": 2.019, ""DCA_median"": 0.367, ""DCA_std"": 10.751, ""DCA_gini"": 0.817, ""NAR_mean"": 95.0, ""NAR_median"": 95.0, ""NAR_gini"": 0.453, ""NAR_IQR"": 86.0, ""NTR_mean"": 1.0, ""NTR_median"": 1.0, ""NTR_std"": 0.0, ""NTR_gini"": 0.0, ""NCAR_mean"": 95.0, ""NCAR_std"": 121.622, ""NCAR_IQR"": 86.0, ""DCAR_mean"": 119.101, ""DCAR_median"": 119.101, ""DCAR_std"": 119.076, ""DCAR_IQR"": 84.199, ""DAAR_mean"": 143.475, ""DAAR_median"": 143.475, ""DAAR_std"": 0.0, ""DAAR_gini"": 0.0, ""DAAR_IQR"": 0.0, ""DCAT_mean"": NaN, ""DCAT_median"": NaN, ""DCAT_std"": 0.0, ""DCAT_gini"": 0.0, ""DCAT_IQR"": NaN, ""NAT_mean"": 190.0, ""NAT_median"": 190.0, ""NAT_std"": 0.0, ""NAT_gini"": 0.0, ""NAT_IQR"": 0.0}",1
lellex,Unknown,,{},0
leonli,Human,0.672,"{""NA"": 8.0, ""NT"": 3.0, ""NOR"": 2.0, ""ORR"": 1.0, ""DCA_mean"": 46.068, ""DCA_median"": 0.566, ""DCA_std"": 120.84, ""DCA_gini"": 0.852, ""NAR_mean"": 4.0, ""NAR_median"": 4.0, ""NAR_gini"": 0.375, ""NAR_IQR"": 3.0, ""NTR_mean"": 1.5, ""NTR_median"": 1.5, ""NTR_std"": 0.707, ""NTR_gini"": 0.167, ""NCAR_mean"": 4.0, ""NCAR_std"": 4.243, ""NCAR_IQR"": 3.0, ""DCAR_mean"": 1.183, ""DCAR_median"": 1.183, ""DCAR_std"": 1.673, ""DCAR_IQR"": 1.183, ""DAAR_mean"": 320.107, ""DAAR_median"": 320.107, ""DAAR_std"": 0.0, ""DAAR_gini"": 0.0, ""DAAR_IQR"": 0.0, ""DCAT_mean"": 160.073, ""DCAT_median"": 160.073, ""DCAT_std"": 226.321, ""DCAT_gini"": 0.5, ""DCAT_IQR"": 160.033, ""NAT_mean"": 2.667, ""NAT_median"": 1.0, ""NAT_std"": 2.887, ""NAT_gini"": 0.417, ""NAT_IQR"": 2.5}",0
leviathanbeak,Unknown,,{},0
lialosiu,Unknown,,{},0
lioman,Unknown,,{},0
loezix,Unknown,,{},0
lokeshjain2008,Unknown,,{},0
lordfriend,Unknown,,{},0
lotas,Human,0.955,"{""NA"": 71.0, ""NT"": 12.0, ""NOR"": 5.0, ""ORR"": 0.556, ""DCA_mean"": 4.696, ""DCA_median"": 0.387, ""DCA_std"": 11.991, ""DCA_gini"": 0.827, ""NAR_mean"": 7.889, ""NAR_median"": 2.0, ""NAR_gini"": 0.723, ""NAR_IQR"": 1.0, ""NTR_mean"": 2.333, ""NTR_median"": 1.0, ""NTR_std"": 3.64, ""NTR_gini"": 0.497, ""NCAR_mean"": 3.737, ""NCAR_std"": 5.791, ""NCAR_IQR"": 2.0, ""DCAR_mean"": 5.686, ""DCAR_median"": 0.0, ""DCAR_std"": 15.28, ""DCAR_IQR"": 1.662, ""DAAR_mean"": 12.262, ""DAAR_median"": 2.674, ""DAAR_std"": 20.313, ""DAAR_gini"": 0.704, ""DAAR_IQR"": 15.153, ""DCAT_mean"": 5.011, ""DCAT_median"": 0.635, ""DCAT_std"": 11.009, ""DCAT_gini"": 0.78, ""DCAT_IQR"": 3.187, ""NAT_mean"": 5.917, ""NAT_median"": 3.5, ""NAT_std"": 6.215, ""NAT_gini"": 0.508, ""NAT_IQR"": 5.25}",0
louiswilbrink,Unknown,,{},0
lswith,Unknown,,{},0
lucasangelon,Unknown,,{},0
luckymancvp,Human,0.58,"{""NA"": 4.0, ""NT"": 4.0, ""NOR"": 2.0, ""ORR"": 1.0, ""DCA_mean"": 1240.624, ""DCA_median"": 45.17, ""DCA_std"": 2109.822, ""DCA_gini"": 0.659, ""NAR_mean"": 2.0, ""NAR_median"": 2.0, ""NAR_gini"": 0.25, ""NAR_IQR"": 1.0, ""NTR_mean"": 2.0, ""NTR_median"": 2.0, ""NTR_std"": 1.414, ""NTR_gini"": 0.25, ""NCAR_mean"": 2.0, ""NCAR_std"": 1.414, ""NCAR_IQR"": 1.0, ""DCAR_mean"": 1838.351, ""DCAR_median"": 1838.351, ""DCAR_std"": 2599.821, ""DCAR_IQR"": 1838.351, ""DAAR_mean"": 45.17, ""DAAR_median"": 45.17, ""DAAR_std"": 0.0, ""DAAR_gini"": 0.0, ""DAAR_IQR"": 0.0, ""DCAT_mean"": 1240.624, ""DCAT_median"": 45.17, ""DCAT_std"": 2109.822, ""DCAT_gini"": 0.659, ""DCAT_IQR"": 1838.346, ""NAT_mean"": 1.0, ""NAT_median"": 1.0, ""NAT_std"": 0.0, ""NAT_gini"": 0.0, ""NAT_IQR"": 0.0}",0
lukasholcik,Unknown,,{},0
lunatik-210,Unknown,,{},0
luxp,Unknown,,{},0
luyaohua2016,Unknown,,{},0
lyuehh,Human,0.267,"{""NA"": 49.0, ""NT"": 2.0, ""NOR"": 41.0, ""ORR"": 0.872, ""DCA_mean"": 14.506, ""DCA_median"": 1.472, ""DCA_std"": 23.744, ""DCA_gini"": 0.728, ""NAR_mean"": 1.043, ""NAR_median"": 1.0, ""NAR_gini"": 0.04, ""NAR_IQR"": 0.0, ""NTR_mean"": 1.0, ""NTR_median"": 1.0, ""NTR_std"": 0.0, ""NTR_gini"": 0.0, ""NCAR_mean"": 1.043, ""NCAR_std"": 0.292, ""NCAR_IQR"": 0.0, ""DCAR_mean"": 0.006, ""DCAR_median"": 0.0, ""DCAR_std"": 0.04, ""DCAR_IQR"": 0.0, ""DAAR_mean"": 15.131, ""DAAR_median"": 2.513, ""DAAR_std"": 24.068, ""DAAR_gini"": 0.716, ""DAAR_IQR"": 21.897, ""DCAT_mean"": 3.065, ""DCAT_median"": 3.065, ""DCAT_std"": 4.278, ""DCAT_gini"": 0.494, ""DCAT_IQR"": 3.025, ""NAT_mean"": 24.5, ""NAT_median"": 24.5, ""NAT_std"": 30.406, ""NAT_gini"": 0.439, ""NAT_IQR"": 21.5}",0
m1rc0,Unknown,,{},0
maciej-gurban,Unknown,,{},0
mackelito,Bot,0.547,"{""NA"": 6.0, ""NT"": 1.0, ""NOR"": 2.0, ""ORR"": 1.0, ""DCA_mean"": 72.869, ""DCA_median"": 3.359, ""DCA_std"": 156.515, ""DCA_gini"": 0.783, ""NAR_mean"": 3.0, ""NAR_median"": 3.0, ""NAR_gini"": 0.0, ""NAR_IQR"": 0.0, ""NTR_mean"": 1.0, ""NTR_median"": 1.0, ""NTR_std"": 0.0, ""NTR_gini"": 0.0, ""NCAR_mean"": 3.0, ""NCAR_std"": 0.0, ""NCAR_IQR"": 0.0, ""DCAR_mean"": 5.778, ""DCAR_median"": 5.778, ""DCAR_std"": 8.068, ""DCAR_IQR"": 5.705, ""DAAR_mean"": 352.789, ""DAAR_median"": 352.789, ""DAAR_std"": 0.0, ""DAAR_gini"": 0.0, ""DAAR_IQR"": 0.0, ""DCAT_mean"": NaN, ""DCAT_median"": NaN, ""DCAT_std"": 0.0, ""DCAT_gini"": 0.0, ""DCAT_IQR"": NaN, ""NAT_mean"": 6.0, ""NAT_median"": 6.0, ""NAT_std"": 0.0, ""NAT_gini"": 0.0, ""NAT_IQR"": 0.0}",1
mahmoudmy,Unknown,,{},0
majidln,Bot,0.431,"{""NA"": 10.0, ""NT"": 2.0, ""NOR"": 2.0, ""ORR"": 1.0, ""DCA_mean"": 34.509, ""DCA_median"": 20.503, ""DCA_std"": 40.811, ""DCA_gini"": 0.578, ""NAR_mean"": 5.0, ""NAR_median"": 5.0, ""NAR_gini"": 0.4, ""NAR_IQR"": 4.0, ""NTR_mean"": 1.0, ""NTR_median"": 1.0, ""NTR_std"": 0.0, ""NTR_gini"": 0.0, ""NCAR_mean"": 5.0, ""NCAR_std"": 5.657, ""NCAR_IQR"": 4.0, ""DCAR_mean"": 155.09, ""DCAR_median"": 155.09, ""DCAR_std"": 219.331, ""DCAR_IQR"": 155.09, ""DAAR_mean"": 0.402, ""DAAR_median"": 0.402, ""DAAR_std"": 0.0, ""DAAR_gini"": 0.0, ""DAAR_IQR"": 0.0, ""DCAT_mean"": 0.402, ""DCAT_median"": 0.402, ""DCAT_std"": 0.0, ""DCAT_gini"": 0.0, ""DCAT_IQR"": 0.0, ""NAT_mean"": 5.0, ""NAT_median"": 5.0, ""NAT_std"": 5.657, ""NAT_gini"": 0.4, ""NAT_IQR"": 4.0}",1
majkelo,Unknown,,{},0
maks-rafalko,Human,0.961,"{""NA"": 83.0, ""NT"": 12.0, ""NOR"": 6.0, ""ORR"": 0.667, ""DCA_mean"": 6.514, ""DCA_median"": 0.111, ""DCA_std"": 19.773, ""DCA_gini"": 0.87, ""NAR_mean"": 9.222, ""NAR_median"": 1.0, ""NAR_gini"": 0.774, ""NAR_IQR"": 2.0, ""NTR_mean"": 2.333, ""NTR_median"": 1.0, ""NTR_std"": 2.958, ""NTR_gini"": 0.466, ""NCAR_mean"": 4.611, ""NCAR_std"": 5.135, ""NCAR_IQR"": 6.5, ""DCAR_mean"": 20.349, ""DCAR_median"": 0.049, ""DCAR_std"": 61.735, ""DCAR_IQR"": 11.904, ""DAAR_mean"": 9.874, ""DAAR_median"": 0.158, ""DAAR_std"": 21.571, ""DAAR_gini"": 0.821, ""DAAR_IQR"": 4.331, ""DCAT_mean"": 4.34, ""DCAT_median"": 0.088, ""DCAT_std"": 11.63, ""DCAT_gini"": 0.844, ""DCAT_IQR"": 1.226, ""NAT_mean"": 6.917, ""NAT_median"": 2.5, ""NAT_std"": 10.308, ""NAT_gini"": 0.613, ""NAT_IQR"": 4.5}",0
malikba,Unknown,,{},0
manuel-m,Unknown,,{},0
marani,Unknown,,{},0
marcelaulenbacher,Unknown,,{},0
marchdoe,Bot,0.237,"{""NA"": 82.0, ""NT"": 5.0, ""NOR"": 2.0, ""ORR"": 0.667, ""DCA_mean"": 8.731, ""DCA_median"": 0.044, ""DCA_std"": 21.625, ""DCA_gini"": 0.85, ""NAR_mean"": 27.333, ""NAR_median"": 3.0, ""NAR_gini"": 0.626, ""NAR_IQR"": 38.5, ""NTR_mean"": 2.667, ""NTR_median"": 3.0, ""NTR_std"": 1.528, ""NTR_gini"": 0.25, ""NCAR_mean"": 11.714, ""NCAR_std"": 24.067, ""NCAR_IQR"": 4.5, ""DCAR_mean"": 86.016, ""DCAR_median"": 0.002, ""DCAR_std"": 197.443, ""DCAR_IQR"": 36.252, ""DAAR_mean"": 17.521, ""DAAR_median"": 0.094, ""DAAR_std"": 27.068, ""DAAR_gini"": 0.669, ""DAAR_IQR"": 38.522, ""DCAT_mean"": 7.499, ""DCAT_median"": 0.042, ""DCAT_std"": 15.927, ""DCAT_gini"": 0.833, ""DCAT_IQR"": 1.375, ""NAT_mean"": 16.4, ""NAT_median"": 19.0, ""NAT_std"": 9.476, ""NAT_gini"": 0.273, ""NAT_IQR"": 6.0}",1
marcvangend,Unknown,,{},0
markevich,Unknown,,{},0
markstewie,Unknown,,{},0
marlncpe,Unknown,,{},0
martyla,Human,0.211,"{""NA"": 16.0, ""NT"": 2.0, ""NOR"": 2.0, ""ORR"": 1.0, ""DCA_mean"": 42.291, ""DCA_median"": 0.216, ""DCA_std"": 157.403, ""DCA_gini"": 0.923, ""NAR_mean"": 8.0, ""NAR_median"": 8.0, ""NAR_gini"": 0.438, ""NAR_IQR"": 7.0, ""NTR_mean"": 1.0, ""NTR_median"": 1.0, ""NTR_std"": 0.0, ""NTR_gini"": 0.0, ""NCAR_mean"": 8.0, ""NCAR_std"": 9.899, ""NCAR_IQR"": 7.0, ""DCAR_mean"": 11.599, ""DCAR_median"": 11.599, ""DCAR_std"": 16.403, ""DCAR_IQR"": 11.599, ""DAAR_mean"": 611.171, ""DAAR_median"": 611.171, ""DAAR_std"": 0.0, ""DAAR_gini"": 0.0, ""DAAR_IQR"": 0.0, ""DCAT_mean"": 611.171, ""DCAT_median"": 611.171, ""DCAT_std"": 0.0, ""DCAT_gini"": 0.0, ""DCAT_IQR"": 0.0, ""NAT_mean"": 8.0, ""NAT_median"": 8.0, ""NAT_std"": 9.899, ""NAT_gini"": 0.438, ""NAT_IQR"": 7.0}",0
masonlamy,Unknown,,{},0
mastermind1981,Unknown,,{},0
mastix,Unknown,,{},0
matantsu,Unknown,,{},0
mateuo,Unknown,,{},0
matiishyn,Unknown,,{},0
mattarau,Unknown,,{},0
mattxo,Unknown,,{},0
mattycraig,Bot,0.049,"{""NA"": 11.0, ""NT"": 4.0, ""NOR"": 1.0, ""ORR"": 1.0, ""DCA_mean"": 41.174, ""DCA_median"": 0.004, ""DCA_std"": 130.126, ""DCA_gini"": 0.9, ""NAR_mean"": 11.0, ""NAR_median"": 11.0, ""NAR_gini"": 0.0, ""NAR_IQR"": 0.0, ""NTR_mean"": 4.0, ""NTR_median"": 4.0, ""NTR_std"": 0.0, ""NTR_gini"": 0.0, ""NCAR_mean"": 11.0, ""NCAR_std"": 0.0, ""NCAR_IQR"": 0.0, ""DCAR_mean"": 411.736, ""DCAR_median"": 411.736, ""DCAR_std"": 0.0, ""DCAR_IQR"": 0.0, ""DAAR_mean"": NaN, ""DAAR_median"": NaN, ""DAAR_std"": 0.0, ""DAAR_gini"": 0.0, ""DAAR_IQR"": NaN, ""DCAT_mean"": 68.621, ""DCAT_median"": 0.055, ""DCAT_std"": 167.985, ""DCAT_gini"": 0.833, ""DCAT_IQR"": 0.079, ""NAT_mean"": 2.75, ""NAT_median"": 2.0, ""NAT_std"": 1.5, ""NAT_gini"": 0.205, ""NAT_IQR"": 0.75}",1
max-SS,Unknown,,{},0
maxehnert,Unknown,,{},0
maximdresvyankin,Unknown,,{},0
mburbea,Unknown,,{},0
mde17,Unknown,,{},0
mescher,Unknown,,{},0
mewdriller,Unknown,,{},0
mfilotto,Human,0.414,"{""NA"": 6.0, ""NT"": 1.0, ""NOR"": 5.0, ""ORR"": 0.833, ""DCA_mean"": 54.097, ""DCA_median"": 50.151, ""DCA_std"": 58.356, ""DCA_gini"": 0.529, ""NAR_mean"": 1.0, ""NAR_median"": 1.0, ""NAR_gini"": 0.0, ""NAR_IQR"": 0.0, ""NTR_mean"": 1.0, ""NTR_median"": 1.0, ""NTR_std"": 0.0, ""NTR_gini"": 0.0, ""NCAR_mean"": 1.0, ""NCAR_std"": 0.0, ""NCAR_IQR"": 0.0, ""DCAR_mean"": 0.0, ""DCAR_median"": 0.0, ""DCAR_std"": 0.0, ""DCAR_IQR"": 0.0, ""DAAR_mean"": 54.097, ""DAAR_median"": 50.151, ""DAAR_std"": 58.356, ""DAAR_gini"": 0.529, ""DAAR_IQR"": 83.079, ""DCAT_mean"": NaN, ""DCAT_median"": NaN, ""DCAT_std"": 0.0, ""DCAT_gini"": 0.0, ""DCAT_IQR"": NaN, ""NAT_mean"": 6.0, ""NAT_median"": 6.0, ""NAT_std"": 0.0, ""NAT_gini"": 0.0, ""NAT_IQR"": 0.0}",0
mfrachet,Human,0.953,"{""NA"": 161.0, ""NT"": 9.0, ""NOR"": 5.0, ""ORR"": 1.0, ""DCA_mean"": 7.311, ""DCA_median"": 0.349, ""DCA_std"": 37.588, ""DCA_gini"": 0.906, ""NAR_mean"": 32.2, ""NAR_median"": 1.0, ""NAR_gini"": 0.775, ""NAR_IQR"": 0.0, ""NTR_mean"": 2.4, ""NTR_median"": 1.0, ""NTR_std"": 3.13, ""NTR_gini"": 0.467, ""NCAR_mean"": 17.889, ""NCAR_std"": 37.641, ""NCAR_IQR"": 8.0, ""DCAR_mean"": 76.886, ""DCAR_median"": 0.0, ""DCAR_std"": 150.652, ""DCAR_IQR"": 9.796, ""DAAR_mean"": 59.719, ""DAAR_median"": 2.168, ""DAAR_std"": 157.522, ""DAAR_gini"": 0.847, ""DAAR_IQR"": 11.282, ""DCAT_mean"": 8.324, ""DCAT_median"": 0.35, ""DCAT_std"": 47.896, ""DCAT_gini"": 0.914, ""DCAT_IQR"": 3.018, ""NAT_mean"": 17.889, ""NAT_median"": 14.0, ""NAT_std"": 22.893, ""NAT_gini"": 0.556, ""NAT_IQR"": 16.0}",0
micah-williamson,Unknown,,{},0
michalmw,Unknown,,{},0
michalstolinski,Unknown,,{},0
mikedidomizio,Human,0.961,"{""NA"": 46.0, ""NT"": 8.0, ""NOR"": 4.0, ""ORR"": 0.571, ""DCA_mean"": 15.768, ""DCA_median"": 0.102, ""DCA_std"": 50.562, ""DCA_gini"": 0.904, ""NAR_mean"": 6.571, ""NAR_median"": 1.0, ""NAR_gini"": 0.702, ""NAR_IQR"": 1.5, ""NTR_mean"": 1.714, ""NTR_median"": 1.0, ""NTR_std"": 1.113, ""NTR_gini"": 0.286, ""NCAR_mean"": 5.111, ""NCAR_std"": 8.358, ""NCAR_IQR"": 2.0, ""DCAR_mean"": 6.856, ""DCAR_median"": 0.0, ""DCAR_std"": 14.174, ""DCAR_IQR"": 3.902, ""DAAR_mean"": 80.985, ""DAAR_median"": 44.44, ""DAAR_std"": 100.188, ""DAAR_gini"": 0.603, ""DAAR_IQR"": 108.716, ""DCAT_mean"": 22.823, ""DCAT_median"": 0.433, ""DCAT_std"": 59.869, ""DCAT_gini"": 0.865, ""DCAT_IQR"": 8.68, ""NAT_mean"": 5.75, ""NAT_median"": 3.0, ""NAT_std"": 7.498, ""NAT_gini"": 0.565, ""NAT_IQR"": 5.5}",0
mikeerickson,Unknown,,{},0
mikesigs,Unknown,,{},0
mikiasmohamed,Unknown,,{},0
milkshoes,Unknown,,{},0
millarde,Unknown,,{},0
milushov,Unknown,,{},0
mistaanthony,Unknown,,{},0
mittalabhas1,Unknown,,{},0
mjeanroy,Human,0.21,"{""NA"": 206.0, ""NT"": 8.0, ""NOR"": 3.0, ""ORR"": 0.15, ""DCA_mean"": 3.483, ""DCA_median"": 0.005, ""DCA_std"": 11.206, ""DCA_gini"": 0.904, ""NAR_mean"": 10.3, ""NAR_median"": 8.5, ""NAR_gini"": 0.445, ""NAR_IQR"": 14.0, ""NTR_mean"": 2.9, ""NTR_median"": 3.5, ""NTR_std"": 1.373, ""NTR_gini"": 0.25, ""NCAR_mean"": 1.981, ""NCAR_std"": 1.607, ""NCAR_IQR"": 2.0, ""DCAR_mean"": 0.102, ""DCAR_median"": 0.0, ""DCAR_std"": 0.875, ""DCAR_IQR"": 0.002, ""DAAR_mean"": 6.828, ""DAAR_median"": 0.82, ""DAAR_std"": 15.089, ""DAAR_gini"": 0.817, ""DAAR_IQR"": 4.252, ""DCAT_mean"": 4.119, ""DCAT_median"": 0.002, ""DCAT_std"": 12.391, ""DCAT_gini"": 0.903, ""DCAT_IQR"": 0.022, ""NAT_mean"": 25.75, ""NAT_median"": 22.5, ""NAT_std"": 26.805, ""NAT_gini"": 0.511, ""NAT_IQR"": 47.25}",0
mkalpana,Unknown,,{},0
mmospanenko,Human,0.935,"{""NA"": 25.0, ""NT"": 8.0, ""NOR"": 7.0, ""ORR"": 1.0, ""DCA_mean"": 25.953, ""DCA_median"": 4.61, ""DCA_std"": 38.081, ""DCA_gini"": 0.693, ""NAR_mean"": 3.571, ""NAR_median"": 2.0, ""NAR_gini"": 0.377, ""NAR_IQR"": 2.0, ""NTR_mean"": 2.0, ""NTR_median"": 1.0, ""NTR_std"": 1.528, ""NTR_gini"": 0.347, ""NCAR_mean"": 1.667, ""NCAR_std"": 0.9, ""NCAR_IQR"": 1.0, ""DCAR_mean"": 14.842, ""DCAR_median"": 0.0, ""DCAR_std"": 40.327, ""DCAR_IQR"": 0.093, ""DAAR_mean"": 28.588, ""DAAR_median"": 19.824, ""DAAR_std"": 39.927, ""DAAR_gini"": 0.637, ""DAAR_IQR"": 33.16, ""DCAT_mean"": 24.707, ""DCAT_median"": 1.716, ""DCAT_std"": 39.997, ""DCAT_gini"": 0.729, ""DCAT_IQR"": 37.89, ""NAT_mean"": 3.125, ""NAT_median"": 1.5, ""NAT_std"": 3.482, ""NAT_gini"": 0.485, ""NAT_IQR"": 2.5}",0
mnzaki,Bot,0.663,"{""NA"": 10.0, ""NT"": 2.0, ""NOR"": 1.0, ""ORR"": 0.5, ""DCA_mean"": 7.97, ""DCA_median"": 0.009, ""DCA_std"": 23.815, ""DCA_gini"": 0.888, ""NAR_mean"": 5.0, ""NAR_median"": 5.0, ""NAR_gini"": 0.1, ""NAR_IQR"": 1.0, ""NTR_mean"": 2.0, ""NTR_median"": 2.0, ""NTR_std"": 0.0, ""NTR_gini"": 0.0, ""NCAR_mean"": 1.429, ""NCAR_std"": 1.134, ""NCAR_IQR"": 0.0, ""DCAR_mean"": 0.003, ""DCAR_median"": 0.0, ""DCAR_std"": 0.007, ""DCAR_IQR"": 0.0, ""DAAR_mean"": 11.952, ""DAAR_median"": 0.014, ""DAAR_std"": 29.162, ""DAAR_gini"": 0.832, ""DAAR_IQR"": 0.15, ""DCAT_mean"": 0.009, ""DCAT_median"": 0.007, ""DCAT_std"": 0.007, ""DCAT_gini"": 0.343, ""DCAT_IQR"": 0.007, ""NAT_mean"": 5.0, ""NAT_median"": 5.0, ""NAT_std"": 1.414, ""NAT_gini"": 0.1, ""NAT_IQR"": 1.0}",1
mohsen1,Bot,0.48,"{""NA"": 239.0, ""NT"": 7.0, ""NOR"": 1.0, ""ORR"": 1.0, ""DCA_mean"": 0.05, ""DCA_median"": 0.011, ""DCA_std"": 0.143, ""DCA_gini"": 0.777, ""NAR_mean"": 239.0, ""NAR_median"": 239.0, ""NAR_gini"": 0.0, ""NAR_IQR"": 0.0, ""NTR_mean"": 7.0, ""NTR_median"": 7.0, ""NTR_std"": 0.0, ""NTR_gini"": 0.0, ""NCAR_mean"": 239.0, ""NCAR_std"": 0.0, ""NCAR_IQR"": 0.0, ""DCAR_mean"": 11.848, ""DCAR_median"": 11.848, ""DCAR_std"": 0.0, ""DCAR_IQR"": 0.0, ""DAAR_mean"": NaN, ""DAAR_median"": NaN, ""DAAR_std"": 0.0, ""DAAR_gini"": 0.0, ""DAAR_IQR"": NaN, ""DCAT_mean"": 0.058, ""DCAT_median"": 0.01, ""DCAT_std"": 0.162, ""DCAT_gini"": 0.78, ""DCAT_IQR"": 0.04, ""NAT_mean"": 34.143, ""NAT_median"": 33.0, ""NAT_std"": 28.974, ""NAT_gini"": 0.432, ""NAT_IQR"": 38.0}",1
mojiAh,Unknown,,{},0
mojics,Unknown,,{},0
monstromatic,Unknown,,{},0
montogeek,Unknown,,{},0
morrislaptop,Human,0.869,"{""NA"": 6.0, ""NT"": 3.0, ""NOR"": 3.0, ""ORR"": 1.0, ""DCA_mean"": 39.607, ""DCA_median"": 0.065, ""DCA_std"": 88.444, ""DCA_gini"": 0.799, ""NAR_mean"": 2.0, ""NAR_median"": 2.0, ""NAR_gini"": 0.222, ""NAR_IQR"": 1.0, ""NTR_mean"": 1.333, ""NTR_median"": 1.0, ""NTR_std"": 0.577, ""NTR_gini"": 0.167, ""NCAR_mean"": 2.0, ""NCAR_std"": 1.0, ""NCAR_IQR"": 1.0, ""DCAR_mean"": 0.064, ""DCAR_median"": 0.008, ""DCAR_std"": 0.104, ""DCAR_IQR"": 0.092, ""DAAR_mean"": 98.921, ""DAAR_median"": 98.921, ""DAAR_std"": 139.864, ""DAAR_gini"": 0.5, ""DAAR_IQR"": 98.899, ""DCAT_mean"": 98.914, ""DCAT_median"": 98.914, ""DCAT_std"": 139.874, ""DCAT_gini"": 0.5, ""DCAT_IQR"": 98.906, ""NAT_mean"": 2.0, ""NAT_median"": 1.0, ""NAT_std"": 1.732, ""NAT_gini"": 0.333, ""NAT_IQR"": 1.5}",0
mpgn,Human,0.95,"{""NA"": 31.0, ""NT"": 9.0, ""NOR"": 5.0, ""ORR"": 0.5, ""DCA_mean"": 3120.776, ""DCA_median"": 0.11, ""DCA_std"": 16969.983, ""DCA_gini"": 0.964, ""NAR_mean"": 3.1, ""NAR_median"": 2.0, ""NAR_gini"": 0.397, ""NAR_IQR"": 4.5, ""NTR_mean"": 2.2, ""NTR_median"": 2.0, ""NTR_std"": 1.549, ""NTR_gini"": 0.327, ""NCAR_mean"": 1.824, ""NCAR_std"": 1.667, ""NCAR_IQR"": 1.0, ""DCAR_mean"": 14.088, ""DCAR_median"": 0.0, ""DCAR_std"": 57.948, ""DCAR_IQR"": 0.0, ""DAAR_mean"": 5836.486, ""DAAR_median"": 0.647, ""DAAR_std"": 23235.806, ""DAAR_gini"": 0.936, ""DAAR_IQR"": 36.591, ""DCAT_mean"": 4068.339, ""DCAT_median"": 0.202, ""DCAT_std"": 19380.077, ""DCAT_gini"": 0.953, ""DCAT_IQR"": 24.818, ""NAT_mean"": 3.444, ""NAT_median"": 3.0, ""NAT_std"": 2.651, ""NAT_gini"": 0.394, ""NAT_IQR"": 4.0}",0
mrafalkoitr,Unknown,,{},0
mrdulin,Human,0.771,"{""NA"": 17.0, ""NT"": 3.0, ""NOR"": 6.0, ""ORR"": 0.75, ""DCA_mean"": 31.773, ""DCA_median"": 0.873, ""DCA_std"": 46.09, ""DCA_gini"": 0.694, ""NAR_mean"": 2.125, ""NAR_median"": 1.0, ""NAR_gini"": 0.419, ""NAR_IQR"": 0.75, ""NTR_mean"": 1.0, ""NTR_median"": 1.0, ""NTR_std"": 0.0, ""NTR_gini"": 0.0, ""NCAR_mean"": 1.545, ""NCAR_std"": 1.214, ""NCAR_IQR"": 0.5, ""DCAR_mean"": 8.616, ""DCAR_median"": 0.0, ""DCAR_std"": 28.462, ""DCAR_IQR"": 0.003, ""DAAR_mean"": 41.359, ""DAAR_median"": 26.658, ""DAAR_std"": 49.435, ""DAAR_gini"": 0.598, ""DAAR_IQR"": 63.276, ""DCAT_mean"": 64.534, ""DCAT_median"": 58.312, ""DCAT_std"": 51.983, ""DCAT_gini"": 0.411, ""DCAT_IQR"": 54.952, ""NAT_mean"": 5.667, ""NAT_median"": 5.0, ""NAT_std"": 5.033, ""NAT_gini"": 0.392, ""NAT_IQR"": 5.0}",0
mrowles,Bot,0.603,"{""NA"": 10.0, ""NT"": 2.0, ""NOR"": 1.0, ""ORR"": 1.0, ""DCA_mean"": 36.558, ""DCA_median"": 5.426, ""DCA_std"": 74.628, ""DCA_gini"": 0.77, ""NAR_mean"": 10.0, ""NAR_median"": 10.0, ""NAR_gini"": 0.0, ""NAR_IQR"": 0.0, ""NTR_mean"": 2.0, ""NTR_median"": 2.0, ""NTR_std"": 0.0, ""NTR_gini"": 0.0, ""NCAR_mean"": 10.0, ""NCAR_std"": 0.0, ""NCAR_IQR"": 0.0, ""DCAR_mean"": 329.019, ""DCAR_median"": 329.019, ""DCAR_std"": 0.0, ""DCAR_IQR"": 0.0, ""DAAR_mean"": NaN, ""DAAR_median"": NaN, ""DAAR_std"": 0.0, ""DAAR_gini"": 0.0, ""DAAR_IQR"": NaN, ""DCAT_mean"": 1.454, ""DCAT_median"": 1.454, ""DCAT_std"": 0.0, ""DCAT_gini"": 0.0, ""DCAT_IQR"": 0.0, ""NAT_mean"": 5.0, ""NAT_median"": 5.0, ""NAT_std"": 5.657, ""NAT_gini"": 0.4, ""NAT_IQR"": 4.0}",1
msenosiain,Bot,0.351,"{""NA"": 156.0, ""NT"": 5.0, ""NOR"": 1.0, ""ORR"": 1.0, ""DCA_mean"": 5.474, ""DCA_median"": 0.376, ""DCA_std"": 16.857, ""DCA_gini"": 0.86, ""NAR_mean"": 156.0, ""NAR_median"": 156.0, ""NAR_gini"": 0.0, ""NAR_IQR"": 0.0, ""NTR_mean"": 5.0, ""NTR_median"": 5.0, ""NTR_std"": 0.0, ""NTR_gini"": 0.0, ""NCAR_mean"": 156.0, ""NCAR_std"": 0.0, ""NCAR_IQR"": 0.0, ""DCAR_mean"": 848.497, ""DCAR_median"": 848.497, ""DCAR_std"": 0.0, ""DCAR_IQR"": 0.0, ""DAAR_mean"": NaN, ""DAAR_median"": NaN, ""DAAR_std"": 0.0, ""DAAR_gini"": 0.0, ""DAAR_IQR"": NaN, ""DCAT_mean"": 6.386, ""DCAT_median"": 0.123, ""DCAT_std"": 24.058, ""DCAT_gini"": 0.909, ""DCAT_IQR"": 1.583, ""NAT_mean"": 31.2, ""NAT_median"": 7.0, ""NAT_std"": 56.429, ""NAT_gini"": 0.677, ""NAT_IQR"": 2.0}",1
msgilligan,Human,0.96,"{""NA"": 239.0, ""NT"": 14.0, ""NOR"": 7.0, ""ORR"": 0.583, ""DCA_mean"": 13.027, ""DCA_median"": 0.117, ""DCA_std"": 175.678, ""DCA_gini"": 0.98, ""NAR_mean"": 19.917, ""NAR_median"": 4.0, ""NAR_gini"": 0.686, ""NAR_IQR"": 20.25, ""NTR_mean"": 3.583, ""NTR_median"": 2.5, ""NTR_std"": 3.147, ""NTR_gini"": 0.436, ""NCAR_mean"": 5.829, ""NCAR_std"": 8.947, ""NCAR_IQR"": 4.0, ""DCAR_mean"": 3.377, ""DCAR_median"": 0.024, ""DCAR_std"": 7.148, ""DCAR_IQR"": 2.613, ""DAAR_mean"": 74.048, ""DAAR_median"": 0.905, ""DAAR_std"": 427.71, ""DAAR_gini"": 0.954, ""DAAR_IQR"": 6.792, ""DCAT_mean"": 1.904, ""DCAT_median"": 0.11, ""DCAT_std"": 7.623, ""DCAT_gini"": 0.882, ""DCAT_IQR"": 0.493, ""NAT_mean"": 17.071, ""NAT_median"": 3.0, ""NAT_std"": 25.376, ""NAT_gini"": 0.667, ""NAT_IQR"": 24.25}",0
mt3ck,Unknown,,{},0
mthomson-csi,Unknown,,{},0
mustela,Unknown,,{},0
mutumarieru,Unknown,,{},0
mvidailhet,Unknown,,{},0
mzellho,Unknown,,{},0
nabinkumarn,Unknown,,{},0
nadavelyashiv,Unknown,,{},0
nadeemse,Unknown,,{},0
nafiul-islam-43,Unknown,,{},0
nanocom,Unknown,,{},0
naveenjafer,Unknown,,{},0
navjinder,Unknown,,{},0
nbnotabene,Bot,0.887,"{""NA"": 13.0, ""NT"": 1.0, ""NOR"": 1.0, ""ORR"": 1.0, ""DCA_mean"": 31.039, ""DCA_median"": 6.75, ""DCA_std"": 82.401, ""DCA_gini"": 0.821, ""NAR_mean"": 13.0, ""NAR_median"": 13.0, ""NAR_gini"": 0.0, ""NAR_IQR"": 0.0, ""NTR_mean"": 1.0, ""NTR_median"": 1.0, ""NTR_std"": 0.0, ""NTR_gini"": 0.0, ""NCAR_mean"": 13.0, ""NCAR_std"": 0.0, ""NCAR_IQR"": 0.0, ""DCAR_mean"": 372.464, ""DCAR_median"": 372.464, ""DCAR_std"": 0.0, ""DCAR_IQR"": 0.0, ""DAAR_mean"": NaN, ""DAAR_median"": NaN, ""DAAR_std"": 0.0, ""DAAR_gini"": 0.0, ""DAAR_IQR"": NaN, ""DCAT_mean"": NaN, ""DCAT_median"": NaN, ""DCAT_std"": 0.0, ""DCAT_gini"": 0.0, ""DCAT_IQR"": NaN, ""NAT_mean"": 13.0, ""NAT_median"": 13.0, ""NAT_std"": 0.0, ""NAT_gini"": 0.0, ""NAT_IQR"": 0.0}",1
nelreina,Unknown,,{},0
nelsonomuto,Unknown,,{},0
neoblackcap,Human,0.82,"{""NA"": 9.0, ""NT"": 3.0, ""NOR"": 7.0, ""ORR"": 0.875, ""DCA_mean"": 87.307, ""DCA_median"": 28.722, ""DCA_std"": 101.677, ""DCA_gini"": 0.571, ""NAR_mean"": 1.125, ""NAR_median"": 1.0, ""NAR_gini"": 0.097, ""NAR_IQR"": 0.0, ""NTR_mean"": 1.125, ""NTR_median"": 1.0, ""NTR_std"": 0.354, ""NTR_gini"": 0.097, ""NCAR_mean"": 1.125, ""NCAR_std"": 0.354, ""NCAR_IQR"": 0.0, ""DCAR_mean"": 0.0, ""DCAR_median"": 0.0, ""DCAR_std"": 0.0, ""DCAR_IQR"": 0.0, ""DAAR_mean"": 99.78, ""DAAR_median"": 30.562, ""DAAR_std"": 103.002, ""DAAR_gini"": 0.509, ""DAAR_IQR"": 149.825, ""DCAT_mean"": 55.455, ""DCAT_median"": 16.598, ""DCAT_std"": 89.847, ""DCAT_gini"": 0.669, ""DCAT_IQR"": 68.1, ""NAT_mean"": 3.0, ""NAT_median"": 4.0, ""NAT_std"": 1.732, ""NAT_gini"": 0.222, ""NAT_IQR"": 1.5}",0
netfish88,Unknown,,{},0
nhducit,Human,0.767,"{""NA"": 52.0, ""NT"": 5.0, ""NOR"": 16.0, ""ORR"": 0.941, ""DCA_mean"": 12.416, ""DCA_median"": 0.362, ""DCA_std"": 24.413, ""DCA_gini"": 0.795, ""NAR_mean"": 3.059, ""NAR_median"": 1.0, ""NAR_gini"": 0.627, ""NAR_IQR"": 0.0, ""NTR_mean"": 1.176, ""NTR_median"": 1.0, ""NTR_std"": 0.393, ""NTR_gini"": 0.124, ""NCAR_mean"": 2.476, ""NCAR_std"": 3.723, ""NCAR_IQR"": 0.0, ""DCAR_mean"": 1.774, ""DCAR_median"": 0.0, ""DCAR_std"": 5.24, ""DCAR_IQR"": 0.0, ""DAAR_mean"": 29.798, ""DAAR_median"": 21.956, ""DAAR_std"": 32.013, ""DAAR_gini"": 0.551, ""DAAR_IQR"": 45.224, ""DCAT_mean"": 24.332, ""DCAT_median"": 5.693, ""DCAT_std"": 34.17, ""DCAT_gini"": 0.665, ""DCAT_IQR"": 36.385, ""NAT_mean"": 10.4, ""NAT_median"": 2.0, ""NAT_std"": 14.293, ""NAT_gini"": 0.608, ""NAT_IQR"": 13.0}",0
niallobrien,Human,0.953,"{""NA"": 30.0, ""NT"": 8.0, ""NOR"": 6.0, ""ORR"": 1.0, ""DCA_mean"": 17.712, ""DCA_median"": 2.027, ""DCA_std"": 33.75, ""DCA_gini"": 0.76, ""NAR_mean"": 5.0, ""NAR_median"": 2.0, ""NAR_gini"": 0.589, ""NAR_IQR"": 2.75, ""NTR_mean"": 2.333, ""NTR_median"": 1.5, ""NTR_std"": 1.966, ""NTR_gini"": 0.381, ""NCAR_mean"": 2.5, ""NCAR_std"": 4.275, ""NCAR_IQR"": 1.0, ""DCAR_mean"": 16.04, ""DCAR_median"": 0.0, ""DCAR_std"": 55.346, ""DCAR_IQR"": 0.09, ""DAAR_mean"": 29.198, ""DAAR_median"": 13.354, ""DAAR_std"": 48.06, ""DAAR_gini"": 0.701, ""DAAR_IQR"": 24.27, ""DCAT_mean"": 24.4, ""DCAT_median"": 1.701, ""DCAT_std"": 41.263, ""DCAT_gini"": 0.735, ""DCAT_IQR"": 23.168, ""NAT_mean"": 3.75, ""NAT_median"": 2.0, ""NAT_std"": 5.007, ""NAT_gini"": 0.492, ""NAT_IQR"": 1.25}",0
nickroberts,Unknown,,{},0
nidheeshdas,Unknown,,{},0
nigel-dewar,Bot,0.06,"{""NA"": 19.0, ""NT"": 2.0, ""NOR"": 1.0, ""ORR"": 0.333, ""DCA_mean"": 19.547, ""DCA_median"": 0.617, ""DCA_std"": 31.905, ""DCA_gini"": 0.737, ""NAR_mean"": 6.333, ""NAR_median"": 1.0, ""NAR_gini"": 0.561, ""NAR_IQR"": 8.0, ""NTR_mean"": 1.0, ""NTR_median"": 1.0, ""NTR_std"": 0.0, ""NTR_gini"": 0.0, ""NCAR_mean"": 4.75, ""NCAR_std"": 4.349, ""NCAR_IQR"": 7.25, ""DCAR_mean"": 49.123, ""DCAR_median"": 36.644, ""DCAR_std"": 60.272, ""DCAR_IQR"": 85.767, ""DAAR_mean"": 51.782, ""DAAR_median"": 46.952, ""DAAR_std"": 54.348, ""DAAR_gini"": 0.465, ""DAAR_IQR"": 54.187, ""DCAT_mean"": 77.668, ""DCAT_median"": 77.668, ""DCAT_std"": 43.44, ""DCAT_gini"": 0.198, ""DCAT_IQR"": 30.716, ""NAT_mean"": 9.5, ""NAT_median"": 9.5, ""NAT_std"": 10.607, ""NAT_gini"": 0.395, ""NAT_IQR"": 7.5}",1
nikolaz111,Unknown,,{},0
nilsonsrjunior,Unknown,,{},0
nitetrik,Unknown,,{},0
nitzanav,Human,0.308,"{""NA"": 12.0, ""NT"": 4.0, ""NOR"": 1.0, ""ORR"": 1.0, ""DCA_mean"": 93.86, ""DCA_median"": 0.899, ""DCA_std"": 213.953, ""DCA_gini"": 0.813, ""NAR_mean"": 12.0, ""NAR_median"": 12.0, ""NAR_gini"": 0.0, ""NAR_IQR"": 0.0, ""NTR_mean"": 4.0, ""NTR_median"": 4.0, ""NTR_std"": 0.0, ""NTR_gini"": 0.0, ""NCAR_mean"": 12.0, ""NCAR_std"": 0.0, ""NCAR_IQR"": 0.0, ""DCAR_mean"": 1032.462, ""DCAR_median"": 1032.462, ""DCAR_std"": 0.0, ""DCAR_IQR"": 0.0, ""DAAR_mean"": NaN, ""DAAR_median"": NaN, ""DAAR_std"": 0.0, ""DAAR_gini"": 0.0, ""DAAR_IQR"": NaN, ""DCAT_mean"": 180.057, ""DCAT_median"": 0.231, ""DCAT_std"": 359.788, ""DCAT_gini"": 0.75, ""DCAT_IQR"": 180.146, ""NAT_mean"": 3.0, ""NAT_median"": 1.0, ""NAT_std"": 4.0, ""NAT_gini"": 0.5, ""NAT_IQR"": 2.0}",0
nomantintash,Unknown,,{},0
noob9527,Unknown,,{},0
notrab,Human,0.955,"{""NA"": 66.0, ""NT"": 8.0, ""NOR"": 8.0, ""ORR"": 0.8, ""DCA_mean"": 10.824, ""DCA_median"": 0.131, ""DCA_std"": 27.509, ""DCA_gini"": 0.84, ""NAR_mean"": 6.6, ""NAR_median"": 1.0, ""NAR_gini"": 0.752, ""NAR_IQR"": 0.0, ""NTR_mean"": 1.8, ""NTR_median"": 1.0, ""NTR_std"": 1.932, ""NTR_gini"": 0.378, ""NCAR_mean"": 4.4, ""NCAR_std"": 5.275, ""NCAR_IQR"": 4.5, ""DCAR_mean"": 16.091, ""DCAR_median"": 0.0, ""DCAR_std"": 32.407, ""DCAR_IQR"": 4.631, ""DAAR_mean"": 33.013, ""DAAR_median"": 18.903, ""DAAR_std"": 45.632, ""DAAR_gini"": 0.577, ""DAAR_IQR"": 16.294, ""DCAT_mean"": 13.576, ""DCAT_median"": 0.131, ""DCAT_std"": 31.546, ""DCAT_gini"": 0.821, ""DCAT_IQR"": 12.657, ""NAT_mean"": 8.25, ""NAT_median"": 5.5, ""NAT_std"": 8.648, ""NAT_gini"": 0.424, ""NAT_IQR"": 3.5}",0
nowres,Unknown,,{},0
noxecane,Human,0.634,"{""NA"": 10.0, ""NT"": 4.0, ""NOR"": 2.0, ""ORR"": 0.667, ""DCA_mean"": 55.706, ""DCA_median"": 0.126, ""DCA_std"": 159.458, ""DCA_gini"": 0.877, ""NAR_mean"": 3.333, ""NAR_median"": 4.0, ""NAR_gini"": 0.267, ""NAR_IQR"": 2.0, ""NTR_mean"": 2.333, ""NTR_median"": 3.0, ""NTR_std"": 1.155, ""NTR_gini"": 0.19, ""NCAR_mean"": 3.333, ""NCAR_std"": 2.082, ""NCAR_IQR"": 2.0, ""DCAR_mean"": 1.262, ""DCAR_median"": 1.042, ""DCAR_std"": 1.385, ""DCAR_IQR"": 1.372, ""DAAR_mean"": 248.783, ""DAAR_median"": 248.783, ""DAAR_std"": 327.946, ""DAAR_gini"": 0.466, ""DAAR_IQR"": 231.893, ""DCAT_mean"": 55.706, ""DCAT_median"": 0.126, ""DCAT_std"": 159.458, ""DCAT_gini"": 0.877, ""DCAT_IQR"": 2.576, ""NAT_mean"": 2.5, ""NAT_median"": 2.5, ""NAT_std"": 1.291, ""NAT_gini"": 0.25, ""NAT_IQR"": 1.5}",0
npearson72,Unknown,,{},0
nsarno,Unknown,,{},0
ntimmerman,Unknown,,{},0
oblogic7,Unknown,,{},0
okjulian,Unknown,,{},0
oleg-ria,Unknown,,{},0
olimungo,Unknown,,{},0
oliverjanik,Unknown,,{},0
omribenari,Unknown,,{},0
opadilla,Unknown,,{},0
orangr1989,Unknown,,{},0
oreqizer,Unknown,,{},0
osdevisnot,Human,0.795,"{""NA"": 5.0, ""NT"": 1.0, ""NOR"": 5.0, ""ORR"": 1.0, ""DCA_mean"": 15144.679, ""DCA_median"": 12016.932, ""DCA_std"": 10557.903, ""DCA_gini"": 0.315, ""NAR_mean"": 1.0, ""NAR_median"": 1.0, ""NAR_gini"": 0.0, ""NAR_IQR"": 0.0, ""NTR_mean"": 1.0, ""NTR_median"": 1.0, ""NTR_std"": 0.0, ""NTR_gini"": 0.0, ""NCAR_mean"": 1.0, ""NCAR_std"": 0.0, ""NCAR_IQR"": 0.0, ""DCAR_mean"": 0.0, ""DCAR_median"": 0.0, ""DCAR_std"": 0.0, ""DCAR_IQR"": 0.0, ""DAAR_mean"": 15144.679, ""DAAR_median"": 12016.932, ""DAAR_std"": 10557.903, ""DAAR_gini"": 0.315, ""DAAR_IQR"": 9764.678, ""DCAT_mean"": NaN, ""DCAT_median"": NaN, ""DCAT_std"": 0.0, ""DCAT_gini"": 0.0, ""DCAT_IQR"": NaN, ""NAT_mean"": 5.0, ""NAT_median"": 5.0, ""NAT_std"": 0.0, ""NAT_gini"": 0.0, ""NAT_IQR"": 0.0}",0
oswaldofreitas,Unknown,,{},0
otaviosoares,Unknown,,{},0
otg-kalex,Unknown,,{},0
ottigerb,Unknown,,{},0
ottojimb,Unknown,,{},0
pablorsk,Human,0.025,"{""NA"": 5.0, ""NT"": 4.0, ""NOR"": 1.0, ""ORR"": 1.0, ""DCA_mean"": 0.082, ""DCA_median"": 0.045, ""DCA_std"": 0.106, ""DCA_gini"": 0.567, ""NAR_mean"": 5.0, ""NAR_median"": 5.0, ""NAR_gini"": 0.0, ""NAR_IQR"": 0.0, ""NTR_mean"": 4.0, ""NTR_median"": 4.0, ""NTR_std"": 0.0, ""NTR_gini"": 0.0, ""NCAR_mean"": 5.0, ""NCAR_std"": 0.0, ""NCAR_IQR"": 0.0, ""DCAR_mean"": 0.329, ""DCAR_median"": 0.329, ""DCAR_std"": 0.0, ""DCAR_IQR"": 0.0, ""DAAR_mean"": NaN, ""DAAR_median"": NaN, ""DAAR_std"": 0.0, ""DAAR_gini"": 0.0, ""DAAR_IQR"": NaN, ""DCAT_mean"": 0.032, ""DCAT_median"": 0.014, ""DCAT_std"": 0.039, ""DCAT_gini"": 0.493, ""DCAT_IQR"": 0.035, ""NAT_mean"": 1.25, ""NAT_median"": 1.0, ""NAT_std"": 0.5, ""NAT_gini"": 0.15, ""NAT_IQR"": 0.25}",0
paddybasi,Unknown,,{},0
paglias,Unknown,,{},0
palpalani,Bot,0.229,"{""NA"": 198.0, ""NT"": 6.0, ""NOR"": 30.0, ""ORR"": 0.536, ""DCA_mean"": 3.346, ""DCA_median"": 0.004, ""DCA_std"": 11.475, ""DCA_gini"": 0.924, ""NAR_mean"": 3.536, ""NAR_median"": 1.0, ""NAR_gini"": 0.604, ""NAR_IQR"": 1.0, ""NTR_mean"": 1.411, ""NTR_median"": 1.0, ""NTR_std"": 0.565, ""NTR_gini"": 0.191, ""NCAR_mean"": 1.435, ""NCAR_std"": 1.046, ""NCAR_IQR"": 0.75, ""DCAR_mean"": 0.004, ""DCAR_median"": 0.0, ""DCAR_std"": 0.026, ""DCAR_IQR"": 0.0, ""DAAR_mean"": 4.807, ""DAAR_median"": 0.004, ""DAAR_std"": 13.517, ""DAAR_gini"": 0.893, ""DAAR_IQR"": 0.174, ""DCAT_mean"": 1.826, ""DCAT_median"": 0.003, ""DCAT_std"": 8.752, ""DCAT_gini"": 0.959, ""DCAT_IQR"": 0.006, ""NAT_mean"": 33.0, ""NAT_median"": 22.5, ""NAT_std"": 34.774, ""NAT_gini"": 0.517, ""NAT_IQR"": 61.0}",1
pashaigood,Unknown,,{},0
pasine,Unknown,,{},0
paulchubatyy,Unknown,,{},0
pavelhoral,Human,0.93,"{""NA"": 90.0, ""NT"": 9.0, ""NOR"": 6.0, ""ORR"": 0.273, ""DCA_mean"": 6.634, ""DCA_median"": 0.264, ""DCA_std"": 15.721, ""DCA_gini"": 0.845, ""NAR_mean"": 4.091, ""NAR_median"": 2.0, ""NAR_gini"": 0.488, ""NAR_IQR"": 4.0, ""NTR_mean"": 2.318, ""NTR_median"": 2.0, ""NTR_std"": 1.701, ""NTR_gini"": 0.341, ""NCAR_mean"": 1.875, ""NCAR_std"": 1.482, ""NCAR_IQR"": 1.0, ""DCAR_mean"": 4.78, ""DCAR_median"": 0.0, ""DCAR_std"": 14.654, ""DCAR_IQR"": 0.171, ""DAAR_mean"": 7.68, ""DAAR_median"": 0.456, ""DAAR_std"": 16.155, ""DAAR_gini"": 0.816, ""DAAR_IQR"": 2.936, ""DCAT_mean"": 8.008, ""DCAT_median"": 0.383, ""DCAT_std"": 17.28, ""DCAT_gini"": 0.823, ""DCAT_IQR"": 3.326, ""NAT_mean"": 10.0, ""NAT_median"": 8.0, ""NAT_std"": 10.087, ""NAT_gini"": 0.469, ""NAT_IQR"": 9.0}",0
paweln1986,Unknown,,{},0
pbellon,Unknown,,{},0
pbojinov,Unknown,,{},0
pdf,Unknown,,{},0
pdf13,Unknown,,{},0
pdrosos,Human,0.199,"{""NA"": 12.0, ""NT"": 1.0, ""NOR"": 9.0, ""ORR"": 0.75, ""DCA_mean"": 51.07, ""DCA_median"": 29.306, ""DCA_std"": 74.881, ""DCA_gini"": 0.638, ""NAR_mean"": 1.0, ""NAR_median"": 1.0, ""NAR_gini"": 0.0, ""NAR_IQR"": 0.0, ""NTR_mean"": 1.0, ""NTR_median"": 1.0, ""NTR_std"": 0.0, ""NTR_gini"": 0.0, ""NCAR_mean"": 1.0, ""NCAR_std"": 0.0, ""NCAR_IQR"": 0.0, ""DCAR_mean"": 0.0, ""DCAR_median"": 0.0, ""DCAR_std"": 0.0, ""DCAR_IQR"": 0.0, ""DAAR_mean"": 51.07, ""DAAR_median"": 29.306, ""DAAR_std"": 74.881, ""DAAR_gini"": 0.638, ""DAAR_IQR"": 39.594, ""DCAT_mean"": NaN, ""DCAT_median"": NaN, ""DCAT_std"": 0.0, ""DCAT_gini"": 0.0, ""DCAT_IQR"": NaN, ""NAT_mean"": 12.0, ""NAT_median"": 12.0, ""NAT_std"": 0.0, ""NAT_gini"": 0.0, ""NAT_IQR"": 0.0}",0
pedro3900,Unknown,,{},0
pedrodelgallego,Bot,0.372,"{""NA"": 11.0, ""NT"": 2.0, ""NOR"": 1.0, ""ORR"": 0.333, ""DCA_mean"": 3.052, ""DCA_median"": 0.28, ""DCA_std"": 8.039, ""DCA_gini"": 0.835, ""NAR_mean"": 3.667, ""NAR_median"": 2.0, ""NAR_gini"": 0.303, ""NAR_IQR"": 2.5, ""NTR_mean"": 2.0, ""NTR_median"": 2.0, ""NTR_std"": 0.0, ""NTR_gini"": 0.0, ""NCAR_mean"": 2.75, ""NCAR_std"": 2.217, ""NCAR_IQR"": 1.25, ""DCAR_mean"": 0.822, ""DCAR_median"": 0.184, ""DCAR_std"": 1.405, ""DCAR_IQR"": 0.938, ""DAAR_mean"": 9.079, ""DAAR_median"": 1.39, ""DAAR_std"": 14.535, ""DAAR_gini"": 0.633, ""DAAR_IQR"": 12.92, ""DCAT_mean"": 5.251, ""DCAT_median"": 0.045, ""DCAT_std"": 11.512, ""DCAT_gini"": 0.792, ""DCAT_IQR"": 0.279, ""NAT_mean"": 5.5, ""NAT_median"": 5.5, ""NAT_std"": 3.536, ""NAT_gini"": 0.227, ""NAT_IQR"": 2.5}",1
peec,Unknown,,{},0
perchi,Unknown,,{},0
pfried,Unknown,,{},0
pgrm,Unknown,,{},0
phamdt,Unknown,,{},0
phazei,Human,0.862,"{""NA"": 65.0, ""NT"": 6.0, ""NOR"": 12.0, ""ORR"": 0.923, ""DCA_mean"": 10.54, ""DCA_median"": 1.184, ""DCA_std"": 27.456, ""DCA_gini"": 0.8, ""NAR_mean"": 5.0, ""NAR_median"": 2.0, ""NAR_gini"": 0.606, ""NAR_IQR"": 3.0, ""NTR_mean"": 1.385, ""NTR_median"": 1.0, ""NTR_std"": 0.506, ""NTR_gini"": 0.171, ""NCAR_mean"": 2.955, ""NCAR_std"": 4.796, ""NCAR_IQR"": 1.0, ""DCAR_mean"": 13.048, ""DCAR_median"": 0.0, ""DCAR_std"": 39.46, ""DCAR_IQR"": 4.603, ""DAAR_mean"": 18.452, ""DAAR_median"": 0.988, ""DAAR_std"": 43.689, ""DAAR_gini"": 0.802, ""DAAR_IQR"": 19.639, ""DCAT_mean"": 18.897, ""DCAT_median"": 0.938, ""DCAT_std"": 47.841, ""DCAT_gini"": 0.825, ""DCAT_IQR"": 19.512, ""NAT_mean"": 10.833, ""NAT_median"": 3.0, ""NAT_std"": 13.512, ""NAT_gini"": 0.546, ""NAT_IQR"": 12.0}",0
phedinkus,Unknown,,{},0
philipmadeley,Unknown,,{},0
pierol,Unknown,,{},0
pineauk,Unknown,,{},0
pirhoo,Human,0.929,"{""NA"": 85.0, ""NT"": 12.0, ""NOR"": 4.0, ""ORR"": 0.4, ""DCA_mean"": 2.627, ""DCA_median"": 0.2, ""DCA_std"": 7.576, ""DCA_gini"": 0.833, ""NAR_mean"": 8.5, ""NAR_median"": 3.0, ""NAR_gini"": 0.585, ""NAR_IQR"": 11.25, ""NTR_mean"": 2.6, ""NTR_median"": 2.0, ""NTR_std"": 1.955, ""NTR_gini"": 0.354, ""NCAR_mean"": 3.036, ""NCAR_std"": 3.237, ""NCAR_IQR"": 3.0, ""DCAR_mean"": 2.642, ""DCAR_median"": 0.012, ""DCAR_std"": 6.815, ""DCAR_IQR"": 1.654, ""DAAR_mean"": 5.433, ""DAAR_median"": 0.419, ""DAAR_std"": 12.533, ""DAAR_gini"": 0.806, ""DAAR_IQR"": 4.096, ""DCAT_mean"": 2.169, ""DCAT_median"": 0.141, ""DCAT_std"": 4.388, ""DCAT_gini"": 0.798, ""DCAT_IQR"": 1.459, ""NAT_mean"": 7.083, ""NAT_median"": 3.0, ""NAT_std"": 12.522, ""NAT_gini"": 0.609, ""NAT_IQR"": 2.75}",0
piu130,Human,0.323,"{""NA"": 10.0, ""NT"": 4.0, ""NOR"": 2.0, ""ORR"": 0.5, ""DCA_mean"": 21.008, ""DCA_median"": 2.601, ""DCA_std"": 32.107, ""DCA_gini"": 0.691, ""NAR_mean"": 2.5, ""NAR_median"": 2.5, ""NAR_gini"": 0.3, ""NAR_IQR"": 3.0, ""NTR_mean"": 1.25, ""NTR_median"": 1.0, ""NTR_std"": 0.5, ""NTR_gini"": 0.15, ""NCAR_mean"": 1.25, ""NCAR_std"": 0.463, ""NCAR_IQR"": 0.25, ""DCAR_mean"": 0.326, ""DCAR_median"": 0.0, ""DCAR_std"": 0.919, ""DCAR_IQR"": 0.001, ""DAAR_mean"": 26.637, ""DAAR_median"": 20.816, ""DAAR_std"": 34.749, ""DAAR_gini"": 0.616, ""DAAR_IQR"": 34.913, ""DCAT_mean"": 37.207, ""DCAT_median"": 22.693, ""DCAT_std"": 36.365, ""DCAT_gini"": 0.465, ""DCAT_IQR"": 26.797, ""NAT_mean"": 2.5, ""NAT_median"": 2.0, ""NAT_std"": 1.915, ""NAT_gini"": 0.35, ""NAT_IQR"": 2.5}",0
pluswave,Unknown,,{},0
poliveira89,Human,0.485,"{""NA"": 5.0, ""NT"": 1.0, ""NOR"": 5.0, ""ORR"": 1.0, ""DCA_mean"": 92.943, ""DCA_median"": 91.174, ""DCA_std"": 45.83, ""DCA_gini"": 0.234, ""NAR_mean"": 1.0, ""NAR_median"": 1.0, ""NAR_gini"": 0.0, ""NAR_IQR"": 0.0, ""NTR_mean"": 1.0, ""NTR_median"": 1.0, ""NTR_std"": 0.0, ""NTR_gini"": 0.0, ""NCAR_mean"": 1.0, ""NCAR_std"": 0.0, ""NCAR_IQR"": 0.0, ""DCAR_mean"": 0.0, ""DCAR_median"": 0.0, ""DCAR_std"": 0.0, ""DCAR_IQR"": 0.0, ""DAAR_mean"": 92.943, ""DAAR_median"": 91.174, ""DAAR_std"": 45.83, ""DAAR_gini"": 0.234, ""DAAR_IQR"": 66.297, ""DCAT_mean"": NaN, ""DCAT_median"": NaN, ""DCAT_std"": 0.0, ""DCAT_gini"": 0.0, ""DCAT_IQR"": NaN, ""NAT_mean"": 5.0, ""NAT_median"": 5.0, ""NAT_std"": 0.0, ""NAT_gini"": 0.0, ""NAT_IQR"": 0.0}",0
prashanth-sams,Unknown,,{},0
prbaron,Unknown,,{},0
priithansen,Human,0.934,"{""NA"": 10.0, ""NT"": 6.0, ""NOR"": 5.0, ""ORR"": 0.833, ""DCA_mean"": 59.176, ""DCA_median"": 29.263, ""DCA_std"": 99.247, ""DCA_gini"": 0.693, ""NAR_mean"": 1.667, ""NAR_median"": 1.5, ""NAR_gini"": 0.233, ""NAR_IQR"": 1.0, ""NTR_mean"": 1.5, ""NTR_median"": 1.5, ""NTR_std"": 0.548, ""NTR_gini"": 0.167, ""NCAR_mean"": 1.667, ""NCAR_std"": 0.816, ""NCAR_IQR"": 1.0, ""DCAR_mean"": 51.908, ""DCAR_median"": 0.062, ""DCAR_std"": 126.758, ""DCAR_IQR"": 0.534, ""DAAR_mean"": 44.228, ""DAAR_median"": 49.443, ""DAAR_std"": 31.746, ""DAAR_gini"": 0.358, ""DAAR_IQR"": 28.089, ""DCAT_mean"": 55.75, ""DCAT_median"": 0.653, ""DCAT_std"": 114.053, ""DCAT_gini"": 0.776, ""DCAT_IQR"": 39.241, ""NAT_mean"": 1.667, ""NAT_median"": 1.0, ""NAT_std"": 1.211, ""NAT_gini"": 0.3, ""NAT_IQR"": 0.75}",0
priley86,Human,0.949,"{""NA"": 37.0, ""NT"": 9.0, ""NOR"": 4.0, ""ORR"": 0.5, ""DCA_mean"": 18.766, ""DCA_median"": 0.786, ""DCA_std"": 34.355, ""DCA_gini"": 0.759, ""NAR_mean"": 4.625, ""NAR_median"": 3.5, ""NAR_gini"": 0.483, ""NAR_IQR"": 4.25, ""NTR_mean"": 2.125, ""NTR_median"": 1.5, ""NTR_std"": 1.356, ""NTR_gini"": 0.316, ""NCAR_mean"": 2.312, ""NCAR_std"": 2.651, ""NCAR_IQR"": 1.0, ""DCAR_mean"": 6.847, ""DCAR_median"": 0.0, ""DCAR_std"": 24.462, ""DCAR_IQR"": 0.174, ""DAAR_mean"": 37.735, ""DAAR_median"": 23.484, ""DAAR_std"": 44.045, ""DAAR_gini"": 0.553, ""DAAR_IQR"": 42.207, ""DCAT_mean"": 22.942, ""DCAT_median"": 1.272, ""DCAT_std"": 37.882, ""DCAT_gini"": 0.727, ""DCAT_IQR"": 25.396, ""NAT_mean"": 4.111, ""NAT_median"": 2.0, ""NAT_std"": 5.159, ""NAT_gini"": 0.529, ""NAT_IQR"": 3.0}",0
psvensson,Unknown,,{},0
psychowood,Human,0.947,"{""NA"": 30.0, ""NT"": 10.0, ""NOR"": 16.0, ""ORR"": 0.941, ""DCA_mean"": 20.959, ""DCA_median"": 7.308, ""DCA_std"": 24.793, ""DCA_gini"": 0.616, ""NAR_mean"": 1.765, ""NAR_median"": 1.0, ""NAR_gini"": 0.329, ""NAR_IQR"": 1.0, ""NTR_mean"": 1.471, ""NTR_median"": 1.0, ""NTR_std"": 0.874, ""NTR_gini"": 0.249, ""NCAR_mean"": 1.304, ""NCAR_std"": 0.635, ""NCAR_IQR"": 0.0, ""DCAR_mean"": 0.909, ""DCAR_median"": 0.0, ""DCAR_std"": 2.811, ""DCAR_IQR"": 0.0, ""DAAR_mean"": 26.678, ""DAAR_median"": 21.262, ""DAAR_std"": 25.924, ""DAAR_gini"": 0.527, ""DAAR_IQR"": 44.246, ""DCAT_mean"": 22.941, ""DCAT_median"": 9.319, ""DCAT_std"": 26.102, ""DCAT_gini"": 0.597, ""DCAT_IQR"": 44.255, ""NAT_mean"": 3.0, ""NAT_median"": 2.5, ""NAT_std"": 2.404, ""NAT_gini"": 0.373, ""NAT_IQR"": 2.5}",0
pulakb,Unknown,,{},0
qlonik,Human,0.842,"{""NA"": 8.0, ""NT"": 4.0, ""NOR"": 3.0, ""ORR"": 1.0, ""DCA_mean"": 74.31, ""DCA_median"": 1.908, ""DCA_std"": 136.299, ""DCA_gini"": 0.758, ""NAR_mean"": 2.667, ""NAR_median"": 1.0, ""NAR_gini"": 0.417, ""NAR_IQR"": 2.5, ""NTR_mean"": 1.333, ""NTR_median"": 1.0, ""NTR_std"": 0.577, ""NTR_gini"": 0.167, ""NCAR_mean"": 2.0, ""NCAR_std"": 1.414, ""NCAR_IQR"": 1.5, ""DCAR_mean"": 89.856, ""DCAR_median"": 0.0, ""DCAR_std"": 179.711, ""DCAR_IQR"": 89.856, ""DAAR_mean"": 53.583, ""DAAR_median"": 10.168, ""DAAR_std"": 82.783, ""DAAR_gini"": 0.612, ""DAAR_IQR"": 73.752, ""DCAT_mean"": 40.188, ""DCAT_median"": 5.853, ""DCAT_std"": 72.708, ""DCAT_gini"": 0.709, ""DCAT_IQR"": 43.732, ""NAT_mean"": 2.0, ""NAT_median"": 1.0, ""NAT_std"": 2.0, ""NAT_gini"": 0.375, ""NAT_IQR"": 1.0}",0
qorsmond,Unknown,,{},0
quipu,Unknown,,{},0
qumani-designs,Unknown,,{},0
rabr2ro,Unknown,,{},0
radarsu,Human,0.357,"{""NA"": 6.0, ""NT"": 1.0, ""NOR"": 6.0, ""ORR"": 1.0, ""DCA_mean"": 26.398, ""DCA_median"": 30.393, ""DCA_std"": 18.708, ""DCA_gini"": 0.355, ""NAR_mean"": 1.0, ""NAR_median"": 1.0, ""NAR_gini"": 0.0, ""NAR_IQR"": 0.0, ""NTR_mean"": 1.0, ""NTR_median"": 1.0, ""NTR_std"": 0.0, ""NTR_gini"": 0.0, ""NCAR_mean"": 1.0, ""NCAR_std"": 0.0, ""NCAR_IQR"": 0.0, ""DCAR_mean"": 0.0, ""DCAR_median"": 0.0, ""DCAR_std"": 0.0, ""DCAR_IQR"": 0.0, ""DAAR_mean"": 26.398, ""DAAR_median"": 30.393, ""DAAR_std"": 18.708, ""DAAR_gini"": 0.355, ""DAAR_IQR"": 25.527, ""DCAT_mean"": NaN, ""DCAT_median"": NaN, ""DCAT_std"": 0.0, ""DCAT_gini"": 0.0, ""DCAT_IQR"": NaN, ""NAT_mean"": 6.0, ""NAT_median"": 6.0, ""NAT_std"": 0.0, ""NAT_gini"": 0.0, ""NAT_IQR"": 0.0}",0
radyz,Unknown,,{},0
rajarju,Unknown,,{},0
ramirescm,Unknown,,{},0
raphaelluchini,Human,0.797,"{""NA"": 7.0, ""NT"": 5.0, ""NOR"": 3.0, ""ORR"": 0.75, ""DCA_mean"": 20.281, ""DCA_median"": 16.99, ""DCA_std"": 24.308, ""DCA_gini"": 0.537, ""NAR_mean"": 1.75, ""NAR_median"": 1.0, ""NAR_gini"": 0.321, ""NAR_IQR"": 0.75, ""NTR_mean"": 1.75, ""NTR_median"": 1.0, ""NTR_std"": 1.5, ""NTR_gini"": 0.321, ""NCAR_mean"": 1.75, ""NCAR_std"": 1.5, ""NCAR_IQR"": 0.75, ""DCAR_mean"": 8.527, ""DCAR_median"": 0.0, ""DCAR_std"": 17.053, ""DCAR_IQR"": 8.527, ""DAAR_mean"": 29.193, ""DAAR_median"": 20.189, ""DAAR_std"": 33.813, ""DAAR_gini"": 0.501, ""DAAR_IQR"": 32.901, ""DCAT_mean"": 25.176, ""DCAT_median"": 16.99, ""DCAT_std"": 28.745, ""DCAT_gini"": 0.5, ""DCAT_IQR"": 18.005, ""NAT_mean"": 1.4, ""NAT_median"": 1.0, ""NAT_std"": 0.894, ""NAT_gini"": 0.229, ""NAT_IQR"": 0.0}",0
raphox,Human,0.891,"{""NA"": 6.0, ""NT"": 4.0, ""NOR"": 4.0, ""ORR"": 1.0, ""DCA_mean"": 70.508, ""DCA_median"": 76.511, ""DCA_std"": 71.516, ""DCA_gini"": 0.499, ""NAR_mean"": 1.5, ""NAR_median"": 1.0, ""NAR_gini"": 0.25, ""NAR_IQR"": 0.5, ""NTR_mean"": 1.5, ""NTR_median"": 1.0, ""NTR_std"": 1.0, ""NTR_gini"": 0.25, ""NCAR_mean"": 1.5, ""NCAR_std"": 1.0, ""NCAR_IQR"": 0.5, ""DCAR_mean"": 0.169, ""DCAR_median"": 0.0, ""DCAR_std"": 0.339, ""DCAR_IQR"": 0.169, ""DAAR_mean"": 117.288, ""DAAR_median"": 109.829, ""DAAR_std"": 44.973, ""DAAR_gini"": 0.169, ""DAAR_IQR"": 44.506, ""DCAT_mean"": 55.4, ""DCAT_median"": 0.665, ""DCAT_std"": 95.37, ""DCAT_gini"": 0.664, ""DCAT_IQR"": 82.756, ""NAT_mean"": 1.5, ""NAT_median"": 1.0, ""NAT_std"": 1.0, ""NAT_gini"": 0.25, ""NAT_IQR"": 0.5}",0
raslasarslas,Unknown,,{},0
redaikidoka,Unknown,,{},0
redskyburning,Unknown,,{},0
rgjamkhedkar,Unknown,,{},0
rictorres,Human,0.811,"{""NA"": 16.0, ""NT"": 2.0, ""NOR"": 15.0, ""ORR"": 1.0, ""DCA_mean"": 190.341, ""DCA_median"": 7.082, ""DCA_std"": 556.707, ""DCA_gini"": 0.874, ""NAR_mean"": 1.067, ""NAR_median"": 1.0, ""NAR_gini"": 0.058, ""NAR_IQR"": 0.0, ""NTR_mean"": 1.067, ""NTR_median"": 1.0, ""NTR_std"": 0.258, ""NTR_gini"": 0.058, ""NCAR_mean"": 1.0, ""NCAR_std"": 0.0, ""NCAR_IQR"": 0.0, ""DCAR_mean"": 0.0, ""DCAR_median"": 0.0, ""DCAR_std"": 0.0, ""DCAR_IQR"": 0.0, ""DAAR_mean"": 190.341, ""DAAR_median"": 7.082, ""DAAR_std"": 556.707, ""DAAR_gini"": 0.874, ""DAAR_IQR"": 49.704, ""DCAT_mean"": 2169.943, ""DCAT_median"": 2169.943, ""DCAT_std"": 0.0, ""DCAT_gini"": 0.0, ""DCAT_IQR"": 0.0, ""NAT_mean"": 8.0, ""NAT_median"": 8.0, ""NAT_std"": 9.899, ""NAT_gini"": 0.438, ""NAT_IQR"": 7.0}",0
ripper2hl,Unknown,,{},0
riyadhalnur,Human,0.058,"{""NA"": 15.0, ""NT"": 1.0, ""NOR"": 15.0, ""ORR"": 1.0, ""DCA_mean"": 48.072, ""DCA_median"": 24.748, ""DCA_std"": 55.113, ""DCA_gini"": 0.579, ""NAR_mean"": 1.0, ""NAR_median"": 1.0, ""NAR_gini"": 0.0, ""NAR_IQR"": 0.0, ""NTR_mean"": 1.0, ""NTR_median"": 1.0, ""NTR_std"": 0.0, ""NTR_gini"": 0.0, ""NCAR_mean"": 1.0, ""NCAR_std"": 0.0, ""NCAR_IQR"": 0.0, ""DCAR_mean"": 0.0, ""DCAR_median"": 0.0, ""DCAR_std"": 0.0, ""DCAR_IQR"": 0.0, ""DAAR_mean"": 48.072, ""DAAR_median"": 24.748, ""DAAR_std"": 55.113, ""DAAR_gini"": 0.579, ""DAAR_IQR"": 83.04, ""DCAT_mean"": NaN, ""DCAT_median"": NaN, ""DCAT_std"": 0.0, ""DCAT_gini"": 0.0, ""DCAT_IQR"": NaN, ""NAT_mean"": 15.0, ""NAT_median"": 15.0, ""NAT_std"": 0.0, ""NAT_gini"": 0.0, ""NAT_IQR"": 0.0}",0
rkeshmir,Unknown,,{},0
rkoberg,Unknown,,{},0
rnugraha,Human,0.081,"{""NA"": 30.0, ""NT"": 3.0, ""NOR"": 1.0, ""ORR"": 0.25, ""DCA_mean"": 15.792, ""DCA_median"": 1.037, ""DCA_std"": 37.229, ""DCA_gini"": 0.831, ""NAR_mean"": 7.5, ""NAR_median"": 8.5, ""NAR_gini"": 0.283, ""NAR_IQR"": 3.5, ""NTR_mean"": 1.75, ""NTR_median"": 2.0, ""NTR_std"": 0.5, ""NTR_gini"": 0.107, ""NCAR_mean"": 6.0, ""NCAR_std"": 4.183, ""NCAR_IQR"": 7.0, ""DCAR_mean"": 23.319, ""DCAR_median"": 12.327, ""DCAR_std"": 35.665, ""DCAR_IQR"": 10.831, ""DAAR_mean"": 85.343, ""DAAR_median"": 76.798, ""DAAR_std"": 68.364, ""DAAR_gini"": 0.371, ""DAAR_IQR"": 49.035, ""DCAT_mean"": 31.492, ""DCAT_median"": 0.736, ""DCAT_std"": 63.685, ""DCAT_gini"": 0.795, ""DCAT_IQR"": 19.559, ""NAT_mean"": 10.0, ""NAT_median"": 2.0, ""NAT_std"": 13.856, ""NAT_gini"": 0.533, ""NAT_IQR"": 12.0}",0
rogerkerse,Unknown,,{},0
rootical,Unknown,,{},0
rosieks,Unknown,,{},0
rosscdh,Unknown,,{},0
rotavio,Unknown,,{},0
rrajewski,Unknown,,{},0
rubenCodeforges,Human,0.601,"{""NA"": 65.0, ""NT"": 9.0, ""NOR"": 1.0, ""ORR"": 1.0, ""DCA_mean"": 10.982, ""DCA_median"": 0.504, ""DCA_std"": 22.15, ""DCA_gini"": 0.775, ""NAR_mean"": 65.0, ""NAR_median"": 65.0, ""NAR_gini"": 0.0, ""NAR_IQR"": 0.0, ""NTR_mean"": 9.0, ""NTR_median"": 9.0, ""NTR_std"": 0.0, ""NTR_gini"": 0.0, ""NCAR_mean"": 65.0, ""NCAR_std"": 0.0, ""NCAR_IQR"": 0.0, ""DCAR_mean"": 702.877, ""DCAR_median"": 702.877, ""DCAR_std"": 0.0, ""DCAR_IQR"": 0.0, ""DAAR_mean"": NaN, ""DAAR_median"": NaN, ""DAAR_std"": 0.0, ""DAAR_gini"": 0.0, ""DAAR_IQR"": NaN, ""DCAT_mean"": 12.064, ""DCAT_median"": 0.389, ""DCAT_std"": 22.81, ""DCAT_gini"": 0.76, ""DCAT_IQR"": 13.445, ""NAT_mean"": 7.222, ""NAT_median"": 4.0, ""NAT_std"": 6.261, ""NAT_gini"": 0.438, ""NAT_IQR"": 9.0}",0
rulir,Unknown,,{},0
rummik,Human,0.658,"{""NA"": 23.0, ""NT"": 4.0, ""NOR"": 12.0, ""ORR"": 0.75, ""DCA_mean"": 28.093, ""DCA_median"": 13.176, ""DCA_std"": 37.111, ""DCA_gini"": 0.655, ""NAR_mean"": 1.438, ""NAR_median"": 1.0, ""NAR_gini"": 0.28, ""NAR_IQR"": 0.0, ""NTR_mean"": 1.062, ""NTR_median"": 1.0, ""NTR_std"": 0.25, ""NTR_gini"": 0.055, ""NCAR_mean"": 1.353, ""NCAR_std"": 1.222, ""NCAR_IQR"": 0.0, ""DCAR_mean"": 1.076, ""DCAR_median"": 0.0, ""DCAR_std"": 4.278, ""DCAR_IQR"": 0.0, ""DAAR_mean"": 37.484, ""DAAR_median"": 24.247, ""DAAR_std"": 39.573, ""DAAR_gini"": 0.555, ""DAAR_IQR"": 61.301, ""DCAT_mean"": 39.286, ""DCAT_median"": 24.247, ""DCAT_std"": 37.006, ""DCAT_gini"": 0.467, ""DCAT_IQR"": 54.958, ""NAT_mean"": 5.75, ""NAT_median"": 6.5, ""NAT_std"": 3.948, ""NAT_gini"": 0.315, ""NAT_IQR"": 5.75}",0
runmael,Unknown,,{},0
rvbiljouw,Unknown,,{},0
s-y,Unknown,,{},0
saaqibz,Unknown,,{},0
sabarish-sa,Unknown,,{},0
sak55,Unknown,,{},0
sam2x,Unknown,,{},0
samhghanmi,Unknown,,{},0
samskrithib,Unknown,,{},0
santiagobasulto,Unknown,,{},0
saqueib,Unknown,,{},0
sarod,Human,0.889,"{""NA"": 65.0, ""NT"": 11.0, ""NOR"": 1.0, ""ORR"": 0.5, ""DCA_mean"": 6.943, ""DCA_median"": 0.072, ""DCA_std"": 45.168, ""DCA_gini"": 0.962, ""NAR_mean"": 32.5, ""NAR_median"": 32.5, ""NAR_gini"": 0.469, ""NAR_IQR"": 30.5, ""NTR_mean"": 6.5, ""NTR_median"": 6.5, ""NTR_std"": 6.364, ""NTR_gini"": 0.346, ""NCAR_mean"": 21.667, ""NCAR_std"": 24.42, ""NCAR_IQR"": 23.5, ""DCAR_mean"": 141.782, ""DCAR_median"": 21.86, ""DCAR_std"": 226.892, ""DCAR_IQR"": 201.727, ""DAAR_mean"": 9.515, ""DAAR_median"": 9.515, ""DAAR_std"": 10.953, ""DAAR_gini"": 0.407, ""DAAR_IQR"": 7.745, ""DCAT_mean"": 11.278, ""DCAT_median"": 0.07, ""DCAT_std"": 57.732, ""DCAT_gini"": 0.948, ""DCAT_IQR"": 0.612, ""NAT_mean"": 5.909, ""NAT_median"": 4.0, ""NAT_std"": 5.924, ""NAT_gini"": 0.501, ""NAT_IQR"": 8.5}",0
sarunast,Unknown,,{},0
sasajib,Unknown,,{},0
sb8244,Unknown,,{},0
sbuljac,Unknown,,{},0
scanferla,Unknown,,{},0
scarroll32,Human,0.945,"{""NA"": 14.0, ""NT"": 9.0, ""NOR"": 4.0, ""ORR"": 0.667, ""DCA_mean"": 49.771, ""DCA_median"": 0.084, ""DCA_std"": 80.8, ""DCA_gini"": 0.732, ""NAR_mean"": 2.333, ""NAR_median"": 2.0, ""NAR_gini"": 0.333, ""NAR_IQR"": 2.0, ""NTR_mean"": 2.0, ""NTR_median"": 1.5, ""NTR_std"": 1.265, ""NTR_gini"": 0.306, ""NCAR_mean"": 1.75, ""NCAR_std"": 1.389, ""NCAR_IQR"": 1.0, ""DCAR_mean"": 0.955, ""DCAR_median"": 0.0, ""DCAR_std"": 2.501, ""DCAR_IQR"": 0.186, ""DAAR_mean"": 91.34, ""DAAR_median"": 112.048, ""DAAR_std"": 93.18, ""DAAR_gini"": 0.513, ""DAAR_IQR"": 146.187, ""DCAT_mean"": 58.778, ""DCAT_median"": 0.054, ""DCAT_std"": 85.173, ""DCAT_gini"": 0.684, ""DCAT_IQR"": 126.718, ""NAT_mean"": 1.556, ""NAT_median"": 1.0, ""NAT_std"": 0.726, ""NAT_gini"": 0.222, ""NAT_IQR"": 1.0}",0
schacki,Unknown,,{},0
scottymeyers,Unknown,,{},0
scttcper,Human,0.746,"{""NA"": 74.0, ""NT"": 9.0, ""NOR"": 2.0, ""ORR"": 1.0, ""DCA_mean"": 0.662, ""DCA_median"": 0.179, ""DCA_std"": 1.926, ""DCA_gini"": 0.783, ""NAR_mean"": 37.0, ""NAR_median"": 37.0, ""NAR_gini"": 0.338, ""NAR_IQR"": 25.0, ""NTR_mean"": 6.5, ""NTR_median"": 6.5, ""NTR_std"": 3.536, ""NTR_gini"": 0.192, ""NCAR_mean"": 24.667, ""NCAR_std"": 21.939, ""NCAR_IQR"": 19.0, ""DCAR_mean"": 12.724, ""DCAR_median"": 3.734, ""DCAR_std"": 17.617, ""DCAR_IQR"": 15.803, ""DAAR_mean"": 5.092, ""DAAR_median"": 5.092, ""DAAR_std"": 5.563, ""DAAR_gini"": 0.386, ""DAAR_IQR"": 3.933, ""DCAT_mean"": 0.746, ""DCAT_median"": 0.196, ""DCAT_std"": 2.063, ""DCAT_gini"": 0.782, ""DCAT_IQR"": 0.499, ""NAT_mean"": 8.222, ""NAT_median"": 7.0, ""NAT_std"": 6.496, ""NAT_gini"": 0.417, ""NAT_IQR"": 12.0}",0
sdornan,Unknown,,{},0
sebastialonso,Unknown,,{},0
sebastianovide,Unknown,,{},0
sebeichholz,Unknown,,{},0
sebolio,Organization,1.0,{},0
semeano,Unknown,,{},0
seonetartem,Unknown,,{},0
sercba,Human,0.877,"{""NA"": 6.0, ""NT"": 2.0, ""NOR"": 5.0, ""ORR"": 1.0, ""DCA_mean"": 71.548, ""DCA_median"": 23.606, ""DCA_std"": 109.464, ""DCA_gini"": 0.646, ""NAR_mean"": 1.2, ""NAR_median"": 1.0, ""NAR_gini"": 0.133, ""NAR_IQR"": 0.0, ""NTR_mean"": 1.2, ""NTR_median"": 1.0, ""NTR_std"": 0.447, ""NTR_gini"": 0.133, ""NCAR_mean"": 1.2, ""NCAR_std"": 0.447, ""NCAR_IQR"": 0.0, ""DCAR_mean"": 0.172, ""DCAR_median"": 0.0, ""DCAR_std"": 0.385, ""DCAR_IQR"": 0.0, ""DAAR_mean"": 89.22, ""DAAR_median"": 43.106, ""DAAR_std"": 117.875, ""DAAR_gini"": 0.562, ""DAAR_IQR"": 92.906, ""DCAT_mean"": 12.234, ""DCAT_median"": 12.234, ""DCAT_std"": 16.084, ""DCAT_gini"": 0.465, ""DCAT_IQR"": 11.373, ""NAT_mean"": 3.0, ""NAT_median"": 3.0, ""NAT_std"": 2.828, ""NAT_gini"": 0.333, ""NAT_IQR"": 2.0}",0
sergeymorkovkin,Unknown,,{},0
sergonius,Unknown,,{},0
seyDoggy,Unknown,,{},0
sgybas,Unknown,,{},0
shahar84,Unknown,,{},0
shakyShane,Human,0.769,"{""NA"": 53.0, ""NT"": 6.0, ""NOR"": 2.0, ""ORR"": 0.667, ""DCA_mean"": 13.183, ""DCA_median"": 0.653, ""DCA_std"": 31.439, ""DCA_gini"": 0.837, ""NAR_mean"": 17.667, ""NAR_median"": 7.0, ""NAR_gini"": 0.528, ""NAR_IQR"": 21.0, ""NTR_mean"": 2.667, ""NTR_median"": 2.0, ""NTR_std"": 2.082, ""NTR_gini"": 0.333, ""NCAR_mean"": 13.25, ""NCAR_std"": 18.626, ""NCAR_IQR"": 12.75, ""DCAR_mean"": 82.067, ""DCAR_median"": 40.949, ""DCAR_std"": 110.267, ""DCAR_IQR"": 70.501, ""DAAR_mean"": 119.077, ""DAAR_median"": 118.279, ""DAAR_std"": 42.078, ""DAAR_gini"": 0.157, ""DAAR_IQR"": 42.073, ""DCAT_mean"": 19.878, ""DCAT_median"": 0.306, ""DCAT_std"": 43.115, ""DCAT_gini"": 0.825, ""DCAT_IQR"": 16.631, ""NAT_mean"": 8.833, ""NAT_median"": 3.5, ""NAT_std"": 12.024, ""NAT_gini"": 0.538, ""NAT_IQR"": 4.0}",0
shantanugautam,Bot,0.479,"{""NA"": 28.0, ""NT"": 1.0, ""NOR"": 28.0, ""ORR"": 1.0, ""DCA_mean"": 6.269, ""DCA_median"": 0.038, ""DCA_std"": 16.714, ""DCA_gini"": 0.882, ""NAR_mean"": 1.0, ""NAR_median"": 1.0, ""NAR_gini"": 0.0, ""NAR_IQR"": 0.0, ""NTR_mean"": 1.0, ""NTR_median"": 1.0, ""NTR_std"": 0.0, ""NTR_gini"": 0.0, ""NCAR_mean"": 1.0, ""NCAR_std"": 0.0, ""NCAR_IQR"": 0.0, ""DCAR_mean"": 0.0, ""DCAR_median"": 0.0, ""DCAR_std"": 0.0, ""DCAR_IQR"": 0.0, ""DAAR_mean"": 6.269, ""DAAR_median"": 0.038, ""DAAR_std"": 16.714, ""DAAR_gini"": 0.882, ""DAAR_IQR"": 0.198, ""DCAT_mean"": NaN, ""DCAT_median"": NaN, ""DCAT_std"": 0.0, ""DCAT_gini"": 0.0, ""DCAT_IQR"": NaN, ""NAT_mean"": 28.0, ""NAT_median"": 28.0, ""NAT_std"": 0.0, ""NAT_gini"": 0.0, ""NAT_IQR"": 0.0}",1
shaunpatterson,Human,0.709,"{""NA"": 10.0, ""NT"": 5.0, ""NOR"": 2.0, ""ORR"": 1.0, ""DCA_mean"": 46.968, ""DCA_median"": 1.355, ""DCA_std"": 116.205, ""DCA_gini"": 0.819, ""NAR_mean"": 5.0, ""NAR_median"": 5.0, ""NAR_gini"": 0.1, ""NAR_IQR"": 1.0, ""NTR_mean"": 2.5, ""NTR_median"": 2.5, ""NTR_std"": 0.707, ""NTR_gini"": 0.1, ""NCAR_mean"": 5.0, ""NCAR_std"": 1.414, ""NCAR_IQR"": 1.0, ""DCAR_mean"": 33.548, ""DCAR_median"": 33.548, ""DCAR_std"": 24.441, ""DCAR_IQR"": 17.283, ""DAAR_mean"": 355.619, ""DAAR_median"": 355.619, ""DAAR_std"": 0.0, ""DAAR_gini"": 0.0, ""DAAR_IQR"": 0.0, ""DCAT_mean"": 93.097, ""DCAT_median"": 8.341, ""DCAT_std"": 175.159, ""DCAT_gini"": 0.726, ""DCAT_IQR"": 99.816, ""NAT_mean"": 2.0, ""NAT_median"": 1.0, ""NAT_std"": 1.732, ""NAT_gini"": 0.36, ""NAT_IQR"": 1.0}",0
shawn-simon,Unknown,,{},0
shersial,Unknown,,{},0
shicholas,Invalid,,{},0
shootermv,Unknown,,{},0
shrutiaggarwal3012,Unknown,,{},0
shubhammaheshan,Unknown,,{},0
sibelius,Human,0.959,"{""NA"": 92.0, ""NT"": 11.0, ""NOR"": 77.0, ""ORR"": 0.917, ""DCA_mean"": 17.887, ""DCA_median"": 3.549, ""DCA_std"": 75.669, ""DCA_gini"": 0.815, ""NAR_mean"": 1.095, ""NAR_median"": 1.0, ""NAR_gini"": 0.083, ""NAR_IQR"": 0.0, ""NTR_mean"": 1.071, ""NTR_median"": 1.0, ""NTR_std"": 0.404, ""NTR_gini"": 0.065, ""NCAR_mean"": 1.034, ""NCAR_std"": 0.236, ""NCAR_IQR"": 0.0, ""DCAR_mean"": 0.0, ""DCAR_median"": 0.0, ""DCAR_std"": 0.001, ""DCAR_IQR"": 0.0, ""DAAR_mean"": 18.496, ""DAAR_median"": 3.592, ""DAAR_std"": 76.888, ""DAAR_gini"": 0.811, ""DAAR_IQR"": 13.221, ""DCAT_mean"": 39.265, ""DCAT_median"": 2.367, ""DCAT_std"": 140.053, ""DCAT_gini"": 0.897, ""DCAT_IQR"": 5.279, ""NAT_mean"": 8.364, ""NAT_median"": 1.0, ""NAT_std"": 21.167, ""NAT_gini"": 0.765, ""NAT_IQR"": 2.0}",0
silkroad57,Unknown,,{},0
simonerni,Unknown,,{},0
simonghales,Unknown,,{},0
sinorga,Unknown,,{},0
skeenan,Human,0.288,"{""NA"": 11.0, ""NT"": 1.0, ""NOR"": 11.0, ""ORR"": 1.0, ""DCA_mean"": 62.571, ""DCA_median"": 11.739, ""DCA_std"": 108.188, ""DCA_gini"": 0.737, ""NAR_mean"": 1.0, ""NAR_median"": 1.0, ""NAR_gini"": 0.0, ""NAR_IQR"": 0.0, ""NTR_mean"": 1.0, ""NTR_median"": 1.0, ""NTR_std"": 0.0, ""NTR_gini"": 0.0, ""NCAR_mean"": 1.0, ""NCAR_std"": 0.0, ""NCAR_IQR"": 0.0, ""DCAR_mean"": 0.0, ""DCAR_median"": 0.0, ""DCAR_std"": 0.0, ""DCAR_IQR"": 0.0, ""DAAR_mean"": 62.571, ""DAAR_median"": 11.739, ""DAAR_std"": 108.188, ""DAAR_gini"": 0.737, ""DAAR_IQR"": 44.861, ""DCAT_mean"": NaN, ""DCAT_median"": NaN, ""DCAT_std"": 0.0, ""DCAT_gini"": 0.0, ""DCAT_IQR"": NaN, ""NAT_mean"": 11.0, ""NAT_median"": 11.0, ""NAT_std"": 0.0, ""NAT_gini"": 0.0, ""NAT_IQR"": 0.0}",0
skeep,Human,0.36,"{""NA"": 39.0, ""NT"": 4.0, ""NOR"": 2.0, ""ORR"": 1.0, ""DCA_mean"": 14.889, ""DCA_median"": 0.931, ""DCA_std"": 47.244, ""DCA_gini"": 0.84, ""NAR_mean"": 19.5, ""NAR_median"": 19.5, ""NAR_gini"": 0.321, ""NAR_IQR"": 12.5, ""NTR_mean"": 2.5, ""NTR_median"": 2.5, ""NTR_std"": 2.121, ""NTR_gini"": 0.3, ""NCAR_mean"": 7.8, ""NCAR_std"": 10.33, ""NCAR_IQR"": 3.0, ""DCAR_mean"": 41.895, ""DCAR_median"": 1.225, ""DCAR_std"": 62.484, ""DCAR_IQR"": 66.821, ""DAAR_mean"": 89.074, ""DAAR_median"": 26.188, ""DAAR_std"": 131.942, ""DAAR_gini"": 0.569, ""DAAR_IQR"": 68.028, ""DCAT_mean"": 0.097, ""DCAT_median"": 0.051, ""DCAT_std"": 0.13, ""DCAT_gini"": 0.592, ""DCAT_IQR"": 0.126, ""NAT_mean"": 9.75, ""NAT_median"": 2.0, ""NAT_std"": 16.194, ""NAT_gini"": 0.647, ""NAT_IQR"": 9.75}",0
skjolber,Human,0.774,"{""NA"": 94.0, ""NT"": 7.0, ""NOR"": 2.0, ""ORR"": 0.333, ""DCA_mean"": 2.715, ""DCA_median"": 0.04, ""DCA_std"": 6.582, ""DCA_gini"": 0.857, ""NAR_mean"": 15.667, ""NAR_median"": 4.5, ""NAR_gini"": 0.596, ""NAR_IQR"": 19.0, ""NTR_mean"": 3.167, ""NTR_median"": 3.0, ""NTR_std"": 1.722, ""NTR_gini"": 0.272, ""NCAR_mean"": 5.875, ""NCAR_std"": 6.407, ""NCAR_IQR"": 4.25, ""DCAR_mean"": 7.543, ""DCAR_median"": 0.02, ""DCAR_std"": 16.791, ""DCAR_IQR"": 1.003, ""DAAR_mean"": 8.788, ""DAAR_median"": 1.283, ""DAAR_std"": 10.369, ""DAAR_gini"": 0.6, ""DAAR_IQR"": 17.801, ""DCAT_mean"": 1.988, ""DCAT_median"": 0.008, ""DCAT_std"": 5.87, ""DCAT_gini"": 0.896, ""DCAT_IQR"": 0.223, ""NAT_mean"": 13.429, ""NAT_median"": 4.0, ""NAT_std"": 18.374, ""NAT_gini"": 0.608, ""NAT_IQR"": 14.5}",0
skrenek,Unknown,,{},0
slawojstanislawski,Unknown,,{},0
smakosh,Human,0.925,"{""NA"": 230.0, ""NT"": 11.0, ""NOR"": 5.0, ""ORR"": 0.5, ""DCA_mean"": 2.332, ""DCA_median"": 0.26, ""DCA_std"": 5.844, ""DCA_gini"": 0.841, ""NAR_mean"": 23.0, ""NAR_median"": 4.0, ""NAR_gini"": 0.773, ""NAR_IQR"": 5.25, ""NTR_mean"": 2.8, ""NTR_median"": 2.0, ""NTR_std"": 2.3, ""NTR_gini"": 0.336, ""NCAR_mean"": 4.259, ""NCAR_std"": 7.117, ""NCAR_IQR"": 2.0, ""DCAR_mean"": 6.439, ""DCAR_median"": 0.0, ""DCAR_std"": 16.85, ""DCAR_IQR"": 0.611, ""DAAR_mean"": 3.514, ""DAAR_median"": 0.341, ""DAAR_std"": 7.665, ""DAAR_gini"": 0.808, ""DAAR_IQR"": 1.639, ""DCAT_mean"": 2.164, ""DCAT_median"": 0.268, ""DCAT_std"": 5.216, ""DCAT_gini"": 0.834, ""DCAT_IQR"": 0.61, ""NAT_mean"": 20.909, ""NAT_median"": 2.0, ""NAT_std"": 31.415, ""NAT_gini"": 0.669, ""NAT_IQR"": 35.5}",0
smart987,Unknown,,{},0
snc,Bot,0.805,"{""NA"": 100.0, ""NT"": 1.0, ""NOR"": 94.0, ""ORR"": 0.94, ""DCA_mean"": 5.283, ""DCA_median"": 0.381, ""DCA_std"": 12.663, ""DCA_gini"": 0.814, ""NAR_mean"": 1.0, ""NAR_median"": 1.0, ""NAR_gini"": 0.0, ""NAR_IQR"": 0.0, ""NTR_mean"": 1.0, ""NTR_median"": 1.0, ""NTR_std"": 0.0, ""NTR_gini"": 0.0, ""NCAR_mean"": 1.0, ""NCAR_std"": 0.0, ""NCAR_IQR"": 0.0, ""DCAR_mean"": 0.0, ""DCAR_median"": 0.0, ""DCAR_std"": 0.0, ""DCAR_IQR"": 0.0, ""DAAR_mean"": 5.283, ""DAAR_median"": 0.381, ""DAAR_std"": 12.663, ""DAAR_gini"": 0.814, ""DAAR_IQR"": 3.804, ""DCAT_mean"": NaN, ""DCAT_median"": NaN, ""DCAT_std"": 0.0, ""DCAT_gini"": 0.0, ""DCAT_IQR"": NaN, ""NAT_mean"": 100.0, ""NAT_median"": 100.0, ""NAT_std"": 0.0, ""NAT_gini"": 0.0, ""NAT_IQR"": 0.0}",1
snikch,Human,0.853,"{""NA"": 6.0, ""NT"": 2.0, ""NOR"": 6.0, ""ORR"": 1.0, ""DCA_mean"": 70.672, ""DCA_median"": 51.04, ""DCA_std"": 79.73, ""DCA_gini"": 0.518, ""NAR_mean"": 1.0, ""NAR_median"": 1.0, ""NAR_gini"": 0.0, ""NAR_IQR"": 0.0, ""NTR_mean"": 1.0, ""NTR_median"": 1.0, ""NTR_std"": 0.0, ""NTR_gini"": 0.0, ""NCAR_mean"": 1.0, ""NCAR_std"": 0.0, ""NCAR_IQR"": 0.0, ""DCAR_mean"": 0.0, ""DCAR_median"": 0.0, ""DCAR_std"": 0.0, ""DCAR_IQR"": 0.0, ""DAAR_mean"": 70.672, ""DAAR_median"": 51.04, ""DAAR_std"": 79.73, ""DAAR_gini"": 0.518, ""DAAR_IQR"": 48.646, ""DCAT_mean"": 73.039, ""DCAT_median"": 73.039, ""DCAT_std"": 0.0, ""DCAT_gini"": 0.0, ""DCAT_IQR"": 0.0, ""NAT_mean"": 3.0, ""NAT_median"": 3.0, ""NAT_std"": 2.828, ""NAT_gini"": 0.333, ""NAT_IQR"": 2.0}",0
snow-swallow,Unknown,,{},0
sombra-development,Unknown,,{},0
sookinoby,Unknown,,{},0
souravmondal93,Human,0.269,"{""NA"": 8.0, ""NT"": 1.0, ""NOR"": 7.0, ""ORR"": 0.875, ""DCA_mean"": 41.456, ""DCA_median"": 19.716, ""DCA_std"": 46.038, ""DCA_gini"": 0.552, ""NAR_mean"": 1.0, ""NAR_median"": 1.0, ""NAR_gini"": 0.0, ""NAR_IQR"": 0.0, ""NTR_mean"": 1.0, ""NTR_median"": 1.0, ""NTR_std"": 0.0, ""NTR_gini"": 0.0, ""NCAR_mean"": 1.0, ""NCAR_std"": 0.0, ""NCAR_IQR"": 0.0, ""DCAR_mean"": 0.0, ""DCAR_median"": 0.0, ""DCAR_std"": 0.0, ""DCAR_IQR"": 0.0, ""DAAR_mean"": 41.456, ""DAAR_median"": 19.716, ""DAAR_std"": 46.038, ""DAAR_gini"": 0.552, ""DAAR_IQR"": 73.403, ""DCAT_mean"": NaN, ""DCAT_median"": NaN, ""DCAT_std"": 0.0, ""DCAT_gini"": 0.0, ""DCAT_IQR"": NaN, ""NAT_mean"": 8.0, ""NAT_median"": 8.0, ""NAT_std"": 0.0, ""NAT_gini"": 0.0, ""NAT_IQR"": 0.0}",0
sqal,Unknown,,{},0
srdjanprpa,Unknown,,{},0
srsgores,Bot,0.086,"{""NA"": 23.0, ""NT"": 1.0, ""NOR"": 23.0, ""ORR"": 1.0, ""DCA_mean"": 32.323, ""DCA_median"": 15.247, ""DCA_std"": 43.572, ""DCA_gini"": 0.656, ""NAR_mean"": 1.0, ""NAR_median"": 1.0, ""NAR_gini"": 0.0, ""NAR_IQR"": 0.0, ""NTR_mean"": 1.0, ""NTR_median"": 1.0, ""NTR_std"": 0.0, ""NTR_gini"": 0.0, ""NCAR_mean"": 1.0, ""NCAR_std"": 0.0, ""NCAR_IQR"": 0.0, ""DCAR_mean"": 0.0, ""DCAR_median"": 0.0, ""DCAR_std"": 0.0, ""DCAR_IQR"": 0.0, ""DAAR_mean"": 32.323, ""DAAR_median"": 15.247, ""DAAR_std"": 43.572, ""DAAR_gini"": 0.656, ""DAAR_IQR"": 47.176, ""DCAT_mean"": NaN, ""DCAT_median"": NaN, ""DCAT_std"": 0.0, ""DCAT_gini"": 0.0, ""DCAT_IQR"": NaN, ""NAT_mean"": 23.0, ""NAT_median"": 23.0, ""NAT_std"": 0.0, ""NAT_gini"": 0.0, ""NAT_IQR"": 0.0}",1
sruthigit,Unknown,,{},0
sswainright,Unknown,,{},0
stanosmith,Unknown,,{},0
steeren,Unknown,,{},0
stefanaerts,Unknown,,{},0
stefanpenner,Bot,0.677,"{""NA"": 77.0, ""NT"": 4.0, ""NOR"": 2.0, ""ORR"": 0.286, ""DCA_mean"": 0.294, ""DCA_median"": 0.002, ""DCA_std"": 1.691, ""DCA_gini"": 0.966, ""NAR_mean"": 11.0, ""NAR_median"": 1.0, ""NAR_gini"": 0.776, ""NAR_IQR"": 0.5, ""NTR_mean"": 1.429, ""NTR_median"": 1.0, ""NTR_std"": 1.134, ""NTR_gini"": 0.257, ""NCAR_mean"": 9.625, ""NCAR_std"": 24.395, ""NCAR_IQR"": 0.0, ""DCAR_mean"": 0.106, ""DCAR_median"": 0.0, ""DCAR_std"": 0.3, ""DCAR_IQR"": 0.0, ""DAAR_mean"": 3.066, ""DAAR_median"": 0.234, ""DAAR_std"": 5.083, ""DAAR_gini"": 0.712, ""DAAR_IQR"": 3.671, ""DCAT_mean"": 0.078, ""DCAT_median"": 0.002, ""DCAT_std"": 0.544, ""DCAT_gini"": 0.962, ""DCAT_IQR"": 0.003, ""NAT_mean"": 19.25, ""NAT_median"": 22.0, ""NAT_std"": 6.946, ""NAT_gini"": 0.153, ""NAT_IQR"": 5.25}",1
stepanic,Unknown,,{},0
stevebritton,Unknown,,{},0
stewones,Unknown,,{},0
stoked74,Unknown,,{},0
storkme,Human,0.445,"{""NA"": 213.0, ""NT"": 13.0, ""NOR"": 1.0, ""ORR"": 1.0, ""DCA_mean"": 0.469, ""DCA_median"": 0.072, ""DCA_std"": 1.363, ""DCA_gini"": 0.812, ""NAR_mean"": 213.0, ""NAR_median"": 213.0, ""NAR_gini"": 0.0, ""NAR_IQR"": 0.0, ""NTR_mean"": 13.0, ""NTR_median"": 13.0, ""NTR_std"": 0.0, ""NTR_gini"": 0.0, ""NCAR_mean"": 213.0, ""NCAR_std"": 0.0, ""NCAR_IQR"": 0.0, ""DCAR_mean"": 99.437, ""DCAR_median"": 99.437, ""DCAR_std"": 0.0, ""DCAR_IQR"": 0.0, ""DAAR_mean"": NaN, ""DAAR_median"": NaN, ""DAAR_std"": 0.0, ""DAAR_gini"": 0.0, ""DAAR_IQR"": NaN, ""DCAT_mean"": 0.36, ""DCAT_median"": 0.047, ""DCAT_std"": 1.074, ""DCAT_gini"": 0.823, ""DCAT_IQR"": 0.214, ""NAT_mean"": 16.385, ""NAT_median"": 5.0, ""NAT_std"": 25.669, ""NAT_gini"": 0.623, ""NAT_IQR"": 24.0}",0
stryju,Unknown,,{},0
styler,Unknown,,{},0
sunilkumarkm,Unknown,,{},0
supersonicclay,Unknown,,{},0
superstructor,Unknown,,{},0
svlapin,Unknown,,{},0
swamper,Unknown,,{},0
syzer,Human,0.763,"{""NA"": 16.0, ""NT"": 3.0, ""NOR"": 11.0, ""ORR"": 1.0, ""DCA_mean"": 46.427, ""DCA_median"": 28.31, ""DCA_std"": 67.695, ""DCA_gini"": 0.622, ""NAR_mean"": 1.455, ""NAR_median"": 1.0, ""NAR_gini"": 0.17, ""NAR_IQR"": 1.0, ""NTR_mean"": 1.364, ""NTR_median"": 1.0, ""NTR_std"": 0.505, ""NTR_gini"": 0.17, ""NCAR_mean"": 1.333, ""NCAR_std"": 0.492, ""NCAR_IQR"": 1.0, ""DCAR_mean"": 1.048, ""DCAR_median"": 0.0, ""DCAR_std"": 3.623, ""DCAR_IQR"": 0.002, ""DAAR_mean"": 62.166, ""DAAR_median"": 43.911, ""DAAR_std"": 73.362, ""DAAR_gini"": 0.508, ""DAAR_IQR"": 44.034, ""DCAT_mean"": 53.993, ""DCAT_median"": 29.826, ""DCAT_std"": 73.582, ""DCAT_gini"": 0.592, ""DCAT_IQR"": 58.511, ""NAT_mean"": 5.333, ""NAT_median"": 6.0, ""NAT_std"": 3.055, ""NAT_gini"": 0.25, ""NAT_IQR"": 3.0}",0
tallboy,Unknown,,{},0
tawanda,Unknown,,{},0
tb,Bot,0.009,"{""NA"": 14.0, ""NT"": 1.0, ""NOR"": 14.0, ""ORR"": 1.0, ""DCA_mean"": 38.044, ""DCA_median"": 24.821, ""DCA_std"": 39.297, ""DCA_gini"": 0.5, ""NAR_mean"": 1.0, ""NAR_median"": 1.0, ""NAR_gini"": 0.0, ""NAR_IQR"": 0.0, ""NTR_mean"": 1.0, ""NTR_median"": 1.0, ""NTR_std"": 0.0, ""NTR_gini"": 0.0, ""NCAR_mean"": 1.0, ""NCAR_std"": 0.0, ""NCAR_IQR"": 0.0, ""DCAR_mean"": 0.0, ""DCAR_median"": 0.0, ""DCAR_std"": 0.0, ""DCAR_IQR"": 0.0, ""DAAR_mean"": 38.044, ""DAAR_median"": 24.821, ""DAAR_std"": 39.297, ""DAAR_gini"": 0.5, ""DAAR_IQR"": 29.738, ""DCAT_mean"": NaN, ""DCAT_median"": NaN, ""DCAT_std"": 0.0, ""DCAT_gini"": 0.0, ""DCAT_IQR"": NaN, ""NAT_mean"": 14.0, ""NAT_median"": 14.0, ""NAT_std"": 0.0, ""NAT_gini"": 0.0, ""NAT_IQR"": 0.0}",1
tchiss,Unknown,,{},0
telemakhos,Human,0.652,"{""NA"": 5.0, ""NT"": 1.0, ""NOR"": 4.0, ""ORR"": 0.8, ""DCA_mean"": 167.096, ""DCA_median"": 178.634, ""DCA_std"": 164.19, ""DCA_gini"": 0.444, ""NAR_mean"": 1.0, ""NAR_median"": 1.0, ""NAR_gini"": 0.0, ""NAR_IQR"": 0.0, ""NTR_mean"": 1.0, ""NTR_median"": 1.0, ""NTR_std"": 0.0, ""NTR_gini"": 0.0, ""NCAR_mean"": 1.0, ""NCAR_std"": 0.0, ""NCAR_IQR"": 0.0, ""DCAR_mean"": 0.0, ""DCAR_median"": 0.0, ""DCAR_std"": 0.0, ""DCAR_IQR"": 0.0, ""DAAR_mean"": 167.096, ""DAAR_median"": 178.634, ""DAAR_std"": 164.19, ""DAAR_gini"": 0.444, ""DAAR_IQR"": 267.378, ""DCAT_mean"": NaN, ""DCAT_median"": NaN, ""DCAT_std"": 0.0, ""DCAT_gini"": 0.0, ""DCAT_IQR"": NaN, ""NAT_mean"": 5.0, ""NAT_median"": 5.0, ""NAT_std"": 0.0, ""NAT_gini"": 0.0, ""NAT_IQR"": 0.0}",0
tghamm,Unknown,,{},0
thangtx,Unknown,,{},0
theseanstewart,Unknown,,{},0
thetruechar,Unknown,,{},0
thiagosbrito,Unknown,,{},0
thinksource,Unknown,,{},0
thnt,Unknown,,{},0
tiagomelilo,Unknown,,{},0
timmaybrown,Unknown,,{},0
timmyg,Unknown,,{},0
timofeysie,Bot,0.881,"{""NA"": 28.0, ""NT"": 1.0, ""NOR"": 1.0, ""ORR"": 0.333, ""DCA_mean"": 22.298, ""DCA_median"": 0.611, ""DCA_std"": 66.512, ""DCA_gini"": 0.87, ""NAR_mean"": 9.333, ""NAR_median"": 11.0, ""NAR_gini"": 0.357, ""NAR_IQR"": 7.5, ""NTR_mean"": 1.0, ""NTR_median"": 1.0, ""NTR_std"": 0.0, ""NTR_gini"": 0.0, ""NCAR_mean"": 2.545, ""NCAR_std"": 2.018, ""NCAR_IQR"": 3.5, ""DCAR_mean"": 40.766, ""DCAR_median"": 0.0, ""DCAR_std"": 100.038, ""DCAR_IQR"": 18.24, ""DAAR_mean"": 15.361, ""DAAR_median"": 0.251, ""DAAR_std"": 34.694, ""DAAR_gini"": 0.83, ""DAAR_IQR"": 0.853, ""DCAT_mean"": NaN, ""DCAT_median"": NaN, ""DCAT_std"": 0.0, ""DCAT_gini"": 0.0, ""DCAT_IQR"": NaN, ""NAT_mean"": 28.0, ""NAT_median"": 28.0, ""NAT_std"": 0.0, ""NAT_gini"": 0.0, ""NAT_IQR"": 0.0}",1
tirli,Unknown,,{},0
tjcprince,Unknown,,{},0
tlvince,Human,0.795,"{""NA"": 84.0, ""NT"": 8.0, ""NOR"": 2.0, ""ORR"": 0.667, ""DCA_mean"": 8.651, ""DCA_median"": 3.669, ""DCA_std"": 9.841, ""DCA_gini"": 0.588, ""NAR_mean"": 28.0, ""NAR_median"": 3.0, ""NAR_gini"": 0.611, ""NAR_IQR"": 38.5, ""NTR_mean"": 3.667, ""NTR_median"": 2.0, ""NTR_std"": 2.887, ""NTR_gini"": 0.303, ""NCAR_mean"": 10.5, ""NCAR_std"": 20.227, ""NCAR_IQR"": 6.5, ""DCAR_mean"": 84.094, ""DCAR_median"": 9.695, ""DCAR_std"": 199.819, ""DCAR_IQR"": 32.894, ""DAAR_mean"": 6.467, ""DAAR_median"": 0.915, ""DAAR_std"": 9.338, ""DAAR_gini"": 0.657, ""DAAR_IQR"": 10.118, ""DCAT_mean"": 4.734, ""DCAT_median"": 0.125, ""DCAT_std"": 8.78, ""DCAT_gini"": 0.763, ""DCAT_IQR"": 3.781, ""NAT_mean"": 10.5, ""NAT_median"": 2.5, ""NAT_std"": 20.969, ""NAT_gini"": 0.705, ""NAT_IQR"": 3.5}",0
tommyfok,Human,0.908,"{""NA"": 254.0, ""NT"": 9.0, ""NOR"": 13.0, ""ORR"": 0.929, ""DCA_mean"": 2.848, ""DCA_median"": 0.22, ""DCA_std"": 7.358, ""DCA_gini"": 0.841, ""NAR_mean"": 18.143, ""NAR_median"": 1.0, ""NAR_gini"": 0.815, ""NAR_IQR"": 0.0, ""NTR_mean"": 1.857, ""NTR_median"": 1.0, ""NTR_std"": 1.875, ""NTR_gini"": 0.385, ""NCAR_mean"": 7.056, ""NCAR_std"": 15.503, ""NCAR_IQR"": 4.5, ""DCAR_mean"": 13.668, ""DCAR_median"": 0.009, ""DCAR_std"": 37.732, ""DCAR_IQR"": 2.975, ""DAAR_mean"": 6.528, ""DAAR_median"": 0.828, ""DAAR_std"": 10.2, ""DAAR_gini"": 0.725, ""DAAR_IQR"": 11.515, ""DCAT_mean"": 1.754, ""DCAT_median"": 0.056, ""DCAT_std"": 5.043, ""DCAT_gini"": 0.874, ""DCAT_IQR"": 0.5, ""NAT_mean"": 28.222, ""NAT_median"": 11.0, ""NAT_std"": 48.376, ""NAT_gini"": 0.671, ""NAT_IQR"": 19.0}",0
tomwetjens,Human,0.93,"{""NA"": 10.0, ""NT"": 7.0, ""NOR"": 3.0, ""ORR"": 0.75, ""DCA_mean"": 38.714, ""DCA_median"": 0.107, ""DCA_std"": 59.035, ""DCA_gini"": 0.694, ""NAR_mean"": 2.5, ""NAR_median"": 2.0, ""NAR_gini"": 0.3, ""NAR_IQR"": 1.0, ""NTR_mean"": 2.0, ""NTR_median"": 2.0, ""NTR_std"": 0.816, ""NTR_gini"": 0.188, ""NCAR_mean"": 2.5, ""NCAR_std"": 1.732, ""NCAR_IQR"": 1.0, ""DCAR_mean"": 23.858, ""DCAR_median"": 0.148, ""DCAR_std"": 47.52, ""DCAR_IQR"": 23.984, ""DAAR_mean"": 84.332, ""DAAR_median"": 113.094, ""DAAR_std"": 74.107, ""DAAR_gini"": 0.368, ""DAAR_IQR"": 69.796, ""DCAT_mean"": 49.751, ""DCAT_median"": 0.155, ""DCAT_std"": 63.304, ""DCAT_gini"": 0.607, ""DCAT_IQR"": 104.055, ""NAT_mean"": 1.429, ""NAT_median"": 1.0, ""NAT_std"": 0.787, ""NAT_gini"": 0.229, ""NAT_IQR"": 0.5}",0
tossp,Human,0.929,"{""NA"": 26.0, ""NT"": 7.0, ""NOR"": 7.0, ""ORR"": 0.7, ""DCA_mean"": 27.883, ""DCA_median"": 7.664, ""DCA_std"": 53.545, ""DCA_gini"": 0.728, ""NAR_mean"": 2.6, ""NAR_median"": 1.5, ""NAR_gini"": 0.423, ""NAR_IQR"": 2.5, ""NTR_mean"": 1.8, ""NTR_median"": 1.5, ""NTR_std"": 1.033, ""NTR_gini"": 0.278, ""NCAR_mean"": 1.733, ""NCAR_std"": 1.387, ""NCAR_IQR"": 0.5, ""DCAR_mean"": 9.793, ""DCAR_median"": 0.0, ""DCAR_std"": 19.322, ""DCAR_IQR"": 3.349, ""DAAR_mean"": 39.299, ""DAAR_median"": 11.019, ""DAAR_std"": 69.338, ""DAAR_gini"": 0.731, ""DAAR_IQR"": 44.832, ""DCAT_mean"": 36.544, ""DCAT_median"": 9.773, ""DCAT_std"": 65.382, ""DCAT_gini"": 0.734, ""DCAT_IQR"": 41.965, ""NAT_mean"": 3.714, ""NAT_median"": 3.0, ""NAT_std"": 3.352, ""NAT_gini"": 0.385, ""NAT_IQR"": 1.5}",0
tscislo,Unknown,,{},0
tuvokki,Unknown,,{},0
tuxity,Human,0.611,"{""NA"": 46.0, ""NT"": 6.0, ""NOR"": 2.0, ""ORR"": 0.5, ""DCA_mean"": 10.286, ""DCA_median"": 0.404, ""DCA_std"": 30.403, ""DCA_gini"": 0.851, ""NAR_mean"": 11.5, ""NAR_median"": 4.5, ""NAR_gini"": 0.543, ""NAR_IQR"": 9.0, ""NTR_mean"": 2.75, ""NTR_median"": 2.0, ""NTR_std"": 1.5, ""NTR_gini"": 0.205, ""NCAR_mean"": 7.667, ""NCAR_std"": 12.972, ""NCAR_IQR"": 2.75, ""DCAR_mean"": 62.54, ""DCAR_median"": 0.956, ""DCAR_std"": 148.033, ""DCAR_IQR"": 6.983, ""DAAR_mean"": 17.522, ""DAAR_median"": 3.601, ""DAAR_std"": 25.302, ""DAAR_gini"": 0.647, ""DAAR_IQR"": 24.061, ""DCAT_mean"": 24.33, ""DCAT_median"": 1.948, ""DCAT_std"": 54.473, ""DCAT_gini"": 0.812, ""DCAT_IQR"": 13.95, ""NAT_mean"": 7.667, ""NAT_median"": 1.5, ""NAT_std"": 14.418, ""NAT_gini"": 0.688, ""NAT_IQR"": 2.5}",0
tvararu,Human,0.949,"{""NA"": 20.0, ""NT"": 7.0, ""NOR"": 8.0, ""ORR"": 0.8, ""DCA_mean"": 37.73, ""DCA_median"": 7.057, ""DCA_std"": 72.621, ""DCA_gini"": 0.756, ""NAR_mean"": 2.0, ""NAR_median"": 1.0, ""NAR_gini"": 0.4, ""NAR_IQR"": 0.75, ""NTR_mean"": 1.2, ""NTR_median"": 1.0, ""NTR_std"": 0.422, ""NTR_gini"": 0.133, ""NCAR_mean"": 1.429, ""NCAR_std"": 0.646, ""NCAR_IQR"": 1.0, ""DCAR_mean"": 1.732, ""DCAR_median"": 0.0, ""DCAR_std"": 6.271, ""DCAR_IQR"": 0.0, ""DAAR_mean"": 53.278, ""DAAR_median"": 15.786, ""DAAR_std"": 83.937, ""DAAR_gini"": 0.678, ""DAAR_IQR"": 71.978, ""DCAT_mean"": 28.157, ""DCAT_median"": 9.679, ""DCAT_std"": 40.836, ""DCAT_gini"": 0.674, ""DCAT_IQR"": 26.306, ""NAT_mean"": 2.857, ""NAT_median"": 1.0, ""NAT_std"": 3.078, ""NAT_gini"": 0.471, ""NAT_IQR"": 2.5}",0
uaKorona,Unknown,,{},0
ufoscout,Human,0.923,"{""NA"": 45.0, ""NT"": 6.0, ""NOR"": 9.0, ""ORR"": 0.474, ""DCA_mean"": 303.31, ""DCA_median"": 1.037, ""DCA_std"": 1941.448, ""DCA_gini"": 0.967, ""NAR_mean"": 2.368, ""NAR_median"": 1.0, ""NAR_gini"": 0.465, ""NAR_IQR"": 1.0, ""NTR_mean"": 1.158, ""NTR_median"": 1.0, ""NTR_std"": 0.375, ""NTR_gini"": 0.115, ""NCAR_mean"": 1.607, ""NCAR_std"": 1.685, ""NCAR_IQR"": 0.0, ""DCAR_mean"": 4.385, ""DCAR_median"": 0.0, ""DCAR_std"": 14.958, ""DCAR_IQR"": 0.0, ""DAAR_mean"": 489.736, ""DAAR_median"": 6.672, ""DAAR_std"": 2477.95, ""DAAR_gini"": 0.955, ""DAAR_IQR"": 18.257, ""DCAT_mean"": 776.466, ""DCAT_median"": 15.691, ""DCAT_std"": 3121.212, ""DCAT_gini"": 0.93, ""DCAT_IQR"": 17.556, ""NAT_mean"": 7.5, ""NAT_median"": 3.0, ""NAT_std"": 12.112, ""NAT_gini"": 0.626, ""NAT_IQR"": 3.5}",0
ulilicht,Human,0.944,"{""NA"": 25.0, ""NT"": 9.0, ""NOR"": 3.0, ""ORR"": 0.75, ""DCA_mean"": 24.792, ""DCA_median"": 0.155, ""DCA_std"": 50.803, ""DCA_gini"": 0.816, ""NAR_mean"": 6.25, ""NAR_median"": 5.5, ""NAR_gini"": 0.45, ""NAR_IQR"": 9.75, ""NTR_mean"": 3.25, ""NTR_median"": 2.0, ""NTR_std"": 3.304, ""NTR_gini"": 0.442, ""NCAR_mean"": 6.25, ""NCAR_std"": 6.185, ""NCAR_IQR"": 9.75, ""DCAR_mean"": 97.098, ""DCAR_median"": 22.257, ""DCAR_std"": 165.853, ""DCAR_IQR"": 119.355, ""DAAR_mean"": 68.875, ""DAAR_median"": 77.735, ""DAAR_std"": 22.72, ""DAAR_gini"": 0.138, ""DAAR_IQR"": 21.386, ""DCAT_mean"": 10.075, ""DCAT_median"": 0.104, ""DCAT_std"": 24.591, ""DCAT_gini"": 0.85, ""DCAT_IQR"": 1.644, ""NAT_mean"": 2.778, ""NAT_median"": 2.0, ""NAT_std"": 2.906, ""NAT_gini"": 0.444, ""NAT_IQR"": 2.0}",0
ulion,Unknown,,{},0
umair-khanzada,Unknown,,{},0
unknown,Unknown,,{},0
urosjarc,Unknown,,{},0
utamanna,Unknown,,{},0
valeriosillari,Unknown,,{},0
vamsikrishnamannem,Unknown,,{},0
vanderleisilva,Unknown,,{},0
vasiliy0s,Unknown,,{},0
vaubrun13,Unknown,,{},0
vbud,Unknown,,{},0
vespertilian,Unknown,,{},0
viikas,Unknown,,{},0
vinicius73,Human,0.947,"{""NA"": 22.0, ""NT"": 9.0, ""NOR"": 6.0, ""ORR"": 0.667, ""DCA_mean"": 32.063, ""DCA_median"": 23.319, ""DCA_std"": 44.407, ""DCA_gini"": 0.658, ""NAR_mean"": 2.444, ""NAR_median"": 1.0, ""NAR_gini"": 0.394, ""NAR_IQR"": 3.0, ""NTR_mean"": 1.556, ""NTR_median"": 1.0, ""NTR_std"": 0.726, ""NTR_gini"": 0.222, ""NCAR_mean"": 2.2, ""NCAR_std"": 1.989, ""NCAR_IQR"": 2.25, ""DCAR_mean"": 31.387, ""DCAR_median"": 0.0, ""DCAR_std"": 82.587, ""DCAR_IQR"": 1.407, ""DAAR_mean"": 39.939, ""DAAR_median"": 33.754, ""DAAR_std"": 31.648, ""DAAR_gini"": 0.377, ""DAAR_IQR"": 13.901, ""DCAT_mean"": 24.832, ""DCAT_median"": 25.02, ""DCAT_std"": 22.108, ""DCAT_gini"": 0.467, ""DCAT_IQR"": 34.584, ""NAT_mean"": 2.444, ""NAT_median"": 1.0, ""NAT_std"": 3.245, ""NAT_gini"": 0.465, ""NAT_IQR"": 1.0}",0
vinod-ttnd,Unknown,,{},0
vitorreis,Unknown,,{},0
vitr,Human,0.602,"{""NA"": 91.0, ""NT"": 7.0, ""NOR"": 3.0, ""ORR"": 0.75, ""DCA_mean"": 6.135, ""DCA_median"": 1.018, ""DCA_std"": 9.273, ""DCA_gini"": 0.697, ""NAR_mean"": 22.75, ""NAR_median"": 4.0, ""NAR_gini"": 0.684, ""NAR_IQR"": 24.75, ""NTR_mean"": 2.0, ""NTR_median"": 2.0, ""NTR_std"": 1.155, ""NTR_gini"": 0.25, ""NCAR_mean"": 15.167, ""NCAR_std"": 15.105, ""NCAR_IQR"": 20.75, ""DCAR_mean"": 84.725, ""DCAR_median"": 37.431, ""DCAR_std"": 107.207, ""DCAR_IQR"": 161.959, ""DAAR_mean"": 8.76, ""DAAR_median"": 11.112, ""DAAR_std"": 5.147, ""DAAR_gini"": 0.282, ""DAAR_IQR"": 5.057, ""DCAT_mean"": 3.736, ""DCAT_median"": 0.266, ""DCAT_std"": 5.868, ""DCAT_gini"": 0.712, ""DCAT_IQR"": 5.775, ""NAT_mean"": 13.0, ""NAT_median"": 2.0, ""NAT_std"": 28.665, ""NAT_gini"": 0.722, ""NAT_IQR"": 0.5}",0
vivascau,Unknown,,{},0
vko-online,Invalid,,{},0
vlio20,Unknown,,{},0
vmlf01,Unknown,,{},0
volodchenkov,Unknown,,{},0
vredchenko,Human,0.901,"{""NA"": 62.0, ""NT"": 9.0, ""NOR"": 3.0, ""ORR"": 0.429, ""DCA_mean"": 0.822, ""DCA_median"": 0.083, ""DCA_std"": 3.157, ""DCA_gini"": 0.881, ""NAR_mean"": 8.857, ""NAR_median"": 5.0, ""NAR_gini"": 0.548, ""NAR_IQR"": 9.5, ""NTR_mean"": 3.857, ""NTR_median"": 5.0, ""NTR_std"": 2.193, ""NTR_gini"": 0.286, ""NCAR_mean"": 3.263, ""NCAR_std"": 4.175, ""NCAR_IQR"": 1.5, ""DCAR_mean"": 0.618, ""DCAR_median"": 0.002, ""DCAR_std"": 1.641, ""DCAR_IQR"": 0.231, ""DAAR_mean"": 2.135, ""DAAR_median"": 0.147, ""DAAR_std"": 5.542, ""DAAR_gini"": 0.841, ""DAAR_IQR"": 0.888, ""DCAT_mean"": 0.902, ""DCAT_median"": 0.092, ""DCAT_std"": 3.318, ""DCAT_gini"": 0.878, ""DCAT_IQR"": 0.322, ""NAT_mean"": 6.889, ""NAT_median"": 3.0, ""NAT_std"": 6.47, ""NAT_gini"": 0.462, ""NAT_IQR"": 12.0}",0
vronvali,Unknown,,{},0
vucalur,Unknown,,{},0
vuhrmeister,Unknown,,{},0
vukoje,Unknown,,{},0
vuptt,Unknown,,{},0
w3debugger,Unknown,,{},0
wadijm,Unknown,,{},0
wangchen,Unknown,,{},0
wanglong167,Invalid,,{},0
wb14123,Human,0.562,"{""NA"": 77.0, ""NT"": 5.0, ""NOR"": 2.0, ""ORR"": 0.333, ""DCA_mean"": 32.502, ""DCA_median"": 0.892, ""DCA_std"": 213.323, ""DCA_gini"": 0.925, ""NAR_mean"": 12.833, ""NAR_median"": 6.0, ""NAR_gini"": 0.548, ""NAR_IQR"": 0.75, ""NTR_mean"": 2.0, ""NTR_median"": 1.5, ""NTR_std"": 1.265, ""NTR_gini"": 0.306, ""NCAR_mean"": 3.348, ""NCAR_std"": 4.914, ""NCAR_IQR"": 1.0, ""DCAR_mean"": 12.49, ""DCAR_median"": 0.0, ""DCAR_std"": 30.658, ""DCAR_IQR"": 5.317, ""DAAR_mean"": 99.22, ""DAAR_median"": 5.06, ""DAAR_std"": 394.659, ""DAAR_gini"": 0.907, ""DAAR_IQR"": 14.391, ""DCAT_mean"": 197.988, ""DCAT_median"": 14.174, ""DCAT_std"": 584.972, ""DCAT_gini"": 0.873, ""DCAT_IQR"": 18.961, ""NAT_mean"": 15.4, ""NAT_median"": 2.0, ""NAT_std"": 29.972, ""NAT_gini"": 0.712, ""NAT_IQR"": 1.0}",0
webcaetano,Unknown,,{},0
wester97,Unknown,,{},0
wgorder,Unknown,,{},0
williamboman,Human,0.953,"{""NA"": 65.0, ""NT"": 9.0, ""NOR"": 6.0, ""ORR"": 0.6, ""DCA_mean"": 288.482, ""DCA_median"": 0.062, ""DCA_std"": 2080.216, ""DCA_gini"": 0.975, ""NAR_mean"": 6.5, ""NAR_median"": 3.0, ""NAR_gini"": 0.558, ""NAR_IQR"": 8.75, ""NTR_mean"": 2.7, ""NTR_median"": 1.0, ""NTR_std"": 2.406, ""NTR_gini"": 0.426, ""NCAR_mean"": 2.826, ""NCAR_std"": 2.774, ""NCAR_IQR"": 2.0, ""DCAR_mean"": 779.316, ""DCAR_median"": 0.0, ""DCAR_std"": 3734.649, ""DCAR_IQR"": 0.074, ""DAAR_mean"": 24.48, ""DAAR_median"": 2.677, ""DAAR_std"": 44.768, ""DAAR_gini"": 0.759, ""DAAR_IQR"": 31.931, ""DCAT_mean"": 372.456, ""DCAT_median"": 0.054, ""DCAT_std"": 2449.685, ""DCAT_gini"": 0.971, ""DCAT_IQR"": 1.983, ""NAT_mean"": 7.222, ""NAT_median"": 7.0, ""NAT_std"": 6.3, ""NAT_gini"": 0.407, ""NAT_IQR"": 6.0}",0
wjehring,Unknown,,{},0
wmceff,Unknown,,{},0
wonsikin,Unknown,,{},0
wrseward,Human,0.214,"{""NA"": 5.0, ""NT"": 4.0, ""NOR"": 2.0, ""ORR"": 1.0, ""DCA_mean"": 0.006, ""DCA_median"": 0.003, ""DCA_std"": 0.009, ""DCA_gini"": 0.442, ""NAR_mean"": 2.5, ""NAR_median"": 2.5, ""NAR_gini"": 0.1, ""NAR_IQR"": 0.5, ""NTR_mean"": 2.0, ""NTR_median"": 2.0, ""NTR_std"": 1.414, ""NTR_gini"": 0.25, ""NCAR_mean"": 1.25, ""NCAR_std"": 0.5, ""NCAR_IQR"": 0.25, ""DCAR_mean"": 0.0, ""DCAR_median"": 0.0, ""DCAR_std"": 0.0, ""DCAR_IQR"": 0.0, ""DAAR_mean"": 0.008, ""DAAR_median"": 0.003, ""DAAR_std"": 0.009, ""DAAR_gini"": 0.442, ""DAAR_IQR"": 0.008, ""DCAT_mean"": 0.006, ""DCAT_median"": 0.003, ""DCAT_std"": 0.009, ""DCAT_gini"": 0.442, ""DCAT_IQR"": 0.005, ""NAT_mean"": 1.25, ""NAT_median"": 1.0, ""NAT_std"": 0.5, ""NAT_gini"": 0.15, ""NAT_IQR"": 0.25}",0
wstam88,Human,0.848,"{""NA"": 7.0, ""NT"": 4.0, ""NOR"": 3.0, ""ORR"": 1.0, ""DCA_mean"": 55.115, ""DCA_median"": 34.684, ""DCA_std"": 61.467, ""DCA_gini"": 0.549, ""NAR_mean"": 2.333, ""NAR_median"": 1.0, ""NAR_gini"": 0.381, ""NAR_IQR"": 2.0, ""NTR_mean"": 1.667, ""NTR_median"": 1.0, ""NTR_std"": 1.155, ""NTR_gini"": 0.267, ""NCAR_mean"": 2.333, ""NCAR_std"": 2.309, ""NCAR_IQR"": 2.0, ""DCAR_mean"": 25.063, ""DCAR_median"": 0.0, ""DCAR_std"": 43.411, ""DCAR_IQR"": 37.595, ""DAAR_mean"": 127.75, ""DAAR_median"": 127.75, ""DAAR_std"": 20.094, ""DAAR_gini"": 0.056, ""DAAR_IQR"": 14.209, ""DCAT_mean"": 60.828, ""DCAT_median"": 63.274, ""DCAT_std"": 53.978, ""DCAT_gini"": 0.394, ""DCAT_IQR"": 53.936, ""NAT_mean"": 1.75, ""NAT_median"": 1.5, ""NAT_std"": 0.957, ""NAT_gini"": 0.25, ""NAT_IQR"": 1.25}",0
wwlweihai,Unknown,,{},0
xkeshav,Human,0.957,"{""NA"": 48.0, ""NT"": 8.0, ""NOR"": 4.0, ""ORR"": 0.667, ""DCA_mean"": 6.761, ""DCA_median"": 0.109, ""DCA_std"": 22.729, ""DCA_gini"": 0.898, ""NAR_mean"": 8.0, ""NAR_median"": 1.5, ""NAR_gini"": 0.681, ""NAR_IQR"": 4.0, ""NTR_mean"": 1.667, ""NTR_median"": 1.0, ""NTR_std"": 1.211, ""NTR_gini"": 0.3, ""NCAR_mean"": 6.0, ""NCAR_std"": 11.452, ""NCAR_IQR"": 2.75, ""DCAR_mean"": 5.43, ""DCAR_median"": 0.0, ""DCAR_std"": 13.543, ""DCAR_IQR"": 1.268, ""DAAR_mean"": 39.189, ""DAAR_median"": 18.341, ""DAAR_std"": 49.467, ""DAAR_gini"": 0.574, ""DAAR_IQR"": 36.471, ""DCAT_mean"": 14.174, ""DCAT_median"": 0.094, ""DCAT_std"": 37.253, ""DCAT_gini"": 0.861, ""DCAT_IQR"": 5.123, ""NAT_mean"": 6.0, ""NAT_median"": 2.0, ""NAT_std"": 12.536, ""NAT_gini"": 0.677, ""NAT_IQR"": 1.0}",0
xml,Unknown,,{},0
yakuzaaaa,Unknown,,{},0
yantakus,Unknown,,{},0
yordis,Human,0.781,"{""NA"": 150.0, ""NT"": 10.0, ""NOR"": 5.0, ""ORR"": 0.417, ""DCA_mean"": 0.116, ""DCA_median"": 0.019, ""DCA_std"": 0.607, ""DCA_gini"": 0.834, ""NAR_mean"": 12.5, ""NAR_median"": 5.0, ""NAR_gini"": 0.602, ""NAR_IQR"": 12.0, ""NTR_mean"": 3.25, ""NTR_median"": 3.0, ""NTR_std"": 2.006, ""NTR_gini"": 0.331, ""NCAR_mean"": 2.679, ""NCAR_std"": 2.842, ""NCAR_IQR"": 2.0, ""DCAR_mean"": 0.089, ""DCAR_median"": 0.001, ""DCAR_std"": 0.316, ""DCAR_IQR"": 0.082, ""DAAR_mean"": 0.224, ""DAAR_median"": 0.045, ""DAAR_std"": 0.984, ""DAAR_gini"": 0.821, ""DAAR_IQR"": 0.109, ""DCAT_mean"": 0.068, ""DCAT_median"": 0.017, ""DCAT_std"": 0.127, ""DCAT_gini"": 0.741, ""DCAT_IQR"": 0.065, ""NAT_mean"": 15.0, ""NAT_median"": 8.5, ""NAT_std"": 15.188, ""NAT_gini"": 0.519, ""NAT_IQR"": 20.5}",0
ytkj,Unknown,,{},0
yuanphoon,Unknown,,{},0
yyw1994,Unknown,,{},0
zakdances,Human,0.527,"{""NA"": 8.0, ""NT"": 1.0, ""NOR"": 8.0, ""ORR"": 1.0, ""DCA_mean"": 78.629, ""DCA_median"": 46.798, ""DCA_std"": 96.929, ""DCA_gini"": 0.583, ""NAR_mean"": 1.0, ""NAR_median"": 1.0, ""NAR_gini"": 0.0, ""NAR_IQR"": 0.0, ""NTR_mean"": 1.0, ""NTR_median"": 1.0, ""NTR_std"": 0.0, ""NTR_gini"": 0.0, ""NCAR_mean"": 1.0, ""NCAR_std"": 0.0, ""NCAR_IQR"": 0.0, ""DCAR_mean"": 0.0, ""DCAR_median"": 0.0, ""DCAR_std"": 0.0, ""DCAR_IQR"": 0.0, ""DAAR_mean"": 78.629, ""DAAR_median"": 46.798, ""DAAR_std"": 96.929, ""DAAR_gini"": 0.583, ""DAAR_IQR"": 91.928, ""DCAT_mean"": NaN, ""DCAT_median"": NaN, ""DCAT_std"": 0.0, ""DCAT_gini"": 0.0, ""DCAT_IQR"": NaN, ""NAT_mean"": 8.0, ""NAT_median"": 8.0, ""NAT_std"": 0.0, ""NAT_gini"": 0.0, ""NAT_IQR"": 0.0}",0
zawilliams,Unknown,,{},0
zckrs,Human,0.927,"{""NA"": 8.0, ""NT"": 5.0, ""NOR"": 6.0, ""ORR"": 1.0, ""DCA_mean"": 95.91, ""DCA_median"": 58.87, ""DCA_std"": 125.389, ""DCA_gini"": 0.61, ""NAR_mean"": 1.333, ""NAR_median"": 1.0, ""NAR_gini"": 0.208, ""NAR_IQR"": 0.0, ""NTR_mean"": 1.333, ""NTR_median"": 1.0, ""NTR_std"": 0.816, ""NTR_gini"": 0.208, ""NCAR_mean"": 1.333, ""NCAR_std"": 0.816, ""NCAR_IQR"": 0.0, ""DCAR_mean"": 0.049, ""DCAR_median"": 0.0, ""DCAR_std"": 0.12, ""DCAR_IQR"": 0.0, ""DAAR_mean"": 134.215, ""DAAR_median"": 115.572, ""DAAR_std"": 131.012, ""DAAR_gini"": 0.455, ""DAAR_IQR"": 79.378, ""DCAT_mean"": 116.547, ""DCAT_median"": 57.931, ""DCAT_std"": 165.075, ""DCAT_gini"": 0.625, ""DCAT_IQR"": 174.041, ""NAT_mean"": 1.6, ""NAT_median"": 1.0, ""NAT_std"": 1.342, ""NAT_gini"": 0.3, ""NAT_IQR"": 0.0}",0
zhekaus,Unknown,,{},0
zhenyi2697,Unknown,,{},0
zhouhao27,Unknown,,{},0
zychj1,Unknown,,{},0
zymr-keshav,Unknown,,{},0
zztop101,Unknown,,{},0
֍ DaAwesomeP ֎,Invalid,,{},0
